sample_id,cell_id,umi_label_count
pbmc,AAACCCAAGACCTCCG-1,1
pbmc,AAACCCAAGAGCAAGA-1,1
pbmc,AAACCCAAGGAGAGTA-1,258
pbmc,AAACCCAAGGATATGT-1,1
pbmc,AAACCCAAGGTACTGG-1,1
pbmc,AAACCCAAGGTCTTTG-1,2
pbmc,AAACCCAAGGTGCTAG-1,1
pbmc,AAACCCAAGTTCGCAT-1,1
pbmc,AAACCCAAGTTGGAGC-1,1
pbmc,AAACCCACAAACCATC-1,1
pbmc,AAACCCACAGACAAGC-1,1
pbmc,AAACCCACAGCTGAGA-1,1
pbmc,AAACCCACAGGAATCG-1,1
pbmc,AAACCCACATAGTCAC-1,1
pbmc,AAACCCACATCGTCCT-1,2
pbmc,AAACCCACATGTGCTA-1,1
pbmc,AAACCCACATGTTCAG-1,1
pbmc,AAACCCAGTGGAGAAA-1,1
pbmc,AAACCCAGTTTGTTCT-1,1
pbmc,AAACCCATCACTACGA-1,1
pbmc,AAACCCATCATGCTAG-1,1
pbmc,AAACCCATCCCGAACG-1,1
pbmc,AAACCCATCCCGAGAC-1,1
pbmc,AAACCCATCCGTGCGA-1,1
pbmc,AAACCCATCGGTGTTA-1,2
pbmc,AAACCCATCTAATCCC-1,1
pbmc,AAACCCATCTATTTCG-1,1
pbmc,AAACCCATCTCACCCA-1,1
pbmc,AAACGAAAGAACGTGC-1,1
pbmc,AAACGAAAGAAGTATC-1,1
pbmc,AAACGAAAGCCTCTTC-1,1
pbmc,AAACGAAAGCTTGTGT-1,1
pbmc,AAACGAAAGGAGTCTG-1,1
pbmc,AAACGAAAGGGCATGT-1,2
pbmc,AAACGAACAAGTAGTA-1,1
pbmc,AAACGAACACCATATG-1,1
pbmc,AAACGAACAGCTACCG-1,1
pbmc,AAACGAACAGTCCGTG-1,1
pbmc,AAACGAACAGTCGGAA-1,1
pbmc,AAACGAACATCGCCTT-1,1
pbmc,AAACGAAGTACCAGAG-1,1
pbmc,AAACGAAGTCTAGGTT-1,1
pbmc,AAACGAAGTGAGCTCC-1,1
pbmc,AAACGAATCACTTTGT-1,1
pbmc,AAACGAATCCACGTGG-1,1
pbmc,AAACGAATCCGAAGGA-1,1
pbmc,AAACGAATCGCCGAGT-1,1
pbmc,AAACGAATCGCCGATG-1,1
pbmc,AAACGAATCGTCTCAC-1,2
pbmc,AAACGAATCTGACAGT-1,1
pbmc,AAACGCTAGACGGAAA-1,1
pbmc,AAACGCTAGATTACCC-1,1
pbmc,AAACGCTAGCAGATAT-1,2
pbmc,AAACGCTAGGAGGCAG-1,1
pbmc,AAACGCTAGGGAGTTC-1,1
pbmc,AAACGCTAGGTCCGAA-1,1
pbmc,AAACGCTAGTCTAACC-1,1
pbmc,AAACGCTCAACTGCCG-1,1
pbmc,AAACGCTCAACTGCGC-1,1
pbmc,AAACGCTCACGCTGTG-1,1
pbmc,AAACGCTCAGAAATCA-1,1
pbmc,AAACGCTCAGTCTTCC-1,1
pbmc,AAACGCTGTAACCCTA-1,2
pbmc,AAACGCTGTAGCACGA-1,1
pbmc,AAACGCTGTCTACATG-1,1
pbmc,AAACGCTGTGAGGAAA-1,1
pbmc,AAACGCTGTTCCACGG-1,1
pbmc,AAACGCTTCAAGAATG-1,1
pbmc,AAACGCTTCAAGGACG-1,1
pbmc,AAACGCTTCACCGGTG-1,1
pbmc,AAACGCTTCAGCAGAG-1,1
pbmc,AAACGCTTCAGCCCAG-1,215
pbmc,AAACGCTTCAGCCTCT-1,1
pbmc,AAACGCTTCCTATTTG-1,1
pbmc,AAACGCTTCGAACCTA-1,1
pbmc,AAACGCTTCGCTAAAC-1,1
pbmc,AAAGAACAGAAGTATC-1,1
pbmc,AAAGAACAGACCGTTT-1,3
pbmc,AAAGAACAGACGACTG-1,183
pbmc,AAAGAACAGAGTGACC-1,1
pbmc,AAAGAACAGAGTTGTA-1,1
pbmc,AAAGAACAGCCGAATG-1,1
pbmc,AAAGAACAGCCGTTAT-1,1
pbmc,AAAGAACAGCTGTTAC-1,1
pbmc,AAAGAACAGCTGTTAT-1,1
pbmc,AAAGAACAGGGTGAGG-1,1
pbmc,AAAGAACCAAGTCCCG-1,1
pbmc,AAAGAACCAATCGCCG-1,1
pbmc,AAAGAACCAATCTCGA-1,1
pbmc,AAAGAACCAATGGCAG-1,110
pbmc,AAAGAACCACAACATC-1,1
pbmc,AAAGAACCACGCAGTC-1,2
pbmc,AAAGAACCACGTGTGC-1,1
pbmc,AAAGAACCAGTTAGGG-1,1
pbmc,AAAGAACCATAGTCAC-1,1
pbmc,AAAGAACCATGGGCAA-1,1
pbmc,AAAGAACGTATCCTCC-1,1
pbmc,AAAGAACGTATCGCTA-1,1
pbmc,AAAGAACGTCACTTCC-1,1
pbmc,AAAGAACGTCTGCAAT-1,230
pbmc,AAAGAACGTCTGTTAG-1,1
pbmc,AAAGAACGTTCTTCAT-1,1
pbmc,AAAGAACGTTGCCTAA-1,1
pbmc,AAAGAACTCCAACTAG-1,1
pbmc,AAAGAACTCCTACACC-1,1
pbmc,AAAGAACTCGTCCTTG-1,1
pbmc,AAAGAACTCTCCCTAG-1,1
pbmc,AAAGAACTCTGGCCAG-1,1
pbmc,AAAGGATAGAATCTAG-1,1
pbmc,AAAGGATAGATGGGCT-1,1
pbmc,AAAGGATAGTAGACAT-1,288
pbmc,AAAGGATAGTTACGTC-1,1
pbmc,AAAGGATCAAACTAGA-1,1
pbmc,AAAGGATCAACCACGC-1,1
pbmc,AAAGGATCAATGAGCG-1,1
pbmc,AAAGGATCACCGGCTA-1,195
pbmc,AAAGGATCACGGAAGT-1,1
pbmc,AAAGGATCACGGCTAC-1,1
pbmc,AAAGGATCATAGAATG-1,1
pbmc,AAAGGATCATCTTAGG-1,1
pbmc,AAAGGATCATGGGATG-1,1
pbmc,AAAGGATGTCCTACAA-1,1
pbmc,AAAGGATGTCTACAAC-1,1
pbmc,AAAGGATGTCTTACTT-1,1
pbmc,AAAGGATGTGTACGCC-1,1
pbmc,AAAGGATGTGTCCGTG-1,1
pbmc,AAAGGATGTTTAGTCG-1,2
pbmc,AAAGGATGTTTGGGAG-1,1
pbmc,AAAGGATTCACTGAAC-1,1
pbmc,AAAGGATTCAGAATAG-1,1
pbmc,AAAGGATTCAGCTTGA-1,363
pbmc,AAAGGATTCCGTTTCG-1,455
pbmc,AAAGGATTCGCCGTGA-1,1
pbmc,AAAGGATTCGTTGCCT-1,1
pbmc,AAAGGGCAGAATACAC-1,1
pbmc,AAAGGGCAGACTACCT-1,1
pbmc,AAAGGGCAGAGTGACC-1,2
pbmc,AAAGGGCAGCAAGTGC-1,1
pbmc,AAAGGGCAGCATGATA-1,1
pbmc,AAAGGGCAGGATTTAG-1,1
pbmc,AAAGGGCAGTAGGGTC-1,1
pbmc,AAAGGGCAGTCTCGTA-1,1
pbmc,AAAGGGCAGTTCATGC-1,1
pbmc,AAAGGGCAGTTCTACG-1,1
pbmc,AAAGGGCCAAACTCGT-1,1
pbmc,AAAGGGCCACCCATAA-1,1
pbmc,AAAGGGCCAGTAACGG-1,1
pbmc,AAAGGGCGTATTGACC-1,1
pbmc,AAAGGGCGTGCCTGCA-1,1
pbmc,AAAGGGCTCATGCCCT-1,243
pbmc,AAAGGGCTCCATAGGC-1,1
pbmc,AAAGGGCTCCGTAGGC-1,200
pbmc,AAAGGGCTCTCCTGTG-1,1
pbmc,AAAGGGCTCTGCTCTG-1,1
pbmc,AAAGGGCTCTTGCAGA-1,2
pbmc,AAAGGGCTCTTGGTGA-1,1
pbmc,AAAGGTAAGACCATTC-1,2
pbmc,AAAGGTAAGCTGACCC-1,1
pbmc,AAAGGTAAGTATAGAC-1,1
pbmc,AAAGGTACAACTCCCT-1,2
pbmc,AAAGGTACAACTGCTA-1,317
pbmc,AAAGGTACACTCCGAG-1,1
pbmc,AAAGGTACAGCTACAT-1,1
pbmc,AAAGGTACAGTGCGCT-1,1
pbmc,AAAGGTACAGTTGAAA-1,1
pbmc,AAAGGTACATACACCA-1,1
pbmc,AAAGGTAGTAACAAGT-1,1
pbmc,AAAGGTAGTCCAAAGG-1,2
pbmc,AAAGGTAGTCCGATCG-1,1
pbmc,AAAGGTAGTCGCCTAG-1,1
pbmc,AAAGGTAGTCGGAACA-1,1
pbmc,AAAGGTAGTGGTAACG-1,1
pbmc,AAAGGTAGTTCCTAGA-1,1
pbmc,AAAGGTATCAAAGCCT-1,1
pbmc,AAAGGTATCAGCTGAT-1,1
pbmc,AAAGGTATCCGGTAGC-1,1
pbmc,AAAGGTATCTGACGCG-1,1
pbmc,AAAGTCCAGACGCAGT-1,1
pbmc,AAAGTCCAGCGGGTTA-1,208
pbmc,AAAGTCCAGGAATGTT-1,1
pbmc,AAAGTCCAGGTAAAGG-1,1
pbmc,AAAGTCCAGTCAACAA-1,61
pbmc,AAAGTCCCAACCGTAT-1,1
pbmc,AAAGTCCCACAGCCAC-1,1
pbmc,AAAGTCCCACAGGCAA-1,1
pbmc,AAAGTCCCACCAGCCA-1,588
pbmc,AAAGTCCCACCTGTCT-1,1
pbmc,AAAGTCCCAGAACGCA-1,1
pbmc,AAAGTCCCAGCTGCCA-1,2
pbmc,AAAGTCCCATCGATCA-1,1
pbmc,AAAGTCCGTAGGAGGG-1,1
pbmc,AAAGTCCGTGTTCGAT-1,1
pbmc,AAAGTCCGTTACCTGA-1,1
pbmc,AAAGTCCGTTATGTCG-1,1
pbmc,AAAGTCCGTTATTCCT-1,1
pbmc,AAAGTCCGTTTACACG-1,1
pbmc,AAAGTCCTCAGGAGAC-1,1
pbmc,AAAGTCCTCCGGCTTT-1,1
pbmc,AAAGTCCTCCTACCAC-1,1
pbmc,AAAGTCCTCCTGGTCT-1,1
pbmc,AAAGTCCTCCTGTTGC-1,1
pbmc,AAAGTCCTCCTTATGT-1,1
pbmc,AAAGTCCTCGAGATAA-1,1
pbmc,AAAGTCCTCTAGTCAG-1,1
pbmc,AAAGTCCTCTCACTCG-1,1
pbmc,AAAGTCCTCTGCCCTA-1,1
pbmc,AAAGTCCTCTGGTGCG-1,1
pbmc,AAAGTGAAGAAGGGAT-1,1
pbmc,AAAGTGAAGACAGTCG-1,1
pbmc,AAAGTGAAGGTAAGGA-1,1
pbmc,AAAGTGAAGGTTGGTG-1,1
pbmc,AAAGTGACAACCGTAT-1,7
pbmc,AAAGTGACACCTCTGT-1,1
pbmc,AAAGTGACACGCGGTT-1,1
pbmc,AAAGTGACACTTCTCG-1,1
pbmc,AAAGTGACAGATACCT-1,1
pbmc,AAAGTGACAGGTTACT-1,1
pbmc,AAAGTGACATCGAACT-1,1
pbmc,AAAGTGACATCGTCCT-1,1
pbmc,AAAGTGAGTAAGTCAA-1,2
pbmc,AAAGTGAGTACCGTGC-1,1
pbmc,AAAGTGAGTAGTGCGA-1,1
pbmc,AAAGTGAGTCCAGAAG-1,1
pbmc,AAAGTGAGTCTTGTCC-1,1
pbmc,AAAGTGATCAAAGACA-1,1
pbmc,AAAGTGATCACCTACC-1,1
pbmc,AAAGTGATCATCCTAT-1,1
pbmc,AAAGTGATCCATACAG-1,1
pbmc,AAAGTGATCCATCCGT-1,1
pbmc,AAAGTGATCGCGGACT-1,1
pbmc,AAAGTGATCGTACACA-1,175
pbmc,AAAGTGATCTGCTCTG-1,1
pbmc,AAATGGAAGACGACGT-1,1
pbmc,AAATGGAAGCACAAAT-1,1
pbmc,AAATGGAAGCCGCTTG-1,429
pbmc,AAATGGAAGCTCTTCC-1,1
pbmc,AAATGGAAGGCACTAG-1,1
pbmc,AAATGGAAGTGGAAGA-1,2
pbmc,AAATGGACAATAACGA-1,1
pbmc,AAATGGACAATGCTCA-1,378
pbmc,AAATGGACAGACGCTC-1,2
pbmc,AAATGGACAGGTTCGC-1,5
pbmc,AAATGGACATCTCCCA-1,3
pbmc,AAATGGAGTACAAAGT-1,1
pbmc,AAATGGAGTACCGCGT-1,636
pbmc,AAATGGAGTACCTGTA-1,1
pbmc,AAATGGAGTACCTTCC-1,1
pbmc,AAATGGAGTAGGAGTC-1,1
pbmc,AAATGGAGTATCCCTC-1,1
pbmc,AAATGGAGTCATCCCT-1,2
pbmc,AAATGGAGTCCAGCGT-1,1
pbmc,AAATGGAGTGAATGAT-1,1
pbmc,AAATGGAGTGTCCGGT-1,1
pbmc,AAATGGATCAATGTCG-1,1
pbmc,AAATGGATCATGAACT-1,1
pbmc,AAATGGATCATGCATG-1,1
pbmc,AAATGGATCCTATTTG-1,152
pbmc,AACAAAGAGACAAGCC-1,1
pbmc,AACAAAGAGACTCAAA-1,1
pbmc,AACAAAGAGCATCCTA-1,1
pbmc,AACAAAGAGCTTTCTT-1,1
pbmc,AACAAAGAGGAACGTC-1,1
pbmc,AACAAAGAGGCATCGA-1,1
pbmc,AACAAAGAGTGATAAC-1,1
pbmc,AACAAAGAGTGCACAG-1,1
pbmc,AACAAAGCAACACACT-1,1
pbmc,AACAAAGCAAGATGGC-1,1
pbmc,AACAAAGCACCAATTG-1,1
pbmc,AACAAAGCAGTGGGTA-1,1
pbmc,AACAAAGCATAACAGA-1,1
pbmc,AACAAAGGTAACCAGG-1,1
pbmc,AACAAAGGTACCGGAA-1,1
pbmc,AACAAAGGTAGCTCGC-1,1
pbmc,AACAAAGGTAGGATAT-1,1
pbmc,AACAAAGGTCAATCTG-1,1
pbmc,AACAAAGGTCCAATCA-1,1
pbmc,AACAAAGGTGATGAAT-1,273
pbmc,AACAAAGGTGCGACAA-1,2
pbmc,AACAAAGGTTCAGCTA-1,1
pbmc,AACAAAGTCACAATGC-1,1
pbmc,AACAAAGTCCGAAATC-1,1
pbmc,AACAACCAGACAGTCG-1,1
pbmc,AACAACCAGTAGTCCT-1,59
pbmc,AACAACCCAAAGACTA-1,1
pbmc,AACAACCCAAGCTACT-1,1
pbmc,AACAACCCACGCTATA-1,238
pbmc,AACAACCCACGCTTAA-1,1
pbmc,AACAACCCAGAATAAC-1,1
pbmc,AACAACCCAGGAATCG-1,1
pbmc,AACAACCCATAACCTG-1,1
pbmc,AACAACCCATATACCG-1,2
pbmc,AACAACCGTACCACGC-1,1
pbmc,AACAACCGTCTGATAC-1,1
pbmc,AACAACCGTGTACAGG-1,2
pbmc,AACAACCGTGTCATCA-1,2
pbmc,AACAACCGTTGGACCC-1,1
pbmc,AACAACCGTTGGATCT-1,2
pbmc,AACAACCTCAAGAGTA-1,1
pbmc,AACAACCTCACCTACC-1,2
pbmc,AACAACCTCCAGTTCC-1,1
pbmc,AACAACCTCCGCTAGG-1,1
pbmc,AACAACCTCGGTGTTA-1,1
pbmc,AACAAGAAGACTCTAC-1,1
pbmc,AACAAGAAGACTTCGT-1,1
pbmc,AACAAGAAGAGCCTGA-1,2
pbmc,AACAAGAAGATGATTG-1,1
pbmc,AACAAGAAGCCGATAG-1,1
pbmc,AACAAGAAGCTTAAGA-1,1
pbmc,AACAAGAAGGGCTTCC-1,1
pbmc,AACAAGAAGTAGGGTC-1,1
pbmc,AACAAGACAACATACC-1,1
pbmc,AACAAGACAACCGATT-1,1
pbmc,AACAAGACACAAGCAG-1,1
pbmc,AACAAGACACATCCCT-1,1
pbmc,AACAAGACAGATCCAT-1,1
pbmc,AACAAGACATACATCG-1,2
pbmc,AACAAGACATACCATG-1,2
pbmc,AACAAGACATCCTCAC-1,1
pbmc,AACAAGACATGACACT-1,1
pbmc,AACAAGACATGATCTG-1,1
pbmc,AACAAGACATGCCGGT-1,1
pbmc,AACAAGAGTATGGAAT-1,1
pbmc,AACAAGAGTCCGAAAG-1,1
pbmc,AACAAGAGTGGCACTC-1,1
pbmc,AACAAGAGTGTAGCAG-1,1
pbmc,AACAAGAGTTATAGAG-1,338
pbmc,AACAAGATCAATGTCG-1,1
pbmc,AACAAGATCGGCTGTG-1,1
pbmc,AACAAGATCTAGAACC-1,1
pbmc,AACACACAGGCCCACT-1,1
pbmc,AACACACAGGGATCGT-1,1
pbmc,AACACACCAACCTATG-1,1
pbmc,AACACACCACAACGAG-1,1
pbmc,AACACACCACTATGTG-1,1
pbmc,AACACACCACTCAAGT-1,1
pbmc,AACACACCAGTAGAAT-1,1
pbmc,AACACACCATGACGTT-1,1
pbmc,AACACACGTCCAGTTA-1,1
pbmc,AACACACGTCGAGCTC-1,1
pbmc,AACACACGTCTGTAGT-1,1
pbmc,AACACACGTCTTTCTA-1,1
pbmc,AACACACGTTGCGAAG-1,1
pbmc,AACACACGTTTCGTGA-1,1
pbmc,AACACACTCACGATCA-1,1
pbmc,AACACACTCCATCGTC-1,1
pbmc,AACACACTCCGTGACG-1,2
pbmc,AACACACTCCTGCTAC-1,2
pbmc,AACACACTCTAGCATG-1,2
pbmc,AACACACTCTGAGAGG-1,2
pbmc,AACAGGGAGAACCGCA-1,1
pbmc,AACAGGGAGCAGGCAT-1,1
pbmc,AACAGGGAGCCATTCA-1,1
pbmc,AACAGGGAGCTGCCTG-1,1
pbmc,AACAGGGAGGATTACA-1,1
pbmc,AACAGGGAGGCTATCT-1,1
pbmc,AACAGGGAGTTCTACG-1,1
pbmc,AACAGGGCAACGAGGT-1,1
pbmc,AACAGGGCAAGGACAC-1,1
pbmc,AACAGGGCACAGCTTA-1,1
pbmc,AACAGGGCATCTTAGG-1,1
pbmc,AACAGGGCATGGTACT-1,1
pbmc,AACAGGGGTAACGGTG-1,1
pbmc,AACAGGGGTAGCTGTT-1,1
pbmc,AACAGGGGTCGAAACG-1,1
pbmc,AACAGGGGTCGCACGT-1,1
pbmc,AACAGGGGTGGGAGAG-1,202
pbmc,AACAGGGGTTCGGGTC-1,1
pbmc,AACAGGGTCACCATGA-1,1
pbmc,AACAGGGTCCAGTTCC-1,1
pbmc,AACAGGGTCCATTTAC-1,1
pbmc,AACAGGGTCCCTCATG-1,1
pbmc,AACAGGGTCCGGTAAT-1,1
pbmc,AACAGGGTCGCCGAGT-1,1
pbmc,AACAGGGTCTGGCCTT-1,1
pbmc,AACCAACAGAACAAGG-1,2
pbmc,AACCAACAGAGATTCA-1,1
pbmc,AACCAACAGAGTGGCT-1,1
pbmc,AACCAACAGCAGCCCT-1,1
pbmc,AACCAACAGCCTGTTG-1,1
pbmc,AACCAACAGCTTGTTG-1,191
pbmc,AACCAACAGGAGTATT-1,3
pbmc,AACCAACAGGCCTGAA-1,2
pbmc,AACCAACAGTCGTCTA-1,1
pbmc,AACCAACAGTTCCATG-1,1
pbmc,AACCAACCACTCTGCT-1,1
pbmc,AACCAACCACTGATCA-1,1
pbmc,AACCAACCAGTAACAA-1,1
pbmc,AACCAACCATCAGTGT-1,1
pbmc,AACCAACGTAACATGA-1,1
pbmc,AACCAACGTACGTTCA-1,1
pbmc,AACCAACGTCGCTGCA-1,1
pbmc,AACCAACGTCTGCCTT-1,1
pbmc,AACCAACGTGAATTGA-1,1
pbmc,AACCAACGTGCCGTAC-1,1
pbmc,AACCAACGTGGTATGG-1,1
pbmc,AACCAACGTGGTCAAG-1,2
pbmc,AACCAACGTGTCTAAC-1,1
pbmc,AACCAACTCATGCAGT-1,1
pbmc,AACCAACTCGCTGTTC-1,1
pbmc,AACCAACTCGGTCATA-1,1
pbmc,AACCAACTCGTCGATA-1,2
pbmc,AACCAACTCGTTTACT-1,1
pbmc,AACCACAAGAGGCCAT-1,1
pbmc,AACCACAAGCCGCACT-1,1
pbmc,AACCACAAGCGTATGG-1,2
pbmc,AACCACAAGTACGTCT-1,1
pbmc,AACCACAAGTGGCGAT-1,1
pbmc,AACCACAAGTGGTTCT-1,1
pbmc,AACCACACAACCACAT-1,2
pbmc,AACCACACAAGCCCAC-1,1
pbmc,AACCACACACTGGAAG-1,1
pbmc,AACCACACATCCAACA-1,1
pbmc,AACCACAGTCCCACGA-1,1
pbmc,AACCACAGTGCGGTAA-1,1
pbmc,AACCACAGTGGAAATT-1,1
pbmc,AACCACAGTGGGCTCT-1,1
pbmc,AACCACAGTGTGAATA-1,1
pbmc,AACCACAGTTCGGGTC-1,1
pbmc,AACCACAGTTCTTGCC-1,1
pbmc,AACCACAGTTTCGGCG-1,1
pbmc,AACCACATCAATCGGT-1,1
pbmc,AACCACATCAGAACCT-1,2
pbmc,AACCACATCCTTATAC-1,1
pbmc,AACCACATCGACGTCG-1,1
pbmc,AACCACATCTACGCAA-1,1
pbmc,AACCATGAGATGCCGA-1,1
pbmc,AACCATGAGCTCGAAG-1,1
pbmc,AACCATGAGCTGTACT-1,1
pbmc,AACCATGAGTTCACTG-1,2
pbmc,AACCATGCAAGCCTGC-1,1
pbmc,AACCATGCACCCAAGC-1,1
pbmc,AACCATGCACCTGGTG-1,1
pbmc,AACCATGCAGACCTAT-1,1
pbmc,AACCATGCAGTCAGAG-1,1
pbmc,AACCATGCAGTCTCTC-1,1
pbmc,AACCATGCATCTCGTC-1,1
pbmc,AACCATGCATCTTCGC-1,1
pbmc,AACCATGGTAGCCCTG-1,1
pbmc,AACCATGGTCACTCTC-1,1
pbmc,AACCATGGTCTCGACG-1,1
pbmc,AACCATGGTGCTTCAA-1,1
pbmc,AACCATGGTGGTTTAC-1,1
pbmc,AACCATGGTGTTTCTT-1,1
pbmc,AACCATGGTTATGGTC-1,1
pbmc,AACCATGGTTCCTAGA-1,1
pbmc,AACCATGGTTGGAGAC-1,1
pbmc,AACCATGTCAACCTTT-1,1
pbmc,AACCATGTCAACTGGT-1,1
pbmc,AACCATGTCACCTTAT-1,1
pbmc,AACCATGTCAGACAAG-1,1
pbmc,AACCATGTCAGTGATC-1,1
pbmc,AACCATGTCCCATTTA-1,1
pbmc,AACCATGTCCTTGGAA-1,1
pbmc,AACCATGTCGCTGATA-1,2
pbmc,AACCATGTCGTTCAGA-1,2
pbmc,AACCATGTCGTTCCCA-1,1
pbmc,AACCATGTCTCCAAGA-1,1
pbmc,AACCATGTCTTGCAAG-1,1
pbmc,AACCATGTCTTGGAAC-1,1
pbmc,AACCCAAAGCATGCAG-1,1
pbmc,AACCCAAAGCCTATCA-1,1
pbmc,AACCCAAAGGCCTAGA-1,1
pbmc,AACCCAAAGGGATCAC-1,1
pbmc,AACCCAAAGTGCAACG-1,1
pbmc,AACCCAAAGTTAGAAC-1,1
pbmc,AACCCAACAAATGAAC-1,1
pbmc,AACCCAACAACACGTT-1,1
pbmc,AACCCAACAACTAAGA-1,1
pbmc,AACCCAACAACTGATC-1,215
pbmc,AACCCAACACAATGAA-1,1
pbmc,AACCCAACACGCCACA-1,1
pbmc,AACCCAACACTGAGGA-1,1
pbmc,AACCCAACATATGGCT-1,1
pbmc,AACCCAAGTACTGTTG-1,1
pbmc,AACCCAAGTCAGTCGC-1,1
pbmc,AACCCAAGTGATGAAT-1,1
pbmc,AACCCAAGTGGGCTTC-1,195
pbmc,AACCCAAGTGTACGCC-1,1
pbmc,AACCCAATCACGATCA-1,1
pbmc,AACCCAATCGGTTGTA-1,2
pbmc,AACCCAATCTACGGTA-1,1
pbmc,AACCCAATCTCGAGTA-1,1
pbmc,AACCCAATCTGTCGTC-1,1
pbmc,AACCCAATCTTACCGC-1,174
pbmc,AACCTGAAGGACTGGT-1,1
pbmc,AACCTGACAGATCACT-1,1
pbmc,AACCTGACAGTTGTTG-1,1
pbmc,AACCTGACATACGATC-1,1
pbmc,AACCTGACATCCTATT-1,351
pbmc,AACCTGACATCCTGTC-1,1
pbmc,AACCTGACATCGTGGC-1,1
pbmc,AACCTGAGTAGTACGG-1,1
pbmc,AACCTGAGTCAACCAT-1,1
pbmc,AACCTGAGTCACATTG-1,1
pbmc,AACCTGAGTCCCTGTT-1,1
pbmc,AACCTGATCAGCACCG-1,2
pbmc,AACCTGATCCACCCTA-1,1
pbmc,AACCTGATCGCAATTG-1,1
pbmc,AACCTGATCGTAGGAG-1,1
pbmc,AACCTGATCTGTACAG-1,1
pbmc,AACCTGATCTTTCAGT-1,2
pbmc,AACCTTTAGACATGCG-1,1
pbmc,AACCTTTAGAGTTCGG-1,1
pbmc,AACCTTTAGCCAAGGT-1,2
pbmc,AACCTTTAGCTCCACG-1,1
pbmc,AACCTTTCAATGTGGG-1,1
pbmc,AACCTTTCAGGGAGAG-1,1
pbmc,AACCTTTCATGGCGCT-1,1
pbmc,AACCTTTGTAACGTTC-1,1
pbmc,AACCTTTGTGATTAGA-1,1
pbmc,AACCTTTGTGGAACAC-1,1
pbmc,AACCTTTGTGTCCTAA-1,1
pbmc,AACCTTTGTTGAATCC-1,1
pbmc,AACCTTTGTTTCGGCG-1,78
pbmc,AACCTTTTCAAGAGGC-1,1
pbmc,AACCTTTTCAGGGATG-1,1
pbmc,AACCTTTTCCGTAGGC-1,1
pbmc,AACCTTTTCCGTATAG-1,1
pbmc,AACCTTTTCCTAAGTG-1,1
pbmc,AACCTTTTCGAAATCC-1,1
pbmc,AACCTTTTCGTCGATA-1,6
pbmc,AACCTTTTCTCTAGGA-1,1
pbmc,AACCTTTTCTGCATAG-1,1
pbmc,AACCTTTTCTGCCTCA-1,1
pbmc,AACCTTTTCTGTCCCA-1,1
pbmc,AACCTTTTCTTGTTAC-1,1
pbmc,AACGAAAAGACGCCAA-1,1
pbmc,AACGAAAAGAGAGTTT-1,1
pbmc,AACGAAAAGAGGGCGA-1,1
pbmc,AACGAAAAGCTGACCC-1,1
pbmc,AACGAAAAGGTTGGTG-1,93
pbmc,AACGAAAAGTAAACAC-1,1
pbmc,AACGAAAAGTTACGAA-1,2
pbmc,AACGAAAAGTTGGTGA-1,1
pbmc,AACGAAACAAATGAGT-1,1
pbmc,AACGAAACAAATGCGG-1,1
pbmc,AACGAAACAAGACTGG-1,2
pbmc,AACGAAACAATGGCAG-1,1
pbmc,AACGAAACAATGTCTG-1,26
pbmc,AACGAAACAGCGTTTA-1,98
pbmc,AACGAAACAGGCCTGT-1,1
pbmc,AACGAAACAGGTTCCG-1,1
pbmc,AACGAAACATCCGATA-1,1
pbmc,AACGAAACATGCCATA-1,1
pbmc,AACGAAAGTCCCGTGA-1,1
pbmc,AACGAAAGTCTTCAAG-1,1
pbmc,AACGAAAGTGACAACG-1,1
pbmc,AACGAAAGTGGAGGTT-1,1
pbmc,AACGAAAGTTCTCTAT-1,1
pbmc,AACGAAATCAAACCCA-1,1
pbmc,AACGAAATCAAGTGGG-1,1
pbmc,AACGAAATCCATTTAC-1,153
pbmc,AACGAAATCCATTTGC-1,1
pbmc,AACGAAATCGACGAGA-1,1
pbmc,AACGAAATCGGAGCAA-1,1
pbmc,AACGGGAAGAGTCAGC-1,1
pbmc,AACGGGAAGCGCACAA-1,1
pbmc,AACGGGAAGCTAGAAT-1,1
pbmc,AACGGGAAGGAAGTGA-1,1
pbmc,AACGGGAAGTAAATGC-1,1
pbmc,AACGGGAAGTAACAGT-1,1
pbmc,AACGGGAAGTCTGGAG-1,1
pbmc,AACGGGAAGTGCTACT-1,2
pbmc,AACGGGACACAAATAG-1,1
pbmc,AACGGGACACCATAAC-1,1
pbmc,AACGGGACACCCGTAG-1,1
pbmc,AACGGGAGTCGAACGA-1,1
pbmc,AACGGGAGTCGCTCGA-1,499
pbmc,AACGGGAGTCTTCGAA-1,1
pbmc,AACGGGAGTGAACCGA-1,1
pbmc,AACGGGAGTGCTCGGT-1,1
pbmc,AACGGGAGTGTGAGCA-1,1
pbmc,AACGGGAGTGTTGACT-1,1
pbmc,AACGGGATCATGTCTT-1,1
pbmc,AACGGGATCCCGTGAG-1,2
pbmc,AACGGGATCGACGATT-1,1
pbmc,AACGGGATCGTCTCAC-1,1
pbmc,AACGGGATCGTTCTCG-1,1
pbmc,AACGGGATCTACACTT-1,2
pbmc,AACGTCAAGACGCCCT-1,286
pbmc,AACGTCAAGACTCCGT-1,1
pbmc,AACGTCAAGATGCCCT-1,2
pbmc,AACGTCAAGCCGGAAT-1,1
pbmc,AACGTCAAGCCTCATA-1,2
pbmc,AACGTCAAGGACCCAA-1,1
pbmc,AACGTCAAGGGCGAGA-1,1
pbmc,AACGTCAAGGTTACAA-1,1
pbmc,AACGTCAAGTACAGAT-1,1
pbmc,AACGTCAAGTAGGCCA-1,1
pbmc,AACGTCAAGTGCACCC-1,1
pbmc,AACGTCACACAACATC-1,1
pbmc,AACGTCACACCCAACG-1,1
pbmc,AACGTCACACCCGTAG-1,1
pbmc,AACGTCACAGCAGTAG-1,1
pbmc,AACGTCACAGTAACAA-1,1
pbmc,AACGTCACAGTTCCAA-1,1
pbmc,AACGTCAGTAAGTTGA-1,1
pbmc,AACGTCAGTACGTGTT-1,1
pbmc,AACGTCAGTAGCGTCC-1,1
pbmc,AACGTCAGTCACTCTC-1,1
pbmc,AACGTCAGTCCCACGA-1,1
pbmc,AACGTCAGTCTACATG-1,1
pbmc,AACGTCATCACTTGGA-1,1
pbmc,AACGTCATCCCGAACG-1,2
pbmc,AACGTCATCTCCGAAA-1,1
pbmc,AACGTCATCTCGGGAC-1,1
pbmc,AACTTCTAGAGTGTGC-1,1
pbmc,AACTTCTAGGAACATT-1,1
pbmc,AACTTCTAGTCATGCT-1,1
pbmc,AACTTCTAGTCGGGAT-1,1
pbmc,AACTTCTAGTTGCCTA-1,1
pbmc,AACTTCTCACGCCAGT-1,1
pbmc,AACTTCTCAGGTGTTT-1,1
pbmc,AACTTCTCAGTTTGGT-1,1
pbmc,AACTTCTGTACTCGCG-1,1
pbmc,AACTTCTGTAGATTGA-1,1
pbmc,AACTTCTGTAGGACCA-1,1
pbmc,AACTTCTGTCGCTGCA-1,1
pbmc,AACTTCTTCAAGTAAG-1,1
pbmc,AACTTCTTCAAGTTGC-1,1
pbmc,AACTTCTTCGGAATGG-1,1
pbmc,AACTTCTTCTAACGCA-1,1
pbmc,AACTTCTTCTCTTCAA-1,1
pbmc,AACTTCTTCTGGAAGG-1,1
pbmc,AAGAACAAGACCATCC-1,1
pbmc,AAGAACAAGACCATTC-1,175
pbmc,AAGAACAAGACTGGGT-1,1
pbmc,AAGAACAAGAGTGTGC-1,1
pbmc,AAGAACAAGCACTAAA-1,1
pbmc,AAGAACAAGCCTCAGC-1,570
pbmc,AAGAACAAGCCTCCAG-1,1
pbmc,AAGAACAAGCTGGCTC-1,1
pbmc,AAGAACAAGGTCGTGA-1,1
pbmc,AAGAACAAGGTCTACT-1,1
pbmc,AAGAACAAGGTGCCAA-1,1
pbmc,AAGAACAAGTGCGACA-1,1
pbmc,AAGAACACAAATAAGC-1,1
pbmc,AAGAACACACTCACTC-1,1
pbmc,AAGAACACAGAACTAA-1,1
pbmc,AAGAACACAGCCTATA-1,1
pbmc,AAGAACACAGCGTTGC-1,1
pbmc,AAGAACACATCAGTCA-1,1
pbmc,AAGAACAGTATTGAGA-1,1
pbmc,AAGAACAGTGAAAGTT-1,1
pbmc,AAGAACAGTGGCGTAA-1,1
pbmc,AAGAACAGTTAGCTAC-1,1
pbmc,AAGAACAGTTCAATCG-1,1
pbmc,AAGAACATCAGGCGAA-1,1
pbmc,AAGAACATCCGAGTGC-1,1
pbmc,AAGAACATCGACCATA-1,1
pbmc,AAGAACATCGAGAACG-1,1
pbmc,AAGAACATCGTAGAGG-1,1
pbmc,AAGAACATCTCGTCGT-1,1
pbmc,AAGAACATCTTGCAAG-1,290
pbmc,AAGAACATCTTTCAGT-1,1
pbmc,AAGAACATCTTTCCAA-1,1
pbmc,AAGACAAAGACGCCCT-1,1
pbmc,AAGACAAAGCCAAGCA-1,1
pbmc,AAGACAAAGCTCTGTA-1,1
pbmc,AAGACAAAGTAAGCAT-1,1
pbmc,AAGACAAAGTACCGGA-1,1
pbmc,AAGACAACAACACGAG-1,1
pbmc,AAGACAACAACACGTT-1,1
pbmc,AAGACAACAAGTGGGT-1,1
pbmc,AAGACAACACTACCGG-1,1
pbmc,AAGACAACACTTCAGA-1,415
pbmc,AAGACAACAGATCACT-1,649
pbmc,AAGACAACAGTAGATA-1,14
pbmc,AAGACAACATCGCTAA-1,1
pbmc,AAGACAAGTAGGTGCA-1,2
pbmc,AAGACAAGTCAATGGG-1,1
pbmc,AAGACAAGTCACTCGG-1,1
pbmc,AAGACAAGTCTCGCGA-1,1
pbmc,AAGACAAGTGACCGAA-1,1
pbmc,AAGACAAGTGACTGTT-1,1
pbmc,AAGACAAGTGATCATC-1,1
pbmc,AAGACAATCAGGGTAG-1,1
pbmc,AAGACAATCCAATGCA-1,1
pbmc,AAGACAATCCGCGAGT-1,255
pbmc,AAGACAATCTGAGCAT-1,1
pbmc,AAGACTCAGCCACAAG-1,1
pbmc,AAGACTCAGCTGCCTG-1,1
pbmc,AAGACTCAGGAGAGGC-1,1
pbmc,AAGACTCAGTAAACTG-1,1
pbmc,AAGACTCAGTGGAATT-1,1
pbmc,AAGACTCCAACTTGCA-1,1
pbmc,AAGACTCCACAACGCC-1,1
pbmc,AAGACTCCACAAGTTC-1,1
pbmc,AAGACTCCAGACCTAT-1,1
pbmc,AAGACTCCAGAGTAAT-1,1
pbmc,AAGACTCCAGGGACTA-1,1
pbmc,AAGACTCCATGACGAG-1,1
pbmc,AAGACTCGTAAGATTG-1,1
pbmc,AAGACTCGTACGACTT-1,1
pbmc,AAGACTCGTCATCTAG-1,1
pbmc,AAGACTCGTCGTGGAA-1,1
pbmc,AAGACTCGTGACGTCC-1,8
pbmc,AAGACTCGTGAGACGT-1,1
pbmc,AAGACTCGTGAGTCAG-1,1
pbmc,AAGACTCGTGCCTTTC-1,1
pbmc,AAGACTCGTTCATCGA-1,1
pbmc,AAGACTCTCATCTATC-1,1
pbmc,AAGACTCTCTGCACCT-1,1
pbmc,AAGATAGAGACTCCGC-1,1
pbmc,AAGATAGAGCATGGGT-1,2
pbmc,AAGATAGAGCGATGCA-1,1
pbmc,AAGATAGAGCGTGTCC-1,1
pbmc,AAGATAGAGGCTCAAG-1,1
pbmc,AAGATAGAGGGATCAC-1,1
pbmc,AAGATAGAGGTTTACC-1,1
pbmc,AAGATAGCAAAGACTA-1,1
pbmc,AAGATAGCAATAACCC-1,1
pbmc,AAGATAGCACATTGTG-1,2
pbmc,AAGATAGCACGTACAT-1,1
pbmc,AAGATAGCATCGAGCC-1,1
pbmc,AAGATAGGTCGCGTCA-1,1
pbmc,AAGATAGGTCTAGATC-1,1
pbmc,AAGATAGGTCTGTGTA-1,1
pbmc,AAGATAGGTGGCCCAT-1,1
pbmc,AAGATAGGTTGAGTCT-1,1
pbmc,AAGATAGTCCAAGCCG-1,1
pbmc,AAGATAGTCCCTTCCC-1,1
pbmc,AAGATAGTCCGTGACG-1,1
pbmc,AAGATAGTCGCAGATT-1,1
pbmc,AAGCATCAGAGCTGAC-1,1
pbmc,AAGCATCAGAGGCGTT-1,2
pbmc,AAGCATCAGCGAGGAG-1,1
pbmc,AAGCATCAGGTCATAA-1,1
pbmc,AAGCATCAGGTCCGAA-1,276
pbmc,AAGCATCAGTCGAAAT-1,1
pbmc,AAGCATCAGTCTTCCC-1,1
pbmc,AAGCATCAGTGATGGC-1,2
pbmc,AAGCATCCAAGAGAGA-1,1
pbmc,AAGCATCCAAGCGATG-1,1
pbmc,AAGCATCCAAGGCGTA-1,2
pbmc,AAGCATCCACAAGCTT-1,1
pbmc,AAGCATCCAGGACGAT-1,1
pbmc,AAGCATCCAGGCAATG-1,1
pbmc,AAGCATCCAGTCTTCC-1,501
pbmc,AAGCATCCATAACGGG-1,1
pbmc,AAGCATCCATCTAAGC-1,1
pbmc,AAGCATCGTAACAGTA-1,1
pbmc,AAGCATCGTATCGAAA-1,2
pbmc,AAGCATCGTGGAACCA-1,1
pbmc,AAGCATCGTTTCGACA-1,1
pbmc,AAGCATCTCACATACG-1,2
pbmc,AAGCATCTCAGCTTGA-1,1
pbmc,AAGCATCTCATGCATG-1,1
pbmc,AAGCATCTCGCCACTT-1,1
pbmc,AAGCATCTCGTCGACG-1,1
pbmc,AAGCATCTCTGACAGT-1,1
pbmc,AAGCCATAGATCCAAA-1,1
pbmc,AAGCCATAGCACTTTG-1,1
pbmc,AAGCCATAGCCTAACT-1,2
pbmc,AAGCCATAGCGACTTT-1,1
pbmc,AAGCCATAGGCGTTAG-1,1
pbmc,AAGCCATAGTTAACAG-1,1
pbmc,AAGCCATCAAGCTCTA-1,1
pbmc,AAGCCATCACACGGAA-1,1
pbmc,AAGCCATCACCAGACC-1,1
pbmc,AAGCCATCACGATAGG-1,1
pbmc,AAGCCATCAGACCAGA-1,2
pbmc,AAGCCATCAGCAGTTT-1,1
pbmc,AAGCCATCATATCTGG-1,1
pbmc,AAGCCATCATGCCATA-1,1
pbmc,AAGCCATGTCAAGCGA-1,1
pbmc,AAGCCATGTCATACCA-1,1
pbmc,AAGCCATGTCGCACAC-1,1
pbmc,AAGCCATGTCGGTAGA-1,1
pbmc,AAGCCATGTCGTTGGC-1,1
pbmc,AAGCCATGTTTACACG-1,1
pbmc,AAGCCATGTTTCCAAG-1,1
pbmc,AAGCCATGTTTCGCTC-1,1
pbmc,AAGCCATTCAAACGTC-1,1
pbmc,AAGCCATTCTCGCAGG-1,1
pbmc,AAGCCATTCTCGCCTA-1,1
pbmc,AAGCGAGAGAGCATTA-1,1
pbmc,AAGCGAGAGAGGTTTA-1,1
pbmc,AAGCGAGAGATCACTC-1,3
pbmc,AAGCGAGAGCCACCGT-1,1
pbmc,AAGCGAGAGGTTACAA-1,1
pbmc,AAGCGAGAGTCATGCT-1,1
pbmc,AAGCGAGCAAATGGAT-1,1
pbmc,AAGCGAGCAAGCCCAC-1,3
pbmc,AAGCGAGCACAAGTGG-1,1
pbmc,AAGCGAGCAGAGGGTT-1,1
pbmc,AAGCGAGCAGAGTGTG-1,1
pbmc,AAGCGAGCAGCTATAC-1,1
pbmc,AAGCGAGCATCCTATT-1,1
pbmc,AAGCGAGCATGGGTCC-1,1
pbmc,AAGCGAGCATTGACTG-1,1
pbmc,AAGCGAGCATTGGGAG-1,1
pbmc,AAGCGAGGTAGTTACC-1,1
pbmc,AAGCGAGGTATCGGTT-1,1
pbmc,AAGCGAGGTGTCGCTG-1,1
pbmc,AAGCGAGGTTGTATGC-1,1
pbmc,AAGCGAGGTTGTTTGG-1,1
pbmc,AAGCGAGGTTTGGAGG-1,1
pbmc,AAGCGAGTCAAACCTG-1,1
pbmc,AAGCGAGTCCACTGAA-1,1
pbmc,AAGCGAGTCCTAACAG-1,1
pbmc,AAGCGAGTCTAACGGT-1,1
pbmc,AAGCGTTAGAATCGAT-1,1
pbmc,AAGCGTTAGAGCAGTC-1,1
pbmc,AAGCGTTAGATGCTAA-1,1
pbmc,AAGCGTTAGCACACAG-1,1
pbmc,AAGCGTTAGCCGCTTG-1,1
pbmc,AAGCGTTAGCTGAAGC-1,1
pbmc,AAGCGTTAGTCTTGGT-1,1
pbmc,AAGCGTTCACTGATTG-1,499
pbmc,AAGCGTTCAGCCGTCA-1,1
pbmc,AAGCGTTCATCGGAAG-1,1
pbmc,AAGCGTTCATGGAAGC-1,1
pbmc,AAGCGTTGTACCCACG-1,1
pbmc,AAGCGTTGTCGACTTA-1,1
pbmc,AAGCGTTGTCGAGTGA-1,1
pbmc,AAGCGTTGTTATTCTC-1,1
pbmc,AAGCGTTTCGCGCCAA-1,1
pbmc,AAGCGTTTCGCTATTT-1,329
pbmc,AAGCGTTTCTGGTGGC-1,2
pbmc,AAGGAATAGGACACTG-1,1
pbmc,AAGGAATAGGTGGTTG-1,1
pbmc,AAGGAATAGTGTACCT-1,1
pbmc,AAGGAATAGTTGCATC-1,1
pbmc,AAGGAATCACGCAGTC-1,1
pbmc,AAGGAATCACGCGTCA-1,1
pbmc,AAGGAATCACTAGAGG-1,4
pbmc,AAGGAATCAGCAGATG-1,2
pbmc,AAGGAATCAGCTATTG-1,2
pbmc,AAGGAATCATCCAACA-1,1
pbmc,AAGGAATGTAGAATAC-1,1
pbmc,AAGGAATGTAGCACGA-1,1
pbmc,AAGGAATGTCCTCCAT-1,1
pbmc,AAGGAATGTCCTTGTC-1,1
pbmc,AAGGAATGTCGAATTC-1,1
pbmc,AAGGAATGTGCATTAC-1,1
pbmc,AAGGAATTCACTTATC-1,1
pbmc,AAGGAATTCAGACCGC-1,2
pbmc,AAGGAATTCCACAAGT-1,2
pbmc,AAGGAATTCGACGAGA-1,1
pbmc,AAGGAATTCTTCACGC-1,3
pbmc,AAGGTAAAGAAGATCT-1,1
pbmc,AAGGTAAAGAATGTTG-1,1
pbmc,AAGGTAAAGAGCTTTC-1,1
pbmc,AAGGTAAAGAGGTATT-1,1
pbmc,AAGGTAAAGATACGAT-1,1
pbmc,AAGGTAAAGCGTCTGC-1,1
pbmc,AAGGTAAAGGAAGTAG-1,196
pbmc,AAGGTAAAGGCCACCT-1,277
pbmc,AAGGTAAAGGCCACTT-1,1
pbmc,AAGGTAAAGGTCACCT-1,1
pbmc,AAGGTAAAGGTGCCAA-1,1
pbmc,AAGGTAAAGTCCCAGC-1,1
pbmc,AAGGTAACAAAGCAAT-1,2
pbmc,AAGGTAACACATGTTG-1,1
pbmc,AAGGTAACAGAACTTC-1,1
pbmc,AAGGTAACAGACCAAG-1,1
pbmc,AAGGTAACAGCGACAA-1,1
pbmc,AAGGTAACAGCTGTCG-1,1
pbmc,AAGGTAACAGTAACCT-1,1
pbmc,AAGGTAACATTGGGAG-1,1
pbmc,AAGGTAAGTAACTAAG-1,1
pbmc,AAGGTAAGTATCATGC-1,1
pbmc,AAGGTAAGTCCTTAAG-1,240
pbmc,AAGGTAAGTGCTGTCG-1,1
pbmc,AAGGTAAGTGTAGTGG-1,2
pbmc,AAGGTAAGTGTCACAT-1,1
pbmc,AAGGTAAGTTACCGTA-1,1
pbmc,AAGGTAAGTTCTCCAC-1,1
pbmc,AAGGTAATCAAGCCCG-1,1
pbmc,AAGGTAATCACCGGTG-1,1
pbmc,AAGGTAATCAGGAGAC-1,1
pbmc,AAGGTAATCCGCGAGT-1,1
pbmc,AAGGTAATCGATACAC-1,1
pbmc,AAGGTAATCGCCACCT-1,1
pbmc,AAGGTAATCGCCTTTG-1,1
pbmc,AAGGTAATCGCTGATA-1,1
pbmc,AAGTACCAGACCATAA-1,1
pbmc,AAGTACCAGACGACGT-1,1
pbmc,AAGTACCAGCAACTTC-1,1
pbmc,AAGTACCAGCACTTTG-1,1
pbmc,AAGTACCAGCATGCAG-1,1
pbmc,AAGTACCAGCGCCTTG-1,198
pbmc,AAGTACCAGCGTTCCG-1,1
pbmc,AAGTACCAGCTCCATA-1,221
pbmc,AAGTACCAGGCGAACT-1,1
pbmc,AAGTACCAGGTAACTA-1,1
pbmc,AAGTACCAGGTACATA-1,1
pbmc,AAGTACCAGTCGCCAC-1,1
pbmc,AAGTACCAGTGTCATC-1,1
pbmc,AAGTACCCAAACTCTG-1,1
pbmc,AAGTACCCAAAGAACT-1,278
pbmc,AAGTACCCAAAGACTA-1,1
pbmc,AAGTACCCAAAGTGTA-1,1
pbmc,AAGTACCCAACAACAA-1,2
pbmc,AAGTACCCAAGAAATC-1,1
pbmc,AAGTACCCAAGACCTT-1,1
pbmc,AAGTACCCAGGCCCTA-1,1
pbmc,AAGTACCCATAGACTC-1,1
pbmc,AAGTACCCATTCATCT-1,1
pbmc,AAGTACCGTATTGCCA-1,11
pbmc,AAGTACCGTCAGGTAG-1,2
pbmc,AAGTACCGTCCTCCAT-1,1
pbmc,AAGTACCGTCCTGAAT-1,1
pbmc,AAGTACCGTGCTAGCC-1,1
pbmc,AAGTACCTCAGTGTTG-1,1
pbmc,AAGTACCTCATGCGGC-1,2
pbmc,AAGTCGTAGACGCCAA-1,1
pbmc,AAGTCGTAGCAAGTCG-1,1
pbmc,AAGTCGTAGGCTCCCA-1,1
pbmc,AAGTCGTAGGTTGAGC-1,1
pbmc,AAGTCGTAGTACGTCT-1,1
pbmc,AAGTCGTCAAATCGGG-1,1
pbmc,AAGTCGTCAACCGTAT-1,1
pbmc,AAGTCGTCAAGTATAG-1,1
pbmc,AAGTCGTCAATTGGTC-1,2
pbmc,AAGTCGTCAGCTCATA-1,1
pbmc,AAGTCGTCAGTTACCA-1,1
pbmc,AAGTCGTCATACTTTC-1,1
pbmc,AAGTCGTCATCAGTCA-1,1
pbmc,AAGTCGTGTTTATGCG-1,1
pbmc,AAGTCGTTCGTTCATT-1,1
pbmc,AAGTCGTTCTAACGCA-1,1
pbmc,AAGTCGTTCTGCTTAT-1,1
pbmc,AAGTGAAAGCAGGTCA-1,1
pbmc,AAGTGAAAGCCTCAAT-1,1
pbmc,AAGTGAAAGGCTGAAC-1,1
pbmc,AAGTGAAAGTAAACGT-1,1
pbmc,AAGTGAACAAACAGGC-1,1
pbmc,AAGTGAACAACCGCCA-1,1
pbmc,AAGTGAACAAGAATGT-1,2
pbmc,AAGTGAACAGACAATA-1,3
pbmc,AAGTGAACAGACCATT-1,2
pbmc,AAGTGAACAGAGATGC-1,1
pbmc,AAGTGAACATCAGCAT-1,188
pbmc,AAGTGAACATTCGGGC-1,1
pbmc,AAGTGAAGTAACATGA-1,1
pbmc,AAGTGAAGTAGCACAG-1,1
pbmc,AAGTGAAGTATCGCGC-1,1
pbmc,AAGTGAAGTGCTCCGA-1,1
pbmc,AAGTGAAGTGGCGCTT-1,1
pbmc,AAGTGAAGTTACGATC-1,1
pbmc,AAGTGAAGTTTCCATT-1,1
pbmc,AAGTGAATCACACGAT-1,1
pbmc,AAGTGAATCAGAAGGT-1,1
pbmc,AAGTGAATCAGACCTA-1,1
pbmc,AAGTGAATCAGGTAAA-1,1
pbmc,AAGTGAATCCCGAATA-1,1
pbmc,AAGTGAATCGCTATTT-1,1
pbmc,AAGTGAATCGGAAGGT-1,411
pbmc,AAGTGAATCGGAGGGT-1,1
pbmc,AAGTGAATCTTCCGTG-1,1
pbmc,AAGTTCGAGCTACTAC-1,1
pbmc,AAGTTCGAGCTCCACG-1,1
pbmc,AAGTTCGAGGATACAC-1,1
pbmc,AAGTTCGAGGATACAT-1,292
pbmc,AAGTTCGAGTGGAAGA-1,1
pbmc,AAGTTCGCAATTTCGG-1,1
pbmc,AAGTTCGCACCTGATA-1,1
pbmc,AAGTTCGCACGTCTCT-1,1
pbmc,AAGTTCGCAGAGTTCT-1,1
pbmc,AAGTTCGCATAACTCG-1,1
pbmc,AAGTTCGCATACAGCT-1,1
pbmc,AAGTTCGGTAGACAGC-1,1
pbmc,AAGTTCGGTCAACACT-1,376
pbmc,AAGTTCGGTGAACGGT-1,1
pbmc,AAGTTCGGTGAGACGT-1,1
pbmc,AAGTTCGGTTAAACCC-1,1
pbmc,AAGTTCGGTTAGAAAC-1,1
pbmc,AAGTTCGGTTCAAACC-1,1
pbmc,AAGTTCGGTTGAGGAC-1,1
pbmc,AAGTTCGGTTTAGACC-1,1
pbmc,AAGTTCGTCAGGCGAA-1,1
pbmc,AAGTTCGTCCCGAACG-1,1
pbmc,AAGTTCGTCCCGTTCA-1,1
pbmc,AAGTTCGTCGGACTGC-1,1
pbmc,AAGTTCGTCTGCAACG-1,1
pbmc,AATAGAGAGAAGTCCG-1,1
pbmc,AATAGAGAGAGCCCAA-1,1
pbmc,AATAGAGAGATGGTCG-1,1
pbmc,AATAGAGAGGTACCTT-1,1
pbmc,AATAGAGAGTAACCGG-1,1
pbmc,AATAGAGCAACTGGTT-1,1
pbmc,AATAGAGCAGCTATAC-1,1
pbmc,AATAGAGGTAAGCAAT-1,2
pbmc,AATAGAGGTACAGCGA-1,1
pbmc,AATAGAGGTAGCTTAC-1,1
pbmc,AATAGAGGTCCGGATC-1,1
pbmc,AATAGAGGTGATACAA-1,1
pbmc,AATAGAGGTGCAGTGA-1,1
pbmc,AATAGAGGTTTACGTG-1,1
pbmc,AATAGAGTCATGAGGG-1,1
pbmc,AATAGAGTCCTTATGT-1,1
pbmc,AATAGAGTCGGTGTAT-1,1
pbmc,AATAGAGTCTACTTCA-1,1
pbmc,AATAGAGTCTTCTAAC-1,1
pbmc,AATCACGAGAAGTATC-1,1
pbmc,AATCACGAGACCAACG-1,1
pbmc,AATCACGAGAGTCTGG-1,1
pbmc,AATCACGAGCAGGCAT-1,1
pbmc,AATCACGAGCCGAACA-1,6
pbmc,AATCACGAGCCGATAG-1,1
pbmc,AATCACGAGGACAGCT-1,1
pbmc,AATCACGAGGCTCCCA-1,2
pbmc,AATCACGAGGCTCTAT-1,16
pbmc,AATCACGAGGTCTTTG-1,2
pbmc,AATCACGCAAGACAAT-1,1
pbmc,AATCACGCAAGTCCAT-1,2
pbmc,AATCACGCAATCAGCT-1,1
pbmc,AATCACGCAGAATCGG-1,1
pbmc,AATCACGCATGGGTTT-1,1
pbmc,AATCACGGTAGCCAGA-1,1
pbmc,AATCACGGTCACTTCC-1,1
pbmc,AATCACGGTCAGGTGA-1,1
pbmc,AATCACGGTCGTGGAA-1,1
pbmc,AATCACGGTGTTACTG-1,1
pbmc,AATCACGGTTATTCTC-1,1
pbmc,AATCACGGTTCGTGCG-1,1
pbmc,AATCACGGTTGGGACA-1,1
pbmc,AATCACGTCCATTTAC-1,1
pbmc,AATCACGTCCCGATCT-1,2
pbmc,AATCACGTCCTGGGTG-1,1
pbmc,AATCACGTCGCCTTTG-1,1
pbmc,AATCACGTCTAGTGAC-1,1
pbmc,AATCGACAGACTGTTC-1,1
pbmc,AATCGACAGCCTGAAG-1,1
pbmc,AATCGACAGTATGTAG-1,78
pbmc,AATCGACAGTCCGTCG-1,1
pbmc,AATCGACAGTGATGGC-1,1
pbmc,AATCGACCAACTCCAA-1,1
pbmc,AATCGACCAAGCACAG-1,2
pbmc,AATCGACCACGTAACT-1,1
pbmc,AATCGACCACTGATTG-1,1
pbmc,AATCGACCAGGTGGAT-1,1
pbmc,AATCGACCATAACCCA-1,1
pbmc,AATCGACCATATTCGG-1,1
pbmc,AATCGACGTAAGATAC-1,1
pbmc,AATCGACGTAAGCAAT-1,1
pbmc,AATCGACGTACTTGTG-1,2
pbmc,AATCGACGTAGAGACC-1,1
pbmc,AATCGACGTAGCGCTC-1,1
pbmc,AATCGACGTCCGGACT-1,1
pbmc,AATCGACGTCTTCCGT-1,1
pbmc,AATCGACGTGAGACGT-1,243
pbmc,AATCGACGTGCCAAGA-1,2
pbmc,AATCGACGTTAAAGTG-1,1
pbmc,AATCGACTCAACCCGG-1,2
pbmc,AATCGACTCAACTACG-1,1
pbmc,AATCGACTCAGTAGGG-1,1
pbmc,AATCGACTCATTTGTC-1,1
pbmc,AATCGACTCCCGATCT-1,1
pbmc,AATCGACTCGATACGT-1,1
pbmc,AATCGACTCTCCCATG-1,1
pbmc,AATCGACTCTGAGATC-1,1
pbmc,AATCGACTCTGTCAGA-1,1
pbmc,AATCGTGAGACTCGAG-1,1
pbmc,AATCGTGAGAGGCCAT-1,1
pbmc,AATCGTGAGAGTTGTA-1,1
pbmc,AATCGTGAGGCTAGCA-1,1
pbmc,AATCGTGAGGTTCCGC-1,1
pbmc,AATCGTGAGTGGTGAC-1,1
pbmc,AATCGTGAGTTAACAG-1,1
pbmc,AATCGTGCACGAAGAC-1,2
pbmc,AATCGTGCAGCTGTTA-1,1
pbmc,AATCGTGCAGTGTGGA-1,1
pbmc,AATCGTGCATAGGAGC-1,1
pbmc,AATCGTGCATCCGTGG-1,1
pbmc,AATCGTGCATGTGGCC-1,1
pbmc,AATCGTGGTAGACAAT-1,1
pbmc,AATCGTGGTAGCGAGT-1,1
pbmc,AATCGTGGTTCAACGT-1,1
pbmc,AATCGTGGTTTAAGGA-1,1
pbmc,AATCGTGTCAAGCTGT-1,1
pbmc,AATCGTGTCAATGCAC-1,1
pbmc,AATCGTGTCAGCAATC-1,1
pbmc,AATCGTGTCAGCTTGA-1,2
pbmc,AATCGTGTCGAGAAAT-1,1
pbmc,AATGAAGAGCTGGCTC-1,2
pbmc,AATGAAGAGGCTCAAG-1,1
pbmc,AATGAAGAGGTCTACT-1,1
pbmc,AATGAAGAGTCAGGGT-1,1
pbmc,AATGAAGCAAACACGG-1,1
pbmc,AATGAAGCAACCCTAA-1,1
pbmc,AATGAAGCACACAGAG-1,1
pbmc,AATGAAGCACATAGCT-1,1
pbmc,AATGAAGCACCAGACC-1,1
pbmc,AATGAAGCAGTATGAA-1,181
pbmc,AATGAAGGTAGAAACT-1,1
pbmc,AATGAAGGTATGATCC-1,1
pbmc,AATGAAGGTCACGACC-1,2
pbmc,AATGAAGGTGTTGACT-1,1
pbmc,AATGAAGTCCAACTGA-1,1
pbmc,AATGAAGTCCAAGCAT-1,2
pbmc,AATGAAGTCCATAAGC-1,2
pbmc,AATGAAGTCCCGAGGT-1,1
pbmc,AATGAAGTCCCTATTA-1,1
pbmc,AATGAAGTCCGGTAGC-1,1
pbmc,AATGAAGTCCTACACC-1,1
pbmc,AATGAAGTCGCTGACG-1,1
pbmc,AATGAAGTCGTGGGTC-1,1
pbmc,AATGAAGTCTTACCAT-1,1
pbmc,AATGACCAGAGCAGAA-1,1
pbmc,AATGACCAGCCTCTTC-1,1
pbmc,AATGACCAGGAGACCT-1,1
pbmc,AATGACCAGGTGGTTG-1,1
pbmc,AATGACCAGTCATAGA-1,1
pbmc,AATGACCAGTGGCAGT-1,1
pbmc,AATGACCAGTTTGAGA-1,1
pbmc,AATGACCCAATTAGGA-1,1
pbmc,AATGACCCACGTCATA-1,1
pbmc,AATGACCCAGGCACAA-1,1
pbmc,AATGACCCAGTAACCT-1,1
pbmc,AATGACCCAGTTCCAA-1,2
pbmc,AATGACCCATGTTCGA-1,1
pbmc,AATGACCGTACAGGTG-1,1
pbmc,AATGACCGTCTCACAA-1,1
pbmc,AATGACCGTGGGCTTC-1,2
pbmc,AATGACCGTGTCATCA-1,610
pbmc,AATGACCGTTCCACAA-1,1
pbmc,AATGACCTCATACGGT-1,1
pbmc,AATGACCTCATTGAGC-1,1
pbmc,AATGACCTCCGTGGGT-1,1
pbmc,AATGACCTCGCTTGAA-1,1
pbmc,AATGACCTCTCCGCAT-1,1
pbmc,AATGACCTCTGTCCGT-1,1
pbmc,AATGCCAAGACGAGCT-1,1
pbmc,AATGCCAAGACTTGTC-1,1
pbmc,AATGCCAAGATACTGA-1,1
pbmc,AATGCCAAGGAGTACC-1,2
pbmc,AATGCCAAGGTGGCTA-1,1
pbmc,AATGCCAAGGTTCATC-1,1
pbmc,AATGCCAAGTAGACCG-1,1
pbmc,AATGCCACAACGATCT-1,1
pbmc,AATGCCACAATACAGA-1,1
pbmc,AATGCCACAATAGAGT-1,1
pbmc,AATGCCACAGAGTGAC-1,1
pbmc,AATGCCACAGGAGACT-1,1
pbmc,AATGCCACAGTATTCG-1,3
pbmc,AATGCCACATTCATCT-1,1
pbmc,AATGCCAGTCCTACAA-1,1
pbmc,AATGCCAGTCCTGGGT-1,1
pbmc,AATGCCAGTCTTAGTG-1,1
pbmc,AATGCCAGTGTTTACG-1,2
pbmc,AATGCCAGTTAGTCGT-1,1
pbmc,AATGCCAGTTCCGGTG-1,1
pbmc,AATGCCAGTTCGTTCC-1,1
pbmc,AATGCCATCAAGCCAT-1,1
pbmc,AATGCCATCACCTACC-1,1
pbmc,AATGCCATCACGTAGT-1,1
pbmc,AATGCCATCATAGACC-1,1
pbmc,AATGCCATCCGTTGGG-1,1
pbmc,AATGCCATCCTAAGTG-1,1
pbmc,AATGCCATCGCAGTCG-1,1
pbmc,AATGCCATCTGAGAAA-1,2
pbmc,AATGCCATCTGCCTGT-1,1
pbmc,AATGCCATCTGGGCGT-1,1
pbmc,AATGGAAAGAGATGCC-1,1
pbmc,AATGGAAAGATGGGCT-1,1
pbmc,AATGGAAAGCACACCC-1,1
pbmc,AATGGAAAGCGCTGAA-1,1
pbmc,AATGGAAAGCTCATAT-1,1
pbmc,AATGGAAAGGTGGCTA-1,1
pbmc,AATGGAAAGTTCCTGA-1,1
pbmc,AATGGAAAGTTGGCTT-1,1
pbmc,AATGGAACAAAGAGTT-1,1
pbmc,AATGGAACAAATTGCC-1,1
pbmc,AATGGAACAACTCCCT-1,1
pbmc,AATGGAACAAGTTGGG-1,1
pbmc,AATGGAACAATATCCG-1,1
pbmc,AATGGAACACATAGCT-1,1
pbmc,AATGGAACACGGTCTG-1,1
pbmc,AATGGAACACTCATAG-1,447
pbmc,AATGGAACAGAACATA-1,1
pbmc,AATGGAACAGAACTCT-1,1
pbmc,AATGGAAGTAGCGTCC-1,1
pbmc,AATGGAAGTAGTTCCA-1,1
pbmc,AATGGAAGTATCTCTT-1,1
pbmc,AATGGAAGTATGGAGC-1,1
pbmc,AATGGAAGTATGTCCA-1,1
pbmc,AATGGAAGTCAGCTTA-1,1
pbmc,AATGGAAGTTACGATC-1,1
pbmc,AATGGAAGTTGGTACT-1,1
pbmc,AATGGAATCACCATGA-1,2
pbmc,AATGGAATCTATACTC-1,1
pbmc,AATGGAATCTGATGGC-1,1
pbmc,AATGGAATCTGATGGT-1,303
pbmc,AATGGCTAGGAAGAAC-1,1
pbmc,AATGGCTAGGACGGAG-1,52
pbmc,AATGGCTAGGATACGC-1,1
pbmc,AATGGCTAGTAAATGC-1,1
pbmc,AATGGCTAGTAGAGTT-1,1
pbmc,AATGGCTAGTGCACAG-1,1
pbmc,AATGGCTCAAACTCTG-1,1
pbmc,AATGGCTCAATAGGAT-1,1
pbmc,AATGGCTCACCCTGTT-1,1
pbmc,AATGGCTCAGGACTTT-1,1
pbmc,AATGGCTGTAAGGCTG-1,1
pbmc,AATGGCTGTACACGTT-1,1
pbmc,AATGGCTGTCCACTCT-1,1
pbmc,AATGGCTGTGAAAGTT-1,1
pbmc,AATGGCTGTGAGATAT-1,1
pbmc,AATGGCTGTGAGTGAC-1,1
pbmc,AATGGCTGTGATACTC-1,1
pbmc,AATGGCTGTTCAACGT-1,1
pbmc,AATGGCTGTTGACTGT-1,1
pbmc,AATGGCTGTTGTCCCT-1,2
pbmc,AATGGCTTCCAGGACC-1,1
pbmc,AATGGCTTCCATCTGC-1,1
pbmc,AATGGCTTCGCACGGT-1,1
pbmc,AATGGCTTCGCTTAAG-1,2
pbmc,AATTCCTAGACATGCG-1,1
pbmc,AATTCCTAGAGTGAAG-1,1
pbmc,AATTCCTAGGGAGGAC-1,2
pbmc,AATTCCTCAACTACGT-1,1
pbmc,AATTCCTCAATACCCA-1,1
pbmc,AATTCCTCAGCTACCG-1,1
pbmc,AATTCCTCATCATCTT-1,1
pbmc,AATTCCTGTCAAAGAT-1,1
pbmc,AATTCCTGTCAAGTTC-1,1
pbmc,AATTCCTGTCCGTACG-1,2
pbmc,AATTCCTGTGCCCACA-1,1
pbmc,AATTCCTGTGCTGATT-1,1
pbmc,AATTCCTGTTAGGAGC-1,1
pbmc,AATTCCTGTTCATCTT-1,1
pbmc,AATTCCTGTTGGGACA-1,1
pbmc,AATTCCTGTTGGTAGG-1,1
pbmc,AATTCCTTCACCCATC-1,1
pbmc,AATTCCTTCCATTGGA-1,563
pbmc,AATTCCTTCCCAGCGA-1,1
pbmc,AATTCCTTCCGCTAGG-1,1
pbmc,AATTCCTTCCGGACGT-1,1
pbmc,AATTCCTTCCTGTTAT-1,1
pbmc,AATTCCTTCTGTCGTC-1,1
pbmc,AATTTCCAGCTTAAGA-1,1
pbmc,AATTTCCAGTTGCGCC-1,1
pbmc,AATTTCCCAAATAGCA-1,1
pbmc,AATTTCCCAACGGCCT-1,2
pbmc,AATTTCCCACTAGTAC-1,1
pbmc,AATTTCCCATCCAATG-1,1
pbmc,AATTTCCCATCCGATA-1,1
pbmc,AATTTCCGTAGTGGCA-1,2
pbmc,AATTTCCGTATTGAGA-1,1
pbmc,AATTTCCGTCCAGTTA-1,1
pbmc,AATTTCCGTCGCACGT-1,1
pbmc,AATTTCCGTCTGGTTA-1,1
pbmc,AATTTCCGTGACAGCA-1,1
pbmc,AATTTCCGTGATGTAA-1,1
pbmc,AATTTCCTCCTCTAAT-1,1
pbmc,AATTTCCTCGTTGTTT-1,1
pbmc,AATTTCCTCTAGTTCT-1,1
pbmc,AATTTCCTCTGCTCTG-1,1
pbmc,AATTTCCTCTGGGATT-1,2
pbmc,ACAAAGAAGATAACAC-1,1
pbmc,ACAAAGAAGCAAATCA-1,1
pbmc,ACAAAGAAGCCTCAAT-1,286
pbmc,ACAAAGAAGCCTCATA-1,1
pbmc,ACAAAGAAGGAGGGTG-1,1
pbmc,ACAAAGAAGTCAATCC-1,1
pbmc,ACAAAGAAGTGGATAT-1,1
pbmc,ACAAAGACAACCGGAA-1,1
pbmc,ACAAAGACAACTCCCT-1,1
pbmc,ACAAAGACACCAACAT-1,1
pbmc,ACAAAGACACGCTTAA-1,1
pbmc,ACAAAGACACTACCCT-1,1
pbmc,ACAAAGACATTCGGGC-1,1
pbmc,ACAAAGAGTAACAAGT-1,1
pbmc,ACAAAGAGTCGATTCA-1,1
pbmc,ACAAAGAGTCTGCATA-1,1
pbmc,ACAAAGAGTGAGATAT-1,1
pbmc,ACAAAGAGTGCAGTGA-1,1
pbmc,ACAAAGAGTGGCTTAT-1,1
pbmc,ACAAAGAGTTCCATTT-1,223
pbmc,ACAAAGAGTTCCGCTT-1,1
pbmc,ACAAAGATCCCATACC-1,1
pbmc,ACAAAGATCCCGTTCA-1,1
pbmc,ACAAAGATCGAATCCA-1,2
pbmc,ACAAAGATCGGCGATC-1,1
pbmc,ACAAAGATCGGTAACT-1,1
pbmc,ACAAAGATCTACCTTA-1,2
pbmc,ACAAAGATCTGGCCAG-1,1
pbmc,ACAAAGATCTTAGTTC-1,1
pbmc,ACAACCAAGCCTATTG-1,1
pbmc,ACAACCAAGCTCTATG-1,1
pbmc,ACAACCAAGTGAGTGC-1,1
pbmc,ACAACCACAAAGAACT-1,1
pbmc,ACAACCACAAGACCTT-1,1
pbmc,ACAACCACAGCTGAAG-1,1
pbmc,ACAACCACAGTCAGTT-1,1
pbmc,ACAACCACATGATAGA-1,1
pbmc,ACAACCAGTGAGAGGG-1,1
pbmc,ACAACCAGTGCTAGCC-1,1
pbmc,ACAACCAGTGTATTCG-1,1
pbmc,ACAACCAGTTAAGTCC-1,1
pbmc,ACAACCAGTTACTCAG-1,1
pbmc,ACAACCATCAAACCAT-1,1
pbmc,ACAACCATCTATCCAT-1,117
pbmc,ACAACCATCTGCCCTA-1,246
pbmc,ACAACCATCTGGGAGA-1,1
pbmc,ACAACCATCTTAGCCC-1,1
pbmc,ACAAGCTAGCACACCC-1,1
pbmc,ACAAGCTAGCCTCTTC-1,1
pbmc,ACAAGCTAGGAATGTT-1,1
pbmc,ACAAGCTAGGGTGAGG-1,1
pbmc,ACAAGCTAGGTTCACT-1,1
pbmc,ACAAGCTAGGTTCATC-1,1
pbmc,ACAAGCTCACAGAGCA-1,1
pbmc,ACAAGCTCACGCGTCA-1,1
pbmc,ACAAGCTCACGTATAC-1,1
pbmc,ACAAGCTCACTATCGA-1,1
pbmc,ACAAGCTCAGATAAAC-1,1
pbmc,ACAAGCTCAGCTGCCA-1,1
pbmc,ACAAGCTCAGTTCTAG-1,1
pbmc,ACAAGCTGTAGGTCAG-1,298
pbmc,ACAAGCTGTCAAACGG-1,2
pbmc,ACAAGCTGTCTAGTGT-1,1
pbmc,ACAAGCTGTTCAAACC-1,1
pbmc,ACAAGCTGTTCTTGCC-1,2
pbmc,ACAAGCTGTTGAGTCT-1,1
pbmc,ACAAGCTGTTGTGTTG-1,2
pbmc,ACAAGCTTCACACGAT-1,1
pbmc,ACAAGCTTCAGCAATC-1,1
pbmc,ACAAGCTTCCAAATGC-1,1
pbmc,ACAAGCTTCCAACCGG-1,1
pbmc,ACAAGCTTCCTACCAC-1,1
pbmc,ACAAGCTTCTACCACC-1,1
pbmc,ACAAGCTTCTCGACGG-1,1
pbmc,ACACAGTAGAAGTCAT-1,1
pbmc,ACACAGTAGACCAAGC-1,1
pbmc,ACACAGTAGCCTCGTG-1,1
pbmc,ACACAGTAGTCTGGTT-1,1
pbmc,ACACAGTAGTGACCTT-1,1
pbmc,ACACAGTAGTTAGTAG-1,1
pbmc,ACACAGTCAAACTCTG-1,1
pbmc,ACACAGTCAATCCAGT-1,1
pbmc,ACACAGTCATTCTCCG-1,1
pbmc,ACACAGTGTATCGATC-1,1
pbmc,ACACAGTGTCCCTGTT-1,1
pbmc,ACACAGTGTGGGTATG-1,1
pbmc,ACACAGTGTTCAAGGG-1,1
pbmc,ACACAGTGTTGTTGCA-1,1
pbmc,ACACAGTTCGACACCG-1,1
pbmc,ACACAGTTCGCATTGA-1,1
pbmc,ACACAGTTCGGTCTAA-1,1
pbmc,ACACAGTTCTAATTCC-1,1
pbmc,ACACAGTTCTCTCCGA-1,1
pbmc,ACACCAAAGACAGTCG-1,1
pbmc,ACACCAAAGAGTCAGC-1,234
pbmc,ACACCAAAGGACAAGA-1,2
pbmc,ACACCAAAGGCCCGTT-1,1
pbmc,ACACCAAAGGTTGTTC-1,2
pbmc,ACACCAAAGTCAAGCG-1,1
pbmc,ACACCAACAAAGAGTT-1,2
pbmc,ACACCAACACAATGAA-1,1
pbmc,ACACCAACACCTGCAG-1,1
pbmc,ACACCAACACTCAGGC-1,1
pbmc,ACACCAACAGAACATA-1,1
pbmc,ACACCAACAGGCGATA-1,4
pbmc,ACACCAACAGTATTCG-1,1
pbmc,ACACCAACATAGAAAC-1,2
pbmc,ACACCAACATCAGTGT-1,1
pbmc,ACACCAACATGACAGG-1,1
pbmc,ACACCAACATTCATCT-1,1
pbmc,ACACCAAGTAGCGTCC-1,1
pbmc,ACACCAAGTATACGGG-1,1
pbmc,ACACCAAGTCTTGGTA-1,1
pbmc,ACACCAAGTGATACCT-1,1
pbmc,ACACCAAGTGCCGGTT-1,1
pbmc,ACACCAAGTGTAAACA-1,1
pbmc,ACACCAAGTTAGTCGT-1,1
pbmc,ACACCAAGTTCAACGT-1,1
pbmc,ACACCAAGTTGCACGC-1,1
pbmc,ACACCAATCACCGGTG-1,1
pbmc,ACACCAATCATTTCCA-1,1
pbmc,ACACCAATCCAACCGG-1,1
pbmc,ACACCAATCCAGCCTT-1,1
pbmc,ACACCAATCCATCCGT-1,1
pbmc,ACACCAATCCATGAGT-1,1
pbmc,ACACCAATCCATTCAT-1,1
pbmc,ACACCAATCCTACAAG-1,1
pbmc,ACACCAATCGCCTATC-1,1
pbmc,ACACCAATCGCGGTAC-1,1
pbmc,ACACCAATCTCGCAGG-1,1
pbmc,ACACCAATCTCTTGCG-1,1
pbmc,ACACGCGAGACATAGT-1,2
pbmc,ACACGCGAGGCATGGT-1,1
pbmc,ACACGCGCAACTAGAA-1,1
pbmc,ACACGCGCAAGAATGT-1,1
pbmc,ACACGCGCAATGCAAA-1,1
pbmc,ACACGCGCAGTTAGGG-1,2
pbmc,ACACGCGCAGTTGCCG-1,1
pbmc,ACACGCGGTAGGCAAC-1,1
pbmc,ACACGCGGTATACAGA-1,1
pbmc,ACACGCGGTCTACGAT-1,1
pbmc,ACACGCGGTGATAGTA-1,1
pbmc,ACACGCGGTGCCTGAC-1,1
pbmc,ACACGCGGTGGATCGA-1,1
pbmc,ACACGCGGTGTATCCA-1,1
pbmc,ACACGCGGTGTTGCCG-1,287
pbmc,ACACGCGTCACCTCGT-1,168
pbmc,ACACGCGTCGCCGTGA-1,134
pbmc,ACACGCGTCTCGCTCA-1,1
pbmc,ACACGCGTCTCGGCTT-1,1
pbmc,ACACGCGTCTCTGACC-1,1
pbmc,ACACGCGTCTGAGTCA-1,1
pbmc,ACACGCGTCTGTCGTC-1,1
pbmc,ACACGCGTCTTTACAC-1,1
pbmc,ACACTGAAGATGCAGC-1,1
pbmc,ACACTGAAGCAATAAC-1,1
pbmc,ACACTGAAGCAGGTCA-1,1
pbmc,ACACTGAAGCCTATCA-1,1
pbmc,ACACTGAAGCTGAGCA-1,1
pbmc,ACACTGAAGCTGGCTC-1,1
pbmc,ACACTGAAGGAGTACC-1,1
pbmc,ACACTGAAGGGATCGT-1,2
pbmc,ACACTGAAGTGAGGTT-1,1
pbmc,ACACTGAAGTTCCAGT-1,1
pbmc,ACACTGAAGTTGAAGT-1,1
pbmc,ACACTGACACAACGAG-1,1
pbmc,ACACTGACACATCCGG-1,1
pbmc,ACACTGACACTACCCT-1,1
pbmc,ACACTGACAGTTCTAG-1,1
pbmc,ACACTGATCACTGATG-1,152
pbmc,ACACTGATCAGGGATG-1,1
pbmc,ACACTGATCATTATCC-1,1
pbmc,ACACTGATCATTGATG-1,1
pbmc,ACACTGATCCACCTCA-1,1
pbmc,ACACTGATCCCAAGTG-1,1
pbmc,ACACTGATCCGCGAGT-1,1
pbmc,ACACTGATCGAGGCAA-1,1
pbmc,ACACTGATCGGCTATA-1,1
pbmc,ACACTGATCTTACACT-1,1
pbmc,ACACTGATCTTCCGTG-1,1
pbmc,ACACTGATCTTTCCGG-1,186
pbmc,ACAGAAAAGCACTCGC-1,1
pbmc,ACAGAAAAGGCGCTTC-1,1
pbmc,ACAGAAAAGTATTAGG-1,209
pbmc,ACAGAAAAGTGAGTTA-1,1
pbmc,ACAGAAACACACGTGC-1,1
pbmc,ACAGAAACACCAGCGT-1,166
pbmc,ACAGAAACACCTTCCA-1,2
pbmc,ACAGAAACACTCATAG-1,2
pbmc,ACAGAAACAGTTTCGA-1,1
pbmc,ACAGAAACATCCTCAC-1,1
pbmc,ACAGAAAGTGACAGGT-1,1
pbmc,ACAGAAAGTTGCTCAA-1,1
pbmc,ACAGAAATCACAACCA-1,1
pbmc,ACAGAAATCACCTTAT-1,1
pbmc,ACAGAAATCACGGTCG-1,1
pbmc,ACAGAAATCCGAAGGA-1,1
pbmc,ACAGCCGAGAGCCATG-1,1
pbmc,ACAGCCGAGCGATGCA-1,1
pbmc,ACAGCCGAGCTGTTAC-1,1
pbmc,ACAGCCGAGGCGATAC-1,1
pbmc,ACAGCCGAGGTTATAG-1,1
pbmc,ACAGCCGAGTGCAAAT-1,1
pbmc,ACAGCCGAGTTAGAAC-1,1
pbmc,ACAGCCGAGTTTAGGA-1,1
pbmc,ACAGCCGCAAGGGTCA-1,1
pbmc,ACAGCCGCAAGTGCAG-1,1
pbmc,ACAGCCGCACCCAATA-1,1
pbmc,ACAGCCGCAGACGCTC-1,1
pbmc,ACAGCCGCAGTTTGGT-1,1
pbmc,ACAGCCGCATACGCCG-1,1
pbmc,ACAGCCGCATGAGATA-1,2
pbmc,ACAGCCGCATGCCGCA-1,1
pbmc,ACAGCCGCATGTGCCG-1,1
pbmc,ACAGCCGCATTCCTAT-1,1
pbmc,ACAGCCGGTAAGGCCA-1,1
pbmc,ACAGCCGGTAAGTAGT-1,1
pbmc,ACAGCCGGTACAAGTA-1,1
pbmc,ACAGCCGGTCCAACGC-1,1
pbmc,ACAGCCGGTCCTACAA-1,1
pbmc,ACAGCCGGTCGGTAAG-1,1
pbmc,ACAGCCGGTCTGTTAG-1,1
pbmc,ACAGCCGGTGATACCT-1,1
pbmc,ACAGCCGGTGCCTGCA-1,1
pbmc,ACAGCCGGTGGCCTCA-1,1
pbmc,ACAGCCGGTGTTCGTA-1,1
pbmc,ACAGCCGTCACGGGCT-1,2
pbmc,ACAGCCGTCACTGATG-1,1
pbmc,ACAGCCGTCCCAGGCA-1,1
pbmc,ACAGCCGTCCCTCAAC-1,1
pbmc,ACAGCCGTCGCTGTTC-1,156
pbmc,ACAGCCGTCTTAGCCC-1,1
pbmc,ACAGGGAAGAGAGTGA-1,1
pbmc,ACAGGGAAGCGAGAAA-1,1
pbmc,ACAGGGAAGCTCGGCT-1,3
pbmc,ACAGGGAAGTTCTACG-1,1
pbmc,ACAGGGACATTGCCGG-1,1
pbmc,ACAGGGAGTACTGCGC-1,1
pbmc,ACAGGGAGTCAACACT-1,2
pbmc,ACAGGGAGTCACTTAG-1,1
pbmc,ACAGGGAGTCCCGGTA-1,3
pbmc,ACAGGGAGTCGTGCCA-1,1
pbmc,ACAGGGAGTGCCGAAA-1,1
pbmc,ACAGGGAGTGTCTTCC-1,1
pbmc,ACAGGGATCATTTGCT-1,1
pbmc,ACAGGGATCGAACCAT-1,1
pbmc,ACAGGGATCGAGAATA-1,1
pbmc,ACAGGGATCGAGATAA-1,1
pbmc,ACAGGGATCTAGTCAG-1,1
pbmc,ACAGGGATCTGCTGAA-1,1
pbmc,ACATCCCAGATCCCGC-1,1
pbmc,ACATCCCAGTCTTCGA-1,2
pbmc,ACATCCCCACAAATGA-1,87
pbmc,ACATCCCCACGCAGTC-1,2
pbmc,ACATCCCCAGGTGTTT-1,1
pbmc,ACATCCCGTAAGATTG-1,242
pbmc,ACATCCCGTACCTAGT-1,1
pbmc,ACATCCCGTATTGAGA-1,1
pbmc,ACATCCCGTCAATCTG-1,1
pbmc,ACATCCCGTCCGGTCA-1,2
pbmc,ACATCCCGTGGGTTGA-1,1
pbmc,ACATCCCGTTCGGTCG-1,1
pbmc,ACATCCCTCAAGCCCG-1,1
pbmc,ACATCCCTCATGCCCT-1,1
pbmc,ACATCCCTCATTTGCT-1,2
pbmc,ACATCCCTCCAATCTT-1,1
pbmc,ACATCCCTCCCATTCG-1,1
pbmc,ACATCCCTCCGATGTA-1,1
pbmc,ACATCCCTCCGTGGTG-1,1
pbmc,ACATCCCTCGAGGCAA-1,1
pbmc,ACATCCCTCGGTGAAG-1,1
pbmc,ACATCCCTCTACGGGC-1,1
pbmc,ACATCCCTCTAGGCAT-1,1
pbmc,ACATCCCTCTGGCCTT-1,1
pbmc,ACATCCCTCTGTCGTC-1,2
pbmc,ACATCGAAGCCATGCC-1,1
pbmc,ACATCGAAGGCTGAAC-1,2
pbmc,ACATCGACACCAGCCA-1,1
pbmc,ACATCGACAGAGAATT-1,1
pbmc,ACATCGACAGCGGATA-1,1
pbmc,ACATCGAGTACTAACC-1,1
pbmc,ACATCGAGTCAGGCAA-1,1
pbmc,ACATCGAGTCATGCAT-1,1
pbmc,ACATCGAGTCTACACA-1,1
pbmc,ACATCGAGTGCCCTTT-1,1
pbmc,ACATCGAGTTAGGAGC-1,2
pbmc,ACATCGAGTTTCAGAC-1,1
pbmc,ACATCGATCATGCCAA-1,1
pbmc,ACATCGATCCATCGTC-1,1
pbmc,ACATCGATCGAGTACT-1,1
pbmc,ACATCGATCGTGTGAT-1,1
pbmc,ACATCGATCTAAGAAG-1,209
pbmc,ACATCGATCTCGGTAA-1,1
pbmc,ACATCGATCTCTCGAC-1,1
pbmc,ACATCGATCTGAGAGG-1,152
pbmc,ACATCGATCTGGAGAG-1,1
pbmc,ACATCGATCTTGGGCG-1,224
pbmc,ACATCGATCTTTGGCT-1,1
pbmc,ACATGCAAGAGAGGGC-1,1
pbmc,ACATGCAAGTCACGAG-1,1
pbmc,ACATGCAAGTTTGAGA-1,4
pbmc,ACATGCACAAGAGTGC-1,1
pbmc,ACATGCACACCAGGTC-1,1
pbmc,ACATGCACACTATCCC-1,1
pbmc,ACATGCACACTTCAGA-1,1
pbmc,ACATGCACAGGGCTTC-1,1
pbmc,ACATGCACAGTATGAA-1,1
pbmc,ACATGCAGTATCATGC-1,2
pbmc,ACATGCAGTCGAGCTC-1,1
pbmc,ACATGCAGTGAGTAAT-1,1
pbmc,ACATGCAGTGCAAGAC-1,1
pbmc,ACATGCAGTGTCTCCT-1,1
pbmc,ACATGCAGTTGCTTGA-1,161
pbmc,ACATGCATCACGAACT-1,1
pbmc,ACATGCATCGATGCTA-1,3
pbmc,ACATGCATCTAGTGAC-1,1
pbmc,ACATGCATCTGAGTCA-1,1
pbmc,ACATTTCAGAAGTCCG-1,1
pbmc,ACATTTCAGATAGGGA-1,1
pbmc,ACATTTCAGCAGGCAT-1,1
pbmc,ACATTTCAGGTGGCTA-1,1
pbmc,ACATTTCAGTGGGAGA-1,1
pbmc,ACATTTCCAAACTAAG-1,1
pbmc,ACATTTCCAAAGGGTC-1,1
pbmc,ACATTTCCAAGGTCGA-1,1
pbmc,ACATTTCCACCCTATC-1,1
pbmc,ACATTTCCACCTGCAG-1,1
pbmc,ACATTTCCAGAACATA-1,1
pbmc,ACATTTCCATTCTTAC-1,1
pbmc,ACATTTCGTAATGCGG-1,1
pbmc,ACATTTCGTAGACGTG-1,1
pbmc,ACATTTCGTGCCGAAA-1,203
pbmc,ACATTTCGTTTCTTAC-1,238
pbmc,ACATTTCTCCCTTTGG-1,1
pbmc,ACATTTCTCCGATCTC-1,1
pbmc,ACATTTCTCGCATTAG-1,2
pbmc,ACATTTCTCGTAGAGG-1,1
pbmc,ACATTTCTCTAGCCTC-1,1
pbmc,ACATTTCTCTTCACGC-1,2
pbmc,ACCAAACAGACTCGAG-1,1
pbmc,ACCAAACAGCGCACAA-1,1
pbmc,ACCAAACAGGAACTCG-1,1
pbmc,ACCAAACAGTAGAGTT-1,1
pbmc,ACCAAACCAACCACAT-1,2
pbmc,ACCAAACCAATGGCAG-1,1
pbmc,ACCAAACCACAGCATT-1,1
pbmc,ACCAAACCACATCCCT-1,1
pbmc,ACCAAACCACATTCTT-1,2
pbmc,ACCAAACCACCTCTAC-1,1
pbmc,ACCAAACCAGTCTTCC-1,1
pbmc,ACCAAACGTCCTTGTC-1,1
pbmc,ACCAAACGTGATCGTT-1,1
pbmc,ACCAAACGTGTTCCAA-1,1
pbmc,ACCAAACGTTAGGACG-1,1
pbmc,ACCAAACGTTATCCAG-1,1
pbmc,ACCAAACGTTGCAAGG-1,2
pbmc,ACCAAACTCAACTGAC-1,3
pbmc,ACCAAACTCCAATCTT-1,1
pbmc,ACCAAACTCCATTTAC-1,1
pbmc,ACCAAACTCGACGATT-1,1
pbmc,ACCAAACTCGCAATGT-1,1
pbmc,ACCAAACTCGCTTTAT-1,1
pbmc,ACCAAACTCGGTCAGC-1,1
pbmc,ACCAAACTCTTGGATG-1,1
pbmc,ACCAACAAGAGAAGGT-1,1
pbmc,ACCAACAAGAGACAAG-1,1
pbmc,ACCAACAAGATGGCAC-1,1
pbmc,ACCAACAAGTAGGTTA-1,1
pbmc,ACCAACACACTATGTG-1,1
pbmc,ACCAACACAGATAAAC-1,1
pbmc,ACCAACACAGCGTGAA-1,1
pbmc,ACCAACACATAGGCGA-1,1
pbmc,ACCAACACATCTCATT-1,1
pbmc,ACCAACACATGGCCAC-1,1
pbmc,ACCAACACATGTCAGT-1,1
pbmc,ACCAACAGTAACCCTA-1,1
pbmc,ACCAACAGTACCCACG-1,1
pbmc,ACCAACAGTCCTCAGG-1,1
pbmc,ACCAACAGTCGAACAG-1,1
pbmc,ACCAACAGTGAATATG-1,1
pbmc,ACCAACAGTTACAGCT-1,1
pbmc,ACCAACAGTTCAATCG-1,1
pbmc,ACCAACAGTTGGGAAC-1,1
pbmc,ACCAACATCACCGACG-1,1
pbmc,ACCAACATCCTAAACG-1,1
pbmc,ACCAACATCGCCAATA-1,1
pbmc,ACCAACATCGTAGGGA-1,1
pbmc,ACCAACATCGTCCTCA-1,1
pbmc,ACCAACATCTGTCGTC-1,1
pbmc,ACCACAAAGAAAGCGA-1,1
pbmc,ACCACAAAGACGACTG-1,1
pbmc,ACCACAAAGACTCTAC-1,1
pbmc,ACCACAAAGGCCTTGC-1,226
pbmc,ACCACAAAGGCCTTGT-1,1
pbmc,ACCACAAAGGGCAATC-1,1
pbmc,ACCACAAAGGTTAGTA-1,16
pbmc,ACCACAAAGTCGGCAA-1,1
pbmc,ACCACAACAACGCATT-1,1
pbmc,ACCACAACAACTTGGT-1,1
pbmc,ACCACAACACAACGAG-1,1
pbmc,ACCACAACACGAGGAT-1,1
pbmc,ACCACAACACTGTGAT-1,1
pbmc,ACCACAACAGAAATTG-1,1
pbmc,ACCACAACAGCCGTTG-1,1
pbmc,ACCACAACAGGTTACT-1,1
pbmc,ACCACAACATTGACCA-1,2
pbmc,ACCACAAGTACACGCC-1,1
pbmc,ACCACAAGTAGACTGG-1,1
pbmc,ACCACAAGTCCACATA-1,1
pbmc,ACCACAAGTCGCCACA-1,1
pbmc,ACCACAAGTCGCCTAG-1,1
pbmc,ACCACAAGTCTCAGGC-1,1
pbmc,ACCACAAGTCTGTGGC-1,144
pbmc,ACCACAAGTGTACGCC-1,1
pbmc,ACCACAATCAGGGTAG-1,1
pbmc,ACCACAATCCATTTCA-1,1
pbmc,ACCACAATCCTCTCTT-1,1
pbmc,ACCACAATCCTGTACC-1,1
pbmc,ACCACAATCGCTACGG-1,1
pbmc,ACCACAATCGGATAAA-1,1
pbmc,ACCACAATCGGTTAGT-1,1
pbmc,ACCACAATCTGCGATA-1,1
pbmc,ACCACAATCTTGCGCT-1,1
pbmc,ACCATTTAGAATAACC-1,1
pbmc,ACCATTTAGCACTGGA-1,2
pbmc,ACCATTTAGCTATCCA-1,1
pbmc,ACCATTTAGTACTCGT-1,1
pbmc,ACCATTTCAAAGAACT-1,1
pbmc,ACCATTTCAAGGGTCA-1,1
pbmc,ACCATTTCAATACGAA-1,1
pbmc,ACCATTTCACACCAGC-1,1
pbmc,ACCATTTCACAGAAGC-1,1
pbmc,ACCATTTCACAGCTTA-1,1
pbmc,ACCATTTCACCCTAGG-1,1
pbmc,ACCATTTCACCTCTGT-1,1
pbmc,ACCATTTCAGGATCTT-1,1
pbmc,ACCATTTCAGTAACAA-1,1
pbmc,ACCATTTCATTGGGAG-1,274
pbmc,ACCATTTGTAGCCAGA-1,1
pbmc,ACCATTTGTCCACGCA-1,1
pbmc,ACCATTTGTGTCGCTG-1,1
pbmc,ACCATTTTCAAGCTGT-1,1
pbmc,ACCATTTTCAGCTAGT-1,1
pbmc,ACCATTTTCCTACTGC-1,1
pbmc,ACCATTTTCCTTTGAT-1,1
pbmc,ACCATTTTCGCCGAGT-1,1
pbmc,ACCATTTTCGCTGTTC-1,1
pbmc,ACCATTTTCTCGACCT-1,1
pbmc,ACCCAAAAGACTGTTC-1,1
pbmc,ACCCAAAAGCCACAAG-1,6
pbmc,ACCCAAAAGCCTGCCA-1,1
pbmc,ACCCAAAAGCTAAACA-1,1
pbmc,ACCCAAACACAGTGAG-1,1
pbmc,ACCCAAACACTGCACG-1,1
pbmc,ACCCAAACATAGAAAC-1,1
pbmc,ACCCAAAGTAACGTTC-1,1
pbmc,ACCCAAAGTATCCTTT-1,1
pbmc,ACCCAAAGTATTTCCT-1,1
pbmc,ACCCAAAGTGAAGCTG-1,1
pbmc,ACCCAAAGTGTCCAAT-1,1
pbmc,ACCCAAAGTTGCGAAG-1,1
pbmc,ACCCAAAGTTGGGAAC-1,235
pbmc,ACCCAAATCCAGTGTA-1,1
pbmc,ACCCAAATCCCTAGGG-1,1
pbmc,ACCCAAATCGCTAAAC-1,1
pbmc,ACCCAAATCGGTAACT-1,1
pbmc,ACCCTCAAGGCCATAG-1,1
pbmc,ACCCTCAAGTATGAGT-1,1
pbmc,ACCCTCACAACTACGT-1,1
pbmc,ACCCTCACAGTTCCAA-1,1
pbmc,ACCCTCACATAACTCG-1,1
pbmc,ACCCTCAGTAAGAACT-1,1
pbmc,ACCCTCAGTAAGATAC-1,1
pbmc,ACCCTCAGTACAAAGT-1,1
pbmc,ACCCTCAGTCACATTG-1,1
pbmc,ACCCTCAGTCCCTGAG-1,1
pbmc,ACCCTCAGTCGAGTTT-1,2
pbmc,ACCCTCAGTCGGCACT-1,1
pbmc,ACCCTCAGTGTGTCGC-1,1
pbmc,ACCCTCAGTTCGATTG-1,1
pbmc,ACCCTCATCACCGCTT-1,1
pbmc,ACCCTCATCACCTGGG-1,1
pbmc,ACCCTCATCATTCCTA-1,1
pbmc,ACCCTCATCCGAGATT-1,1
pbmc,ACCCTCATCGACACCG-1,1
pbmc,ACCCTCATCGCTGACG-1,1
pbmc,ACCCTCATCTCGCCTA-1,1
pbmc,ACCCTTGAGATTACCC-1,2
pbmc,ACCCTTGAGGCCTGCT-1,1
pbmc,ACCCTTGCACAGAGCA-1,1
pbmc,ACCCTTGCACTAGGTT-1,1
pbmc,ACCCTTGCAGAAGTGC-1,2
pbmc,ACCCTTGCATACCACA-1,2
pbmc,ACCCTTGCATTGGATC-1,1
pbmc,ACCCTTGGTAGATTAG-1,1
pbmc,ACCCTTGGTAGCGTTT-1,1
pbmc,ACCCTTGGTATCGTAC-1,297
pbmc,ACCCTTGGTTCAATCG-1,1
pbmc,ACCCTTGTCAAACTGC-1,1
pbmc,ACCCTTGTCACACGAT-1,1
pbmc,ACCCTTGTCATTTCGT-1,215
pbmc,ACCCTTGTCCTCTTCC-1,1
pbmc,ACCCTTGTCGAGTACT-1,1
pbmc,ACCCTTGTCGGCCAAC-1,1
pbmc,ACCGTTCAGACGGTCA-1,1
pbmc,ACCGTTCAGATGTTCC-1,1
pbmc,ACCGTTCCAAGCAATA-1,2
pbmc,ACCGTTCCACCAGTTA-1,1
pbmc,ACCGTTCCACTGAGGA-1,2
pbmc,ACCGTTCCAGCTGTAT-1,1
pbmc,ACCGTTCCAGGTCAAG-1,1
pbmc,ACCGTTCCAGTTCCAA-1,1
pbmc,ACCGTTCGTATTAAGG-1,1
pbmc,ACCGTTCGTCTAACTG-1,1
pbmc,ACCGTTCGTGCCCAGT-1,1
pbmc,ACCGTTCGTGGCTAGA-1,1
pbmc,ACCGTTCGTGTCCTAA-1,1
pbmc,ACCGTTCGTGTGTACT-1,1
pbmc,ACCGTTCTCAGCCCAG-1,2
pbmc,ACCGTTCTCCGATGCG-1,1
pbmc,ACCGTTCTCGACCACG-1,1
pbmc,ACCGTTCTCTGAGATC-1,3
pbmc,ACCGTTCTCTGCGTCT-1,1
pbmc,ACCTACCAGCGGTAGC-1,1
pbmc,ACCTACCAGGAGGTTC-1,1
pbmc,ACCTACCAGGCTTTCA-1,1
pbmc,ACCTACCAGGGATCGT-1,1
pbmc,ACCTACCAGTCCCGAC-1,2
pbmc,ACCTACCAGTCTAGCT-1,1
pbmc,ACCTACCAGTTAGTGA-1,1
pbmc,ACCTACCAGTTGGGAC-1,1
pbmc,ACCTACCCAAAGGCTG-1,1
pbmc,ACCTACCCAACACAGG-1,1
pbmc,ACCTACCCAACGGTAG-1,209
pbmc,ACCTACCCACAACCGC-1,1
pbmc,ACCTACCCACATTCCC-1,1
pbmc,ACCTACCCACGGTAGA-1,3
pbmc,ACCTACCCACTCCGAG-1,1
pbmc,ACCTACCCAGCATGCC-1,1
pbmc,ACCTACCCAGCTCGGT-1,1
pbmc,ACCTACCCAGTCGGAA-1,1
pbmc,ACCTACCGTCGGCTAC-1,1
pbmc,ACCTACCGTGAGCAGT-1,2
pbmc,ACCTACCGTGATCGTT-1,1
pbmc,ACCTACCGTGCAGGAT-1,1
pbmc,ACCTACCTCAGGAAAT-1,1
pbmc,ACCTACCTCGTGAGAG-1,1
pbmc,ACCTACCTCTACGCAA-1,2
pbmc,ACCTGAAAGCCTCAGC-1,1
pbmc,ACCTGAAAGCTAGATA-1,1
pbmc,ACCTGAAAGGGCAGAG-1,1
pbmc,ACCTGAAAGTCAGAGC-1,1
pbmc,ACCTGAAAGTCATTGC-1,2
pbmc,ACCTGAAAGTTAGTAG-1,1
pbmc,ACCTGAACAATCTCTT-1,1
pbmc,ACCTGAACATAATCGC-1,1
pbmc,ACCTGAACATGAGAAT-1,305
pbmc,ACCTGAAGTACGTAGG-1,1
pbmc,ACCTGAAGTATACCTG-1,1
pbmc,ACCTGAAGTGAACCGA-1,1
pbmc,ACCTGAAGTGGCATCC-1,1
pbmc,ACCTGAAGTTCTTCAT-1,1
pbmc,ACCTGAAGTTGCCGAC-1,1
pbmc,ACCTGAAGTTGTACGT-1,2
pbmc,ACCTGAATCACTACTT-1,1
pbmc,ACCTGAATCATTTGCT-1,1
pbmc,ACCTGAATCCACGTCT-1,1
pbmc,ACCTGAATCTCTGCCA-1,2
pbmc,ACCTGAATCTGATGGT-1,1
pbmc,ACCTGAATCTGCAGCG-1,2
pbmc,ACCTGTCAGAAACTGT-1,2
pbmc,ACCTGTCAGCGACTGA-1,1
pbmc,ACCTGTCAGGATCATA-1,1
pbmc,ACCTGTCAGTCAGAGC-1,1
pbmc,ACCTGTCAGTTGCGCC-1,1
pbmc,ACCTGTCCACGTCATA-1,1
pbmc,ACCTGTCCACTGGATT-1,1
pbmc,ACCTGTCCACTTCCTG-1,1
pbmc,ACCTGTCCATAACCCA-1,1
pbmc,ACCTGTCGTAACCAGG-1,1
pbmc,ACCTGTCGTACAGAAT-1,1
pbmc,ACCTGTCGTCGCACGT-1,2
pbmc,ACCTGTCGTCGCGTCA-1,1
pbmc,ACCTGTCGTCTACAGT-1,1
pbmc,ACCTGTCGTTATGGTC-1,2
pbmc,ACCTGTCTCAAGTCTG-1,233
pbmc,ACCTGTCTCCTCTCTT-1,1
pbmc,ACCTGTCTCGGCAGTC-1,2
pbmc,ACCTGTCTCTCAACGA-1,584
pbmc,ACCTGTCTCTGTCGTC-1,1
pbmc,ACCTGTCTCTTAACGA-1,3
pbmc,ACCTGTCTCTTAAGGC-1,1
pbmc,ACCTGTCTCTTCGTGC-1,1
pbmc,ACCTGTCTCTTGGAAT-1,1
pbmc,ACGATCAAGGGACTGT-1,1
pbmc,ACGATCAAGTGACACG-1,1
pbmc,ACGATCAAGTGAGTGC-1,1
pbmc,ACGATCACAACGGCTC-1,1
pbmc,ACGATCACAACTCGAT-1,1
pbmc,ACGATCACACAATGTC-1,1
pbmc,ACGATCACACTGAGGA-1,1
pbmc,ACGATCACAGAAATCA-1,1
pbmc,ACGATCACATCATCCC-1,1
pbmc,ACGATCACATGCCGCA-1,1
pbmc,ACGATCAGTACTTCCC-1,1
pbmc,ACGATCAGTAGTGTGG-1,1
pbmc,ACGATCAGTCGTTCAA-1,276
pbmc,ACGATCAGTCTTGCGG-1,1
pbmc,ACGATCAGTGGAGAAA-1,1
pbmc,ACGATCAGTTCCCACT-1,2
pbmc,ACGATCAGTTTGTTGG-1,1
pbmc,ACGATCATCAACGCTA-1,2
pbmc,ACGATCATCACAGTGT-1,1
pbmc,ACGATCATCCACGGAC-1,225
pbmc,ACGATCATCCCTCGAT-1,1
pbmc,ACGATCATCCGATAAC-1,1
pbmc,ACGATCATCCGCTTAC-1,3
pbmc,ACGATCATCCGTGGGT-1,1
pbmc,ACGATCATCCGTTGGG-1,286
pbmc,ACGATCATCTGAATCG-1,1
pbmc,ACGATCATCTTACCGC-1,1
pbmc,ACGATGTAGCGGACAT-1,1
pbmc,ACGATGTAGCTGGCCT-1,1
pbmc,ACGATGTAGGAACGTC-1,1
pbmc,ACGATGTCACATATCG-1,1
pbmc,ACGATGTCAGGCATGA-1,1
pbmc,ACGATGTCATGACTCA-1,3
pbmc,ACGATGTGTCGTTGCG-1,1
pbmc,ACGATGTGTGAGTGAC-1,1
pbmc,ACGATGTGTGCAATGG-1,1
pbmc,ACGATGTGTGGACATG-1,1
pbmc,ACGATGTGTGGATCAG-1,1
pbmc,ACGATGTGTTATTCTC-1,1
pbmc,ACGATGTGTTGCTCCT-1,2
pbmc,ACGATGTGTTTGGGTT-1,1
pbmc,ACGATGTTCACATCAG-1,1
pbmc,ACGATGTTCGGCATCG-1,1
pbmc,ACGATGTTCGTACACA-1,1
pbmc,ACGATGTTCGTTGCCT-1,1
pbmc,ACGCACGAGACCAGAC-1,1
pbmc,ACGCACGAGAGAGTGA-1,138
pbmc,ACGCACGAGCTCTGTA-1,1
pbmc,ACGCACGCAAACTAGA-1,1
pbmc,ACGCACGCAAGACTGG-1,1
pbmc,ACGCACGCACTATGTG-1,1
pbmc,ACGCACGCATGCCATA-1,1
pbmc,ACGCACGCATTCGGGC-1,1
pbmc,ACGCACGGTACTCAAC-1,1
pbmc,ACGCACGGTCATCGGC-1,1
pbmc,ACGCACGGTCCAAATC-1,1
pbmc,ACGCACGGTTTCTATC-1,1
pbmc,ACGCACGGTTTGGAAA-1,1
pbmc,ACGCACGTCAAGTGTC-1,1
pbmc,ACGCACGTCAGTCACA-1,1
pbmc,ACGCACGTCATCAGTG-1,1
pbmc,ACGCACGTCCGGTAGC-1,1
pbmc,ACGCACGTCCTTGAAG-1,1
pbmc,ACGCACGTCTAGAACC-1,1
pbmc,ACGCACGTCTTTGCGC-1,1
pbmc,ACGGAAGAGGCGATAC-1,1
pbmc,ACGGAAGCACAAAGTA-1,1
pbmc,ACGGAAGCACAGTATC-1,1
pbmc,ACGGAAGCACCTTCCA-1,1
pbmc,ACGGAAGCATGTTACG-1,2
pbmc,ACGGAAGCATTCAGCA-1,1
pbmc,ACGGAAGGTGAACCGA-1,23
pbmc,ACGGAAGGTGGTTCTA-1,1
pbmc,ACGGAAGGTTGGATCT-1,1
pbmc,ACGGAAGTCATCGCAA-1,2
pbmc,ACGGAAGTCCCTAGGG-1,2
pbmc,ACGGAAGTCCTCTCGA-1,1
pbmc,ACGGAAGTCGATAACC-1,1
pbmc,ACGGAAGTCTAGGCAT-1,1
pbmc,ACGGAAGTCTTCACAT-1,1
pbmc,ACGGGTCAGACGGAAA-1,1
pbmc,ACGGGTCAGTAAAGCT-1,1
pbmc,ACGGGTCAGTCAAGCG-1,2
pbmc,ACGGGTCAGTCGAAGC-1,1
pbmc,ACGGGTCCAAAGCTAA-1,3
pbmc,ACGGGTCCAAGGTCTT-1,1
pbmc,ACGGGTCCAATGACCT-1,1
pbmc,ACGGGTCCAATTTCGG-1,1
pbmc,ACGGGTCCACACCGCA-1,1
pbmc,ACGGGTCCACCAGCAC-1,1
pbmc,ACGGGTCCACTTTATC-1,1
pbmc,ACGGGTCGTCTCTCTG-1,1
pbmc,ACGGGTCGTGATGAAT-1,2
pbmc,ACGGGTCTCCTCACCA-1,1
pbmc,ACGGTCGAGCGCATCC-1,1
pbmc,ACGGTCGAGTAAATGC-1,1
pbmc,ACGGTCGAGTGACACG-1,1
pbmc,ACGGTCGCAAATTGCC-1,1
pbmc,ACGGTCGCACTCATAG-1,1
pbmc,ACGGTCGCAGACAAAT-1,1
pbmc,ACGGTCGCAGGCTCTG-1,1
pbmc,ACGGTCGCAGTGGTGA-1,1
pbmc,ACGGTCGCATGTACGT-1,1
pbmc,ACGGTCGGTACATTGC-1,2
pbmc,ACGGTCGGTAGGTGCA-1,1
pbmc,ACGGTCGGTAGTACGG-1,1
pbmc,ACGGTCGGTCCCTAAA-1,1
pbmc,ACGGTCGGTGAGAGGG-1,1
pbmc,ACGGTCGGTGCCCTTT-1,1
pbmc,ACGGTCGGTGTTTACG-1,1
pbmc,ACGGTCGTCACTACGA-1,242
pbmc,ACGGTCGTCCTAGCCT-1,1
pbmc,ACGGTCGTCGAGATAA-1,1
pbmc,ACGGTCGTCGTCAGAT-1,1
pbmc,ACGGTCGTCTCCTGTG-1,1
pbmc,ACGGTTAAGAGCTGAC-1,3
pbmc,ACGGTTAAGGAGAGGC-1,1
pbmc,ACGGTTAAGGAGTATT-1,1
pbmc,ACGGTTAAGGTAAGAG-1,1
pbmc,ACGGTTAAGTCATTGC-1,2
pbmc,ACGGTTAAGTGCTCAT-1,221
pbmc,ACGGTTAAGTGGTGGT-1,1
pbmc,ACGGTTACACCCAAGC-1,1
pbmc,ACGGTTACACTTGAAC-1,1
pbmc,ACGGTTACATCATCTT-1,1
pbmc,ACGGTTACATCATTTC-1,1
pbmc,ACGGTTAGTACGATCT-1,1
pbmc,ACGGTTAGTCGCACGT-1,1
pbmc,ACGGTTATCAACCTCC-1,2
pbmc,ACGGTTATCAACTGAC-1,1
pbmc,ACGGTTATCCAACTAG-1,1
pbmc,ACGGTTATCGAGTGAG-1,1
pbmc,ACGGTTATCGCACGGT-1,1
pbmc,ACGGTTATCTAACACG-1,1
pbmc,ACGGTTATCTCAACGA-1,3
pbmc,ACGTAACAGATAGCAT-1,1
pbmc,ACGTAACAGGATTTGA-1,1
pbmc,ACGTAACAGGTATTGA-1,1
pbmc,ACGTAACAGGTGCTTT-1,304
pbmc,ACGTAACAGTACGAGC-1,1
pbmc,ACGTAACAGTCATCGT-1,1
pbmc,ACGTAACAGTCTGCGC-1,1
pbmc,ACGTAACCAGCTCTGG-1,1
pbmc,ACGTAACCAGTCACGC-1,1
pbmc,ACGTAACCATCTATCT-1,1
pbmc,ACGTAACGTATTCCTT-1,1
pbmc,ACGTAACGTCCGCAGT-1,1
pbmc,ACGTAACGTCTCCTGT-1,1
pbmc,ACGTAACGTGACCGTC-1,1
pbmc,ACGTAACGTGCAATGG-1,1
pbmc,ACGTAACGTGTCGATT-1,1
pbmc,ACGTAACGTTCTTGCC-1,1
pbmc,ACGTAACTCACATACG-1,1
pbmc,ACGTAACTCAGCGGAA-1,1
pbmc,ACGTAACTCAGTCATG-1,1
pbmc,ACGTAACTCATATGGC-1,182
pbmc,ACGTAACTCCATATGG-1,1
pbmc,ACGTAACTCCCTCAAC-1,1
pbmc,ACGTAACTCCGCGATG-1,1
pbmc,ACGTAACTCGACGATT-1,1
pbmc,ACGTAACTCGAGTCCG-1,1
pbmc,ACGTAACTCGTTCCTG-1,1
pbmc,ACGTAACTCGTTGCCT-1,1
pbmc,ACGTAACTCTTCGATT-1,140
pbmc,ACGTACAAGAATTCAG-1,1
pbmc,ACGTACAAGACCTCAT-1,1
pbmc,ACGTACAAGACTACCT-1,1
pbmc,ACGTACAAGCACTCGC-1,2
pbmc,ACGTACAAGCGGTAAC-1,1
pbmc,ACGTACAAGCTGTTCA-1,200
pbmc,ACGTACAAGGAATGTT-1,1
pbmc,ACGTACAAGGGTTAGC-1,1
pbmc,ACGTACAAGTCATGGG-1,1
pbmc,ACGTACAAGTCATTGC-1,1
pbmc,ACGTACACAAAGCAAT-1,1
pbmc,ACGTACACAAAGCTCT-1,533
pbmc,ACGTACACAAATACGA-1,1
pbmc,ACGTACACAAGCTCTA-1,2
pbmc,ACGTACACAATTTCGG-1,1
pbmc,ACGTACACACAAATAG-1,1
pbmc,ACGTACACACAACATC-1,1
pbmc,ACGTACACACCACATA-1,2
pbmc,ACGTACACACTCTCGT-1,1
pbmc,ACGTACACAGACGATG-1,171
pbmc,ACGTACACAGCGTTGC-1,1
pbmc,ACGTACACAGGATCTT-1,1
pbmc,ACGTACACATACCATG-1,1
pbmc,ACGTACACATATAGCC-1,1
pbmc,ACGTACAGTAAGGAGA-1,1
pbmc,ACGTACAGTAATTGGA-1,1
pbmc,ACGTACAGTATTTCGG-1,1
pbmc,ACGTACAGTCCAGGTC-1,1
pbmc,ACGTACAGTGAGTGAC-1,2
pbmc,ACGTACAGTGATCATC-1,1
pbmc,ACGTACAGTGGTAATA-1,2
pbmc,ACGTACAGTGTAAATG-1,1
pbmc,ACGTACAGTTTAGAGA-1,1
pbmc,ACGTACATCAGAGTGG-1,1
pbmc,ACGTACATCATGCCCT-1,1
pbmc,ACGTACATCCAGGACC-1,1
pbmc,ACGTACATCGAACACT-1,1
pbmc,ACGTACATCGCGTTTC-1,1
pbmc,ACGTACATCGTCAACA-1,2
pbmc,ACGTACATCTAAGAAG-1,1
pbmc,ACGTAGTAGACGCCCT-1,1
pbmc,ACGTAGTAGAGAGCCT-1,1
pbmc,ACGTAGTAGGACAGTC-1,1
pbmc,ACGTAGTAGGCTGTAG-1,1
pbmc,ACGTAGTAGTAAGACT-1,1
pbmc,ACGTAGTAGTATGTAG-1,1
pbmc,ACGTAGTAGTCATCCA-1,1
pbmc,ACGTAGTAGTTCCGTA-1,1
pbmc,ACGTAGTCAACATACC-1,1
pbmc,ACGTAGTCAACCGGAA-1,1
pbmc,ACGTAGTCAAGCTACT-1,1
pbmc,ACGTAGTCAATGTGGG-1,1
pbmc,ACGTAGTCACAGCCTG-1,2
pbmc,ACGTAGTCACGCACAC-1,1
pbmc,ACGTAGTCACGCCACA-1,218
pbmc,ACGTAGTCACGTAACT-1,1
pbmc,ACGTAGTCAGACGCTC-1,1
pbmc,ACGTAGTCATAGCTGT-1,1
pbmc,ACGTAGTCATTAGGAA-1,158
pbmc,ACGTAGTGTACGGTTT-1,1
pbmc,ACGTAGTGTATTCCTT-1,1
pbmc,ACGTAGTGTCGTCTCT-1,1
pbmc,ACGTAGTGTTGGAGAC-1,1
pbmc,ACGTAGTTCCATGCAA-1,1
pbmc,ACGTAGTTCGCTGCGA-1,1
pbmc,ACGTAGTTCGTTCATT-1,1
pbmc,ACGTCCTAGACCAAGC-1,1
pbmc,ACGTCCTAGCCGGAAT-1,1
pbmc,ACGTCCTAGGCGTTGA-1,1
pbmc,ACGTCCTAGTCCGCCA-1,1
pbmc,ACGTCCTCAACGCATT-1,1
pbmc,ACGTCCTCATCGTTCC-1,1
pbmc,ACGTCCTCATGAAGGC-1,1
pbmc,ACGTCCTGTACAAAGT-1,1
pbmc,ACGTCCTGTCTGTCAA-1,1
pbmc,ACGTCCTGTGATACTC-1,1
pbmc,ACGTCCTGTGCTAGCC-1,1
pbmc,ACGTCCTGTGGGCTTC-1,1
pbmc,ACGTCCTGTGTAACGG-1,1
pbmc,ACGTCCTGTTGTGCCG-1,1
pbmc,ACGTCCTTCAATCTCT-1,2
pbmc,ACGTCCTTCATACGGT-1,1
pbmc,ACGTCCTTCATGCATG-1,1
pbmc,ACGTCCTTCCATGATG-1,1
pbmc,ACGTCCTTCCGATAGT-1,1
pbmc,ACGTCCTTCGAGTACT-1,2
pbmc,ACGTCCTTCGGCCAAC-1,1
pbmc,ACGTCCTTCTCCCAAC-1,1
pbmc,ACGTCCTTCTGGGCCA-1,1
pbmc,ACGTTCCAGACTAAGT-1,1
pbmc,ACGTTCCAGAGTATAC-1,1
pbmc,ACGTTCCAGAGTCACG-1,1
pbmc,ACGTTCCAGATGAATC-1,1
pbmc,ACGTTCCAGCCTTGAT-1,1
pbmc,ACGTTCCAGGGAGGAC-1,1
pbmc,ACGTTCCAGTGGCAGT-1,2
pbmc,ACGTTCCCAACTGGTT-1,1
pbmc,ACGTTCCCAAGACCGA-1,1
pbmc,ACGTTCCCAGCGGATA-1,1
pbmc,ACGTTCCCAGGAACCA-1,1
pbmc,ACGTTCCCATTGACAC-1,1
pbmc,ACGTTCCGTGCAATAA-1,1
pbmc,ACGTTCCGTGGGTCAA-1,91
pbmc,ACGTTCCGTTCTTAGG-1,1
pbmc,ACGTTCCGTTTCTATC-1,1
pbmc,ACGTTCCTCCGCAACG-1,1
pbmc,ACGTTCCTCCTCGATC-1,1
pbmc,ACGTTCCTCGCACGAC-1,1
pbmc,ACGTTCCTCGTCGATA-1,1
pbmc,ACGTTCCTCTATACTC-1,1
pbmc,ACTACGAAGGCGTCCT-1,1
pbmc,ACTACGAAGTAAGGGA-1,1
pbmc,ACTACGAAGTTGGAGC-1,1
pbmc,ACTACGACAAGTCATC-1,1
pbmc,ACTACGACACTCCGGA-1,1
pbmc,ACTACGACACTGCTTC-1,1
pbmc,ACTACGACAGGCACTC-1,1
pbmc,ACTACGACATAACTCG-1,1
pbmc,ACTACGACATATGCGT-1,1
pbmc,ACTACGACATCTTAGG-1,1
pbmc,ACTACGACATGTCAGT-1,2
pbmc,ACTACGAGTAGAAACT-1,1
pbmc,ACTACGAGTAGCACGA-1,1
pbmc,ACTACGAGTGAATAAC-1,1
pbmc,ACTACGAGTTGCTTGA-1,1
pbmc,ACTACGATCAGTCACA-1,2
pbmc,ACTACGATCATCGACA-1,2
pbmc,ACTACGATCCAACCAA-1,1
pbmc,ACTACGATCCGAACGC-1,1
pbmc,ACTACGATCCGTGTAA-1,1
pbmc,ACTACGATCGATTGGT-1,1
pbmc,ACTACGATCGGCATAT-1,1
pbmc,ACTACGATCTACACAG-1,1
pbmc,ACTATCTAGGAGTCTG-1,1
pbmc,ACTATCTAGGCGTGCA-1,5
pbmc,ACTATCTAGGTGCATG-1,1
pbmc,ACTATCTAGGTTGACG-1,1
pbmc,ACTATCTAGTGGCAGT-1,1
pbmc,ACTATCTCAAACGGCA-1,1
pbmc,ACTATCTCAATGTCTG-1,2
pbmc,ACTATCTCACCTCTAC-1,1
pbmc,ACTATCTCACTTCGAA-1,1
pbmc,ACTATCTCAGCGTATT-1,1
pbmc,ACTATCTCAGGGATAC-1,1
pbmc,ACTATCTCAGTGTACT-1,1
pbmc,ACTATCTCATAACGGG-1,1
pbmc,ACTATCTCATACAGCT-1,1
pbmc,ACTATCTCATACAGGG-1,1
pbmc,ACTATCTCATAGAGGC-1,1
pbmc,ACTATCTCATGAGAAT-1,2
pbmc,ACTATCTCATGCAGCC-1,1
pbmc,ACTATCTGTCAAGGCA-1,1
pbmc,ACTATCTGTCACTTCC-1,3
pbmc,ACTATCTGTCAGTTTG-1,1
pbmc,ACTATCTGTGATTCTG-1,1
pbmc,ACTATCTGTGTCATTG-1,1
pbmc,ACTATCTGTGTGTACT-1,280
pbmc,ACTATCTGTGTTCCTC-1,1
pbmc,ACTATCTTCACAACCA-1,1
pbmc,ACTATCTTCCGGTTCT-1,1
pbmc,ACTATCTTCGAGTTGT-1,1
pbmc,ACTATCTTCGCTCATC-1,1
pbmc,ACTATCTTCTAGATCG-1,1
pbmc,ACTATCTTCTATACGG-1,1
pbmc,ACTATCTTCTTTGCAT-1,1
pbmc,ACTATGGAGAAATCCA-1,419
pbmc,ACTATGGAGACTACGG-1,1
pbmc,ACTATGGAGCTGACCC-1,1
pbmc,ACTATGGAGGAACGAA-1,1
pbmc,ACTATGGAGGGTACAC-1,1
pbmc,ACTATGGAGGTCTGGA-1,1
pbmc,ACTATGGCACAGCCTG-1,1
pbmc,ACTATGGCAGACAAAT-1,1
pbmc,ACTATGGCAGATCCAT-1,1
pbmc,ACTATGGCAGATGCGA-1,1
pbmc,ACTATGGCATCCGAGC-1,1
pbmc,ACTATGGCATCGAGCC-1,1
pbmc,ACTATGGGTAGACGGT-1,1
pbmc,ACTATGGGTATGGAGC-1,1
pbmc,ACTATGGGTCGACTGC-1,1
pbmc,ACTATGGGTGAATGTA-1,1
pbmc,ACTATGGGTGGAACCA-1,1
pbmc,ACTATGGTCACCGGTG-1,1
pbmc,ACTATGGTCCTAGCGG-1,1
pbmc,ACTATGGTCGCATAGT-1,1
pbmc,ACTATGGTCTGAGGCC-1,1
pbmc,ACTATGGTCTTCCCGA-1,1
pbmc,ACTATGGTCTTTCCGG-1,1
pbmc,ACTATTCAGAACCGCA-1,1
pbmc,ACTATTCAGCGTACAG-1,2
pbmc,ACTATTCAGTACAGCG-1,1
pbmc,ACTATTCAGTATAGAC-1,2
pbmc,ACTATTCAGTTACGGG-1,1
pbmc,ACTATTCCAAAGAACT-1,1
pbmc,ACTATTCCACAACGCC-1,1
pbmc,ACTATTCCACGGATCC-1,1
pbmc,ACTATTCCACTAGGTT-1,1
pbmc,ACTATTCCATAGAGGC-1,1
pbmc,ACTATTCCATCTCCCA-1,1
pbmc,ACTATTCCATGAGAAT-1,1
pbmc,ACTATTCCATGAGATA-1,1
pbmc,ACTATTCGTAGACGTG-1,1
pbmc,ACTATTCGTCAGACTT-1,2
pbmc,ACTATTCGTGCCTGCA-1,1
pbmc,ACTATTCGTGGACTAG-1,1
pbmc,ACTATTCTCACCATCC-1,1
pbmc,ACTATTCTCCTACACC-1,1
pbmc,ACTATTCTCGAACCTA-1,2
pbmc,ACTATTCTCTATCCAT-1,1
pbmc,ACTATTCTCTGGAGAG-1,1
pbmc,ACTATTCTCTTCTGGC-1,1
pbmc,ACTATTCTCTTGATTC-1,1
pbmc,ACTCCCAAGACTCCGC-1,1
pbmc,ACTCCCAAGACTTCGT-1,1
pbmc,ACTCCCAAGAGTATAC-1,1
pbmc,ACTCCCAAGATTACCC-1,1
pbmc,ACTCCCAAGCAAGCCA-1,1
pbmc,ACTCCCAAGCCGGATA-1,1
pbmc,ACTCCCAAGCGCAATG-1,1
pbmc,ACTCCCAAGCTGGAGT-1,1
pbmc,ACTCCCAAGGCCCAAA-1,1
pbmc,ACTCCCAAGGCCTAGA-1,1
pbmc,ACTCCCAAGGGCAATC-1,1
pbmc,ACTCCCAAGGTCGGGT-1,1
pbmc,ACTCCCAAGGTTGGTG-1,223
pbmc,ACTCCCACAAATCCCA-1,1
pbmc,ACTCCCACAAATCGTC-1,1
pbmc,ACTCCCACAACCACGC-1,1
pbmc,ACTCCCACAAGTGGAC-1,1
pbmc,ACTCCCACAATTCACG-1,1
pbmc,ACTCCCACACACGGAA-1,1
pbmc,ACTCCCACACATTCCC-1,1
pbmc,ACTCCCACAGCCCACA-1,2
pbmc,ACTCCCACAGCTTTCC-1,2
pbmc,ACTCCCAGTCGAATTC-1,1
pbmc,ACTCCCAGTCTCACAA-1,1
pbmc,ACTCCCAGTGAGATCG-1,1
pbmc,ACTCCCAGTGAGATTA-1,1
pbmc,ACTCCCAGTGCTCCGA-1,1
pbmc,ACTCCCAGTGGGAGAG-1,1
pbmc,ACTCCCAGTGTCGCTG-1,1
pbmc,ACTCCCAGTGTGTCCG-1,1
pbmc,ACTCCCAGTTCGTTCC-1,1
pbmc,ACTCCCAGTTTGAACC-1,1
pbmc,ACTCCCATCAGGAACG-1,1
pbmc,ACTCCCATCATCCTGC-1,1
pbmc,ACTCCCATCCACGTAA-1,1
pbmc,ACTCCCATCGTCCTCA-1,263
pbmc,ACTCCCATCTACGGTA-1,1
pbmc,ACTCTCGAGACATCAA-1,1
pbmc,ACTCTCGAGACCTCAT-1,1
pbmc,ACTCTCGAGGACAAGA-1,2
pbmc,ACTCTCGAGTAGTCCT-1,1
pbmc,ACTCTCGAGTTGCTCA-1,1
pbmc,ACTCTCGCAAACACCT-1,1
pbmc,ACTCTCGCACAGTCAT-1,1
pbmc,ACTCTCGCACCCTGTT-1,1
pbmc,ACTCTCGCAGCACAGA-1,1
pbmc,ACTCTCGCAGCTCTGG-1,1
pbmc,ACTCTCGCATGGCTGC-1,1
pbmc,ACTCTCGGTAACCCTA-1,1
pbmc,ACTCTCGGTAGGGAGG-1,1
pbmc,ACTCTCGGTATTCCTT-1,1
pbmc,ACTCTCGGTGTGTTTG-1,1
pbmc,ACTCTCGGTTGTGTTG-1,1
pbmc,ACTCTCGTCAAGTTGC-1,1
pbmc,ACTCTCGTCACATACG-1,1
pbmc,ACTCTCGTCAGTGTGT-1,1
pbmc,ACTCTCGTCCTTCTGG-1,1
pbmc,ACTCTCGTCGCGTGAC-1,1
pbmc,ACTGATGAGACGACTG-1,2
pbmc,ACTGATGAGAGAGTGA-1,1
pbmc,ACTGATGAGAGTAGGG-1,2
pbmc,ACTGATGAGCAGCGAT-1,168
pbmc,ACTGATGAGCATCAGG-1,1
pbmc,ACTGATGAGCGGACTG-1,2
pbmc,ACTGATGAGGTGAGCT-1,1
pbmc,ACTGATGAGTCAGCCC-1,2
pbmc,ACTGATGCAACTGGTT-1,1
pbmc,ACTGATGCACCAGCCA-1,209
pbmc,ACTGATGCACTATGTG-1,1
pbmc,ACTGATGCAGATTCGT-1,1
pbmc,ACTGATGCATCCTATT-1,1
pbmc,ACTGATGGTACTCGTA-1,1
pbmc,ACTGATGGTAGCGTAG-1,1
pbmc,ACTGATGGTCCCTGAG-1,1
pbmc,ACTGATGGTCGAATTC-1,1
pbmc,ACTGATGGTGAATGTA-1,1
pbmc,ACTGATGGTGCTGTAT-1,1
pbmc,ACTGATGGTGGTGATG-1,1
pbmc,ACTGATGGTTCGGCGT-1,1
pbmc,ACTGATGGTTCGTAAC-1,1
pbmc,ACTGATGGTTGGGACA-1,1
pbmc,ACTGATGTCCGGGACT-1,1
pbmc,ACTGATGTCTATACGG-1,1
pbmc,ACTGATGTCTATTTCG-1,1
pbmc,ACTGATGTCTCAGAAC-1,1
pbmc,ACTGATGTCTGCTCTG-1,1
pbmc,ACTGATGTCTTAGCCC-1,2
pbmc,ACTGATGTCTTCGGTC-1,1
pbmc,ACTGCAAAGAGTACCG-1,1
pbmc,ACTGCAAAGATTGTGA-1,1
pbmc,ACTGCAAAGTATGTAG-1,1
pbmc,ACTGCAAAGTGACACG-1,1
pbmc,ACTGCAACACAACGTT-1,2
pbmc,ACTGCAACAGAGTTGG-1,1
pbmc,ACTGCAACAGATAAAC-1,1
pbmc,ACTGCAACATATAGCC-1,1
pbmc,ACTGCAACATGGGATG-1,1
pbmc,ACTGCAAGTCATGACT-1,1
pbmc,ACTGCAAGTGACATCT-1,1
pbmc,ACTGCAAGTGCCGGTT-1,1
pbmc,ACTGCAAGTGGATCAG-1,1
pbmc,ACTGCAAGTGGTCTAT-1,1
pbmc,ACTGCAAGTGTCGATT-1,2
pbmc,ACTGCAAGTTACGCCG-1,1
pbmc,ACTGCAAGTTGATCGT-1,1
pbmc,ACTGCAATCAATGTCG-1,1
pbmc,ACTGCAATCAGCTTCC-1,1
pbmc,ACTGCAATCCCGTTCA-1,1
pbmc,ACTGCAATCGTAACCA-1,2
pbmc,ACTGCAATCTCCTACG-1,1
pbmc,ACTGCAATCTTAGGAC-1,1
pbmc,ACTGTCCAGGGAGTGG-1,1
pbmc,ACTGTCCAGGTACACA-1,1
pbmc,ACTGTCCAGTCGAAGC-1,1
pbmc,ACTGTCCCAAATAGCA-1,1
pbmc,ACTGTCCCAACACGAG-1,2
pbmc,ACTGTCCCAACTGATC-1,1
pbmc,ACTGTCCCACATGAAA-1,1
pbmc,ACTGTCCCACTACCGG-1,1
pbmc,ACTGTCCCAGAGTAAT-1,1
pbmc,ACTGTCCCAGTAGTTC-1,1
pbmc,ACTGTCCGTACGCGTC-1,1
pbmc,ACTGTCCGTACTCAAC-1,1
pbmc,ACTGTCCGTATACAGA-1,1
pbmc,ACTGTCCGTATATCCG-1,1
pbmc,ACTGTCCGTATCGCAT-1,2
pbmc,ACTGTCCGTCAAAGAT-1,1
pbmc,ACTGTCCGTCCGGATC-1,1
pbmc,ACTGTCCGTCTTGTCC-1,1
pbmc,ACTGTCCGTGCAACGA-1,1
pbmc,ACTGTCCTCAACGTGT-1,1
pbmc,ACTGTCCTCACCTCGT-1,1
pbmc,ACTGTCCTCATATGGC-1,1
pbmc,ACTGTCCTCCGCTTAC-1,1
pbmc,ACTGTCCTCCTACAAA-1,2
pbmc,ACTGTCCTCGCCTTGT-1,2
pbmc,ACTGTCCTCGGCTTCT-1,1
pbmc,ACTGTCCTCGGTCGAC-1,1
pbmc,ACTGTCCTCGTGCACG-1,1
pbmc,ACTGTCCTCTATTGTC-1,1
pbmc,ACTGTCCTCTCATGCC-1,1
pbmc,ACTGTCCTCTGCCCTA-1,5
pbmc,ACTGTCCTCTTCACAT-1,1
pbmc,ACTGTCCTCTTTGCTA-1,1
pbmc,ACTGTGAAGACGTCGA-1,1
pbmc,ACTGTGAAGCAAGCCA-1,1
pbmc,ACTGTGAAGCCACTCG-1,1
pbmc,ACTGTGAAGCTGGTGA-1,1
pbmc,ACTGTGAAGGCCTTGC-1,1
pbmc,ACTGTGAAGGCTCTCG-1,1
pbmc,ACTGTGAAGTCCCAGC-1,1
pbmc,ACTGTGACAAAGCACG-1,1
pbmc,ACTGTGACAAATCAGA-1,1
pbmc,ACTGTGACAACTCGAT-1,329
pbmc,ACTGTGACACCTTCCA-1,1
pbmc,ACTGTGACACGGGCTT-1,2
pbmc,ACTGTGACACTCAGAT-1,1
pbmc,ACTGTGACAGAACTAA-1,2
pbmc,ACTGTGACAGCCGTTG-1,1
pbmc,ACTGTGACATGACCCG-1,1
pbmc,ACTGTGAGTCCAGCCA-1,1
pbmc,ACTGTGAGTGCCGAAA-1,2
pbmc,ACTGTGAGTGTGTGTT-1,2
pbmc,ACTGTGAGTGTTACAC-1,1
pbmc,ACTGTGAGTTCCGCAG-1,1
pbmc,ACTGTGAGTTGACTGT-1,1
pbmc,ACTGTGATCCGAGTGC-1,1
pbmc,ACTGTGATCGGCAGTC-1,1
pbmc,ACTGTGATCTACGCGG-1,1
pbmc,ACTTAGGAGAGCTGCA-1,1
pbmc,ACTTAGGAGCCGCTTG-1,1
pbmc,ACTTAGGAGGAGCAAA-1,1
pbmc,ACTTAGGAGGTGGTTG-1,1
pbmc,ACTTAGGCAAACCATC-1,1
pbmc,ACTTAGGCAAACTAGA-1,1
pbmc,ACTTAGGCAACTGATC-1,1
pbmc,ACTTAGGCAACTTCTT-1,2
pbmc,ACTTAGGCATCTGTTT-1,1
pbmc,ACTTAGGGTATCATGC-1,6
pbmc,ACTTAGGGTCCTGAAT-1,1
pbmc,ACTTAGGGTGACACGA-1,1
pbmc,ACTTAGGGTTCACGAT-1,1
pbmc,ACTTAGGGTTGGCCTG-1,1
pbmc,ACTTAGGTCCGAAGGA-1,1
pbmc,ACTTAGGTCGAGAAGC-1,1
pbmc,ACTTAGGTCGCCAGTG-1,1
pbmc,ACTTAGGTCGTCGACG-1,1
pbmc,ACTTAGGTCTTAGCCC-1,1
pbmc,ACTTATCAGATCACTC-1,2
pbmc,ACTTATCAGCCGTTAT-1,2
pbmc,ACTTATCAGCCTTCTC-1,1
pbmc,ACTTATCAGCGAAACC-1,1
pbmc,ACTTATCAGCGATGGT-1,1
pbmc,ACTTATCAGGCAGGTT-1,1
pbmc,ACTTATCAGGTCATAA-1,1
pbmc,ACTTATCAGTATGGCG-1,1
pbmc,ACTTATCAGTCCTACA-1,1
pbmc,ACTTATCAGTCTGGAG-1,1
pbmc,ACTTATCAGTCTGTAC-1,2
pbmc,ACTTATCCAGCCGTTG-1,1
pbmc,ACTTATCCATGACAGG-1,1
pbmc,ACTTATCGTACAGGTG-1,1
pbmc,ACTTATCGTCAACGCC-1,1
pbmc,ACTTATCGTCGCACAC-1,1
pbmc,ACTTATCGTGCGGATA-1,1
pbmc,ACTTATCGTGTCTAAC-1,1
pbmc,ACTTATCGTGTTCCAA-1,1
pbmc,ACTTATCGTTAAGGGC-1,1
pbmc,ACTTATCTCAAAGGTA-1,1
pbmc,ACTTATCTCACGGACC-1,1
pbmc,ACTTATCTCATAGCAC-1,1
pbmc,ACTTATCTCATCGCAA-1,1
pbmc,ACTTATCTCCACTGGG-1,1
pbmc,ACTTATCTCGACTCCT-1,1
pbmc,ACTTATCTCGCTCTCA-1,1
pbmc,ACTTATCTCTAAGGAA-1,514
pbmc,ACTTATCTCTACCCAC-1,1
pbmc,ACTTATCTCTCGGTCT-1,1
pbmc,ACTTATCTCTGGTTGG-1,1
pbmc,ACTTCCGAGCTAAGTA-1,1
pbmc,ACTTCCGAGGACTAAT-1,1
pbmc,ACTTCCGAGGGTCAAC-1,1
pbmc,ACTTCCGAGTCTTGGT-1,1
pbmc,ACTTCCGAGTGTGTTC-1,1
pbmc,ACTTCCGCAAAGCAAT-1,1
pbmc,ACTTCCGCACACGCCA-1,1
pbmc,ACTTCCGGTACTGCGC-1,1
pbmc,ACTTCCGGTGGGCTTC-1,1
pbmc,ACTTCCGGTTTACTTC-1,1
pbmc,ACTTCCGTCAAGAGTA-1,1
pbmc,ACTTCCGTCAGTGCGC-1,1
pbmc,ACTTCCGTCCGCAAAT-1,1
pbmc,ACTTCCGTCTCATTAC-1,1
pbmc,ACTTCGCAGAACCGCA-1,251
pbmc,ACTTCGCAGAAGTATC-1,1
pbmc,ACTTCGCAGCCAGACA-1,1
pbmc,ACTTCGCAGCCTAGGA-1,1
pbmc,ACTTCGCAGGTGCTAG-1,1
pbmc,ACTTCGCAGTACAGCG-1,1
pbmc,ACTTCGCAGTCATTGC-1,1
pbmc,ACTTCGCCAACTTGCA-1,1
pbmc,ACTTCGCCACAACGAG-1,1
pbmc,ACTTCGCCATCGCTCT-1,1
pbmc,ACTTCGCCATCTGGGC-1,1
pbmc,ACTTCGCGTACCAATC-1,1
pbmc,ACTTCGCGTACTCCGG-1,195
pbmc,ACTTCGCGTGAGATTA-1,1
pbmc,ACTTCGCGTGATATAG-1,1
pbmc,ACTTCGCGTTGACGGA-1,1
pbmc,ACTTCGCTCACTAGCA-1,1
pbmc,ACTTCGCTCATTCGGA-1,1
pbmc,ACTTCGCTCCGAGTGC-1,1
pbmc,ACTTCGCTCTACCTTA-1,1
pbmc,ACTTCGCTCTCAGTCC-1,1
pbmc,ACTTTCAAGACAGTCG-1,2
pbmc,ACTTTCAAGATCACTC-1,1
pbmc,ACTTTCAAGCATTTGC-1,1
pbmc,ACTTTCAAGCCTCTCT-1,1
pbmc,ACTTTCAAGCTAACAG-1,1
pbmc,ACTTTCAAGGGCATGT-1,1
pbmc,ACTTTCAAGGTACACA-1,1
pbmc,ACTTTCAAGTATGACA-1,151
pbmc,ACTTTCACAAACCGGA-1,1
pbmc,ACTTTCACAAAGTGTA-1,1
pbmc,ACTTTCACAAATCGTC-1,1
pbmc,ACTTTCACAAGCGAAC-1,72
pbmc,ACTTTCACACCGTACG-1,1
pbmc,ACTTTCACACGGGCTT-1,1
pbmc,ACTTTCACAGCACAGA-1,1
pbmc,ACTTTCACAGCTATTG-1,1
pbmc,ACTTTCACAGCTTTCC-1,1
pbmc,ACTTTCACATCTATCT-1,1
pbmc,ACTTTCACATGCTAGT-1,1
pbmc,ACTTTCACATGTAACC-1,1
pbmc,ACTTTCAGTAATGCTC-1,1
pbmc,ACTTTCAGTACGCGTC-1,261
pbmc,ACTTTCAGTAGATTAG-1,2
pbmc,ACTTTCAGTCAACATC-1,2
pbmc,ACTTTCAGTCACTTAG-1,1
pbmc,ACTTTCAGTCGTGGTC-1,1
pbmc,ACTTTCAGTCTAGGTT-1,1
pbmc,ACTTTCAGTGTGTACT-1,1
pbmc,ACTTTCAGTTACTGAC-1,1
pbmc,ACTTTCAGTTCCACAA-1,1
pbmc,ACTTTCATCAACTGAC-1,1
pbmc,ACTTTCATCCAGTTCC-1,2
pbmc,ACTTTCATCCTATGGA-1,5
pbmc,ACTTTCATCGACGCTA-1,1
pbmc,ACTTTCATCGGTCGAC-1,2
pbmc,ACTTTCATCGGTCGGT-1,1
pbmc,ACTTTCATCTACGGGC-1,1
pbmc,ACTTTCATCTTAGTTC-1,1
pbmc,ACTTTGTAGAGAAGGT-1,1
pbmc,ACTTTGTAGAGAGGTA-1,1
pbmc,ACTTTGTAGAGGGTAA-1,1
pbmc,ACTTTGTAGAGTGACC-1,1
pbmc,ACTTTGTAGCGAGTCA-1,1
pbmc,ACTTTGTAGTATGAAC-1,1
pbmc,ACTTTGTCAATCGCAT-1,1
pbmc,ACTTTGTCACGACCTG-1,1
pbmc,ACTTTGTCAGAGTGTG-1,1
pbmc,ACTTTGTCAGATGCGA-1,1
pbmc,ACTTTGTCAGCGCTTG-1,1
pbmc,ACTTTGTCAGTCGCTG-1,1
pbmc,ACTTTGTGTCAATGGG-1,1
pbmc,ACTTTGTGTGGGCTTC-1,1
pbmc,ACTTTGTGTTCGAAGG-1,1
pbmc,ACTTTGTTCAGCCTCT-1,1
pbmc,ACTTTGTTCTGCTTTA-1,1
pbmc,AGAAATGAGACAAGCC-1,2
pbmc,AGAAATGAGCCGAATG-1,1
pbmc,AGAAATGAGCTAGTTC-1,1
pbmc,AGAAATGAGCTGGAGT-1,1
pbmc,AGAAATGAGCTGTCCG-1,1
pbmc,AGAAATGAGGCGCTCT-1,1
pbmc,AGAAATGCAAGTCCCG-1,2
pbmc,AGAAATGCACAAATGA-1,1
pbmc,AGAAATGCACCTGCGA-1,1
pbmc,AGAAATGCACTACTTT-1,1
pbmc,AGAAATGCAGCTGTTA-1,1
pbmc,AGAAATGCAGGTAGTG-1,1
pbmc,AGAAATGCATTCTCCG-1,8
pbmc,AGAAATGGTACACGCC-1,1
pbmc,AGAAATGGTACCGGAA-1,1
pbmc,AGAAATGGTCGCCTAG-1,1
pbmc,AGAAATGGTCTTCTAT-1,1
pbmc,AGAAATGGTTCTCCTG-1,1
pbmc,AGAAATGGTTTCAGAC-1,1
pbmc,AGAAATGTCAATCCAG-1,1
pbmc,AGAAATGTCACTCTTA-1,1
pbmc,AGAAATGTCATTCGTT-1,197
pbmc,AGAAATGTCCAAGCTA-1,1
pbmc,AGAAATGTCTAGACAC-1,2
pbmc,AGAACAAAGATACGAT-1,1
pbmc,AGAACAAAGATCCGAG-1,1
pbmc,AGAACAAAGATCGCTT-1,1
pbmc,AGAACAAAGCGTCTGC-1,1
pbmc,AGAACAAAGTACCGGA-1,1
pbmc,AGAACAACAAATTAGG-1,1
pbmc,AGAACAACACAGTGAG-1,1
pbmc,AGAACAACACTAGGTT-1,1
pbmc,AGAACAACAGACCAGA-1,1
pbmc,AGAACAACAGAGTCAG-1,1
pbmc,AGAACAACAGCACCCA-1,1
pbmc,AGAACAACAGCTATAC-1,1
pbmc,AGAACAAGTAGCGATG-1,1
pbmc,AGAACAAGTGCAACAG-1,1
pbmc,AGAACAAGTGGCTTGC-1,1
pbmc,AGAACAAGTGTATACC-1,1
pbmc,AGAACAAGTTGCGGCT-1,1
pbmc,AGAACAATCAGCTTGA-1,1
pbmc,AGAACAATCCATCCGT-1,1
pbmc,AGAACAATCCCGAATA-1,1
pbmc,AGAACAATCTACCAGA-1,1
pbmc,AGAACCTAGAATCGCG-1,1
pbmc,AGAACCTAGACGAGCT-1,1
pbmc,AGAACCTAGAGATGCC-1,1
pbmc,AGAACCTAGAGGTCGT-1,1
pbmc,AGAACCTAGAGTCACG-1,1
pbmc,AGAACCTAGCAGGCAT-1,1
pbmc,AGAACCTCAACTTCTT-1,1
pbmc,AGAACCTCACACCTTC-1,1
pbmc,AGAACCTCATGTGACT-1,2
pbmc,AGAACCTGTACAGTCT-1,1
pbmc,AGAACCTGTAGACAAT-1,1
pbmc,AGAACCTGTATGAGCG-1,1
pbmc,AGAACCTGTGTCCATA-1,1
pbmc,AGAACCTGTTAAGGAT-1,1
pbmc,AGAACCTGTTGCTTGA-1,1
pbmc,AGAACCTTCGCTTGAA-1,1
pbmc,AGAACCTTCTATGTGG-1,1
pbmc,AGAACCTTCTCTGCTG-1,1
pbmc,AGAAGCGAGAAGGGAT-1,1
pbmc,AGAAGCGAGCACACAG-1,1
pbmc,AGAAGCGAGCCTCAGC-1,1
pbmc,AGAAGCGAGTGGTTCT-1,1
pbmc,AGAAGCGCAATTGCCA-1,2
pbmc,AGAAGCGCACAGTGAG-1,1
pbmc,AGAAGCGCACTAGGCC-1,2
pbmc,AGAAGCGCACTGAGGA-1,1
pbmc,AGAAGCGCAGTAGAGC-1,1
pbmc,AGAAGCGGTAGAAACT-1,1
pbmc,AGAAGCGGTCCAAATC-1,1
pbmc,AGAAGCGGTCTAGATC-1,329
pbmc,AGAAGCGGTGAGTTGG-1,1
pbmc,AGAAGCGGTGCAGATG-1,1
pbmc,AGAAGCGGTGCGGCTT-1,1
pbmc,AGAAGCGGTGTCCACG-1,1
pbmc,AGAAGCGGTGTTCGTA-1,1
pbmc,AGAAGCGGTGTTGCCG-1,1
pbmc,AGAAGCGGTTCTCGTC-1,1
pbmc,AGAAGCGGTTTCGCTC-1,1
pbmc,AGAAGCGTCAATCGGT-1,1
pbmc,AGAAGCGTCGCATTAG-1,1
pbmc,AGAAGCGTCTGCCTCA-1,1
pbmc,AGAAGCGTCTGCGTCT-1,342
pbmc,AGAAGCGTCTTAGCCC-1,1
pbmc,AGAAGTAAGCTCTTCC-1,1
pbmc,AGAAGTAAGGCGAAGG-1,3
pbmc,AGAAGTAAGGGCGAAG-1,1
pbmc,AGAAGTAAGTACCGGA-1,1
pbmc,AGAAGTAAGTAGTCCT-1,1
pbmc,AGAAGTAAGTTCACTG-1,1
pbmc,AGAAGTACAATCGAAA-1,1
pbmc,AGAAGTACAGCGTGCT-1,1
pbmc,AGAAGTACATGAATAG-1,1
pbmc,AGAAGTAGTACTCGTA-1,1
pbmc,AGAAGTAGTAGTTACC-1,1
pbmc,AGAAGTAGTCGCTTGG-1,1
pbmc,AGAAGTAGTGACGCCT-1,1
pbmc,AGAAGTAGTGTTCAGT-1,1
pbmc,AGAAGTAGTGTTCCAA-1,1
pbmc,AGAAGTAGTTAGGCCC-1,1
pbmc,AGAAGTAGTTGGAGAC-1,2
pbmc,AGAAGTATCCTGGGTG-1,1
pbmc,AGAAGTATCGCACGGT-1,1
pbmc,AGAAGTATCGCGTGAC-1,1
pbmc,AGAAGTATCGGTCTAA-1,1
pbmc,AGACAAAAGAAGAGCA-1,1
pbmc,AGACAAAAGAATACAC-1,1
pbmc,AGACAAAAGACCACGA-1,1
pbmc,AGACAAAAGACGAGCT-1,1
pbmc,AGACAAAAGAGGCCAT-1,1
pbmc,AGACAAAAGCGTGCTC-1,1
pbmc,AGACAAAAGGGTTAAT-1,1
pbmc,AGACAAAAGTACCCTA-1,1
pbmc,AGACAAAAGTCACTCA-1,1
pbmc,AGACAAACAAGTGGCA-1,1
pbmc,AGACAAACACAATGCT-1,1
pbmc,AGACAAACACTACTTT-1,1
pbmc,AGACAAACACTTGGGC-1,1
pbmc,AGACAAAGTAGCCAGA-1,1
pbmc,AGACAAAGTAGCTTGT-1,360
pbmc,AGACAAAGTCATGGCC-1,1
pbmc,AGACAAAGTCATTGCA-1,1
pbmc,AGACAAAGTGGCTGAA-1,1
pbmc,AGACAAAGTTAGGACG-1,1
pbmc,AGACAAATCCAGTTCC-1,1
pbmc,AGACAAATCCGCACTT-1,1
pbmc,AGACAAATCGGTGCAC-1,4
pbmc,AGACAAATCGTGTTCC-1,1
pbmc,AGACAAATCTGACGCG-1,1
pbmc,AGACACTAGCTCAGAG-1,1
pbmc,AGACACTAGCTTGTTG-1,1
pbmc,AGACACTAGTTGTACC-1,1
pbmc,AGACACTCAAATACGA-1,1
pbmc,AGACACTCAACCGTGC-1,1
pbmc,AGACACTCAAGGTACG-1,1
pbmc,AGACACTCAAGTCGTT-1,157
pbmc,AGACACTCAATCGCAT-1,1
pbmc,AGACACTCACGCACCA-1,1
pbmc,AGACACTCACGTAACT-1,1
pbmc,AGACACTCAGACCAAG-1,2
pbmc,AGACACTCAGCTGTCG-1,1
pbmc,AGACACTGTCAGGAGT-1,1
pbmc,AGACACTGTCATTGCA-1,1
pbmc,AGACACTGTCCTACAA-1,1
pbmc,AGACACTGTTCTTCAT-1,1
pbmc,AGACACTTCAATCTCT-1,1
pbmc,AGACACTTCAGACCTA-1,1
pbmc,AGACACTTCCTCTTTC-1,1
pbmc,AGACACTTCGCGGTAC-1,1
pbmc,AGACACTTCGTCAAAC-1,1
pbmc,AGACACTTCTATACTC-1,1
pbmc,AGACACTTCTTAAGGC-1,2
pbmc,AGACAGGAGCCTCTGG-1,1
pbmc,AGACAGGAGCGGGTTA-1,1
pbmc,AGACAGGAGGTAAAGG-1,1
pbmc,AGACAGGAGGTACCTC-1,1
pbmc,AGACAGGAGTAGGATT-1,1
pbmc,AGACAGGAGTGAGGTC-1,1
pbmc,AGACAGGCAAGCACCC-1,1
pbmc,AGACAGGCAATGACCT-1,1
pbmc,AGACAGGCACCAACAT-1,1
pbmc,AGACAGGCAGAACGCA-1,1
pbmc,AGACAGGCAGAACTCT-1,1
pbmc,AGACAGGCAGAGCTAG-1,2
pbmc,AGACAGGCAGCTATTG-1,1
pbmc,AGACAGGCAGTAGAGC-1,1
pbmc,AGACAGGCATACTGTG-1,1
pbmc,AGACAGGCATCATGAC-1,1
pbmc,AGACAGGGTATTTCTC-1,2
pbmc,AGACAGGGTCAGATTC-1,1
pbmc,AGACAGGGTCGCAACC-1,1
pbmc,AGACAGGGTCGGCACT-1,1
pbmc,AGACAGGGTCGTAATC-1,1
pbmc,AGACAGGGTGAGGAAA-1,1
pbmc,AGACAGGTCAAGCTGT-1,1
pbmc,AGACAGGTCACCTTGC-1,1
pbmc,AGACAGGTCGCCTCTA-1,2
pbmc,AGACAGGTCTGGAAGG-1,1
pbmc,AGACCATAGAGAGTGA-1,1
pbmc,AGACCATAGCCGAATG-1,1
pbmc,AGACCATAGCGGTAAC-1,2
pbmc,AGACCATAGGCGATAC-1,1
pbmc,AGACCATAGGTCCTGC-1,1
pbmc,AGACCATCAACCAATC-1,1
pbmc,AGACCATCACTCCACT-1,1
pbmc,AGACCATCATAACTCG-1,1
pbmc,AGACCATCATACCGTA-1,1
pbmc,AGACCATCATCCGCGA-1,1
pbmc,AGACCATCATTACTCT-1,161
pbmc,AGACCATCATTAGACC-1,1
pbmc,AGACCATGTACTTGTG-1,1
pbmc,AGACCATGTGTGTACT-1,1
pbmc,AGACCATGTTTGGCTA-1,1
pbmc,AGACCATTCATAGAGA-1,2
pbmc,AGACCATTCATCGACA-1,1
pbmc,AGACCCGAGCAGTACG-1,1
pbmc,AGACCCGAGTCACGCC-1,1
pbmc,AGACCCGAGTCTGGTT-1,1
pbmc,AGACCCGCAACCAATC-1,2
pbmc,AGACCCGCAAGACGGT-1,1
pbmc,AGACCCGCAGGGATAC-1,1
pbmc,AGACCCGCAGTCAGAG-1,1
pbmc,AGACCCGCATTCGGGC-1,1
pbmc,AGACCCGGTAGTGGCA-1,1
pbmc,AGACCCGGTATCATGC-1,1
pbmc,AGACCCGGTCCTGTCT-1,1
pbmc,AGACCCGTCCATATGG-1,1
pbmc,AGACCCGTCCTCGCAT-1,1
pbmc,AGACCCGTCGACACTA-1,1
pbmc,AGACTCAAGAAACCAT-1,1
pbmc,AGACTCAAGACGGATC-1,1
pbmc,AGACTCAAGGTAACTA-1,2
pbmc,AGACTCAAGGTACAAT-1,1
pbmc,AGACTCACAAGAGAGA-1,1
pbmc,AGACTCACACACCGCA-1,1
pbmc,AGACTCACACAGTACT-1,1
pbmc,AGACTCACAGCACCCA-1,2
pbmc,AGACTCACATCAACCA-1,1
pbmc,AGACTCACATGTCGTA-1,1
pbmc,AGACTCAGTAACACCT-1,1
pbmc,AGACTCAGTCGAATGG-1,2
pbmc,AGACTCAGTCTCTCAC-1,1
pbmc,AGACTCAGTGGGTATG-1,1
pbmc,AGACTCAGTGGTCTGC-1,1
pbmc,AGACTCATCAAACCTG-1,1
pbmc,AGACTCATCAACGCTA-1,297
pbmc,AGACTCATCAACTCTT-1,1
pbmc,AGACTCATCAGAGCGA-1,404
pbmc,AGACTCATCAGCCTCT-1,1
pbmc,AGACTCATCCATAAGC-1,1
pbmc,AGACTCATCCATACAG-1,1
pbmc,AGACTCATCCTGTACC-1,1
pbmc,AGACTCATCGACGCTA-1,1
pbmc,AGACTCATCGATACTG-1,1
pbmc,AGACTCATCGGCTATA-1,1
pbmc,AGAGAATAGACGGTTG-1,1
pbmc,AGAGAATAGAGAGGGC-1,1
pbmc,AGAGAATAGAGGGTCT-1,215
pbmc,AGAGAATAGCATGAAT-1,1
pbmc,AGAGAATAGGACATCG-1,1
pbmc,AGAGAATAGGCTCTAT-1,1
pbmc,AGAGAATAGGGATCAC-1,1
pbmc,AGAGAATAGTCTTCCC-1,1
pbmc,AGAGAATAGTGAGTTA-1,1
pbmc,AGAGAATCAACTTGCA-1,1
pbmc,AGAGAATCAAGTGGTG-1,1
pbmc,AGAGAATCAATTGAAG-1,1
pbmc,AGAGAATCACACCAGC-1,1
pbmc,AGAGAATCACAGAGAC-1,1
pbmc,AGAGAATCACCCAACG-1,302
pbmc,AGAGAATCACGAAACG-1,1
pbmc,AGAGAATCAGATTCGT-1,2
pbmc,AGAGAATCAGTATGAA-1,1
pbmc,AGAGAATCAGTGGCTC-1,1
pbmc,AGAGAATCATCGATCA-1,1
pbmc,AGAGAATGTACGTGTT-1,1
pbmc,AGAGAATGTCCATAGT-1,1
pbmc,AGAGAATGTCGAATTC-1,1
pbmc,AGAGAATGTGCCCAGT-1,1
pbmc,AGAGAATGTTAAGTCC-1,2
pbmc,AGAGAATGTTCGGCTG-1,1
pbmc,AGAGAATGTTTGATCG-1,1
pbmc,AGAGAATTCAAGTAAG-1,1
pbmc,AGAGAATTCACGACTA-1,1
pbmc,AGAGAATTCATCCTAT-1,1
pbmc,AGAGAATTCATGTCAG-1,1
pbmc,AGAGAATTCCTATTGT-1,1
pbmc,AGAGAATTCCTTCTGG-1,1
pbmc,AGAGAATTCGAAGAAT-1,1
pbmc,AGAGAATTCGTAGTCA-1,1
pbmc,AGAGAATTCTTGGAAC-1,1
pbmc,AGAGAGCAGAAACCCG-1,2
pbmc,AGAGAGCAGAAGCGGG-1,2
pbmc,AGAGAGCAGACTTCAC-1,1
pbmc,AGAGAGCAGAGAGAAC-1,1
pbmc,AGAGAGCAGAGATTCA-1,1
pbmc,AGAGAGCAGCCTTTGA-1,1
pbmc,AGAGAGCAGGTAAACT-1,1
pbmc,AGAGAGCAGTACTGTC-1,1
pbmc,AGAGAGCAGTGCGACA-1,1
pbmc,AGAGAGCAGTTGTCGT-1,168
pbmc,AGAGAGCAGTTTGGCT-1,1
pbmc,AGAGAGCCAATAGGGC-1,1
pbmc,AGAGAGCCAATTGGTC-1,1
pbmc,AGAGAGCGTGTGGTCC-1,1
pbmc,AGAGAGCGTTAAACCC-1,1
pbmc,AGAGAGCGTTGCTGAT-1,1
pbmc,AGAGAGCTCCACCCTA-1,1
pbmc,AGAGAGCTCCACTGGG-1,1
pbmc,AGAGAGCTCGTAATGC-1,1
pbmc,AGAGAGCTCTATGCCC-1,1
pbmc,AGAGCAGAGATGGCAC-1,1
pbmc,AGAGCAGAGCTCCCTT-1,1
pbmc,AGAGCAGAGGTAAGAG-1,1
pbmc,AGAGCAGAGTCTGCGC-1,1
pbmc,AGAGCAGCAAAGGCTG-1,1
pbmc,AGAGCAGCAAGTTCGT-1,1
pbmc,AGAGCAGCATCCGGCA-1,1
pbmc,AGAGCAGGTATTAAGG-1,1
pbmc,AGAGCAGGTCATAAAG-1,107
pbmc,AGAGCAGGTCGCATTA-1,1
pbmc,AGAGCAGGTCTCAGGC-1,2
pbmc,AGAGCAGGTGCCCGTA-1,1
pbmc,AGAGCAGGTTACCCAA-1,1
pbmc,AGAGCAGGTTGAGTCT-1,181
pbmc,AGAGCAGTCATACAGC-1,1
pbmc,AGAGCAGTCATGGTAC-1,1
pbmc,AGAGCAGTCGAGAACG-1,1
pbmc,AGAGCAGTCGAGCCAC-1,1
pbmc,AGAGCAGTCGCGCTGA-1,183
pbmc,AGAGCAGTCGCTTTAT-1,1
pbmc,AGAGCAGTCTCCGCAT-1,2
pbmc,AGAGCCCAGCACTGGA-1,1
pbmc,AGAGCCCAGGACTTCT-1,1
pbmc,AGAGCCCAGGAGTATT-1,1
pbmc,AGAGCCCAGGGAGTTC-1,1
pbmc,AGAGCCCAGTATGCAA-1,1
pbmc,AGAGCCCAGTTGTACC-1,1
pbmc,AGAGCCCCAATGTTGC-1,1
pbmc,AGAGCCCCAATTGCAC-1,1
pbmc,AGAGCCCCACGGTGTC-1,1
pbmc,AGAGCCCCAGACGCTC-1,1
pbmc,AGAGCCCCATCTGTTT-1,1
pbmc,AGAGCCCCATGTGCCG-1,1
pbmc,AGAGCCCCATTGCAAC-1,1
pbmc,AGAGCCCGTAGTCTTG-1,1
pbmc,AGAGCCCGTCACTCGG-1,232
pbmc,AGAGCCCGTCATCAGT-1,1
pbmc,AGAGCCCGTCCGGACT-1,1
pbmc,AGAGCCCGTGCACAAG-1,1
pbmc,AGAGCCCTCAACTCTT-1,1
pbmc,AGAGCCCTCACAGTGT-1,1
pbmc,AGAGCCCTCCAGTTCC-1,1
pbmc,AGAGCCCTCCGAGTGC-1,1
pbmc,AGAGCCCTCCTTTAGT-1,1
pbmc,AGAGCCCTCTCATTAC-1,1
pbmc,AGATAGAAGACAGTCG-1,2
pbmc,AGATAGAAGAGTGGCT-1,2
pbmc,AGATAGAAGCAACTCT-1,2
pbmc,AGATAGAAGCGCCGTT-1,1
pbmc,AGATAGAAGCGTTCCG-1,2
pbmc,AGATAGAAGCTCCGAC-1,1
pbmc,AGATAGAAGGAGACCT-1,2
pbmc,AGATAGAAGGCATCGA-1,1
pbmc,AGATAGAAGGCTATCT-1,1
pbmc,AGATAGAAGGTATCTC-1,1
pbmc,AGATAGAAGTGAGGTC-1,1
pbmc,AGATAGACAAACACGG-1,2
pbmc,AGATAGACACTTGACA-1,1
pbmc,AGATAGACAGAATTCC-1,1
pbmc,AGATAGACATCTCCCA-1,1
pbmc,AGATAGAGTACGGCAA-1,1
pbmc,AGATAGAGTATACAGA-1,2
pbmc,AGATAGAGTCGAACGA-1,2
pbmc,AGATAGAGTCTACAAC-1,1
pbmc,AGATAGAGTGACACGA-1,178
pbmc,AGATAGAGTGTCACAT-1,1
pbmc,AGATAGAGTGTTCCTC-1,1
pbmc,AGATAGAGTTTACGAC-1,1
pbmc,AGATAGAGTTTGTTCT-1,1
pbmc,AGATAGATCCAAAGGG-1,1
pbmc,AGATAGATCCACACCT-1,2
pbmc,AGATAGATCCCTTTGG-1,1
pbmc,AGATAGATCCGTGTAA-1,1
pbmc,AGATAGATCCTCTAGC-1,1
pbmc,AGATAGATCGGATAAA-1,1
pbmc,AGATAGATCGGCAGTC-1,1
pbmc,AGATAGATCTACACTT-1,1
pbmc,AGATAGATCTCTGAGA-1,2
pbmc,AGATAGATCTGACCCT-1,1
pbmc,AGATAGATCTTTACAC-1,1
pbmc,AGATCCAAGTAGGGTC-1,1
pbmc,AGATCCAAGTGGAAAG-1,1
pbmc,AGATCCAAGTTGGACG-1,1
pbmc,AGATCCAAGTTGTCGT-1,1
pbmc,AGATCCACAACACAGG-1,1
pbmc,AGATCCACAGATTTCG-1,4
pbmc,AGATCCAGTAAGGTCG-1,1
pbmc,AGATCCAGTCATGACT-1,1
pbmc,AGATCCAGTCCCTCAT-1,1
pbmc,AGATCCAGTCTCTCTG-1,1
pbmc,AGATCCAGTGACTATC-1,1
pbmc,AGATCCAGTGCGGCTT-1,1
pbmc,AGATCCAGTTGCCATA-1,1
pbmc,AGATCCATCAAGCCTA-1,1
pbmc,AGATCCATCATTGGTG-1,1
pbmc,AGATCCATCCACGTAA-1,1
pbmc,AGATCCATCCGATCGG-1,1
pbmc,AGATCCATCCTCATAT-1,1
pbmc,AGATCCATCCTTTAGT-1,1
pbmc,AGATCCATCCTTTGAT-1,3
pbmc,AGATCCATCGTGGCGT-1,1
pbmc,AGATCGTAGAGTTGTA-1,1
pbmc,AGATCGTAGCCGAATG-1,1
pbmc,AGATCGTAGCGCTGAA-1,1
pbmc,AGATCGTAGGGTAGCT-1,1
pbmc,AGATCGTAGTGTTCAC-1,1
pbmc,AGATCGTCAACCACGC-1,2
pbmc,AGATCGTCAACGGCTC-1,1
pbmc,AGATCGTCAAGTGGGT-1,2
pbmc,AGATCGTCAGAGCTAG-1,1
pbmc,AGATCGTCAGCAGTCC-1,1
pbmc,AGATCGTCAGGACTTT-1,189
pbmc,AGATCGTCATAATGCC-1,1
pbmc,AGATCGTCATACCGTA-1,1
pbmc,AGATCGTCATCCTAAG-1,1
pbmc,AGATCGTGTCTCGACG-1,1
pbmc,AGATCGTGTGACACAG-1,1
pbmc,AGATCGTGTGTCCATA-1,1
pbmc,AGATCGTTCACTGATG-1,1
pbmc,AGATCGTTCATCACTT-1,1
pbmc,AGATCGTTCATTGCCC-1,1
pbmc,AGATCGTTCATTTGCT-1,1
pbmc,AGATCGTTCCAACCAG-1,1
pbmc,AGATCGTTCCCTTGGT-1,1
pbmc,AGATCGTTCCGAGGCT-1,1
pbmc,AGATCGTTCCGTGCGA-1,1
pbmc,AGATCGTTCGTGTTCC-1,1
pbmc,AGATCGTTCTTACACT-1,1
pbmc,AGATGAAAGACATCAA-1,1
pbmc,AGATGAAAGAGGTCGT-1,1
pbmc,AGATGAAAGATGAAGG-1,1
pbmc,AGATGAAAGGCGACAT-1,1
pbmc,AGATGAAAGGTCGCCT-1,1
pbmc,AGATGAAAGTGAGTTA-1,1
pbmc,AGATGAACAATTTCTC-1,1
pbmc,AGATGAACACATCATG-1,1
pbmc,AGATGAACACCAGTAT-1,1
pbmc,AGATGAACAGAGTCAG-1,1
pbmc,AGATGAACAGGCACAA-1,269
pbmc,AGATGAACAGTCTTCC-1,1
pbmc,AGATGAACATCCTAAG-1,1
pbmc,AGATGAACATCTCGTC-1,1
pbmc,AGATGAAGTACTCCGG-1,1
pbmc,AGATGAAGTACTGGGA-1,2
pbmc,AGATGAAGTTTCGATG-1,1
pbmc,AGATGAATCACGATAC-1,1
pbmc,AGATGAATCAGGACGA-1,1
pbmc,AGATGAATCAGTGTCA-1,1
pbmc,AGATGAATCCATAGGT-1,1
pbmc,AGATGAATCCTTATAC-1,2
pbmc,AGATGAATCGGACTTA-1,1
pbmc,AGATGCTAGACGTCCT-1,1
pbmc,AGATGCTAGATTTGCC-1,1
pbmc,AGATGCTAGCACGTCC-1,1
pbmc,AGATGCTAGGCCTGAA-1,2
pbmc,AGATGCTAGGTGCCAA-1,1
pbmc,AGATGCTAGTGCACAG-1,1
pbmc,AGATGCTCAAGAGTGC-1,1
pbmc,AGATGCTCAAGCACCC-1,1
pbmc,AGATGCTCACAGAGAC-1,2
pbmc,AGATGCTCATCGATAC-1,1
pbmc,AGATGCTGTACCTGTA-1,1
pbmc,AGATGCTGTACGGTTT-1,111
pbmc,AGATGCTGTATCAGCT-1,1
pbmc,AGATGCTGTCGCTCGA-1,1
pbmc,AGATGCTGTCGTTGCG-1,1
pbmc,AGATGCTGTGAATATG-1,1
pbmc,AGATGCTGTGAGATTA-1,1
pbmc,AGATGCTGTGCAGGAT-1,1
pbmc,AGATGCTGTGTGGTCC-1,214
pbmc,AGATGCTGTTCTGAGT-1,1
pbmc,AGATGCTGTTTGGGAG-1,1
pbmc,AGATGCTTCAGGGATG-1,1
pbmc,AGATGCTTCCCTATTA-1,1
pbmc,AGATGCTTCTATCCAT-1,1
pbmc,AGATGCTTCTGAGAAA-1,1
pbmc,AGCATCAAGATTCGAA-1,1
pbmc,AGCATCAAGGAACGTC-1,1
pbmc,AGCATCACAAATGAGT-1,1
pbmc,AGCATCACAAGGCGTA-1,1
pbmc,AGCATCACACCAGCCA-1,1
pbmc,AGCATCACACTGTTCC-1,1
pbmc,AGCATCACATCGATGT-1,1
pbmc,AGCATCAGTATGCAAA-1,2
pbmc,AGCATCAGTCACTGAT-1,1
pbmc,AGCATCAGTCCACGCA-1,1
pbmc,AGCATCAGTCGGTGTC-1,361
pbmc,AGCATCAGTCTGCCTT-1,1
pbmc,AGCATCAGTGGTCCGT-1,214
pbmc,AGCATCAGTTCCGAAT-1,1
pbmc,AGCATCATCACCGACG-1,1
pbmc,AGCATCATCGGTACGT-1,1
pbmc,AGCCAATAGAGAGTTT-1,1
pbmc,AGCCAATAGGCAGTCA-1,1
pbmc,AGCCAATAGGCTCCCA-1,1
pbmc,AGCCAATAGGGATGTC-1,1
pbmc,AGCCAATAGGGCTAAC-1,1
pbmc,AGCCAATAGTCCCTAA-1,349
pbmc,AGCCAATAGTCTCTAA-1,1
pbmc,AGCCAATCAACGCCCA-1,1
pbmc,AGCCAATCAATCTAGC-1,1
pbmc,AGCCAATCACAAAGTA-1,1
pbmc,AGCCAATCACCTCGTT-1,1
pbmc,AGCCAATCAGGTGTTT-1,1
pbmc,AGCCAATCATAGAATG-1,1
pbmc,AGCCAATCATCTCGTC-1,1
pbmc,AGCCAATCATTGTGCA-1,1
pbmc,AGCCAATGTATGGAGC-1,1
pbmc,AGCCAATGTTCCACAA-1,1
pbmc,AGCCAATTCATCCTGC-1,2
pbmc,AGCCAATTCCATAGAC-1,1
pbmc,AGCCAATTCCGTGGTG-1,1
pbmc,AGCCAATTCCTACCAC-1,1
pbmc,AGCCAATTCGGCACTG-1,1
pbmc,AGCCAATTCGTTCGCT-1,1
pbmc,AGCCAATTCTCAAAGC-1,1
pbmc,AGCCAATTCTGCTAGA-1,1
pbmc,AGCCAATTCTGCTCTG-1,1
pbmc,AGCCAATTCTGGGCAC-1,2
pbmc,AGCCACGAGAACAGGA-1,1
pbmc,AGCCACGAGACCTCAT-1,1
pbmc,AGCCACGAGGTCCCGT-1,1
pbmc,AGCCACGAGTACAGAT-1,1
pbmc,AGCCACGCAACTACGT-1,1
pbmc,AGCCACGCAAGGTCAG-1,1
pbmc,AGCCACGCACAGACGA-1,1
pbmc,AGCCACGCAGCTGTTA-1,1
pbmc,AGCCACGCAGGTTCAT-1,1
pbmc,AGCCACGCAGGTTCGC-1,223
pbmc,AGCCACGGTATTGAGA-1,1
pbmc,AGCCACGGTGCCTAAT-1,1
pbmc,AGCCACGGTTAAGGGC-1,1
pbmc,AGCCACGGTTACACTG-1,1
pbmc,AGCCACGGTTCCGCGA-1,315
pbmc,AGCCACGTCAGAGTTC-1,1
pbmc,AGCCACGTCCGAGAAG-1,124
pbmc,AGCCACGTCCGCTAGG-1,1
pbmc,AGCCACGTCCTGGGAC-1,1
pbmc,AGCCACGTCGAACCAT-1,1
pbmc,AGCCACGTCGGTATGT-1,1
pbmc,AGCCACGTCTCGGTCT-1,1
pbmc,AGCCAGCAGACCTTTG-1,1
pbmc,AGCCAGCAGCAGATAT-1,1
pbmc,AGCCAGCAGGATACGC-1,1
pbmc,AGCCAGCAGTGCCAGA-1,2
pbmc,AGCCAGCCAAATAAGC-1,1
pbmc,AGCCAGCCAAGTCATC-1,3
pbmc,AGCCAGCCAGGTGTGA-1,1
pbmc,AGCCAGCCATATTCGG-1,1
pbmc,AGCCAGCCATTCTTCA-1,1
pbmc,AGCCAGCGTAATGCGG-1,264
pbmc,AGCCAGCGTAGTTAGA-1,363
pbmc,AGCCAGCGTATGCGGA-1,1
pbmc,AGCCAGCGTATGCTTG-1,1
pbmc,AGCCAGCGTCCACTTC-1,1
pbmc,AGCCAGCGTTAAGTCC-1,2
pbmc,AGCCAGCGTTACCCTC-1,1
pbmc,AGCCAGCGTTCTCCCA-1,1
pbmc,AGCCAGCGTTGTCTAG-1,1
pbmc,AGCCAGCGTTTGGCTA-1,1
pbmc,AGCCAGCGTTTGGGAG-1,1
pbmc,AGCCAGCTCAAGAATG-1,1
pbmc,AGCCAGCTCAGTCAGT-1,1
pbmc,AGCCAGCTCCGGTAGC-1,1
pbmc,AGCCAGCTCGGTCATA-1,1
pbmc,AGCCAGCTCGTGCAGC-1,1
pbmc,AGCCAGCTCGTGCGAC-1,1
pbmc,AGCGATTAGAAGTATC-1,2
pbmc,AGCGATTAGAGTTCGG-1,1
pbmc,AGCGATTAGATGAAGG-1,1
pbmc,AGCGATTAGCGTACAG-1,1
pbmc,AGCGATTAGTGTGTTC-1,1
pbmc,AGCGATTCAAATTGCC-1,1
pbmc,AGCGATTCAGCTAACT-1,1
pbmc,AGCGATTCAGCTACAT-1,1
pbmc,AGCGATTCATAATGCC-1,1
pbmc,AGCGATTCATGTCGTA-1,1
pbmc,AGCGATTGTAGCGATG-1,1
pbmc,AGCGATTGTAGGTAGC-1,1
pbmc,AGCGATTGTATCGTTG-1,3
pbmc,AGCGATTGTCCTACGG-1,1
pbmc,AGCGATTGTCGTATGT-1,1
pbmc,AGCGATTGTCTCAGGC-1,1
pbmc,AGCGATTGTGTAGGAC-1,1
pbmc,AGCGATTTCACCCTCA-1,2
pbmc,AGCGATTTCCGGTTCT-1,1
pbmc,AGCGATTTCGTACCTT-1,1
pbmc,AGCGATTTCTCATAGG-1,1
pbmc,AGCGCCAAGACATAAC-1,1
pbmc,AGCGCCAAGAGCCGAT-1,3
pbmc,AGCGCCAAGAGGGTGG-1,1
pbmc,AGCGCCAAGCACGGAT-1,1
pbmc,AGCGCCAAGCTGAAAT-1,1
pbmc,AGCGCCAAGGGTGAAA-1,1
pbmc,AGCGCCAAGTATGATG-1,1
pbmc,AGCGCCACAAGTCCCG-1,1
pbmc,AGCGCCACACCTCAGG-1,1
pbmc,AGCGCCACAGACCGCT-1,2
pbmc,AGCGCCACAGGCATGA-1,1
pbmc,AGCGCCACAGTCACGC-1,1
pbmc,AGCGCCAGTAACGCGA-1,2
pbmc,AGCGCCAGTACTAAGA-1,1
pbmc,AGCGCCAGTATTGCCA-1,1
pbmc,AGCGCCAGTGGACTAG-1,1
pbmc,AGCGCCATCACTCGAA-1,1
pbmc,AGCGCCATCATGGCCG-1,1
pbmc,AGCGCCATCCAGCACG-1,1
pbmc,AGCGCCATCCCATAGA-1,1
pbmc,AGCGCCATCGTAGCTA-1,1
pbmc,AGCGCCATCTAAGCCA-1,1
pbmc,AGCGCTGAGAAATCCA-1,1
pbmc,AGCGCTGAGCACGGAT-1,1
pbmc,AGCGCTGAGTACTGTC-1,1
pbmc,AGCGCTGCAATAGTCC-1,1
pbmc,AGCGCTGCACAATTCG-1,1
pbmc,AGCGCTGCACGCTTAA-1,1
pbmc,AGCGCTGCACGTCTCT-1,1
pbmc,AGCGCTGCAGCAGAAC-1,1
pbmc,AGCGCTGCAGCGTGCT-1,1
pbmc,AGCGCTGCATCTCCCA-1,1
pbmc,AGCGCTGCATGCCGCA-1,1
pbmc,AGCGCTGGTAGAGTTA-1,1
pbmc,AGCGCTGGTATACCTG-1,1
pbmc,AGCGCTGGTATGACAA-1,1
pbmc,AGCGCTGGTCGTGATT-1,1
pbmc,AGCGCTGGTCTGTGGC-1,1
pbmc,AGCGCTGTCAAGTTGC-1,1
pbmc,AGCGCTGTCCGACGGT-1,1
pbmc,AGCGCTGTCCGTGGGT-1,1
pbmc,AGCGCTGTCGAAGCCC-1,1
pbmc,AGCGCTGTCGTAGGAG-1,1
pbmc,AGCGTATAGATGCTAA-1,1
pbmc,AGCGTATAGCGTATAA-1,1
pbmc,AGCGTATAGCTGTTAC-1,1
pbmc,AGCGTATAGGTCCCGT-1,1
pbmc,AGCGTATCACATAACC-1,1
pbmc,AGCGTATCACCAGGTC-1,1
pbmc,AGCGTATCACTGCGTG-1,1
pbmc,AGCGTATCAGAATTCC-1,1
pbmc,AGCGTATCAGGCTACC-1,1
pbmc,AGCGTATCATAGGCGA-1,1
pbmc,AGCGTATCATATGCGT-1,16
pbmc,AGCGTATGTCACTTAG-1,1
pbmc,AGCGTATGTCTGATCA-1,1
pbmc,AGCGTATGTGAGGGTT-1,1
pbmc,AGCGTATTCAGTGGGA-1,156
pbmc,AGCGTATTCAGTTCGG-1,1
pbmc,AGCGTATTCATTGCGA-1,1
pbmc,AGCGTATTCCAACCAA-1,1
pbmc,AGCGTATTCCCATAAG-1,1
pbmc,AGCGTATTCGACGACC-1,1
pbmc,AGCGTATTCGACGATT-1,1
pbmc,AGCGTATTCGATACGT-1,1
pbmc,AGCGTATTCGGTGGGA-1,1
pbmc,AGCGTATTCTACTATC-1,2
pbmc,AGCGTATTCTTACGGA-1,1
pbmc,AGCGTCGAGACAAGCC-1,1
pbmc,AGCGTCGAGGACTTCT-1,1
pbmc,AGCGTCGAGGTGCTGA-1,1
pbmc,AGCGTCGCACAGCGTC-1,1
pbmc,AGCGTCGCATACCATG-1,1
pbmc,AGCGTCGCATGACACT-1,1
pbmc,AGCGTCGCATTGACCA-1,164
pbmc,AGCGTCGGTAAGTAGT-1,1
pbmc,AGCGTCGGTCTACAAC-1,1
pbmc,AGCGTCGGTTCATCTT-1,1
pbmc,AGCGTCGTCATACGGT-1,1
pbmc,AGCTACAAGAGCATAT-1,2
pbmc,AGCTACAAGTAAAGCT-1,1
pbmc,AGCTACAAGTATTCCG-1,2
pbmc,AGCTACACAACCGGAA-1,1
pbmc,AGCTACACAATCTAGC-1,1
pbmc,AGCTACACACATTGTG-1,1
pbmc,AGCTACACACCAGCTG-1,1
pbmc,AGCTACACAGGAAGTC-1,1
pbmc,AGCTACACAGGTCCGT-1,1
pbmc,AGCTACACAGTAGAGC-1,2
pbmc,AGCTACACAGTAGGAC-1,1
pbmc,AGCTACACAGTCGGAA-1,228
pbmc,AGCTACACATGAATAG-1,1
pbmc,AGCTACAGTCGTTCAA-1,1
pbmc,AGCTACAGTCGTTTCC-1,207
pbmc,AGCTACAGTGCTGTCG-1,1
pbmc,AGCTACATCGCACTCT-1,1
pbmc,AGCTACATCGGAGATG-1,1
pbmc,AGCTACATCGTTGCCT-1,1
pbmc,AGCTACATCTGAGAGG-1,2
pbmc,AGCTACATCTTGAGCA-1,1
pbmc,AGCTCAAAGAAACTCA-1,2
pbmc,AGCTCAAAGACTACGG-1,1
pbmc,AGCTCAAAGATGCAGC-1,1
pbmc,AGCTCAAAGCGGGTAT-1,1
pbmc,AGCTCAAAGGACGCTA-1,1
pbmc,AGCTCAAAGTCCCAAT-1,1
pbmc,AGCTCAACAACCAATC-1,1
pbmc,AGCTCAACACATACTG-1,1
pbmc,AGCTCAACACCCTTGT-1,1
pbmc,AGCTCAACACTCTCGT-1,2
pbmc,AGCTCAAGTAACTGCT-1,1
pbmc,AGCTCAAGTCGCAACC-1,1
pbmc,AGCTCAAGTGGATACG-1,1
pbmc,AGCTCAAGTGTCATTG-1,1
pbmc,AGCTCAAGTTTGGCTA-1,1
pbmc,AGCTCAATCGCAAGAG-1,1
pbmc,AGCTTCCAGACAGCGT-1,1
pbmc,AGCTTCCAGAGGGCGA-1,1
pbmc,AGCTTCCAGCCTCGTG-1,1
pbmc,AGCTTCCAGCGAGGAG-1,1
pbmc,AGCTTCCAGGCCCAAA-1,1
pbmc,AGCTTCCAGTAACGTA-1,1
pbmc,AGCTTCCCAAAGGTTA-1,1
pbmc,AGCTTCCCAATGGCAG-1,2
pbmc,AGCTTCCCACAGCCTG-1,1
pbmc,AGCTTCCCACCGAATT-1,1
pbmc,AGCTTCCCAGAGTTCT-1,1
pbmc,AGCTTCCCAGCCCAGT-1,1
pbmc,AGCTTCCCATGCACTA-1,1
pbmc,AGCTTCCGTAGAGTTA-1,1
pbmc,AGCTTCCGTAGGCAGT-1,2
pbmc,AGCTTCCGTATATGGA-1,1
pbmc,AGCTTCCGTCCACGCA-1,1
pbmc,AGCTTCCTCATGCGGC-1,1
pbmc,AGCTTCCTCCGTCACT-1,1
pbmc,AGCTTCCTCGCTGTTC-1,1
pbmc,AGGAAATAGGTAGGCT-1,1
pbmc,AGGAAATCAGACAAGC-1,1
pbmc,AGGAAATCAGTTCTAG-1,1
pbmc,AGGAAATCATGATGCT-1,1
pbmc,AGGAAATGTGAACTAA-1,1
pbmc,AGGAAATGTGACTGTT-1,1
pbmc,AGGAAATGTGATACAA-1,1
pbmc,AGGAAATGTTCAACGT-1,1
pbmc,AGGAAATGTTCGAGCC-1,1
pbmc,AGGAAATGTTGCAAGG-1,1
pbmc,AGGAAATTCACCATGA-1,356
pbmc,AGGAAATTCCCTTTGG-1,1
pbmc,AGGAAATTCGAAGAAT-1,1
pbmc,AGGAATAAGAACAAGG-1,1
pbmc,AGGAATAAGAGCCATG-1,1
pbmc,AGGAATAAGTTACGAA-1,1
pbmc,AGGAATACAAACTCGT-1,252
pbmc,AGGAATACAAATCGGG-1,2
pbmc,AGGAATACAGCGAGTA-1,1
pbmc,AGGAATACAGGCACTC-1,1
pbmc,AGGAATACATACGCAT-1,1
pbmc,AGGAATACATCCGAAT-1,1
pbmc,AGGAATAGTACCCGAC-1,2
pbmc,AGGAATAGTCCTGAAT-1,2
pbmc,AGGAATAGTCGGATTT-1,1
pbmc,AGGAATAGTCTACAGT-1,1
pbmc,AGGAATAGTCTTAGTG-1,1
pbmc,AGGAATATCATTACGG-1,236
pbmc,AGGAATATCGTGCTCT-1,1
pbmc,AGGAATATCGTTCTCG-1,1
pbmc,AGGAATATCTAGTTCT-1,1
pbmc,AGGAATATCTGGTGCG-1,1
pbmc,AGGAATATCTTTGCGC-1,1
pbmc,AGGACGAAGACCTTTG-1,238
pbmc,AGGACGAAGAGGGTCT-1,1
pbmc,AGGACGAAGATTAGTG-1,279
pbmc,AGGACGAAGCTGGCTC-1,1
pbmc,AGGACGAAGGATACCG-1,1
pbmc,AGGACGACAAATCAAG-1,1
pbmc,AGGACGACAACTCCAA-1,1
pbmc,AGGACGACAACTGCTA-1,1
pbmc,AGGACGACAATTGAAG-1,1
pbmc,AGGACGACATGAATAG-1,1
pbmc,AGGACGAGTAACAGTA-1,1
pbmc,AGGACGAGTAGAGATT-1,1
pbmc,AGGACGAGTATCCTTT-1,1
pbmc,AGGACGAGTCACTCAA-1,1
pbmc,AGGACGAGTGGACCTC-1,1
pbmc,AGGACGATCAAATGAG-1,1
pbmc,AGGACGATCAATTGTG-1,1
pbmc,AGGACGATCACTGATG-1,348
pbmc,AGGACGATCCACAGCG-1,1
pbmc,AGGACGATCCAGTACA-1,291
pbmc,AGGACGATCCATCGTC-1,1
pbmc,AGGACGATCCCATAAG-1,1
pbmc,AGGACGATCCGTTTCG-1,1
pbmc,AGGACGATCTCTGACC-1,1
pbmc,AGGACTTAGGGCCAAT-1,1
pbmc,AGGACTTCAAAGAGTT-1,1
pbmc,AGGACTTCAAGATTGA-1,1
pbmc,AGGACTTCAAGCTACT-1,1
pbmc,AGGACTTCACACCGAC-1,1
pbmc,AGGACTTCACGTATAC-1,1
pbmc,AGGACTTCACTATCCC-1,1
pbmc,AGGACTTCAGCTTCGG-1,1
pbmc,AGGACTTCATGGACAG-1,1
pbmc,AGGACTTCATTGACTG-1,1
pbmc,AGGACTTGTAACATCC-1,1
pbmc,AGGACTTGTAACGGTG-1,1
pbmc,AGGACTTGTAAGATCA-1,1
pbmc,AGGACTTGTACTAAGA-1,1
pbmc,AGGACTTGTCAGACTT-1,1
pbmc,AGGACTTGTCAGGAGT-1,1
pbmc,AGGACTTGTCGCGGTT-1,2
pbmc,AGGACTTGTGAGCGAT-1,1
pbmc,AGGACTTGTTCAGCGC-1,1
pbmc,AGGACTTGTTGGTACT-1,1
pbmc,AGGACTTTCATTATCC-1,1
pbmc,AGGACTTTCATTCGGA-1,1
pbmc,AGGACTTTCATTTCCA-1,1
pbmc,AGGACTTTCCCATACC-1,4
pbmc,AGGACTTTCCGTAGTA-1,1
pbmc,AGGACTTTCCTACCAC-1,191
pbmc,AGGACTTTCGTTGCCT-1,2
pbmc,AGGAGGTAGACAGCTG-1,1
pbmc,AGGAGGTAGAGTGACC-1,1
pbmc,AGGAGGTAGCCGTAAG-1,1
pbmc,AGGAGGTAGGAATTAC-1,1
pbmc,AGGAGGTAGGGCAGTT-1,1
pbmc,AGGAGGTAGGTCACAG-1,42
pbmc,AGGAGGTCAAAGGGTC-1,1
pbmc,AGGAGGTCAACTAGAA-1,1
pbmc,AGGAGGTCATGGCCAC-1,1
pbmc,AGGAGGTGTAAGGCCA-1,1
pbmc,AGGAGGTGTACAGTTC-1,1
pbmc,AGGAGGTGTCTCCGAG-1,1
pbmc,AGGAGGTGTTGCATTG-1,1
pbmc,AGGAGGTTCAAGCTGT-1,1
pbmc,AGGAGGTTCAGTCTTT-1,2
pbmc,AGGAGGTTCCTGATAG-1,1
pbmc,AGGAGGTTCGATTCCC-1,1
pbmc,AGGAGGTTCGTTGCCT-1,1
pbmc,AGGATAAAGAACAAGG-1,228
pbmc,AGGATAAAGCACCGAA-1,1
pbmc,AGGATAAAGGGCTAAC-1,1
pbmc,AGGATAAAGTCACGAG-1,1
pbmc,AGGATAAAGTCATGGG-1,1
pbmc,AGGATAAAGTGCCTCG-1,1
pbmc,AGGATAACAAAGGAGA-1,3
pbmc,AGGATAACAGGAATCG-1,1
pbmc,AGGATAACAGTTTCAG-1,1
pbmc,AGGATAACATGTACGT-1,1
pbmc,AGGATAACATGTTCGA-1,1
pbmc,AGGATAAGTAACTGCT-1,1
pbmc,AGGATAAGTATCGTAC-1,1
pbmc,AGGATAAGTCCGGATC-1,1
pbmc,AGGATAAGTGACAGCA-1,1
pbmc,AGGATAAGTGGATACG-1,2
pbmc,AGGATAAGTGGTATGG-1,1
pbmc,AGGATAAGTTACGGAG-1,1
pbmc,AGGATAAGTTAGGGAC-1,1
pbmc,AGGATAATCAAACGTC-1,1
pbmc,AGGATAATCAGGTTAT-1,1
pbmc,AGGATAATCCGATTAG-1,1
pbmc,AGGATAATCGCCAATA-1,1
pbmc,AGGATAATCTCAGAAC-1,1
pbmc,AGGATAATCTCATTAC-1,1
pbmc,AGGATAATCTCATTGT-1,1
pbmc,AGGATCTAGGGATCTG-1,1
pbmc,AGGATCTAGGTACTGG-1,1
pbmc,AGGATCTAGTCACGCC-1,1
pbmc,AGGATCTCAAATGCTC-1,1
pbmc,AGGATCTCAGATAAAC-1,1
pbmc,AGGATCTGTACAGAGC-1,1
pbmc,AGGATCTGTCCTCAGG-1,2
pbmc,AGGATCTGTCGGTAAG-1,1
pbmc,AGGATCTGTCTGATCA-1,1
pbmc,AGGATCTGTGCCTGCA-1,1
pbmc,AGGATCTGTGCTCTTC-1,1
pbmc,AGGATCTGTGCTTCAA-1,1
pbmc,AGGATCTGTGTCGCTG-1,1
pbmc,AGGATCTTCAAGTGTC-1,1
pbmc,AGGATCTTCACTCGAA-1,1
pbmc,AGGATCTTCGAAACAA-1,1
pbmc,AGGATCTTCGACTCCT-1,1
pbmc,AGGATCTTCGCTCTAC-1,1
pbmc,AGGATCTTCGTTGCCT-1,1
pbmc,AGGCATTAGAAACTGT-1,3
pbmc,AGGCATTAGAAGGCTC-1,1
pbmc,AGGCATTAGAGGCCAT-1,1
pbmc,AGGCATTAGATGTTGA-1,1
pbmc,AGGCATTAGTGCCTCG-1,1
pbmc,AGGCATTAGTTTGGCT-1,1
pbmc,AGGCATTCAAATGAAC-1,1
pbmc,AGGCATTCACCAAATC-1,1
pbmc,AGGCATTCAGGCATGA-1,1
pbmc,AGGCATTCATCCAACA-1,1
pbmc,AGGCATTCATGAGTAA-1,1
pbmc,AGGCATTCATTCGGGC-1,1
pbmc,AGGCATTCATTGAAAG-1,1
pbmc,AGGCATTGTAGCGCCT-1,1
pbmc,AGGCATTGTATGTCTG-1,1
pbmc,AGGCATTGTCCGTACG-1,1
pbmc,AGGCATTGTGGCATCC-1,1
pbmc,AGGCATTGTGTCGATT-1,1
pbmc,AGGCATTGTTGGGATG-1,1
pbmc,AGGCATTTCCTGGTCT-1,1
pbmc,AGGCATTTCGACGCTG-1,1
pbmc,AGGCCACAGAACGTGC-1,1
pbmc,AGGCCACAGAATACAC-1,1
pbmc,AGGCCACAGCAAGGAA-1,1
pbmc,AGGCCACAGCCGTCGT-1,1
pbmc,AGGCCACAGGACCAAT-1,2
pbmc,AGGCCACAGGGCCAAT-1,535
pbmc,AGGCCACAGTGAACAT-1,1
pbmc,AGGCCACAGTGACAGT-1,1
pbmc,AGGCCACAGTGCAAAT-1,1
pbmc,AGGCCACCAAACGGCA-1,1
pbmc,AGGCCACCAAGAGTTA-1,3
pbmc,AGGCCACCAATAACGA-1,1
pbmc,AGGCCACCAATACGCT-1,1
pbmc,AGGCCACCACATGACT-1,1
pbmc,AGGCCACCACCATATG-1,3
pbmc,AGGCCACCACCTGCGA-1,1
pbmc,AGGCCACCATGAAGGC-1,1
pbmc,AGGCCACGTAAGGATT-1,1
pbmc,AGGCCACGTACCCACG-1,1
pbmc,AGGCCACGTACGTGAG-1,1
pbmc,AGGCCACGTCACTTCC-1,1
pbmc,AGGCCACGTCATCGGC-1,1
pbmc,AGGCCACGTCTTTCAT-1,1
pbmc,AGGCCACGTGGCGCTT-1,1
pbmc,AGGCCACTCCACCTGT-1,2
pbmc,AGGCCACTCCACTTTA-1,1
pbmc,AGGCTGCAGAGTGAAG-1,2
pbmc,AGGCTGCAGCCAAGGT-1,1
pbmc,AGGCTGCAGCTCATAC-1,1
pbmc,AGGCTGCAGGCGTTAG-1,1
pbmc,AGGCTGCAGGGAGTGG-1,1
pbmc,AGGCTGCAGGGCTTCC-1,195
pbmc,AGGCTGCCAAGCTCTA-1,1
pbmc,AGGCTGCCAAGGAGTC-1,1
pbmc,AGGCTGCCACGAAAGC-1,1
pbmc,AGGCTGCCAGCATACT-1,1
pbmc,AGGCTGCCAGCCATTA-1,2
pbmc,AGGCTGCCAGTTCACA-1,1
pbmc,AGGCTGCCATGCCATA-1,2
pbmc,AGGCTGCGTACTGCCG-1,1
pbmc,AGGCTGCGTAGGCTCC-1,2
pbmc,AGGCTGCGTCAAGTTC-1,1
pbmc,AGGCTGCGTCGTCGGT-1,1
pbmc,AGGCTGCGTGTGTGTT-1,158
pbmc,AGGCTGCGTTCCTAAG-1,1
pbmc,AGGCTGCGTTCGAAGG-1,1
pbmc,AGGCTGCGTTCGGCCA-1,1
pbmc,AGGCTGCTCAAGCTGT-1,2
pbmc,AGGCTGCTCAATCCGA-1,1
pbmc,AGGCTGCTCACTACGA-1,1
pbmc,AGGCTGCTCCGCCTAT-1,1
pbmc,AGGCTGCTCGCGCCAA-1,1
pbmc,AGGCTGCTCGCTTTAT-1,2
pbmc,AGGCTGCTCTCTCGCA-1,10
pbmc,AGGCTGCTCTGGTGGC-1,2
pbmc,AGGCTGCTCTTGGCTC-1,1
pbmc,AGGGAGTAGATAGGGA-1,1
pbmc,AGGGAGTAGTGGGTCG-1,1
pbmc,AGGGAGTCAAGAGGCT-1,2
pbmc,AGGGAGTCACCATTCC-1,13
pbmc,AGGGAGTCACCGAATT-1,1
pbmc,AGGGAGTCAGGATGAC-1,1
pbmc,AGGGAGTCAGTCCATA-1,1
pbmc,AGGGAGTCAGTCGAGA-1,1
pbmc,AGGGAGTCAGTTCTAG-1,1
pbmc,AGGGAGTCATAAGATG-1,1
pbmc,AGGGAGTCATAGGTAA-1,1
pbmc,AGGGAGTCATCCGGTG-1,1
pbmc,AGGGAGTCATCTGTTT-1,1
pbmc,AGGGAGTCATTCAGCA-1,1
pbmc,AGGGAGTGTAGCGCCT-1,2
pbmc,AGGGAGTGTCATGACT-1,1
pbmc,AGGGAGTGTGAAATCA-1,1
pbmc,AGGGAGTGTGTCGCTG-1,194
pbmc,AGGGAGTGTGTGGTCC-1,1
pbmc,AGGGAGTGTTAGAGTA-1,1
pbmc,AGGGAGTTCATGTAGT-1,1
pbmc,AGGGAGTTCCGCACTT-1,1
pbmc,AGGGAGTTCCTCTCGA-1,1
pbmc,AGGGAGTTCCTCTTTC-1,1
pbmc,AGGGAGTTCCTTAGTC-1,1
pbmc,AGGGAGTTCGCAGTTA-1,1
pbmc,AGGGAGTTCGGAGTGA-1,1
pbmc,AGGGAGTTCTGACAGT-1,1
pbmc,AGGGAGTTCTTCGGTC-1,1
pbmc,AGGGCCTAGAACAAGG-1,2
pbmc,AGGGCCTAGACCTCCG-1,2
pbmc,AGGGCCTAGATAGCAT-1,1
pbmc,AGGGCCTAGGCGATAC-1,1
pbmc,AGGGCCTAGGGTACAC-1,1
pbmc,AGGGCCTAGGGTTTCT-1,1
pbmc,AGGGCCTAGTTCATCG-1,1
pbmc,AGGGCCTAGTTGCGCC-1,1
pbmc,AGGGCCTCAACTGATC-1,1
pbmc,AGGGCCTCAGAAATCA-1,1
pbmc,AGGGCCTCAGCAGATG-1,1
pbmc,AGGGCCTCATCATTTC-1,1
pbmc,AGGGCCTCATCTTCGC-1,1
pbmc,AGGGCCTGTTGGGTAG-1,1
pbmc,AGGGCCTGTTTCTTAC-1,1
pbmc,AGGGCCTTCAACGAGG-1,1
pbmc,AGGGCCTTCATTGTTC-1,1
pbmc,AGGGCCTTCCATAGAC-1,1
pbmc,AGGGCCTTCCTTCAGC-1,1
pbmc,AGGGCCTTCGAGCTGC-1,1
pbmc,AGGGCCTTCTACTCAT-1,1
pbmc,AGGGCCTTCTCCAAGA-1,1
pbmc,AGGGCCTTCTTGGTCC-1,1
pbmc,AGGGCTCAGAAGGTAG-1,1
pbmc,AGGGCTCAGAATTGTG-1,1
pbmc,AGGGCTCAGCCTGAAG-1,1
pbmc,AGGGCTCAGCGTGTTT-1,1
pbmc,AGGGCTCAGCTTTCCC-1,1
pbmc,AGGGCTCAGGCCTTCG-1,2
pbmc,AGGGCTCAGGGCAGAG-1,1
pbmc,AGGGCTCAGTCAAGCG-1,1
pbmc,AGGGCTCCAAACCATC-1,1
pbmc,AGGGCTCCAAACTGCT-1,1
pbmc,AGGGCTCCAAGACGGT-1,1
pbmc,AGGGCTCCAATACGCT-1,166
pbmc,AGGGCTCCAATTTCCT-1,1
pbmc,AGGGCTCCACGAAAGC-1,1
pbmc,AGGGCTCCAGGCTTGC-1,1
pbmc,AGGGCTCCATGTTACG-1,1
pbmc,AGGGCTCGTCGAATTC-1,1
pbmc,AGGGCTCGTGTGACCC-1,1
pbmc,AGGGCTCGTTGCCAAT-1,1
pbmc,AGGGCTCTCAAAGGAT-1,1
pbmc,AGGGCTCTCATTCGGA-1,1
pbmc,AGGGCTCTCCAGTGCG-1,1
pbmc,AGGGCTCTCGCGTGAC-1,1
pbmc,AGGGCTCTCGTTACCC-1,1
pbmc,AGGGCTCTCTAACACG-1,1
pbmc,AGGGCTCTCTGAGGCC-1,1
pbmc,AGGGCTCTCTGGGCAC-1,1
pbmc,AGGGCTCTCTGTCGTC-1,1
pbmc,AGGGCTCTCTTAGCCC-1,1
pbmc,AGGGCTCTCTTCGATT-1,2
pbmc,AGGGTCCAGCCACCGT-1,1
pbmc,AGGGTCCAGGCACGAT-1,1
pbmc,AGGGTCCAGGCATGGT-1,2
pbmc,AGGGTCCAGGTAGTAT-1,1
pbmc,AGGGTCCAGTAAATGC-1,1
pbmc,AGGGTCCAGTCACTGT-1,1
pbmc,AGGGTCCAGTCGAGGT-1,1
pbmc,AGGGTCCAGTCGTCTA-1,1
pbmc,AGGGTCCCACCAAAGG-1,1
pbmc,AGGGTCCCAGAAGTTA-1,1
pbmc,AGGGTCCCAGCCGTCA-1,2
pbmc,AGGGTCCCAGGACATG-1,132
pbmc,AGGGTCCCAGTAGTTC-1,181
pbmc,AGGGTCCCATGATGCT-1,1
pbmc,AGGGTCCGTCACTCTC-1,1
pbmc,AGGGTCCGTGGTAACG-1,3
pbmc,AGGGTCCGTGTTGACT-1,1
pbmc,AGGGTCCGTTAGAGTA-1,3
pbmc,AGGGTCCTCACGGGAA-1,2
pbmc,AGGGTCCTCATCCCGT-1,1
pbmc,AGGGTCCTCGATACGT-1,1
pbmc,AGGGTCCTCGATCCCT-1,1
pbmc,AGGGTCCTCTAAGAAG-1,1
pbmc,AGGGTGAAGAATCTAG-1,1
pbmc,AGGGTGAAGACGCCCT-1,1
pbmc,AGGGTGAAGACTTCAC-1,1
pbmc,AGGGTGAAGCCGTCGT-1,1
pbmc,AGGGTGAAGCGATCGA-1,1
pbmc,AGGGTGAAGCGTCTCG-1,1
pbmc,AGGGTGACAAACTCTG-1,1
pbmc,AGGGTGACAAGGACTG-1,2
pbmc,AGGGTGACAATCGCCG-1,1
pbmc,AGGGTGACAATGCTCA-1,1
pbmc,AGGGTGACACCTCGTT-1,1
pbmc,AGGGTGACACGAGAAC-1,2
pbmc,AGGGTGACAGTAACGG-1,1
pbmc,AGGGTGACAGTAGATA-1,1
pbmc,AGGGTGAGTACACTCA-1,1
pbmc,AGGGTGAGTATTGGCT-1,3
pbmc,AGGGTGAGTCAGTCCG-1,1
pbmc,AGGGTGAGTCAGTTTG-1,1
pbmc,AGGGTGAGTCCATACA-1,1
pbmc,AGGGTGAGTGCAAGAC-1,1
pbmc,AGGGTGAGTGGCTCTG-1,1
pbmc,AGGGTGAGTTAAGTCC-1,1
pbmc,AGGGTGAGTTCGATTG-1,1
pbmc,AGGGTGAGTTGACGTT-1,1
pbmc,AGGGTGAGTTGCTTGA-1,1
pbmc,AGGGTGATCAGCATAT-1,2
pbmc,AGGGTGATCAGCTGAC-1,1
pbmc,AGGGTGATCAGGCGAA-1,1
pbmc,AGGGTGATCCAGCCTT-1,1
pbmc,AGGGTGATCCATTTAC-1,1
pbmc,AGGGTGATCGTCAGAT-1,1
pbmc,AGGGTGATCTATGCCC-1,1
pbmc,AGGGTGATCTCGGCTT-1,1
pbmc,AGGGTGATCTGCTCTG-1,2
pbmc,AGGGTTTAGACAAGCC-1,3
pbmc,AGGGTTTAGATTGAGT-1,1
pbmc,AGGGTTTAGCAATTCC-1,1
pbmc,AGGGTTTAGCTTAGTC-1,1
pbmc,AGGGTTTAGTGATGGC-1,1
pbmc,AGGGTTTAGTGCAACG-1,1
pbmc,AGGGTTTAGTTAACAG-1,2
pbmc,AGGGTTTCAATCGCAT-1,1
pbmc,AGGGTTTCAATCGTCA-1,1
pbmc,AGGGTTTCAATTCTCT-1,1
pbmc,AGGGTTTCACAATTCG-1,1
pbmc,AGGGTTTCAGCAGTAG-1,1
pbmc,AGGGTTTCAGCGTGCT-1,256
pbmc,AGGGTTTCATCGGAAG-1,1
pbmc,AGGGTTTCATCGGTTA-1,2
pbmc,AGGGTTTGTCTGTGGC-1,1
pbmc,AGGGTTTGTGCATGTT-1,1
pbmc,AGGGTTTGTGTCCCTT-1,1
pbmc,AGGGTTTGTGTGCTTA-1,1
pbmc,AGGGTTTGTGTGTACT-1,1
pbmc,AGGGTTTGTTCCAGGC-1,1
pbmc,AGGGTTTTCCAAACCA-1,2
pbmc,AGGGTTTTCCGCAGTG-1,1
pbmc,AGGGTTTTCGCAGTGC-1,1
pbmc,AGGGTTTTCGTGTCAA-1,1
pbmc,AGGGTTTTCTCGCCTA-1,1
pbmc,AGGGTTTTCTTCGTGC-1,1
pbmc,AGGTAGGAGCACCGTC-1,1
pbmc,AGGTAGGAGGAAGTAG-1,238
pbmc,AGGTAGGAGTTCTCTT-1,1
pbmc,AGGTAGGAGTTTGGCT-1,1
pbmc,AGGTAGGCAAAGATTG-1,1
pbmc,AGGTAGGCAAAGCGTG-1,391
pbmc,AGGTAGGCACCTCAGG-1,1
pbmc,AGGTAGGCACGAAAGC-1,1
pbmc,AGGTAGGCACTCATAG-1,1
pbmc,AGGTAGGCATGGAGAC-1,1
pbmc,AGGTAGGGTACAACGG-1,1
pbmc,AGGTAGGGTAGATTAG-1,1
pbmc,AGGTAGGGTATTTCTC-1,1
pbmc,AGGTAGGGTCAGACTT-1,1
pbmc,AGGTAGGGTCCATCTC-1,1
pbmc,AGGTAGGGTCGGCCTA-1,1
pbmc,AGGTAGGGTCTAGGCC-1,1
pbmc,AGGTAGGGTTCCGCGA-1,1
pbmc,AGGTAGGTCAAAGACA-1,1
pbmc,AGGTAGGTCTCCGATC-1,2
pbmc,AGGTAGGTCTCGAGTA-1,1
pbmc,AGGTAGGTCTGTTCAT-1,2
pbmc,AGGTAGGTCTTCCAGC-1,1
pbmc,AGGTAGGTCTTGGGCG-1,1
pbmc,AGGTCATAGAATGTTG-1,1
pbmc,AGGTCATAGCTCACTA-1,1
pbmc,AGGTCATAGCTGTACT-1,1
pbmc,AGGTCATAGGACGCTA-1,1
pbmc,AGGTCATAGGCGTCCT-1,1
pbmc,AGGTCATAGTTCCTGA-1,1
pbmc,AGGTCATCACCGTGGT-1,1
pbmc,AGGTCATCACGTGTGC-1,1
pbmc,AGGTCATCATCGAAGG-1,2
pbmc,AGGTCATCATGGATCT-1,1
pbmc,AGGTCATCATTCTGTT-1,1
pbmc,AGGTCATGTAAGGGCT-1,2
pbmc,AGGTCATGTACGCTAT-1,1
pbmc,AGGTCATGTCTAGAGG-1,1
pbmc,AGGTCATGTCTTTCAT-1,1
pbmc,AGGTCATGTTCCTAGA-1,1
pbmc,AGGTCATTCAACCTTT-1,1
pbmc,AGGTCATTCAAGTCGT-1,123
pbmc,AGGTCATTCAAGTCTG-1,1
pbmc,AGGTCATTCACTGTTC-1,1
pbmc,AGGTCATTCAGAGTGG-1,1
pbmc,AGGTCATTCCTCCACA-1,2
pbmc,AGGTCATTCGTCTAAG-1,1
pbmc,AGGTCATTCTAGAGCT-1,1
pbmc,AGGTCTAAGAACCGCA-1,1
pbmc,AGGTCTAAGAATCTAG-1,1
pbmc,AGGTCTAAGCCTAACT-1,1
pbmc,AGGTCTAAGCTGACTT-1,1
pbmc,AGGTCTAAGGTCTACT-1,1
pbmc,AGGTCTAAGTCACTCA-1,1
pbmc,AGGTCTAAGTGATGGC-1,2
pbmc,AGGTCTAAGTGCCTCG-1,1
pbmc,AGGTCTACAACTTGCA-1,4
pbmc,AGGTCTACACGACCTG-1,1
pbmc,AGGTCTACACGCGCTA-1,1
pbmc,AGGTCTACAGGATGAC-1,1
pbmc,AGGTCTACATCGTTCC-1,1
pbmc,AGGTCTACATGGACAG-1,1
pbmc,AGGTCTACATGTCTAG-1,2
pbmc,AGGTCTAGTACAAGTA-1,1
pbmc,AGGTCTAGTAGCTTGT-1,1
pbmc,AGGTCTAGTCGCATCG-1,1
pbmc,AGGTCTAGTTCCTAAG-1,1
pbmc,AGGTCTAGTTCTCCCA-1,1
pbmc,AGGTCTAGTTCTTAGG-1,1
pbmc,AGGTCTATCAAATAGG-1,1
pbmc,AGGTCTATCATCACCC-1,1
pbmc,AGGTCTATCGTGGCGT-1,1
pbmc,AGGTCTATCTAACGCA-1,1
pbmc,AGGTCTATCTATGCCC-1,1
pbmc,AGGTCTATCTTGCGCT-1,1
pbmc,AGGTGTTAGCAATTAG-1,12
pbmc,AGGTGTTAGGGACAGG-1,1
pbmc,AGGTGTTAGGGTTAGC-1,1
pbmc,AGGTGTTAGTAGTCCT-1,1
pbmc,AGGTGTTAGTGTTGTC-1,1
pbmc,AGGTGTTAGTTGGGAC-1,1
pbmc,AGGTGTTCAACTACGT-1,1
pbmc,AGGTGTTCACACGGAA-1,1
pbmc,AGGTGTTCACTGTGAT-1,2
pbmc,AGGTGTTCAGCCATTA-1,1
pbmc,AGGTGTTCAGCGACCT-1,1
pbmc,AGGTGTTCAGGCTTGC-1,2
pbmc,AGGTGTTCATAGTCAC-1,1
pbmc,AGGTGTTCATAGTCGT-1,1
pbmc,AGGTGTTCATTAAGCC-1,272
pbmc,AGGTGTTGTACGTTCA-1,1
pbmc,AGGTGTTGTACTCGAT-1,1
pbmc,AGGTGTTGTAGATTAG-1,1
pbmc,AGGTGTTGTATCGCAT-1,1
pbmc,AGGTGTTGTCGATTAC-1,219
pbmc,AGGTGTTGTGGCTGAA-1,1
pbmc,AGGTGTTTCAAACCCA-1,1
pbmc,AGGTGTTTCAATGCAC-1,253
pbmc,AGGTGTTTCGACCATA-1,1
pbmc,AGGTGTTTCGAGTTGT-1,1
pbmc,AGGTGTTTCGATTACA-1,1
pbmc,AGGTGTTTCGTAACAC-1,1
pbmc,AGGTGTTTCGTTACCC-1,184
pbmc,AGGTGTTTCTGTCGTC-1,1
pbmc,AGGTTACAGCCTAACT-1,1
pbmc,AGGTTACAGGTGCGAT-1,323
pbmc,AGGTTACAGTAAACAC-1,1
pbmc,AGGTTACAGTAACGTA-1,1
pbmc,AGGTTACCACAACGCC-1,2
pbmc,AGGTTACCACCCAATA-1,1
pbmc,AGGTTACCACGCTATA-1,1
pbmc,AGGTTACCATCTTCGC-1,1
pbmc,AGGTTACCATGGCGCT-1,2
pbmc,AGGTTACCATGTCGTA-1,1
pbmc,AGGTTACCATGTTACG-1,1
pbmc,AGGTTACCATTGCTGA-1,1
pbmc,AGGTTACGTAATGCGG-1,1
pbmc,AGGTTACGTACGTAGG-1,1
pbmc,AGGTTACGTAGCGCTC-1,1
pbmc,AGGTTACGTCGCTCGA-1,1
pbmc,AGGTTACGTCTGATAC-1,432
pbmc,AGGTTACGTTCCACAA-1,1
pbmc,AGGTTACGTTGCCGAC-1,1
pbmc,AGGTTACTCAAACCTG-1,1
pbmc,AGGTTACTCGCAGTGC-1,1
pbmc,AGGTTACTCTAGTCAG-1,2
pbmc,AGGTTACTCTATCGTT-1,1
pbmc,AGGTTACTCTATTGTC-1,1
pbmc,AGGTTGTAGAATCTAG-1,1
pbmc,AGGTTGTAGACCGCCT-1,1
pbmc,AGGTTGTAGTATTAGG-1,1
pbmc,AGGTTGTAGTGACACG-1,1
pbmc,AGGTTGTAGTGCGCTC-1,1
pbmc,AGGTTGTCAAAGCACG-1,2
pbmc,AGGTTGTCAAATGAAC-1,1
pbmc,AGGTTGTCACATAACC-1,1
pbmc,AGGTTGTCACCATAAC-1,1
pbmc,AGGTTGTCACTGGCCA-1,1
pbmc,AGGTTGTCAGATCATC-1,1
pbmc,AGGTTGTCATTGACTG-1,1
pbmc,AGGTTGTGTATGGTAA-1,1
pbmc,AGGTTGTGTCTTACAG-1,1
pbmc,AGGTTGTGTGGCTTAT-1,1
pbmc,AGGTTGTTCACCCTCA-1,1
pbmc,AGGTTGTTCCAAATGC-1,1
pbmc,AGGTTGTTCCATTGCC-1,2
pbmc,AGGTTGTTCCCGAACG-1,1
pbmc,AGGTTGTTCCCTGGTT-1,2
pbmc,AGGTTGTTCCTGCTAC-1,1
pbmc,AGGTTGTTCTCGTGAA-1,1
pbmc,AGGTTGTTCTGGAGAG-1,1
pbmc,AGTAACCAGAAATCCA-1,1
pbmc,AGTAACCAGACGATAT-1,1
pbmc,AGTAACCAGCGTCGAA-1,1
pbmc,AGTAACCAGGCTCTAC-1,1
pbmc,AGTAACCAGTAAGACT-1,1
pbmc,AGTAACCCAAGCTCTA-1,117
pbmc,AGTAACCCAAGGAGTC-1,1
pbmc,AGTAACCCAAGTACCT-1,2
pbmc,AGTAACCCAGAGCTAG-1,1
pbmc,AGTAACCCATCCTTCG-1,1
pbmc,AGTAACCGTATTCTCT-1,2
pbmc,AGTAACCGTCTGTGGC-1,1
pbmc,AGTAACCGTCTTTCAT-1,1
pbmc,AGTAACCGTGGGACAT-1,1
pbmc,AGTAACCGTTCATCTT-1,1
pbmc,AGTAACCGTTGGTGTT-1,1
pbmc,AGTAACCTCAAACCTG-1,2
pbmc,AGTAACCTCCTAGAGT-1,4
pbmc,AGTAACCTCGTTGTAG-1,229
pbmc,AGTAACCTCTGTCTCG-1,1
pbmc,AGTACCAAGATGAAGG-1,2
pbmc,AGTACCAAGCCTCTCT-1,7
pbmc,AGTACCAAGCGGGTAT-1,1
pbmc,AGTACCAAGGAGTACC-1,1
pbmc,AGTACCAAGGCATCAG-1,1
pbmc,AGTACCACAAACACGG-1,1
pbmc,AGTACCACACACCTGG-1,1
pbmc,AGTACCACACAGCCAC-1,1
pbmc,AGTACCACACTGTCGG-1,1
pbmc,AGTACCACAGCTGGTC-1,1
pbmc,AGTACCACAGGACAGT-1,1
pbmc,AGTACCACATCATCCC-1,1
pbmc,AGTACCACATCCGCGA-1,1
pbmc,AGTACCACATGAGAAT-1,1
pbmc,AGTACCAGTAGACGGT-1,1
pbmc,AGTACCAGTAGATCCT-1,2
pbmc,AGTACCAGTCGTGGAA-1,1
pbmc,AGTACCAGTGATATAG-1,1
pbmc,AGTACCAGTGGGTCAA-1,315
pbmc,AGTACCAGTGGGTCTC-1,1
pbmc,AGTACCATCACCCATC-1,1
pbmc,AGTACCATCAGCTTGA-1,243
pbmc,AGTACCATCCAAACCA-1,1
pbmc,AGTACCATCCCTGGTT-1,1
pbmc,AGTACCATCCGCACTT-1,1
pbmc,AGTACCATCGCCTTGC-1,1
pbmc,AGTACCATCGCCTTGT-1,1
pbmc,AGTACCATCTCACTCG-1,1
pbmc,AGTACTGAGCAGCGAT-1,1
pbmc,AGTACTGAGCCGTTGC-1,2
pbmc,AGTACTGAGCTGGCTC-1,1
pbmc,AGTACTGAGTAACCGG-1,1
pbmc,AGTACTGCAAGGTACG-1,1
pbmc,AGTACTGCAAGTTCGT-1,1
pbmc,AGTACTGCAATCGCCG-1,1
pbmc,AGTACTGCACACTTAG-1,1
pbmc,AGTACTGCAGCTTCCT-1,1
pbmc,AGTACTGCAGCTTTCC-1,1
pbmc,AGTACTGCAGGCACAA-1,1
pbmc,AGTACTGGTATAGCTC-1,1
pbmc,AGTACTGGTATCGCGC-1,12
pbmc,AGTACTGGTGATGGCA-1,1
pbmc,AGTACTGTCAAACGTC-1,1
pbmc,AGTACTGTCAAGCCCG-1,1
pbmc,AGTACTGTCATTCACT-1,1
pbmc,AGTACTGTCCGTGTAA-1,1
pbmc,AGTACTGTCGGCCAAC-1,1
pbmc,AGTACTGTCGGTGAAG-1,1
pbmc,AGTACTGTCGTTGTAG-1,1
pbmc,AGTACTGTCTCGTTTA-1,1
pbmc,AGTACTGTCTGTCGTC-1,1
pbmc,AGTACTGTCTTCTGGC-1,1
pbmc,AGTAGCTAGAGGTTAT-1,1
pbmc,AGTAGCTAGGAGTACC-1,219
pbmc,AGTAGCTAGGATTGAC-1,2
pbmc,AGTAGCTAGGTAAGGA-1,3
pbmc,AGTAGCTAGGTGCTGA-1,1
pbmc,AGTAGCTAGTCTTCGA-1,1
pbmc,AGTAGCTCAAAGAACT-1,2
pbmc,AGTAGCTCAAATGATG-1,3
pbmc,AGTAGCTCACCGTCGA-1,1
pbmc,AGTAGCTCACTGCTTC-1,43
pbmc,AGTAGCTCAGAGGGTT-1,1
pbmc,AGTAGCTCAGGAACAC-1,1
pbmc,AGTAGCTCAGGCACTC-1,142
pbmc,AGTAGCTCATTATGCG-1,1
pbmc,AGTAGCTGTCCACACG-1,1
pbmc,AGTAGCTGTCCCTAAA-1,1
pbmc,AGTAGCTGTTAGAAAC-1,235
pbmc,AGTAGCTGTTCTTGTT-1,1
pbmc,AGTAGCTTCAAAGGAT-1,1
pbmc,AGTAGCTTCCGGCTTT-1,1
pbmc,AGTAGCTTCTCGGGAC-1,1
pbmc,AGTAGTCAGACGCATG-1,1
pbmc,AGTAGTCAGCAACCAG-1,1
pbmc,AGTAGTCAGCCGAACA-1,1
pbmc,AGTAGTCAGCGTGCTC-1,1
pbmc,AGTAGTCAGGCTCACC-1,1
pbmc,AGTAGTCCACATAGCT-1,1
pbmc,AGTAGTCCACTGGATT-1,2
pbmc,AGTAGTCCAGGAATGC-1,1
pbmc,AGTAGTCCATAATGCC-1,1
pbmc,AGTAGTCCATACGCCG-1,1
pbmc,AGTAGTCCATGTTGAC-1,1
pbmc,AGTAGTCGTAGTCGTT-1,1
pbmc,AGTAGTCGTAGTCTTG-1,1
pbmc,AGTAGTCGTATGACAA-1,306
pbmc,AGTAGTCGTCGACTGC-1,13
pbmc,AGTAGTCGTCTAGATC-1,5
pbmc,AGTAGTCGTCTGATCA-1,1
pbmc,AGTAGTCGTGCTGCAC-1,1
pbmc,AGTAGTCTCAAAGAAC-1,1
pbmc,AGTAGTCTCAGCCTCT-1,1
pbmc,AGTAGTCTCCCATGGG-1,1
pbmc,AGTAGTCTCCGCATAA-1,1
pbmc,AGTAGTCTCCGCGTTC-1,1
pbmc,AGTAGTCTCGATTTCT-1,1
pbmc,AGTAGTCTCTCCTGAC-1,1
pbmc,AGTCAACAGAGGAAAT-1,1
pbmc,AGTCAACAGCCTGGAA-1,1
pbmc,AGTCAACAGCTTCGTA-1,1
pbmc,AGTCAACAGGAAAGTG-1,2
pbmc,AGTCAACAGGGCAGAG-1,1
pbmc,AGTCAACAGGGCCAAT-1,1
pbmc,AGTCAACAGTCATGCT-1,295
pbmc,AGTCAACAGTCTCGTA-1,2
pbmc,AGTCAACAGTTGGAAT-1,1
pbmc,AGTCAACCACATTCTT-1,1
pbmc,AGTCAACCACCGAATT-1,1
pbmc,AGTCAACCACTACGGC-1,1
pbmc,AGTCAACCACTCATAG-1,1
pbmc,AGTCAACCACTTGTGA-1,1
pbmc,AGTCAACCATCCTCAC-1,1
pbmc,AGTCAACGTAACTTCG-1,1
pbmc,AGTCAACGTACACGCC-1,368
pbmc,AGTCAACGTAGCTTTG-1,1
pbmc,AGTCAACGTCACTTCC-1,1
pbmc,AGTCAACGTGAGCCAA-1,1
pbmc,AGTCAACGTGCACAAG-1,2
pbmc,AGTCAACGTGCTAGCC-1,1
pbmc,AGTCAACTCCAATCTT-1,1
pbmc,AGTCAACTCCTGTAGA-1,1
pbmc,AGTCAACTCGTAACAC-1,1
pbmc,AGTCAACTCTAAGAAG-1,1
pbmc,AGTCAACTCTCAACCC-1,1
pbmc,AGTCACAAGAACCGCA-1,1
pbmc,AGTCACAAGACTCGAG-1,1
pbmc,AGTCACAAGAGCCATG-1,1
pbmc,AGTCACAAGGAGGGTG-1,1
pbmc,AGTCACAAGTGTACCT-1,1
pbmc,AGTCACACAACCGCCA-1,2
pbmc,AGTCACACACAAATAG-1,1
pbmc,AGTCACACACGACTAT-1,1
pbmc,AGTCACACAGACGCTC-1,1
pbmc,AGTCACACAGTGCGCT-1,1
pbmc,AGTCACAGTATGTCAC-1,1
pbmc,AGTCACAGTCATAAAG-1,1
pbmc,AGTCACAGTCCACTCT-1,1
pbmc,AGTCACAGTCGAATGG-1,1
pbmc,AGTCACAGTGCGACAA-1,1
pbmc,AGTCACAGTGTCTAAC-1,1
pbmc,AGTCACAGTTCAGCGC-1,2
pbmc,AGTCACAGTTTGATCG-1,1
pbmc,AGTCACATCACCCTCA-1,1
pbmc,AGTCACATCATTCTTG-1,1
pbmc,AGTCACATCCTATTTG-1,2
pbmc,AGTCACATCCTGGGAC-1,1
pbmc,AGTCACATCGCCAGTG-1,1
pbmc,AGTCACATCGCTCCTA-1,1
pbmc,AGTCACATCGGCTCTT-1,1
pbmc,AGTCACATCTACTGCC-1,1
pbmc,AGTCACATCTAGGCAT-1,1
pbmc,AGTCACATCTCCCATG-1,52
pbmc,AGTCACATCTTTGCAT-1,2
pbmc,AGTCATGAGACGTCCC-1,1
pbmc,AGTCATGAGCCAGAGT-1,1
pbmc,AGTCATGAGGAAGTAG-1,1
pbmc,AGTCATGAGGCTATCT-1,1
pbmc,AGTCATGAGTGCGCTC-1,1
pbmc,AGTCATGCAACCACAT-1,1
pbmc,AGTCATGCACGAGGTA-1,1
pbmc,AGTCATGCACTGGCGT-1,1
pbmc,AGTCATGCACTTGAGT-1,1
pbmc,AGTCATGCAGCGTACC-1,1
pbmc,AGTCATGGTAAGGTCG-1,2
pbmc,AGTCATGGTATCGCTA-1,2
pbmc,AGTCATGGTATCTCTT-1,1
pbmc,AGTCATGGTCATTCCC-1,1
pbmc,AGTCATGGTTCCGCGA-1,1
pbmc,AGTCATGGTTGAGTCT-1,1
pbmc,AGTCATGGTTTGCAGT-1,2
pbmc,AGTCATGTCCACAGGC-1,1
pbmc,AGTCATGTCCCAGTGG-1,1
pbmc,AGTCATGTCCGACGGT-1,1
pbmc,AGTCATGTCGGAAACG-1,1
pbmc,AGTCTCCAGACATCAA-1,1
pbmc,AGTCTCCAGACCTCTG-1,1
pbmc,AGTCTCCAGATGAACT-1,1
pbmc,AGTCTCCAGCCATTCA-1,1
pbmc,AGTCTCCAGTGCACAG-1,1
pbmc,AGTCTCCAGTGTTCAC-1,1
pbmc,AGTCTCCCAACCGTGC-1,235
pbmc,AGTCTCCCAATTGAGA-1,1
pbmc,AGTCTCCCACCGTGCA-1,2
pbmc,AGTCTCCCACTAGGTT-1,1
pbmc,AGTCTCCCAGGTTTAC-1,1
pbmc,AGTCTCCCAGTAGGAC-1,1
pbmc,AGTCTCCCAGTCAGTT-1,1
pbmc,AGTCTCCCATGAGATA-1,1
pbmc,AGTCTCCCATTGACAC-1,1
pbmc,AGTCTCCGTATGGAAT-1,1
pbmc,AGTCTCCGTCTTACAG-1,1
pbmc,AGTCTCCGTCTTACTT-1,1
pbmc,AGTCTCCGTGAGTCAG-1,216
pbmc,AGTCTCCGTTCACCGG-1,1
pbmc,AGTCTCCTCATAAGGA-1,2
pbmc,AGTCTCCTCGTTCCTG-1,1
pbmc,AGTCTCCTCTCGACGG-1,1
pbmc,AGTCTCCTCTTGGTGA-1,1
pbmc,AGTGACTAGAAATTGC-1,1
pbmc,AGTGACTAGAATTCAG-1,1
pbmc,AGTGACTAGAATTGTG-1,1
pbmc,AGTGACTAGAGTTGTA-1,1
pbmc,AGTGACTAGCACTCTA-1,1
pbmc,AGTGACTAGCTGAAGC-1,1
pbmc,AGTGACTAGGAACTCG-1,1
pbmc,AGTGACTAGGTATAGT-1,1
pbmc,AGTGACTAGTTCGCAT-1,1
pbmc,AGTGACTCAAATCGGG-1,1
pbmc,AGTGACTCAAGATCCT-1,1
pbmc,AGTGACTCAATCAGCT-1,1
pbmc,AGTGACTCACTGTCGG-1,1
pbmc,AGTGACTCATATGCGT-1,1
pbmc,AGTGACTCATCGTCCT-1,1
pbmc,AGTGACTCATTAGGAA-1,1
pbmc,AGTGACTGTAAGCAAT-1,1
pbmc,AGTGACTGTAATCAGA-1,1
pbmc,AGTGACTGTACTTGTG-1,1
pbmc,AGTGACTGTATCAGGG-1,1
pbmc,AGTGACTGTGCCGTAC-1,1
pbmc,AGTGACTTCACCGGGT-1,1
pbmc,AGTGACTTCAGTGGGA-1,1
pbmc,AGTGACTTCCCTTGTG-1,1
pbmc,AGTGACTTCTCACGAA-1,1
pbmc,AGTGACTTCTTGGCTC-1,1
pbmc,AGTGATCAGAAATCCA-1,1
pbmc,AGTGATCAGATGAAGG-1,1
pbmc,AGTGATCAGATTGTGA-1,1
pbmc,AGTGATCAGCATCAAA-1,2
pbmc,AGTGATCAGCTCCATA-1,1
pbmc,AGTGATCAGGAGGTTC-1,1
pbmc,AGTGATCAGGGATCGT-1,1
pbmc,AGTGATCCAACTGTGT-1,1
pbmc,AGTGATCCAGTGTACT-1,2
pbmc,AGTGATCGTGGCTCTG-1,2
pbmc,AGTGATCGTGGTGATG-1,1
pbmc,AGTGATCGTTAGTCGT-1,2
pbmc,AGTGATCGTTATCTGG-1,1
pbmc,AGTGATCGTTATTCCT-1,1
pbmc,AGTGATCGTTGCCAAT-1,1
pbmc,AGTGATCGTTGTTGCA-1,2
pbmc,AGTGATCTCATGAGAA-1,2
pbmc,AGTGATCTCCACGGAC-1,1
pbmc,AGTGATCTCCCAGGCA-1,1
pbmc,AGTGATCTCGAAGGAC-1,1
pbmc,AGTGATCTCGTTCAGA-1,1
pbmc,AGTGATCTCTACACTT-1,1
pbmc,AGTGCCGAGCATGCAG-1,2
pbmc,AGTGCCGAGCGTATGG-1,1
pbmc,AGTGCCGAGGTGCCTC-1,1
pbmc,AGTGCCGCAACAGTGG-1,1
pbmc,AGTGCCGCAAGGTCTT-1,1
pbmc,AGTGCCGCACATGTTG-1,1
pbmc,AGTGCCGCACGAGGTA-1,1
pbmc,AGTGCCGCACTGGACC-1,3
pbmc,AGTGCCGCACTTGGCG-1,1
pbmc,AGTGCCGCAGTAGATA-1,1
pbmc,AGTGCCGCATACCGTA-1,1
pbmc,AGTGCCGCATCCGTTC-1,1
pbmc,AGTGCCGCATCTGGGC-1,225
pbmc,AGTGCCGCATGCACTA-1,2
pbmc,AGTGCCGCATGGAATA-1,1
pbmc,AGTGCCGGTACGTTCA-1,1
pbmc,AGTGCCGGTACTCGCG-1,1
pbmc,AGTGCCGGTAGTCACT-1,1
pbmc,AGTGCCGGTCGGAAAC-1,1
pbmc,AGTGCCGGTCTGTGAT-1,1
pbmc,AGTGCCGGTGACTCGC-1,3
pbmc,AGTGCCGGTGATACCT-1,1
pbmc,AGTGCCGGTGGGTCAA-1,1
pbmc,AGTGCCGGTTATTCCT-1,1
pbmc,AGTGCCGGTTCGTGCG-1,1
pbmc,AGTGCCGTCAGTGTTG-1,1
pbmc,AGTGCCGTCCACGTCT-1,1
pbmc,AGTGCCGTCGAGAAGC-1,1
pbmc,AGTGTTGAGCACGATG-1,1
pbmc,AGTGTTGAGCCTTGAT-1,1
pbmc,AGTGTTGAGCTCCGAC-1,1
pbmc,AGTGTTGAGGGAACAA-1,1
pbmc,AGTGTTGAGGTAGGCT-1,1
pbmc,AGTGTTGAGGTGGTTG-1,1
pbmc,AGTGTTGAGTAGCTCT-1,1
pbmc,AGTGTTGAGTCTGGAG-1,1
pbmc,AGTGTTGCAATACGAA-1,1
pbmc,AGTGTTGCACGACAGA-1,1
pbmc,AGTGTTGCAGCTGAGA-1,1
pbmc,AGTGTTGCATTGTCGA-1,1
pbmc,AGTGTTGGTACACGTT-1,1
pbmc,AGTGTTGGTAGTTAGA-1,1
pbmc,AGTGTTGGTATGGTTC-1,1
pbmc,AGTGTTGGTCAAGCGA-1,7
pbmc,AGTGTTGGTCGAACGA-1,1
pbmc,AGTGTTGGTCGCTCGA-1,1
pbmc,AGTGTTGGTGTCCAAT-1,1
pbmc,AGTGTTGGTTCGTAAC-1,1
pbmc,AGTGTTGGTTTGGGTT-1,1
pbmc,AGTGTTGTCATTGCGA-1,1
pbmc,AGTGTTGTCCCGAGTG-1,1
pbmc,AGTGTTGTCCGTAGGC-1,1
pbmc,AGTGTTGTCGGAGTAG-1,3
pbmc,AGTGTTGTCGTTCCCA-1,1
pbmc,AGTGTTGTCTATCACT-1,1
pbmc,AGTGTTGTCTCCTGAC-1,1
pbmc,AGTTAGCAGACCAGCA-1,1
pbmc,AGTTAGCAGAGGGTCT-1,1
pbmc,AGTTAGCAGATACAGT-1,1
pbmc,AGTTAGCAGATCACCT-1,1
pbmc,AGTTAGCAGCAGCCTC-1,1
pbmc,AGTTAGCAGCGAGAAA-1,1
pbmc,AGTTAGCAGCTACGTT-1,1
pbmc,AGTTAGCAGGCGAACT-1,1
pbmc,AGTTAGCAGGGCAACT-1,2
pbmc,AGTTAGCAGGTACAGC-1,1
pbmc,AGTTAGCAGTAGAATC-1,1
pbmc,AGTTAGCAGTCAGGGT-1,229
pbmc,AGTTAGCAGTCCCGGT-1,1
pbmc,AGTTAGCAGTCGCGAA-1,1
pbmc,AGTTAGCCACAGCCAC-1,2
pbmc,AGTTAGCCACCGTACG-1,1
pbmc,AGTTAGCCACTGTGTA-1,1
pbmc,AGTTAGCCAGGGTCTC-1,1
pbmc,AGTTAGCCAGTAGTTC-1,1
pbmc,AGTTAGCCATAGGTAA-1,1
pbmc,AGTTAGCCATGGCGCT-1,1
pbmc,AGTTAGCGTACCATAC-1,223
pbmc,AGTTAGCGTACCGGAA-1,1
pbmc,AGTTAGCGTAGTGATA-1,1
pbmc,AGTTAGCGTGTTCCAA-1,1
pbmc,AGTTAGCGTTAAGGGC-1,1
pbmc,AGTTAGCGTTCATCGA-1,184
pbmc,AGTTAGCGTTCCGTTC-1,1
pbmc,AGTTAGCTCACCGGGT-1,1
pbmc,AGTTAGCTCATCGGGC-1,1
pbmc,AGTTAGCTCCGTGTAA-1,1
pbmc,AGTTCCCAGAAGGCTC-1,1
pbmc,AGTTCCCAGCAAGTGC-1,1
pbmc,AGTTCCCAGCGCCGTT-1,1
pbmc,AGTTCCCAGGCTCTCA-1,1
pbmc,AGTTCCCAGGTGAGCT-1,1
pbmc,AGTTCCCAGTTGGGAC-1,1
pbmc,AGTTCCCCAAACAGGC-1,232
pbmc,AGTTCCCCAAACCACT-1,1
pbmc,AGTTCCCCAAAGCAAT-1,1
pbmc,AGTTCCCCAAATACGA-1,1
pbmc,AGTTCCCCAAGGTCAG-1,1
pbmc,AGTTCCCCACGATTCA-1,1
pbmc,AGTTCCCCACGCTGAC-1,1
pbmc,AGTTCCCCACGCTGCA-1,1
pbmc,AGTTCCCCACTCGATA-1,1
pbmc,AGTTCCCCAGAGGAAA-1,1
pbmc,AGTTCCCCAGCGTGCT-1,1
pbmc,AGTTCCCCAGTGCCTG-1,1
pbmc,AGTTCCCCATACTTTC-1,1
pbmc,AGTTCCCCATCAACCA-1,1
pbmc,AGTTCCCCATCCTATT-1,1
pbmc,AGTTCCCGTAGACAGC-1,1
pbmc,AGTTCCCGTGACGTCC-1,1
pbmc,AGTTCCCGTGGCTGAA-1,1
pbmc,AGTTCCCGTTACACTG-1,201
pbmc,AGTTCCCGTTCCGTTC-1,1
pbmc,AGTTCCCGTTGTTGAC-1,1
pbmc,AGTTCCCTCTACCTTA-1,1
pbmc,AGTTCCCTCTCGGTCT-1,1
pbmc,AGTTCCCTCTGCTGAA-1,13
pbmc,AGTTCCCTCTTCCCGA-1,1
pbmc,AGTTCGAAGCCTGGAA-1,1
pbmc,AGTTCGAAGCTACTGT-1,1
pbmc,AGTTCGAAGGCCTGCT-1,2
pbmc,AGTTCGAAGTATCTGC-1,1
pbmc,AGTTCGACAACAAGTA-1,1
pbmc,AGTTCGACACAGAGCA-1,1
pbmc,AGTTCGACACCCAATA-1,1
pbmc,AGTTCGACAGAGAATT-1,1
pbmc,AGTTCGACAGCACCCA-1,1
pbmc,AGTTCGACAGCATACT-1,1
pbmc,AGTTCGAGTAACATCC-1,1
pbmc,AGTTCGAGTACACTCA-1,1
pbmc,AGTTCGAGTATGCGTT-1,146
pbmc,AGTTCGAGTCTTCATT-1,1
pbmc,AGTTCGATCATTGTTC-1,2
pbmc,AGTTCGATCCCAAGCG-1,1
pbmc,AGTTCGATCCGCTAGG-1,1
pbmc,AGTTCGATCCTCACCA-1,1
pbmc,AGTTCGATCGCCTATC-1,1
pbmc,ATACCGAAGACTGGGT-1,1
pbmc,ATACCGAAGCACTTTG-1,2
pbmc,ATACCGAAGCATGATA-1,2
pbmc,ATACCGAAGCCAGTAG-1,1
pbmc,ATACCGAAGCGACTGA-1,1
pbmc,ATACCGAAGGTAAGTT-1,1
pbmc,ATACCGAAGGTAGCCA-1,1
pbmc,ATACCGAAGTGATAGT-1,1
pbmc,ATACCGACAAATCAAG-1,1
pbmc,ATACCGACAATCAGCT-1,1
pbmc,ATACCGACACACGGTC-1,247
pbmc,ATACCGACACAGCCTG-1,1
pbmc,ATACCGACACCATATG-1,1
pbmc,ATACCGACACTGCACG-1,2
pbmc,ATACCGACAGTATTCG-1,1
pbmc,ATACCGACATGACTAC-1,1
pbmc,ATACCGAGTAACCCTA-1,1
pbmc,ATACCGAGTAACTGCT-1,1
pbmc,ATACCGAGTACAAACA-1,1
pbmc,ATACCGAGTACCAGAG-1,1
pbmc,ATACCGAGTACCTATG-1,1
pbmc,ATACCGAGTCCCTAAA-1,1
pbmc,ATACCGAGTGAGGCAT-1,1
pbmc,ATACCGAGTGCCAAGA-1,1
pbmc,ATACCGAGTGGACTGA-1,1
pbmc,ATACCGAGTTAGCTAC-1,1
pbmc,ATACCGAGTTCGAAGG-1,1
pbmc,ATACCGATCAAGAATG-1,1
pbmc,ATACCGATCACGGAGA-1,1
pbmc,ATACCGATCCATCACC-1,1
pbmc,ATACCGATCCGATGCG-1,1
pbmc,ATACCGATCCTAAGTG-1,2
pbmc,ATACCGATCCTCCACA-1,1
pbmc,ATACCGATCGATTGGT-1,1
pbmc,ATACCGATCGGATACT-1,1
pbmc,ATACCGATCTAGGCCG-1,2
pbmc,ATACCTTAGACCAAAT-1,1
pbmc,ATACCTTAGCCTTTCC-1,1
pbmc,ATACCTTAGCGCCCAT-1,1
pbmc,ATACCTTAGGACAGTC-1,1
pbmc,ATACCTTAGGACATCG-1,1
pbmc,ATACCTTAGGCTCACC-1,1
pbmc,ATACCTTAGGGTTTCT-1,3
pbmc,ATACCTTAGTCTCTGA-1,1
pbmc,ATACCTTCAAATGCGG-1,1
pbmc,ATACCTTCAATAGTAG-1,1
pbmc,ATACCTTCAATTTCGG-1,1
pbmc,ATACCTTCACCCTTGT-1,2
pbmc,ATACCTTCAGGAGACT-1,1
pbmc,ATACCTTCAGGCCCTA-1,1
pbmc,ATACCTTCAGGTTTAC-1,1
pbmc,ATACCTTCATACCACA-1,1
pbmc,ATACCTTGTCTCGGGT-1,1
pbmc,ATACCTTGTCTTGCGG-1,1
pbmc,ATACCTTGTGCCTGAC-1,1
pbmc,ATACCTTGTTAACAGA-1,1
pbmc,ATACCTTGTTCTTGTT-1,1
pbmc,ATACCTTGTTTCCAAG-1,2
pbmc,ATACCTTGTTTGACAC-1,2
pbmc,ATACCTTTCACTACGA-1,1
pbmc,ATACCTTTCATTGCCC-1,3
pbmc,ATACCTTTCCGCAGTG-1,2
pbmc,ATACCTTTCCGTGGGT-1,1
pbmc,ATACTTCAGACCTGGA-1,1
pbmc,ATACTTCAGACGGTCA-1,1
pbmc,ATACTTCAGAGCACTG-1,1
pbmc,ATACTTCAGGTACATA-1,1
pbmc,ATACTTCAGTAAGGGA-1,1
pbmc,ATACTTCAGTCATGCT-1,1
pbmc,ATACTTCAGTCCGCCA-1,2
pbmc,ATACTTCAGTTTAGGA-1,2
pbmc,ATACTTCCAAGTGGCA-1,1
pbmc,ATACTTCCACGTCGGT-1,1
pbmc,ATACTTCCAGTCACGC-1,1
pbmc,ATACTTCCATCTAGAC-1,1
pbmc,ATACTTCCATCTTTCA-1,1
pbmc,ATACTTCGTACGACTT-1,430
pbmc,ATACTTCGTCCTGTCT-1,1
pbmc,ATACTTCGTCGATGCC-1,1
pbmc,ATACTTCGTCTGTCCT-1,1
pbmc,ATACTTCGTTCGGTAT-1,203
pbmc,ATACTTCGTTCTGACA-1,1
pbmc,ATACTTCTCAGCTGAT-1,293
pbmc,ATACTTCTCAGTTGAT-1,2
pbmc,ATACTTCTCATCACCT-1,1
pbmc,ATACTTCTCATGCCAA-1,1
pbmc,ATACTTCTCCCAACTC-1,2
pbmc,ATACTTCTCCTTCAGC-1,1
pbmc,ATACTTCTCGCCAGTG-1,1
pbmc,ATACTTCTCGCCGTGA-1,177
pbmc,ATAGACCAGAAGTCTA-1,1
pbmc,ATAGACCAGACCTGGA-1,1
pbmc,ATAGACCAGCATGCGA-1,1
pbmc,ATAGACCAGCCTATTG-1,1
pbmc,ATAGACCAGGGCATGT-1,1
pbmc,ATAGACCAGTCACGCC-1,1
pbmc,ATAGACCCAATGAAAC-1,2
pbmc,ATAGACCCACAAACGG-1,1
pbmc,ATAGACCCACAACATC-1,1
pbmc,ATAGACCCACATAACC-1,1
pbmc,ATAGACCCACATGAAA-1,1
pbmc,ATAGACCCAGACGCTC-1,1
pbmc,ATAGACCCATACAGCT-1,1
pbmc,ATAGACCCATGATAGA-1,1
pbmc,ATAGACCGTCAGCTTA-1,1
pbmc,ATAGACCGTCAGGCAA-1,1
pbmc,ATAGACCGTCTTCCGT-1,1
pbmc,ATAGACCGTGAGTGAC-1,1
pbmc,ATAGACCGTGCCTTCT-1,1
pbmc,ATAGACCGTTCGGTCG-1,1
pbmc,ATAGACCGTTGTCATG-1,1
pbmc,ATAGACCTCAACCGAT-1,1
pbmc,ATAGACCTCATTCACT-1,1
pbmc,ATAGACCTCCGCACAA-1,1
pbmc,ATAGACCTCCGCTTAC-1,168
pbmc,ATAGACCTCCTGGTCT-1,1
pbmc,ATAGACCTCTAAGCCA-1,1
pbmc,ATAGAGAAGAATCCCT-1,1
pbmc,ATAGAGAAGCAGGGAG-1,1
pbmc,ATAGAGAAGCTGACTT-1,2
pbmc,ATAGAGAAGGAAACGA-1,1
pbmc,ATAGAGAAGTATAGGT-1,1
pbmc,ATAGAGACAATCGAAA-1,1
pbmc,ATAGAGACACTCCCTA-1,1
pbmc,ATAGAGACAGCACAAG-1,1
pbmc,ATAGAGACATCCAACA-1,1
pbmc,ATAGAGACATCCGATA-1,1
pbmc,ATAGAGACATTGCAAC-1,1
pbmc,ATAGAGAGTACGAGTG-1,1
pbmc,ATAGAGAGTAGTTACC-1,1
pbmc,ATAGAGAGTCACGACC-1,1
pbmc,ATAGAGAGTGTCTAAC-1,1
pbmc,ATAGAGAGTTGCACGC-1,2
pbmc,ATAGAGAGTTTACGAC-1,1
pbmc,ATAGAGATCGTGGGTC-1,1
pbmc,ATAGAGATCTAGCCTC-1,1
pbmc,ATAGAGATCTGGACCG-1,1
pbmc,ATAGAGATCTGGAGAG-1,1
pbmc,ATAGAGATCTTCTAAC-1,1
pbmc,ATAGGCTAGAAGCGCT-1,1
pbmc,ATAGGCTAGACAACAT-1,1
pbmc,ATAGGCTAGCGGGTAT-1,1
pbmc,ATAGGCTAGCTCGAAG-1,2
pbmc,ATAGGCTAGGTAATCA-1,1
pbmc,ATAGGCTAGGTCCCTG-1,1
pbmc,ATAGGCTAGGTGCCTC-1,1
pbmc,ATAGGCTAGGTGGCTA-1,1
pbmc,ATAGGCTCAAATACGA-1,1
pbmc,ATAGGCTCACCCAACG-1,1
pbmc,ATAGGCTCACCTCAGG-1,1
pbmc,ATAGGCTCACGTATAC-1,1
pbmc,ATAGGCTCACTATCGA-1,1
pbmc,ATAGGCTCAGACCTGC-1,1
pbmc,ATAGGCTGTCATAAAG-1,1
pbmc,ATAGGCTGTCATCCGG-1,1
pbmc,ATAGGCTGTCGCAACC-1,2
pbmc,ATAGGCTGTCTATGAC-1,1
pbmc,ATAGGCTGTGGCAGAT-1,1
pbmc,ATAGGCTGTGTTACAC-1,177
pbmc,ATAGGCTGTGTTGACT-1,1
pbmc,ATAGGCTTCCATTTGT-1,1
pbmc,ATAGGCTTCCTGTTGC-1,1
pbmc,ATAGGCTTCGTGGGTC-1,2
pbmc,ATAGGCTTCTAAACGC-1,1
pbmc,ATAGGCTTCTACGCGG-1,1
pbmc,ATAGGCTTCTACTCAT-1,2
pbmc,ATAGGCTTCTCAAAGC-1,1
pbmc,ATATCCTAGATCACCT-1,1
pbmc,ATATCCTAGATGGGCT-1,1
pbmc,ATATCCTAGTCTCTGA-1,1
pbmc,ATATCCTAGTTGAATG-1,1
pbmc,ATATCCTCAAATGATG-1,1
pbmc,ATATCCTCACTGAATC-1,1
pbmc,ATATCCTCAGACACCC-1,1
pbmc,ATATCCTCATGTCTAG-1,1
pbmc,ATATCCTCATTGACAC-1,1
pbmc,ATATCCTCATTGGATC-1,1
pbmc,ATATCCTGTATGAGCG-1,201
pbmc,ATATCCTGTCCACTCT-1,1
pbmc,ATATCCTGTCCCTGTT-1,1
pbmc,ATATCCTGTGCAACGA-1,1
pbmc,ATATCCTTCAGCACCG-1,1
pbmc,ATATCCTTCCAAAGGG-1,1
pbmc,ATATCCTTCCAAGGGA-1,1
pbmc,ATATCCTTCCGCACGA-1,2
pbmc,ATATCCTTCGCGGACT-1,3
pbmc,ATATCCTTCGCTATTT-1,1
pbmc,ATATCCTTCTACCTTA-1,1
pbmc,ATATCCTTCTATACTC-1,1
pbmc,ATATCCTTCTCACTCG-1,1
pbmc,ATCACAGAGACGTCCC-1,451
pbmc,ATCACAGAGACGTCCT-1,2
pbmc,ATCACAGAGCCTGACC-1,1
pbmc,ATCACAGAGGAGAGGC-1,1
pbmc,ATCACAGAGTAGTCAA-1,1
pbmc,ATCACAGCAAAGTATG-1,2
pbmc,ATCACAGCAAGCTGTT-1,1
pbmc,ATCACAGCACATCATG-1,1
pbmc,ATCACAGCACTAGTAC-1,1
pbmc,ATCACAGCAGCGACCT-1,1
pbmc,ATCACAGCAGTAGAGC-1,1
pbmc,ATCACAGCATAGTCAC-1,1
pbmc,ATCACAGCATGACGTT-1,276
pbmc,ATCACAGGTACCTAAC-1,1
pbmc,ATCACAGGTCCACGCA-1,1
pbmc,ATCACAGGTCGGATTT-1,2
pbmc,ATCACAGGTGGAACCA-1,1
pbmc,ATCACAGGTGTAAACA-1,1
pbmc,ATCACAGTCACGAGGA-1,1
pbmc,ATCACAGTCATCGCCT-1,1
pbmc,ATCACAGTCCCGAGTG-1,2
pbmc,ATCACAGTCCGCAGTG-1,1
pbmc,ATCACAGTCGCAATTG-1,1
pbmc,ATCACAGTCGCAGAGA-1,1
pbmc,ATCACAGTCTATCCAT-1,1
pbmc,ATCACGAAGAAATTGC-1,1
pbmc,ATCACGAAGCCGTAAG-1,2
pbmc,ATCACGAAGGATGGCT-1,1
pbmc,ATCACGAAGGGTACAC-1,1
pbmc,ATCACGAAGTGCACCC-1,1
pbmc,ATCACGACAAGCCCAC-1,2
pbmc,ATCACGACACCGAAAG-1,1
pbmc,ATCACGACACTCAAGT-1,1
pbmc,ATCACGACATCACGAT-1,1
pbmc,ATCACGACATGGTAGG-1,1
pbmc,ATCACGAGTAACACCT-1,1
pbmc,ATCACGAGTCAAGTTC-1,1
pbmc,ATCACGAGTGCAGGAT-1,1
pbmc,ATCACGAGTGGCGAAT-1,1
pbmc,ATCACGAGTTCTCAGA-1,2
pbmc,ATCACGAGTTGCCAAT-1,1
pbmc,ATCACGAGTTGCTCGG-1,1
pbmc,ATCACGATCAACCTTT-1,1
pbmc,ATCACGATCAGAGCGA-1,1
pbmc,ATCACGATCCCTCATG-1,1
pbmc,ATCACGATCCGCAACG-1,196
pbmc,ATCACGATCGCGTCGA-1,1
pbmc,ATCACGATCGTTGCCT-1,1
pbmc,ATCACGATCTCCGATC-1,1
pbmc,ATCACGATCTTCGTAT-1,1
pbmc,ATCACTTAGCAAGCCA-1,1
pbmc,ATCACTTAGCGACCCT-1,1
pbmc,ATCACTTAGGATACAT-1,2
pbmc,ATCACTTAGGTTCCAT-1,1
pbmc,ATCACTTAGTGCACAG-1,1
pbmc,ATCACTTCAACTCGAT-1,1
pbmc,ATCACTTCACCTTCCA-1,1
pbmc,ATCACTTCAGGGCTTC-1,1
pbmc,ATCACTTCAGTAGAAT-1,1
pbmc,ATCACTTCATACTTTC-1,1
pbmc,ATCACTTCATTGTACG-1,1
pbmc,ATCACTTGTAGTTAGA-1,1
pbmc,ATCACTTGTCATTCCC-1,1
pbmc,ATCACTTGTCCAGTTA-1,1
pbmc,ATCACTTGTGAGTTGG-1,1
pbmc,ATCACTTGTGCTTATG-1,1
pbmc,ATCACTTGTGGACAGT-1,1
pbmc,ATCACTTGTGGCCACT-1,2
pbmc,ATCACTTGTGGCTGCT-1,472
pbmc,ATCACTTGTTCGCGTG-1,1
pbmc,ATCACTTTCAACCTTT-1,1
pbmc,ATCACTTTCACAACCA-1,1
pbmc,ATCACTTTCATACGGT-1,1
pbmc,ATCACTTTCGTTCTGC-1,1
pbmc,ATCACTTTCGTTGCCT-1,1
pbmc,ATCACTTTCTTCACGC-1,1
pbmc,ATCACTTTCTTGGCTC-1,1
pbmc,ATCAGGTAGAATAACC-1,1
pbmc,ATCAGGTAGCTCATAC-1,1
pbmc,ATCAGGTAGGCTAACG-1,1
pbmc,ATCAGGTAGTACAGAT-1,1
pbmc,ATCAGGTCAAATACAG-1,1
pbmc,ATCAGGTCAACCGGAA-1,1
pbmc,ATCAGGTCAAGGGCAT-1,1
pbmc,ATCAGGTCACCTCTAC-1,1
pbmc,ATCAGGTCACGTACTA-1,1
pbmc,ATCAGGTCACTACTTT-1,1
pbmc,ATCAGGTCAGGGTCTC-1,1
pbmc,ATCAGGTCAGTAGAAT-1,1
pbmc,ATCAGGTCATCTTCGC-1,1
pbmc,ATCAGGTCATGTGTCA-1,1
pbmc,ATCAGGTGTACGACAG-1,2
pbmc,ATCAGGTGTGGACTAG-1,1
pbmc,ATCAGGTGTGGCTGAA-1,1
pbmc,ATCAGGTGTGTAAACA-1,1
pbmc,ATCAGGTGTTCGTGCG-1,1
pbmc,ATCAGGTGTTGTTGAC-1,1
pbmc,ATCAGGTTCCAGTACA-1,1
pbmc,ATCAGGTTCCCGTGAG-1,1
pbmc,ATCAGGTTCCGATAAC-1,1
pbmc,ATCAGGTTCCTCGATC-1,1
pbmc,ATCAGGTTCGACATCA-1,1
pbmc,ATCAGGTTCGCATTAG-1,1
pbmc,ATCAGGTTCGTCGACG-1,2
pbmc,ATCAGGTTCTACACTT-1,1
pbmc,ATCATTCAGCACAAAT-1,1
pbmc,ATCATTCAGCATTGTC-1,1
pbmc,ATCATTCAGCCTAACT-1,1
pbmc,ATCATTCAGCTATCCA-1,1
pbmc,ATCATTCAGGCGCTCT-1,1
pbmc,ATCATTCAGGGAACAA-1,1
pbmc,ATCATTCAGGTCACTT-1,4
pbmc,ATCATTCAGTACGAGC-1,1
pbmc,ATCATTCCAAACGAGC-1,1
pbmc,ATCATTCCACACCGCA-1,1
pbmc,ATCATTCCACTACACA-1,1
pbmc,ATCATTCCACTACGGC-1,1
pbmc,ATCATTCCAGACAAGC-1,1
pbmc,ATCATTCCAGTGAGCA-1,2
pbmc,ATCATTCCATCAGCTA-1,1
pbmc,ATCATTCGTAAGATTG-1,1
pbmc,ATCATTCGTAGCGAGT-1,1
pbmc,ATCATTCGTCCATAGT-1,2
pbmc,ATCATTCGTCTGCAAT-1,1
pbmc,ATCATTCGTTGTACGT-1,1
pbmc,ATCATTCTCAAATGAG-1,1
pbmc,ATCATTCTCACAATGC-1,1
pbmc,ATCATTCTCACTTGTT-1,1
pbmc,ATCATTCTCAGACAAA-1,1
pbmc,ATCATTCTCATAGCAC-1,1
pbmc,ATCATTCTCATCTATC-1,2
pbmc,ATCATTCTCCCATAGA-1,2
pbmc,ATCATTCTCGTCGATA-1,1
pbmc,ATCCACCAGAAGCCTG-1,1
pbmc,ATCCACCAGACGCATG-1,1
pbmc,ATCCACCAGCACCAGA-1,1
pbmc,ATCCACCAGCCATTCA-1,1
pbmc,ATCCACCAGCTGAAGC-1,1
pbmc,ATCCACCAGGCTTTCA-1,1
pbmc,ATCCACCAGGTGACTA-1,1
pbmc,ATCCACCAGTAGTGAC-1,1
pbmc,ATCCACCAGTGCACCC-1,1
pbmc,ATCCACCCAAAGACTA-1,1
pbmc,ATCCACCCACCATAAC-1,1
pbmc,ATCCACCCAGCAGTGA-1,208
pbmc,ATCCACCCAGTTAGGG-1,1
pbmc,ATCCACCCAGTTTGGT-1,1
pbmc,ATCCACCCATCGGGTC-1,2
pbmc,ATCCACCCATGATCTG-1,1
pbmc,ATCCACCCATGTCTAG-1,197
pbmc,ATCCACCCATTGAAAG-1,1
pbmc,ATCCACCCATTGAGCT-1,1
pbmc,ATCCACCGTAGTAAGT-1,1
pbmc,ATCCACCGTCCGGTGT-1,1
pbmc,ATCCACCGTTTGTTGG-1,503
pbmc,ATCCACCTCAACCGAT-1,1
pbmc,ATCCACCTCACCACAA-1,1
pbmc,ATCCACCTCACCTCTG-1,1
pbmc,ATCCACCTCACCTTAT-1,1
pbmc,ATCCACCTCAGCCATG-1,1
pbmc,ATCCACCTCGACCATA-1,1
pbmc,ATCCATTAGACGCAGT-1,173
pbmc,ATCCATTAGACGTAGT-1,1
pbmc,ATCCATTAGAGCTGCA-1,1
pbmc,ATCCATTAGAGTAACT-1,1
pbmc,ATCCATTAGCGTTAGG-1,1
pbmc,ATCCATTAGGAGTACC-1,1
pbmc,ATCCATTAGTTACGTC-1,1
pbmc,ATCCATTCAAATACAG-1,1
pbmc,ATCCATTCAACACAGG-1,1
pbmc,ATCCATTCATACCGTA-1,1
pbmc,ATCCATTCATATGCGT-1,1
pbmc,ATCCATTGTAGCTAAA-1,1
pbmc,ATCCATTGTCTGATCA-1,1
pbmc,ATCCATTGTGCGACAA-1,1
pbmc,ATCCATTGTTGGGATG-1,1
pbmc,ATCCATTTCATCGTAG-1,1
pbmc,ATCCATTTCCGATCTC-1,1
pbmc,ATCCATTTCCGCACTT-1,1
pbmc,ATCCATTTCGAGATGG-1,1
pbmc,ATCCATTTCTTCGATT-1,1
pbmc,ATCCCTGAGATTCGCT-1,2
pbmc,ATCCCTGAGCTGACCC-1,1
pbmc,ATCCCTGAGGCGCTCT-1,1
pbmc,ATCCCTGAGTAATTGG-1,1
pbmc,ATCCCTGCAAATACGA-1,1
pbmc,ATCCCTGCAATTTCTC-1,199
pbmc,ATCCCTGCACTGATTG-1,1
pbmc,ATCCCTGCAGCTGTAT-1,1
pbmc,ATCCCTGCATGGGAAC-1,1
pbmc,ATCCCTGCATTCCTCG-1,1
pbmc,ATCCCTGGTACCACGC-1,1
pbmc,ATCCCTGGTATCTCGA-1,1
pbmc,ATCCCTGGTCACCACG-1,1
pbmc,ATCCCTGGTCCTCCTA-1,1
pbmc,ATCCCTGGTCTACTGA-1,1
pbmc,ATCCCTGGTCTCCTGT-1,1
pbmc,ATCCCTGGTGCCTGAC-1,1
pbmc,ATCCCTGGTGTCTTGA-1,1
pbmc,ATCCCTGGTGTGTCGC-1,1
pbmc,ATCCCTGGTTACCCAA-1,1
pbmc,ATCCCTGTCACCCTGT-1,1
pbmc,ATCCCTGTCAGCTCTC-1,1
pbmc,ATCCCTGTCATTGTGG-1,1
pbmc,ATCCCTGTCCTTCACG-1,1
pbmc,ATCCCTGTCGAGCTGC-1,1
pbmc,ATCCCTGTCGCAGTGC-1,1
pbmc,ATCCCTGTCTTCTGGC-1,1
pbmc,ATCCGTCAGAATCCCT-1,1
pbmc,ATCCGTCAGCACTTTG-1,1
pbmc,ATCCGTCAGCCACAAG-1,1
pbmc,ATCCGTCAGCCTTCTC-1,2
pbmc,ATCCGTCAGGGTTAGC-1,1
pbmc,ATCCGTCAGTAGAGTT-1,1
pbmc,ATCCGTCCAACTCCCT-1,247
pbmc,ATCCGTCCAGCACGAA-1,1
pbmc,ATCCGTCCAGCTATTG-1,1
pbmc,ATCCGTCCAGTTCACA-1,1
pbmc,ATCCGTCGTCGTTGCG-1,1
pbmc,ATCCGTCGTTGCCATA-1,1
pbmc,ATCCGTCTCGAATGCT-1,1
pbmc,ATCCGTCTCGAGAGCA-1,1
pbmc,ATCCTATAGGAAAGGT-1,1
pbmc,ATCCTATAGGAACTAT-1,2
pbmc,ATCCTATAGGCATGGT-1,1
pbmc,ATCCTATAGGCTGAAC-1,1
pbmc,ATCCTATAGGGACAGG-1,2
pbmc,ATCCTATAGTTCGGTT-1,1
pbmc,ATCCTATAGTTGCCTA-1,1
pbmc,ATCCTATCAAGAGATT-1,1
pbmc,ATCCTATCAAGTATAG-1,1
pbmc,ATCCTATCACAAACGG-1,1
pbmc,ATCCTATCACGACCTG-1,1
pbmc,ATCCTATCAGAAGTTA-1,1
pbmc,ATCCTATCAGTGGCTC-1,1
pbmc,ATCCTATCATGTTCAG-1,1
pbmc,ATCCTATCATTGCTGA-1,1
pbmc,ATCCTATGTCCACTCT-1,1
pbmc,ATCCTATGTCTGTGCG-1,159
pbmc,ATCCTATGTGCGTCGT-1,1
pbmc,ATCCTATGTTCCCAAA-1,1
pbmc,ATCCTATGTTCCTAGA-1,1
pbmc,ATCCTATGTTCTCCCA-1,1
pbmc,ATCCTATGTTGCTCCT-1,2
pbmc,ATCCTATTCAAACCCA-1,1
pbmc,ATCCTATTCATCCTAT-1,1
pbmc,ATCCTATTCATTTACC-1,1
pbmc,ATCCTATTCCGTATAG-1,1
pbmc,ATCCTATTCCTAGCGG-1,1
pbmc,ATCCTATTCGAGAATA-1,1
pbmc,ATCCTATTCGTAACCA-1,1
pbmc,ATCCTATTCTCTGCCA-1,1
pbmc,ATCCTATTCTCTTCAA-1,1
pbmc,ATCGATGAGACCAAGC-1,1
pbmc,ATCGATGAGATGAAGG-1,3
pbmc,ATCGATGAGCTGAGCA-1,1
pbmc,ATCGATGAGGTACTGG-1,2
pbmc,ATCGATGAGTCATCGT-1,1
pbmc,ATCGATGCAACGGCTC-1,218
pbmc,ATCGATGCAAGGGCAT-1,1
pbmc,ATCGATGCAGATGCGA-1,1
pbmc,ATCGATGCATGCCGGT-1,1
pbmc,ATCGATGCATGGAAGC-1,1
pbmc,ATCGATGCATGGCTGC-1,1
pbmc,ATCGATGGTACCAATC-1,1
pbmc,ATCGATGGTAGCGAGT-1,1
pbmc,ATCGATGGTATCGAGG-1,1
pbmc,ATCGATGGTATGCGTT-1,1
pbmc,ATCGATGGTCAATCTG-1,275
pbmc,ATCGATGGTCATAACC-1,1
pbmc,ATCGATGGTCGCAACC-1,1
pbmc,ATCGATGGTCGTACAT-1,1
pbmc,ATCGATGGTGAATATG-1,1
pbmc,ATCGATGGTGTTGACT-1,1
pbmc,ATCGATGGTTGCATTG-1,2
pbmc,ATCGATGTCCCATACC-1,1
pbmc,ATCGATGTCCTTATAC-1,1
pbmc,ATCGATGTCGAGAGCA-1,1
pbmc,ATCGATGTCGAGTACT-1,1
pbmc,ATCGCCTAGAGAACCC-1,1
pbmc,ATCGCCTAGAGCAGCT-1,2
pbmc,ATCGCCTAGCGGGTTA-1,1
pbmc,ATCGCCTAGCGTGCCT-1,1
pbmc,ATCGCCTAGGTGGCTA-1,1
pbmc,ATCGCCTAGTGAATAC-1,1
pbmc,ATCGCCTAGTTCATCG-1,1
pbmc,ATCGCCTCAAAGACTA-1,1
pbmc,ATCGCCTCAATTTCGG-1,1
pbmc,ATCGCCTCAGTAACGG-1,2
pbmc,ATCGCCTGTATCGGTT-1,1
pbmc,ATCGCCTGTCAGTCCG-1,1
pbmc,ATCGCCTGTGAGCGAT-1,1
pbmc,ATCGCCTGTGGCTAGA-1,1
pbmc,ATCGCCTGTTTGACAC-1,1
pbmc,ATCGCCTTCACATTGG-1,2
pbmc,ATCGCCTTCACTCCGT-1,1
pbmc,ATCGCCTTCACTTATC-1,1
pbmc,ATCGCCTTCCATGATG-1,1
pbmc,ATCGCCTTCGGAACTT-1,1
pbmc,ATCGCCTTCGGAATTC-1,1
pbmc,ATCGCCTTCTCCAAGA-1,1
pbmc,ATCGCCTTCTCCGAGG-1,1
pbmc,ATCGGATAGCAAGCCA-1,1
pbmc,ATCGGATAGCGTTAGG-1,1
pbmc,ATCGGATAGGAAAGGT-1,269
pbmc,ATCGGATCAACCAGAG-1,2
pbmc,ATCGGATCACACCTTC-1,1
pbmc,ATCGGATCACCTGAAT-1,1
pbmc,ATCGGATCATGACCCG-1,1
pbmc,ATCGGATCATGTTCGA-1,1
pbmc,ATCGGATGTAATGCGG-1,3
pbmc,ATCGGATGTAGTTCCA-1,1
pbmc,ATCGGATGTCAGTCGC-1,1
pbmc,ATCGGATGTTTACGAC-1,1
pbmc,ATCGGATTCAACTCTT-1,1
pbmc,ATCGGATTCACCATAG-1,1
pbmc,ATCGGATTCAGTCAGT-1,1
pbmc,ATCGGATTCCATTTCA-1,1
pbmc,ATCGGATTCCCACAGG-1,1
pbmc,ATCGGATTCGTCCTCA-1,1
pbmc,ATCGGATTCTACCACC-1,1
pbmc,ATCGGCGAGACCTCAT-1,1
pbmc,ATCGGCGAGAGGTGCT-1,1
pbmc,ATCGGCGAGATGGGCT-1,1
pbmc,ATCGGCGAGCACGTCC-1,1
pbmc,ATCGGCGAGCACTCGC-1,1
pbmc,ATCGGCGAGGAGCTGT-1,1
pbmc,ATCGGCGAGGAGTATT-1,1
pbmc,ATCGGCGAGTCCTACA-1,102
pbmc,ATCGGCGCACAACATC-1,1
pbmc,ATCGGCGCACATACGT-1,1
pbmc,ATCGGCGCACCAATTG-1,1
pbmc,ATCGGCGCACCACATA-1,1
pbmc,ATCGGCGCACCGTGCA-1,1
pbmc,ATCGGCGCACTTGGCG-1,2
pbmc,ATCGGCGCAGGTACGA-1,1
pbmc,ATCGGCGCATGACTTG-1,2
pbmc,ATCGGCGCATTCCTCG-1,1
pbmc,ATCGGCGGTATTTCCT-1,1
pbmc,ATCGGCGGTCCAGAAG-1,1
pbmc,ATCGGCGGTCCATACA-1,1
pbmc,ATCGGCGGTCGGCTAC-1,1
pbmc,ATCGGCGGTGGATCAG-1,1
pbmc,ATCGGCGGTTAGGAGC-1,1
pbmc,ATCGGCGTCAAGCTTG-1,1
pbmc,ATCGGCGTCATTGCCC-1,1
pbmc,ATCGGCGTCCATGAGT-1,1
pbmc,ATCGGCGTCTATCGCC-1,1
pbmc,ATCGGCGTCTGTTCAT-1,1
pbmc,ATCGTAGAGGTCTACT-1,1
pbmc,ATCGTAGCAACACACT-1,1
pbmc,ATCGTAGCAAGATTGA-1,1
pbmc,ATCGTAGCAAGCCTGC-1,1
pbmc,ATCGTAGCAATCCTTT-1,1
pbmc,ATCGTAGCATCGGAGA-1,102
pbmc,ATCGTAGGTACGAAAT-1,1
pbmc,ATCGTAGGTCGTGCCA-1,1
pbmc,ATCGTAGGTCTCTCCA-1,1
pbmc,ATCGTAGGTGATGAAT-1,1
pbmc,ATCGTAGGTGCATTAC-1,1
pbmc,ATCGTAGGTGTCATCA-1,1
pbmc,ATCGTAGGTTGTAAAG-1,1
pbmc,ATCGTAGTCCATCCGT-1,1
pbmc,ATCGTAGTCGGCCAAC-1,1
pbmc,ATCGTAGTCTGAGGTT-1,2
pbmc,ATCGTAGTCTGGCCGA-1,1
pbmc,ATCGTCCAGAGGTGCT-1,1
pbmc,ATCGTCCAGATTGACA-1,1
pbmc,ATCGTCCAGCCTGAAG-1,391
pbmc,ATCGTCCAGCTAGCCC-1,1
pbmc,ATCGTCCAGGATGGCT-1,1
pbmc,ATCGTCCAGGCTAGCA-1,1
pbmc,ATCGTCCAGTATCTGC-1,1
pbmc,ATCGTCCAGTCAGGGT-1,2
pbmc,ATCGTCCAGTCCTACA-1,1
pbmc,ATCGTCCCAAAGGCAC-1,1
pbmc,ATCGTCCCAAATGCTC-1,1
pbmc,ATCGTCCCAAATGGAT-1,1
pbmc,ATCGTCCCAACTGCTA-1,1
pbmc,ATCGTCCCAATTGAAG-1,1
pbmc,ATCGTCCCAGTCTCTC-1,1
pbmc,ATCGTCCGTACTAACC-1,1
pbmc,ATCGTCCGTATGAGGC-1,277
pbmc,ATCGTCCGTCAACACT-1,1
pbmc,ATCGTCCGTCAAGCCC-1,1
pbmc,ATCGTCCGTCCACGCA-1,1
pbmc,ATCGTCCGTCTGTAAC-1,1
pbmc,ATCGTCCGTGATTCTG-1,1
pbmc,ATCGTCCGTGCATGAG-1,1
pbmc,ATCGTCCGTTCTCCCA-1,1
pbmc,ATCGTCCGTTTGCCGG-1,2
pbmc,ATCGTCCTCCAACACA-1,1
pbmc,ATCGTCCTCGGAGCAA-1,372
pbmc,ATCGTCCTCGGATAAA-1,1
pbmc,ATCGTCCTCGTACACA-1,1
pbmc,ATCGTCCTCGTGGGTC-1,1
pbmc,ATCGTCCTCTAAACGC-1,1
pbmc,ATCGTCCTCTCCAAGA-1,1
pbmc,ATCGTCCTCTGCCCTA-1,1
pbmc,ATCGTCCTCTTGAGCA-1,1
pbmc,ATCGTGAAGACCATAA-1,1
pbmc,ATCGTGAAGCAGATAT-1,119
pbmc,ATCGTGACAAAGGCTG-1,1
pbmc,ATCGTGACACATATGC-1,1
pbmc,ATCGTGACAGGACATG-1,1
pbmc,ATCGTGAGTGAGACCA-1,1
pbmc,ATCGTGAGTGTCATTG-1,1
pbmc,ATCGTGAGTGTTTCTT-1,1
pbmc,ATCGTGAGTTAAAGTG-1,1
pbmc,ATCGTGAGTTCTGAGT-1,1
pbmc,ATCGTGATCAGTCAGT-1,1
pbmc,ATCGTGATCCGTTTCG-1,1
pbmc,ATCGTGATCTACTGAG-1,1
pbmc,ATCTCTAAGACCAGAC-1,2
pbmc,ATCTCTAAGAGACAAG-1,1
pbmc,ATCTCTAAGTAGGAAG-1,1
pbmc,ATCTCTAAGTGAGGTC-1,1
pbmc,ATCTCTAAGTTGCGCC-1,1
pbmc,ATCTCTAAGTTGTCGT-1,1
pbmc,ATCTCTACAAGAAACT-1,423
pbmc,ATCTCTACAAGAAATC-1,2
pbmc,ATCTCTACAAGGCGTA-1,1
pbmc,ATCTCTAGTAAGACCG-1,1
pbmc,ATCTCTAGTATGTCCA-1,1
pbmc,ATCTCTAGTCCTGGTG-1,1
pbmc,ATCTCTAGTCGTGGTC-1,177
pbmc,ATCTCTAGTCTGTCCT-1,2
pbmc,ATCTCTAGTGGCTACC-1,1
pbmc,ATCTCTAGTGTTAGCT-1,1
pbmc,ATCTCTATCACCTCGT-1,1
pbmc,ATCTCTATCGCCACTT-1,1
pbmc,ATCTCTATCGGCAGTC-1,1
pbmc,ATCTCTATCTCGACGG-1,1
pbmc,ATCTTCAAGAAGAGCA-1,134
pbmc,ATCTTCAAGAGTGACC-1,1
pbmc,ATCTTCAAGTAACGAT-1,1
pbmc,ATCTTCAAGTATGAAC-1,2
pbmc,ATCTTCACAAACAGGC-1,1
pbmc,ATCTTCACAACCGATT-1,1
pbmc,ATCTTCACAAGTGCAG-1,1
pbmc,ATCTTCACACACCAGC-1,1
pbmc,ATCTTCACACGTAACT-1,1
pbmc,ATCTTCACACGTCGTG-1,1
pbmc,ATCTTCACACTTCCTG-1,1
pbmc,ATCTTCACAGGTCAGA-1,1
pbmc,ATCTTCACATACTGAC-1,196
pbmc,ATCTTCACATAGGTTC-1,2
pbmc,ATCTTCAGTAGTCTGT-1,1
pbmc,ATCTTCAGTCTCTCCA-1,167
pbmc,ATCTTCAGTCTGTTAG-1,1
pbmc,ATCTTCAGTGAATAAC-1,1
pbmc,ATCTTCAGTGGTCTAT-1,1
pbmc,ATCTTCAGTGTATACC-1,1
pbmc,ATCTTCAGTTATCCAG-1,1
pbmc,ATCTTCAGTTGTTTGG-1,1
pbmc,ATCTTCATCAAGATAG-1,1
pbmc,ATCTTCATCATATGGC-1,2
pbmc,ATCTTCATCCACAGCG-1,1
pbmc,ATCTTCATCCCAGTGG-1,1
pbmc,ATCTTCATCCTCACGT-1,1
pbmc,ATCTTCATCGAAGCAG-1,1
pbmc,ATCTTCATCTCATAGG-1,166
pbmc,ATCTTCATCTGGTGCG-1,1
pbmc,ATGAAAGAGACTCAAA-1,2
pbmc,ATGAAAGAGACTTCCA-1,1
pbmc,ATGAAAGAGCTTTCCC-1,1
pbmc,ATGAAAGAGGAGAGGC-1,1
pbmc,ATGAAAGAGGTCACAG-1,1
pbmc,ATGAAAGAGTGATCGG-1,2
pbmc,ATGAAAGCAAGAAACT-1,1
pbmc,ATGAAAGCAATCTCTT-1,1
pbmc,ATGAAAGCACCGGCTA-1,1
pbmc,ATGAAAGCACCTGATA-1,1
pbmc,ATGAAAGCAGCAGACA-1,1
pbmc,ATGAAAGCAGGTGGAT-1,1
pbmc,ATGAAAGCAGGTTACT-1,1
pbmc,ATGAAAGGTAACAAGT-1,1
pbmc,ATGAAAGGTAAGCTCT-1,1
pbmc,ATGAAAGGTACTTCCC-1,1
pbmc,ATGAAAGGTAGCGAGT-1,1
pbmc,ATGAAAGGTCAAATCC-1,1
pbmc,ATGAAAGGTCATGACT-1,1
pbmc,ATGAAAGGTCGGTAAG-1,1
pbmc,ATGAAAGGTCTACATG-1,1
pbmc,ATGAAAGGTGACAGGT-1,1
pbmc,ATGAAAGGTGTCTCCT-1,1
pbmc,ATGAAAGGTTACACTG-1,1
pbmc,ATGAAAGGTTTGCCGG-1,1
pbmc,ATGAAAGGTTTGTTCT-1,1
pbmc,ATGAAAGTCCTTATGT-1,322
pbmc,ATGAAAGTCTTCGTGC-1,1
pbmc,ATGACCAAGGAGAGGC-1,1
pbmc,ATGACCAAGGCATGCA-1,1
pbmc,ATGACCAAGGCTAACG-1,337
pbmc,ATGACCAAGGCTCCCA-1,2
pbmc,ATGACCAAGGGCAATC-1,1
pbmc,ATGACCAAGGTATTGA-1,1
pbmc,ATGACCAAGTATTAGG-1,1
pbmc,ATGACCAAGTGAGCCA-1,1
pbmc,ATGACCACAAACGAGC-1,1
pbmc,ATGACCACAATATCCG-1,305
pbmc,ATGACCACACCATATG-1,1
pbmc,ATGACCACACGACGTC-1,1
pbmc,ATGACCACAGACAAGC-1,1
pbmc,ATGACCACAGCAGGAT-1,1
pbmc,ATGACCACAGTAGATA-1,1
pbmc,ATGACCACATTCTCCG-1,1
pbmc,ATGACCAGTAGGTTTC-1,1
pbmc,ATGACCAGTATAGCTC-1,2
pbmc,ATGACCAGTATCATGC-1,1
pbmc,ATGACCAGTATGTCTG-1,1
pbmc,ATGACCAGTCGAGATG-1,2
pbmc,ATGACCAGTCTTGCTC-1,1
pbmc,ATGACCAGTGTTTCTT-1,1
pbmc,ATGACCAGTTCTCCAC-1,1
pbmc,ATGACCAGTTTAAGGA-1,1
pbmc,ATGACCATCAATCGGT-1,2
pbmc,ATGACCATCCCGATCT-1,1
pbmc,ATGACCATCCTCATAT-1,1
pbmc,ATGACCATCGCATTAG-1,1
pbmc,ATGACCATCTCGCAGG-1,1
pbmc,ATGAGGGAGCTGAAAT-1,1
pbmc,ATGAGGGAGTAGAATC-1,1
pbmc,ATGAGGGAGTAGACCG-1,1
pbmc,ATGAGGGAGTCTGGAG-1,1
pbmc,ATGAGGGAGTGTTCAC-1,1
pbmc,ATGAGGGCAAATCGTC-1,1
pbmc,ATGAGGGCACAACGTT-1,1
pbmc,ATGAGGGCACAGGATG-1,1
pbmc,ATGAGGGCACTTCCTG-1,1
pbmc,ATGAGGGGTACACGTT-1,1
pbmc,ATGAGGGGTACTGACT-1,1
pbmc,ATGAGGGGTATACCCA-1,1
pbmc,ATGAGGGGTCACAGAG-1,1
pbmc,ATGAGGGGTCATGCAT-1,1
pbmc,ATGAGGGGTGAGACGT-1,1
pbmc,ATGAGGGGTGAGCGAT-1,1
pbmc,ATGAGGGGTGATAGAT-1,1
pbmc,ATGAGGGGTGTTTGCA-1,1
pbmc,ATGAGGGGTTATAGCC-1,1
pbmc,ATGAGGGGTTCTCAGA-1,1
pbmc,ATGAGGGTCGACATTG-1,1
pbmc,ATGAGGGTCGATGGAG-1,2
pbmc,ATGAGGGTCGCCGAAC-1,1
pbmc,ATGAGGGTCGCTCTCA-1,1
pbmc,ATGAGGGTCTCTGACC-1,1
pbmc,ATGAGGGTCTGTCCCA-1,1
pbmc,ATGAGGGTCTTACCGC-1,2
pbmc,ATGAGTCAGCGTCTGC-1,3
pbmc,ATGAGTCAGGTCGTAG-1,1
pbmc,ATGAGTCCAAACTCGT-1,1
pbmc,ATGAGTCCAAAGTATG-1,1
pbmc,ATGAGTCCAATCAGCT-1,1
pbmc,ATGAGTCCACAACCGC-1,1
pbmc,ATGAGTCCAGAGGACT-1,1
pbmc,ATGAGTCCAGTCTGGC-1,1
pbmc,ATGAGTCCATGTGCTA-1,1
pbmc,ATGAGTCGTAGGCAAC-1,1
pbmc,ATGAGTCGTATGAAGT-1,1
pbmc,ATGAGTCGTATTGGCT-1,1
pbmc,ATGAGTCGTCGAATGG-1,1
pbmc,ATGAGTCGTCGATGCC-1,1
pbmc,ATGAGTCGTGCGAACA-1,1
pbmc,ATGAGTCGTTGGGAAC-1,2
pbmc,ATGAGTCTCCAGTTCC-1,227
pbmc,ATGAGTCTCCTCGCAT-1,1
pbmc,ATGAGTCTCGACATAC-1,1
pbmc,ATGAGTCTCTAGTTCT-1,1
pbmc,ATGAGTCTCTCTCGAC-1,1
pbmc,ATGATCGAGAATAGTC-1,1
pbmc,ATGATCGAGAGTCAAT-1,2
pbmc,ATGATCGAGAGTGACC-1,1
pbmc,ATGATCGAGCGATGGT-1,2
pbmc,ATGATCGAGGCTTAGG-1,1
pbmc,ATGATCGAGGTTATAG-1,1
pbmc,ATGATCGAGTAGGGTC-1,1
pbmc,ATGATCGAGTCTGGAG-1,1
pbmc,ATGATCGCACGGAAGT-1,1
pbmc,ATGATCGCAGGAATCG-1,1
pbmc,ATGATCGCAGGGCTTC-1,1
pbmc,ATGATCGGTCCGTTTC-1,1
pbmc,ATGATCGGTCGAACAG-1,203
pbmc,ATGATCGGTGAAGCTG-1,1
pbmc,ATGATCGGTGCGAACA-1,1
pbmc,ATGATCGGTGCGGCTT-1,2
pbmc,ATGATCGGTGGATGAC-1,1
pbmc,ATGATCGTCACCTGGG-1,2
pbmc,ATGATCGTCCGTGTCT-1,1
pbmc,ATGATCGTCTACGCGG-1,1
pbmc,ATGATCGTCTCCTGCA-1,1
pbmc,ATGCATGAGAGAGCCT-1,1
pbmc,ATGCATGAGCAGGCAT-1,1
pbmc,ATGCATGAGCATAGGC-1,1
pbmc,ATGCATGAGCATCAGG-1,1
pbmc,ATGCATGAGTCAGAGC-1,1
pbmc,ATGCATGCAAGTATAG-1,2
pbmc,ATGCATGCAATTGTGC-1,1
pbmc,ATGCATGCACGCAAAG-1,1
pbmc,ATGCATGCACGCGTGT-1,1
pbmc,ATGCATGCACTAACCA-1,1
pbmc,ATGCATGCAGCTGTCG-1,2
pbmc,ATGCATGCATAAGCGG-1,2
pbmc,ATGCATGGTACTGCGC-1,1
pbmc,ATGCATGGTATGTCTG-1,1
pbmc,ATGCATGGTGAGCGAT-1,1
pbmc,ATGCATGGTGGTCTCG-1,1
pbmc,ATGCATGTCCAGCTCT-1,1
pbmc,ATGCATGTCGTTCCTG-1,1
pbmc,ATGCATGTCTTCGACC-1,1
pbmc,ATGCCTCAGACGCAGT-1,1
pbmc,ATGCCTCAGATGAACT-1,1
pbmc,ATGCCTCAGCAATAGT-1,1
pbmc,ATGCCTCAGCGTGTTT-1,1
pbmc,ATGCCTCAGCTGAAGC-1,1
pbmc,ATGCCTCAGGTAAGGA-1,1
pbmc,ATGCCTCAGGTCCGAA-1,1
pbmc,ATGCCTCAGTCCCGAC-1,1
pbmc,ATGCCTCAGTGATAAC-1,1
pbmc,ATGCCTCAGTGGTGAC-1,2
pbmc,ATGCCTCAGTTCTCTT-1,1
pbmc,ATGCCTCCAAGAAACT-1,1
pbmc,ATGCCTCCACCCGTAG-1,2
pbmc,ATGCCTCCAGGAAGTC-1,1
pbmc,ATGCCTCCATACTGAC-1,1
pbmc,ATGCCTCCATCCGGTG-1,1
pbmc,ATGCCTCCATTACTCT-1,2
pbmc,ATGCCTCGTAGTGGCA-1,1
pbmc,ATGCCTCGTCCTGTCT-1,1
pbmc,ATGCCTCGTCGTTGCG-1,1
pbmc,ATGCCTCTCACTCACC-1,1
pbmc,ATGCCTCTCAGTGTGT-1,1
pbmc,ATGCCTCTCATCCCGT-1,2
pbmc,ATGCCTCTCCGTATAG-1,1
pbmc,ATGCCTCTCCTTCTGG-1,2
pbmc,ATGCCTCTCGAAGGAC-1,1
pbmc,ATGCCTCTCGTAGGAG-1,1
pbmc,ATGCCTCTCGTCTACC-1,1
pbmc,ATGCCTCTCTTTCCGG-1,1
pbmc,ATGCGATAGAGCTGTA-1,1
pbmc,ATGCGATAGCATCCTA-1,1
pbmc,ATGCGATAGCCTGTGC-1,1
pbmc,ATGCGATAGCGACATG-1,2
pbmc,ATGCGATAGGAATTAC-1,1
pbmc,ATGCGATAGGTCGCCT-1,1
pbmc,ATGCGATAGGTTACCT-1,1
pbmc,ATGCGATAGTTCGGTT-1,1
pbmc,ATGCGATAGTTGCCCG-1,1
pbmc,ATGCGATCAGGGAGAG-1,1
pbmc,ATGCGATCAGTCTGGC-1,1
pbmc,ATGCGATCAGTTCATG-1,1
pbmc,ATGCGATCATACACCA-1,1
pbmc,ATGCGATCATGAATAG-1,1
pbmc,ATGCGATGTACGTTCA-1,1
pbmc,ATGCGATGTACTCGCG-1,1
pbmc,ATGCGATGTATATGGA-1,1
pbmc,ATGCGATGTATGATCC-1,2
pbmc,ATGCGATGTCGACTAT-1,1
pbmc,ATGCGATGTCGAGTTT-1,1
pbmc,ATGCGATGTCGCAACC-1,1
pbmc,ATGCGATGTGACTCGC-1,1
pbmc,ATGCGATGTGCTCTTC-1,184
pbmc,ATGCGATGTTCTATCT-1,1
pbmc,ATGCGATGTTGCTCAA-1,2
pbmc,ATGCGATGTTGTAGCT-1,198
pbmc,ATGCGATTCATCGCAA-1,1
pbmc,ATGCGATTCATGGCCG-1,1
pbmc,ATGCGATTCCACAGCG-1,1
pbmc,ATGCGATTCCGTTGGG-1,1
pbmc,ATGCGATTCCTACGGG-1,1
pbmc,ATGCGATTCTCGAGTA-1,1
pbmc,ATGGAGGAGATTGATG-1,1
pbmc,ATGGAGGAGCGTGCTC-1,1
pbmc,ATGGAGGAGCTTAGTC-1,1
pbmc,ATGGAGGAGGCGCTTC-1,1
pbmc,ATGGAGGAGGTAGACC-1,1
pbmc,ATGGAGGAGTCATACC-1,1
pbmc,ATGGAGGCAACTTCTT-1,1
pbmc,ATGGAGGCACTACACA-1,1
pbmc,ATGGAGGCATGAAAGT-1,2
pbmc,ATGGAGGCATTCAGCA-1,2
pbmc,ATGGAGGCATTGCCGG-1,1
pbmc,ATGGAGGGTACAGTAA-1,1
pbmc,ATGGAGGGTCTGCGCA-1,1
pbmc,ATGGAGGGTCTGTGCG-1,1
pbmc,ATGGAGGGTGTCATGT-1,1
pbmc,ATGGAGGGTGTGCCTG-1,1
pbmc,ATGGAGGGTGTTTACG-1,112
pbmc,ATGGAGGTCAAACCTG-1,1
pbmc,ATGGAGGTCCAAGAGG-1,2
pbmc,ATGGAGGTCCGAGAAG-1,1
pbmc,ATGGAGGTCGGAAACG-1,1
pbmc,ATGGAGGTCTGGTGCG-1,1
pbmc,ATGGAGGTCTTGGATG-1,1
pbmc,ATGGATCAGATCACTC-1,1
pbmc,ATGGATCAGCCTAACT-1,1
pbmc,ATGGATCAGGAGCTGT-1,1
pbmc,ATGGATCAGGCATCAG-1,1
pbmc,ATGGATCAGGTCATTC-1,1
pbmc,ATGGATCAGGTGATCG-1,1
pbmc,ATGGATCCACTCCTGT-1,1
pbmc,ATGGATCCAGCTACTA-1,1
pbmc,ATGGATCCAGGCGAAT-1,1
pbmc,ATGGATCCATGAAGCG-1,1
pbmc,ATGGATCCATTGAAGA-1,1
pbmc,ATGGATCGTAGATTGA-1,354
pbmc,ATGGATCGTCAACCTA-1,1
pbmc,ATGGATCGTGACAGGT-1,1
pbmc,ATGGATCGTGTCTTCC-1,1
pbmc,ATGGATCGTTAGCGGA-1,1
pbmc,ATGGATCTCGACCTAA-1,174
pbmc,ATGGATCTCGGAGTGA-1,1
pbmc,ATGGGAGAGACGTCCC-1,259
pbmc,ATGGGAGAGCATACTC-1,1
pbmc,ATGGGAGAGCGACAGT-1,1
pbmc,ATGGGAGAGCTAGAAT-1,1
pbmc,ATGGGAGAGCTAGTTC-1,1
pbmc,ATGGGAGAGTCCGAAA-1,1
pbmc,ATGGGAGCAAATTGGA-1,1
pbmc,ATGGGAGCAACGGCTC-1,1
pbmc,ATGGGAGCACGAAGCA-1,1
pbmc,ATGGGAGCACTACGTA-1,1
pbmc,ATGGGAGCACTCCGGA-1,611
pbmc,ATGGGAGCAGGACAGT-1,1
pbmc,ATGGGAGCAGGTTTAC-1,1
pbmc,ATGGGAGCATCTGCGG-1,1
pbmc,ATGGGAGGTACCGCTG-1,1
pbmc,ATGGGAGGTAGTAAGT-1,1
pbmc,ATGGGAGGTCTCCACT-1,1
pbmc,ATGGGAGGTCTTGGTA-1,1
pbmc,ATGGGAGGTGAGAGGG-1,1
pbmc,ATGGGAGGTGAGTAAT-1,1
pbmc,ATGGGAGGTTTACTTC-1,1
pbmc,ATGGGAGTCCAAACCA-1,1
pbmc,ATGGGAGTCCACTGAA-1,217
pbmc,ATGGGAGTCCCATACC-1,52
pbmc,ATGGGAGTCCTTGGAA-1,1
pbmc,ATGGGAGTCGTTCTCG-1,1
pbmc,ATGGGAGTCTCACTCG-1,1
pbmc,ATGGGTTAGACCATAA-1,1
pbmc,ATGGGTTAGATTACCC-1,1
pbmc,ATGGGTTAGCATTGTC-1,1
pbmc,ATGGGTTAGTTGAAGT-1,1
pbmc,ATGGGTTCAAATCAGA-1,2
pbmc,ATGGGTTCAAGGCTTT-1,1
pbmc,ATGGGTTCACGCTATA-1,1
pbmc,ATGGGTTCACGCTTAA-1,1
pbmc,ATGGGTTCAGGCAATG-1,1
pbmc,ATGGGTTGTAATACCC-1,1
pbmc,ATGGGTTGTACCCACG-1,1
pbmc,ATGGGTTGTTCCGCTT-1,1
pbmc,ATGGGTTGTTCTAAGC-1,1
pbmc,ATGGGTTTCATGCGGC-1,1
pbmc,ATGGGTTTCCAAATGC-1,1
pbmc,ATGGGTTTCCACGTCT-1,1
pbmc,ATGGGTTTCCTTACCG-1,1
pbmc,ATGGGTTTCGGCCTTT-1,2
pbmc,ATGGGTTTCGGCTATA-1,1
pbmc,ATGGGTTTCTCATGGA-1,1
pbmc,ATGGGTTTCTCCCATG-1,3
pbmc,ATGGGTTTCTGCCCTA-1,1
pbmc,ATGGTTGAGACACACG-1,1
pbmc,ATGGTTGAGCGCCTCA-1,3
pbmc,ATGGTTGAGTTGGGAC-1,1
pbmc,ATGGTTGCAACATACC-1,1
pbmc,ATGGTTGCACCCTGAG-1,1
pbmc,ATGGTTGCACCTGAAT-1,1
pbmc,ATGGTTGCATACTTTC-1,1
pbmc,ATGGTTGGTACAACGG-1,1
pbmc,ATGGTTGGTAGGCAGT-1,1
pbmc,ATGGTTGGTAGTAAGT-1,1
pbmc,ATGGTTGGTTCTCAGA-1,1
pbmc,ATGGTTGGTTGTTGAC-1,1
pbmc,ATGGTTGTCACGGAGA-1,342
pbmc,ATGGTTGTCAGCGGAA-1,1
pbmc,ATGGTTGTCCATAAGC-1,1
pbmc,ATGGTTGTCCATCCGT-1,1
pbmc,ATGGTTGTCCCGTTGT-1,1
pbmc,ATGGTTGTCCCTCAAC-1,1
pbmc,ATGGTTGTCTGCATAG-1,1
pbmc,ATGGTTGTCTTTCTAG-1,2
pbmc,ATGTCCCAGAGCATAT-1,1
pbmc,ATGTCCCAGAGCTTTC-1,1
pbmc,ATGTCCCAGAGTCAGC-1,1
pbmc,ATGTCCCAGCACTTTG-1,1
pbmc,ATGTCCCAGCTAGAGC-1,1
pbmc,ATGTCCCAGGAATCGC-1,1
pbmc,ATGTCCCAGGGTCATA-1,1
pbmc,ATGTCCCCAACCGCCA-1,1
pbmc,ATGTCCCCACATATCG-1,1
pbmc,ATGTCCCCACCTGTCT-1,1
pbmc,ATGTCCCCACGCAAAG-1,1
pbmc,ATGTCCCCACGCTGTG-1,1
pbmc,ATGTCCCCACGTAGAG-1,1
pbmc,ATGTCCCCAGGAATCG-1,178
pbmc,ATGTCCCCAGGCTGCT-1,1
pbmc,ATGTCCCCAGTAACAA-1,2
pbmc,ATGTCCCCAGTCTTCC-1,1
pbmc,ATGTCCCCAGTTGCGC-1,2
pbmc,ATGTCCCCATAGGTTC-1,255
pbmc,ATGTCCCCATCGAGCC-1,1
pbmc,ATGTCCCGTAAGGAGA-1,1
pbmc,ATGTCCCGTCCTACGG-1,356
pbmc,ATGTCCCGTGTTAACC-1,1
pbmc,ATGTCCCGTTGGGTAG-1,1
pbmc,ATGTCCCGTTTCGTAG-1,1
pbmc,ATGTCCCTCAGTCATG-1,1
pbmc,ATGTCCCTCCAGGACC-1,1
pbmc,ATGTCCCTCGCCAGAC-1,1
pbmc,ATGTCCCTCGGCCAAC-1,1
pbmc,ATGTCTTAGAAGGTAG-1,1
pbmc,ATGTCTTAGATGGCGT-1,11
pbmc,ATGTCTTAGCTGGCCT-1,1
pbmc,ATGTCTTAGGTAAGTT-1,1
pbmc,ATGTCTTAGTACTGGG-1,1
pbmc,ATGTCTTAGTCCTACA-1,1
pbmc,ATGTCTTAGTGCTCAT-1,1
pbmc,ATGTCTTAGTTGGAGC-1,1
pbmc,ATGTCTTCACTCCGGA-1,1
pbmc,ATGTCTTCACTTGAGT-1,1
pbmc,ATGTCTTCAGGTACGA-1,1
pbmc,ATGTCTTGTAGGTACG-1,2
pbmc,ATGTCTTGTAGTCTGT-1,1
pbmc,ATGTCTTGTCCCTGAG-1,1
pbmc,ATGTCTTGTCGATTCA-1,1
pbmc,ATGTCTTTCAAGTGTC-1,1
pbmc,ATGTCTTTCAGCCCAG-1,1
pbmc,ATGTCTTTCCACAAGT-1,1
pbmc,ATGTCTTTCGGTGCAC-1,1
pbmc,ATTACCTAGGATAATC-1,1
pbmc,ATTACCTAGTCACTCA-1,1
pbmc,ATTACCTCACGTGTGC-1,2
pbmc,ATTACCTGTAGGATAT-1,1
pbmc,ATTACCTGTATATGGA-1,1
pbmc,ATTACCTGTCATCCCT-1,1
pbmc,ATTACCTGTTCGAACT-1,1
pbmc,ATTACCTGTTTAAGGA-1,1
pbmc,ATTACCTGTTTCGGCG-1,1
pbmc,ATTACCTGTTTGTTCT-1,1
pbmc,ATTACCTTCAACTTTC-1,1
pbmc,ATTACCTTCACGAGGA-1,1
pbmc,ATTACCTTCCTACAAG-1,1
pbmc,ATTACCTTCGCCTAAG-1,1
pbmc,ATTACCTTCGCTAGCG-1,1
pbmc,ATTACCTTCGTTCCTG-1,1
pbmc,ATTACCTTCTTGATTC-1,1
pbmc,ATTACTCAGACGTCCC-1,1
pbmc,ATTACTCAGACTGAGC-1,1
pbmc,ATTACTCAGCAAATCA-1,1
pbmc,ATTACTCAGCTTTGAT-1,1
pbmc,ATTACTCAGGCCGCTT-1,1
pbmc,ATTACTCAGGTCGACA-1,2
pbmc,ATTACTCAGGTGCTTT-1,1
pbmc,ATTACTCAGGTGGGTT-1,1
pbmc,ATTACTCAGTTGTACC-1,2
pbmc,ATTACTCCACAGCATT-1,1
pbmc,ATTACTCCACCCTAAA-1,1
pbmc,ATTACTCCAGCTTTGA-1,240
pbmc,ATTACTCCATTCAGCA-1,2
pbmc,ATTACTCGTACAGAAT-1,1
pbmc,ATTACTCGTACGGATG-1,1
pbmc,ATTACTCGTACGTACT-1,1
pbmc,ATTACTCGTACTGAGG-1,1
pbmc,ATTACTCGTCCAGTAT-1,1
pbmc,ATTACTCGTGGGAGAG-1,1
pbmc,ATTACTCGTTACAGCT-1,1
pbmc,ATTACTCGTTCCAACA-1,1
pbmc,ATTACTCGTTGCAACT-1,310
pbmc,ATTACTCTCAGCCTTC-1,1
pbmc,ATTACTCTCCAAGGGA-1,1
pbmc,ATTACTCTCGGCTGAC-1,1
pbmc,ATTACTCTCTGCTAGA-1,1
pbmc,ATTACTCTCTTGAACG-1,1
pbmc,ATTATCCAGACCAGAC-1,1
pbmc,ATTATCCAGCAACCAG-1,1
pbmc,ATTATCCAGCTAAGTA-1,1
pbmc,ATTATCCAGTCGCCTA-1,1
pbmc,ATTATCCAGTCGGGAT-1,1
pbmc,ATTATCCAGTCTAACC-1,1
pbmc,ATTATCCAGTTAGTGA-1,1
pbmc,ATTATCCAGTTCCAGT-1,1
pbmc,ATTATCCCAAGCGGAT-1,2
pbmc,ATTATCCCAATCGTCA-1,1
pbmc,ATTATCCCACTGGAAG-1,3
pbmc,ATTATCCCAGAACCGA-1,1
pbmc,ATTATCCCAGCCTACG-1,2
pbmc,ATTATCCCAGGACTTT-1,1
pbmc,ATTATCCCATAGAAAC-1,1
pbmc,ATTATCCCATCAGCGC-1,1
pbmc,ATTATCCCATTGCCGG-1,1
pbmc,ATTATCCGTGGTAACG-1,1
pbmc,ATTATCCGTTAAGGGC-1,1
pbmc,ATTATCCGTTCCAGGC-1,1
pbmc,ATTATCCGTTGCGTAT-1,1
pbmc,ATTATCCTCCAGCTCT-1,1
pbmc,ATTATCCTCCGATGTA-1,1
pbmc,ATTATCCTCCTGTAGA-1,1
pbmc,ATTATCCTCGAACCTA-1,1
pbmc,ATTATCCTCTACGGGC-1,2
pbmc,ATTATCCTCTCTCTTC-1,1
pbmc,ATTATCCTCTGGGCCA-1,1
pbmc,ATTCACTAGAAGGCTC-1,237
pbmc,ATTCACTAGGGTCAAC-1,2
pbmc,ATTCACTAGTCAATCC-1,1
pbmc,ATTCACTAGTCGAAAT-1,2
pbmc,ATTCACTAGTGCTACT-1,1
pbmc,ATTCACTAGTTGAAGT-1,2
pbmc,ATTCACTCAGACCATT-1,1
pbmc,ATTCACTCATGAGGGT-1,1
pbmc,ATTCACTCATGGATCT-1,1
pbmc,ATTCACTCATGTACGT-1,1
pbmc,ATTCACTGTACAAAGT-1,1
pbmc,ATTCACTGTACAAGCG-1,1
pbmc,ATTCACTGTACGTAGG-1,1
pbmc,ATTCACTGTCACTCTC-1,1
pbmc,ATTCACTGTCGTTATG-1,1
pbmc,ATTCACTGTGTGCTTA-1,1
pbmc,ATTCACTGTTCGTGCG-1,1
pbmc,ATTCACTTCAGCCTTC-1,1
pbmc,ATTCACTTCATGCAGT-1,1
pbmc,ATTCACTTCCAGGACC-1,1
pbmc,ATTCACTTCCGTAGGC-1,1
pbmc,ATTCACTTCCTCGCAT-1,1
pbmc,ATTCACTTCGAACCTA-1,1
pbmc,ATTCACTTCTAAGAAG-1,1
pbmc,ATTCACTTCTCCGCAT-1,199
pbmc,ATTCACTTCTGCGGAC-1,1
pbmc,ATTCACTTCTTTGCAT-1,1
pbmc,ATTCAGGAGAAGATCT-1,7
pbmc,ATTCAGGAGAAGCCAC-1,1
pbmc,ATTCAGGAGACGGTCA-1,1
pbmc,ATTCAGGAGAGAAGGT-1,1
pbmc,ATTCAGGAGGCACTAG-1,1
pbmc,ATTCAGGCAACCGTGC-1,1
pbmc,ATTCAGGCAACGGGTA-1,1
pbmc,ATTCAGGCAAGTATCC-1,178
pbmc,ATTCAGGCACGACCTG-1,1
pbmc,ATTCAGGCAGCACACC-1,1
pbmc,ATTCAGGCATACAGCT-1,1
pbmc,ATTCAGGCATAGATGA-1,1
pbmc,ATTCAGGCATAGCTGT-1,421
pbmc,ATTCAGGCATCTAGAC-1,1
pbmc,ATTCAGGGTATGTCAC-1,1
pbmc,ATTCAGGGTGGCGCTT-1,1
pbmc,ATTCAGGTCAAACCTG-1,1
pbmc,ATTCAGGTCTTAGTTC-1,2
pbmc,ATTCAGGTCTTCGTGC-1,171
pbmc,ATTCATCAGAAATGGG-1,1
pbmc,ATTCATCAGATACGAT-1,1
pbmc,ATTCATCAGCTGTTCA-1,1
pbmc,ATTCATCAGGAAGTCC-1,1
pbmc,ATTCATCAGGCGCTTC-1,1
pbmc,ATTCATCAGGTACCTT-1,1
pbmc,ATTCATCAGGTCATAA-1,1
pbmc,ATTCATCAGTTCATGC-1,1
pbmc,ATTCATCCAACACGAG-1,1
pbmc,ATTCATCCACCCGTAG-1,1
pbmc,ATTCATCCAGGTATGG-1,1
pbmc,ATTCATCCAGTAGTTC-1,1
pbmc,ATTCATCCATAATGCC-1,1
pbmc,ATTCATCGTAACACGG-1,1
pbmc,ATTCATCGTAGGAGGG-1,1
pbmc,ATTCATCGTCGCTGCA-1,1
pbmc,ATTCATCGTGTTCCTC-1,2
pbmc,ATTCATCGTTGGCTAT-1,1
pbmc,ATTCATCGTTTCGCTC-1,2
pbmc,ATTCATCGTTTCTATC-1,1
pbmc,ATTCATCTCAAACGTC-1,1
pbmc,ATTCATCTCGAGCCTG-1,2
pbmc,ATTCATCTCGCATTAG-1,1
pbmc,ATTCATCTCGGACAAG-1,1
pbmc,ATTCATCTCTACGGTA-1,1
pbmc,ATTCATCTCTCAGGCG-1,1
pbmc,ATTCATCTCTTGTGCC-1,1
pbmc,ATTCCATAGAGCAGTC-1,1
pbmc,ATTCCATAGAGTCAGC-1,1
pbmc,ATTCCATAGGTTACCT-1,1
pbmc,ATTCCATAGGTTAGTA-1,1
pbmc,ATTCCATAGTAACGTA-1,1
pbmc,ATTCCATAGTGATAAC-1,1
pbmc,ATTCCATCAACGCATT-1,1
pbmc,ATTCCATCAACTCATG-1,1
pbmc,ATTCCATCACAGTGAG-1,1
pbmc,ATTCCATCACGACTAT-1,195
pbmc,ATTCCATCAGACGGAT-1,1
pbmc,ATTCCATCAGCATGCC-1,1
pbmc,ATTCCATCAGTCTTCC-1,1
pbmc,ATTCCATGTAAGGCTG-1,1
pbmc,ATTCCATGTACCACGC-1,1
pbmc,ATTCCATGTACTCAAC-1,1
pbmc,ATTCCATGTAGTGCGA-1,1
pbmc,ATTCCATGTATAGGAT-1,1
pbmc,ATTCCATGTCCTCAGG-1,1
pbmc,ATTCCATGTGAGCTCC-1,1
pbmc,ATTCCATGTTTCGATG-1,2
pbmc,ATTCCATTCACAACCA-1,2
pbmc,ATTCCATTCCGCACGA-1,1
pbmc,ATTCCATTCCTTTAGT-1,1
pbmc,ATTCCATTCGCTGTTC-1,1
pbmc,ATTCCATTCGTTAGAC-1,1
pbmc,ATTCCATTCGTTGTGA-1,1
pbmc,ATTCCATTCTGTTGGA-1,1
pbmc,ATTCCATTCTTACACT-1,1
pbmc,ATTCCCGAGAAGTATC-1,1
pbmc,ATTCCCGAGATGTTGA-1,2
pbmc,ATTCCCGAGTAAAGCT-1,1
pbmc,ATTCCCGAGTCACTCA-1,250
pbmc,ATTCCCGAGTGCTACT-1,1
pbmc,ATTCCCGAGTTAACAG-1,2
pbmc,ATTCCCGAGTTGCTGT-1,1
pbmc,ATTCCCGCAAATGCGG-1,1
pbmc,ATTCCCGCAACCACAT-1,1
pbmc,ATTCCCGCAACGACAG-1,1
pbmc,ATTCCCGCACTTGTGA-1,1
pbmc,ATTCCCGCATGTAACC-1,1
pbmc,ATTCCCGCATTCACCC-1,1
pbmc,ATTCCCGGTCAGTTTG-1,1
pbmc,ATTCCCGGTCCAGTTA-1,3
pbmc,ATTCCCGGTCGAGTGA-1,1
pbmc,ATTCCCGGTTGCTCAA-1,1
pbmc,ATTCCCGTCATTTCCA-1,1
pbmc,ATTCCCGTCCGCGGAT-1,2
pbmc,ATTCCCGTCGCGCTGA-1,1
pbmc,ATTCCCGTCTCGGGAC-1,1
pbmc,ATTCCTAAGAAGAACG-1,1
pbmc,ATTCCTAAGTAGACCG-1,1
pbmc,ATTCCTACAAAGACGC-1,1
pbmc,ATTCCTACACGTCTCT-1,1
pbmc,ATTCCTACAGTAGGAC-1,1
pbmc,ATTCCTACATGAGATA-1,310
pbmc,ATTCCTACATGATAGA-1,1
pbmc,ATTCCTACATGATCTG-1,1
pbmc,ATTCCTACATTGTAGC-1,1
pbmc,ATTCCTAGTAGACGGT-1,1
pbmc,ATTCCTAGTCAGACGA-1,1
pbmc,ATTCCTAGTGCGGATA-1,1
pbmc,ATTCCTAGTTAGGCCC-1,1
pbmc,ATTCCTATCATTGGTG-1,1
pbmc,ATTCCTATCCAACCAA-1,1
pbmc,ATTCCTATCCATGAGT-1,2
pbmc,ATTCCTATCGATTCCT-1,1
pbmc,ATTCCTATCGTTGTGA-1,1
pbmc,ATTCCTATCTACTGCC-1,1
pbmc,ATTCCTATCTGCAGCG-1,1
pbmc,ATTCGTTAGAAACTCA-1,1
pbmc,ATTCGTTAGCCTAGGA-1,1
pbmc,ATTCGTTAGCGTATAA-1,1
pbmc,ATTCGTTAGCGTGAGT-1,1
pbmc,ATTCGTTAGGGATGTC-1,1
pbmc,ATTCGTTAGGTCACTT-1,1
pbmc,ATTCGTTCAACCACGC-1,1
pbmc,ATTCGTTCACCAGGTC-1,1
pbmc,ATTCGTTCACGGTAGA-1,1
pbmc,ATTCGTTCAGTCGTTA-1,1
pbmc,ATTCGTTCAGTCTTCC-1,294
pbmc,ATTCGTTCATAGAAAC-1,1
pbmc,ATTCGTTCATGCCATA-1,1
pbmc,ATTCGTTCATGGGCAA-1,1
pbmc,ATTCGTTCATGGTACT-1,1
pbmc,ATTCGTTGTAACAAGT-1,1
pbmc,ATTCGTTGTAACACCT-1,321
pbmc,ATTCGTTGTAGTACGG-1,1
pbmc,ATTCGTTGTATACCCA-1,1
pbmc,ATTCGTTGTATCGAGG-1,1
pbmc,ATTCGTTGTATGAGGC-1,1
pbmc,ATTCGTTGTGTAGCAG-1,254
pbmc,ATTCGTTGTGTTCAGT-1,232
pbmc,ATTCGTTGTTCTTGTT-1,204
pbmc,ATTCGTTTCAGCTGAT-1,1
pbmc,ATTCGTTTCAGTCAGT-1,1
pbmc,ATTCGTTTCCCGTGTT-1,1
pbmc,ATTCGTTTCGTACCTC-1,1
pbmc,ATTCGTTTCGTGGCGT-1,1
pbmc,ATTCGTTTCTGTCGCT-1,1
pbmc,ATTCGTTTCTGTCGTC-1,1
pbmc,ATTCTACAGAGGTAAA-1,1
pbmc,ATTCTACAGATGAAGG-1,1
pbmc,ATTCTACAGCAAACAT-1,2
pbmc,ATTCTACAGCTACTAC-1,1
pbmc,ATTCTACAGGTCCCTG-1,1
pbmc,ATTCTACAGGTGCTGA-1,1
pbmc,ATTCTACCAAACGAGC-1,1
pbmc,ATTCTACCAAGTGGCA-1,1
pbmc,ATTCTACCAATCGCCG-1,1
pbmc,ATTCTACCACGTGAGA-1,1
pbmc,ATTCTACCACTGGATT-1,1
pbmc,ATTCTACGTGCCTATA-1,1
pbmc,ATTCTACGTGGACAGT-1,1
pbmc,ATTCTACGTGGCTACC-1,1
pbmc,ATTCTACGTTACAGCT-1,1
pbmc,ATTCTACTCATCTGTT-1,1
pbmc,ATTCTACTCCAACACA-1,1
pbmc,ATTCTACTCTCGTGAA-1,278
pbmc,ATTCTTGAGAGAGTTT-1,1
pbmc,ATTCTTGAGCCTGAGA-1,1
pbmc,ATTCTTGAGTTACACT-1,1
pbmc,ATTCTTGAGTTCCAGT-1,90
pbmc,ATTCTTGAGTTGGAAT-1,1
pbmc,ATTCTTGCAACTCGAT-1,2
pbmc,ATTCTTGCAAGCTGTT-1,1
pbmc,ATTCTTGCAAGGCTTT-1,1
pbmc,ATTCTTGCACAAATGA-1,2
pbmc,ATTCTTGCACAGTCTA-1,1
pbmc,ATTCTTGCACGGCACT-1,2
pbmc,ATTCTTGCAGACCAGA-1,2
pbmc,ATTCTTGCAGATACTC-1,1
pbmc,ATTCTTGCATAATGAG-1,1
pbmc,ATTCTTGGTAATCAGA-1,1
pbmc,ATTCTTGGTACAATAG-1,218
pbmc,ATTCTTGGTAGCGATG-1,1
pbmc,ATTCTTGGTTGAGGAC-1,1
pbmc,ATTCTTGTCAAACGTC-1,1
pbmc,ATTCTTGTCACCTCGT-1,1
pbmc,ATTCTTGTCATCCCGT-1,1
pbmc,ATTCTTGTCATCGCCT-1,1
pbmc,ATTCTTGTCCAATAGT-1,1
pbmc,ATTCTTGTCCTCTAAT-1,1
pbmc,ATTCTTGTCCTGTACC-1,1
pbmc,ATTCTTGTCTGCCCTA-1,1
pbmc,ATTCTTGTCTGCTTTA-1,1
pbmc,ATTCTTGTCTTTGCTA-1,1
pbmc,ATTGGGTAGACCAAGC-1,1
pbmc,ATTGGGTAGCAGCACA-1,3
pbmc,ATTGGGTAGCTTACGT-1,1
pbmc,ATTGGGTAGGCTATCT-1,1
pbmc,ATTGGGTAGTTGGAGC-1,1
pbmc,ATTGGGTCAACCCTAA-1,1
pbmc,ATTGGGTCAACTGCTA-1,1
pbmc,ATTGGGTCAGCAGTGA-1,1
pbmc,ATTGGGTCAGTCAGCC-1,1
pbmc,ATTGGGTGTATCTCGA-1,1
pbmc,ATTGGGTGTCGTCGGT-1,2
pbmc,ATTGGGTGTGGTCTAT-1,1
pbmc,ATTGGGTGTTCCGCGA-1,1
pbmc,ATTGGGTTCAACGAGG-1,1
pbmc,ATTGGGTTCACACCCT-1,1
pbmc,ATTGGGTTCCCGAAAT-1,1
pbmc,ATTGGGTTCGACATAC-1,2
pbmc,ATTGGGTTCGCACGAC-1,1
pbmc,ATTGGGTTCTTGGTCC-1,1
pbmc,ATTGGGTTCTTTGATC-1,1
pbmc,ATTGTTCAGACTAAGT-1,1
pbmc,ATTGTTCAGAGCCGTA-1,1
pbmc,ATTGTTCAGATAGTCA-1,1
pbmc,ATTGTTCAGCACCTGC-1,1
pbmc,ATTGTTCAGGGTCACA-1,1
pbmc,ATTGTTCAGGTATCTC-1,1
pbmc,ATTGTTCAGGTTTACC-1,1
pbmc,ATTGTTCAGTAATACG-1,1
pbmc,ATTGTTCAGTCCCGAC-1,1
pbmc,ATTGTTCCAGGAGGAG-1,1
pbmc,ATTGTTCCAGTTCTAG-1,1
pbmc,ATTGTTCGTAGGTGCA-1,1
pbmc,ATTGTTCGTGAACTAA-1,1
pbmc,ATTGTTCGTGACTCGC-1,1
pbmc,ATTGTTCGTGTTCGAT-1,1
pbmc,ATTGTTCGTTAGGACG-1,1
pbmc,ATTGTTCGTTGTGTAC-1,1
pbmc,ATTGTTCGTTTGAAAG-1,2
pbmc,ATTGTTCTCATAGGCT-1,1
pbmc,ATTGTTCTCATGCCCT-1,1
pbmc,ATTGTTCTCCAAGAGG-1,2
pbmc,ATTGTTCTCCACGTGG-1,1
pbmc,ATTGTTCTCGACGCGT-1,1
pbmc,ATTTACCAGACCAAAT-1,1
pbmc,ATTTACCAGAGCTGAC-1,1
pbmc,ATTTACCAGAGGGTCT-1,2
pbmc,ATTTACCAGGATATAC-1,1
pbmc,ATTTACCAGGCTAACG-1,1
pbmc,ATTTACCAGGTGCAGT-1,1
pbmc,ATTTACCAGTGCGACA-1,1
pbmc,ATTTACCCAGACCAAG-1,1
pbmc,ATTTACCCAGAGTTCT-1,1
pbmc,ATTTACCCATTGCTGA-1,1
pbmc,ATTTACCGTCTACGAT-1,1
pbmc,ATTTACCGTGACTGTT-1,1
pbmc,ATTTACCTCAAACCTG-1,1
pbmc,ATTTACCTCAATGTCG-1,3
pbmc,ATTTACCTCACCGCTT-1,1
pbmc,ATTTACCTCACCTGGG-1,1
pbmc,ATTTACCTCATCCTGC-1,1
pbmc,ATTTACCTCCTCTTTC-1,1
pbmc,ATTTACCTCGGCTGGT-1,1
pbmc,ATTTACCTCTACACAG-1,1
pbmc,ATTTACCTCTACTGAG-1,1
pbmc,ATTTCACAGAAACTGT-1,1
pbmc,ATTTCACAGAGGATGA-1,1
pbmc,ATTTCACAGTCTACCA-1,1
pbmc,ATTTCACAGTGCAAAT-1,286
pbmc,ATTTCACAGTTACTCG-1,1
pbmc,ATTTCACCAACACACT-1,2
pbmc,ATTTCACCAATTCGTG-1,1
pbmc,ATTTCACCACGTGTGC-1,1
pbmc,ATTTCACCAGCAAGAC-1,1
pbmc,ATTTCACCAGCATGCC-1,1
pbmc,ATTTCACCAGGAACCA-1,1
pbmc,ATTTCACCAGTGGTGA-1,9
pbmc,ATTTCACCATCAGCGC-1,1
pbmc,ATTTCACCATCCAACA-1,2
pbmc,ATTTCACGTAACCAGG-1,1
pbmc,ATTTCACGTAAGATTG-1,1
pbmc,ATTTCACGTAGACGGT-1,1
pbmc,ATTTCACGTCCCTAAA-1,1
pbmc,ATTTCACGTGGATACG-1,372
pbmc,ATTTCACGTTGGAGGT-1,1
pbmc,ATTTCACGTTTAGTCG-1,4
pbmc,ATTTCACTCAAGCTGT-1,1
pbmc,ATTTCACTCAGCCTTC-1,1
pbmc,ATTTCACTCCGCACTT-1,1
pbmc,ATTTCACTCCGGCTTT-1,1
pbmc,ATTTCACTCGGAACTT-1,2
pbmc,ATTTCACTCTCGCTTG-1,1
pbmc,ATTTCACTCTGGGAGA-1,1
pbmc,ATTTCTGAGAGGGTGG-1,1
pbmc,ATTTCTGAGCGAACTG-1,2
pbmc,ATTTCTGAGGGAATGG-1,1
pbmc,ATTTCTGAGGGCAACT-1,1
pbmc,ATTTCTGAGGTTGACG-1,1
pbmc,ATTTCTGAGTAGATCG-1,1
pbmc,ATTTCTGCAAAGACTA-1,2
pbmc,ATTTCTGCAAAGTCAA-1,1
pbmc,ATTTCTGCAAGATGTA-1,1
pbmc,ATTTCTGCAAGGTCTT-1,473
pbmc,ATTTCTGCAGACGCTC-1,1
pbmc,ATTTCTGCAGAGCTAG-1,1
pbmc,ATTTCTGCATCCTTCG-1,1
pbmc,ATTTCTGCATGGTAGG-1,1
pbmc,ATTTCTGGTAAGTTGA-1,1
pbmc,ATTTCTGGTACACTCA-1,1
pbmc,ATTTCTGGTAGACTGG-1,1
pbmc,ATTTCTGGTAGCGTCC-1,1
pbmc,ATTTCTGGTATAGTCC-1,1
pbmc,ATTTCTGGTATCCTCC-1,293
pbmc,ATTTCTGGTATCGCAT-1,1
pbmc,ATTTCTGGTGATCATC-1,1
pbmc,ATTTCTGGTGCTGTGC-1,1
pbmc,ATTTCTGGTGGCTCTG-1,1
pbmc,ATTTCTGGTGTAGCAG-1,1
pbmc,ATTTCTGGTGTGGTCC-1,1
pbmc,ATTTCTGGTTGTGTTG-1,1
pbmc,ATTTCTGTCAAGTGTC-1,1
pbmc,ATTTCTGTCAGTCCGA-1,1
pbmc,ATTTCTGTCAGTCTTT-1,2
pbmc,ATTTCTGTCCGCAAAT-1,1
pbmc,ATTTCTGTCGATGCAT-1,190
pbmc,ATTTCTGTCGGCAGTT-1,1
pbmc,ATTTCTGTCGGCCAAC-1,308
pbmc,ATTTCTGTCGTGGGAA-1,2
pbmc,ATTTCTGTCTCCTGTA-1,1
pbmc,ATTTCTGTCTGAGCAT-1,1
pbmc,ATTTCTGTCTGGTGCG-1,1
pbmc,ATTTCTGTCTTCACAT-1,1
pbmc,CAAAGAAAGAATCGAT-1,1
pbmc,CAAAGAAAGGAAAGGT-1,1
pbmc,CAAAGAAAGGACACTG-1,1
pbmc,CAAAGAACAAGAAACT-1,1
pbmc,CAAAGAACAAGGTCTT-1,1
pbmc,CAAAGAACACATATCG-1,223
pbmc,CAAAGAACAGCGCTTG-1,1
pbmc,CAAAGAACAGCTGTTA-1,242
pbmc,CAAAGAACAGTCAGAG-1,2
pbmc,CAAAGAACATGAATAG-1,1
pbmc,CAAAGAACATGGCCCA-1,1
pbmc,CAAAGAAGTATCGAAA-1,1
pbmc,CAAAGAAGTGAACCGA-1,1
pbmc,CAAAGAAGTGTTAAAG-1,2
pbmc,CAAAGAAGTTCAAGTC-1,2
pbmc,CAAAGAAGTTCCATTT-1,1
pbmc,CAAAGAAGTTCTCCCA-1,231
pbmc,CAAAGAATCATTCATC-1,1
pbmc,CAAAGAATCCATCAGA-1,1
pbmc,CAAAGAATCCATGATG-1,1
pbmc,CAAAGAATCCCTATTA-1,1
pbmc,CAAAGAATCCTGATAG-1,1
pbmc,CAAAGAATCGATACAC-1,1
pbmc,CAAAGAATCGCTCTAC-1,3
pbmc,CAACAACAGGAACGAA-1,1
pbmc,CAACAACAGTAGATCA-1,1
pbmc,CAACAACAGTGTAGTA-1,1
pbmc,CAACAACCAAGAGAGA-1,1
pbmc,CAACAACCAAGATGTA-1,1
pbmc,CAACAACCAATACCCA-1,1
pbmc,CAACAACCATAGCTGT-1,1
pbmc,CAACAACGTAATGATG-1,1
pbmc,CAACAACGTCAGACTT-1,1
pbmc,CAACAACGTCGAGTGA-1,1
pbmc,CAACAACGTGAACTAA-1,1
pbmc,CAACAACGTGTTATCG-1,1
pbmc,CAACAACGTTATGTCG-1,1
pbmc,CAACAACTCACTTGTT-1,1
pbmc,CAACAACTCATGTCTT-1,1
pbmc,CAACAACTCCCTCTCT-1,1
pbmc,CAACAACTCGATACTG-1,138
pbmc,CAACAACTCTAGGCAT-1,1
pbmc,CAACAACTCTTCTTCC-1,1
pbmc,CAACAACTCTTGGAAC-1,1
pbmc,CAACAGTAGGGAGATA-1,1
pbmc,CAACAGTAGTCGAAAT-1,1
pbmc,CAACAGTAGTCTCGTA-1,1
pbmc,CAACAGTAGTTCCAGT-1,1
pbmc,CAACAGTCAAGACGAC-1,1
pbmc,CAACAGTCAGAAGCGT-1,1
pbmc,CAACAGTCAGCGTATT-1,1
pbmc,CAACAGTCAGTCTGGC-1,1
pbmc,CAACAGTCATAGATGA-1,1
pbmc,CAACAGTCATCCATTT-1,1
pbmc,CAACAGTCATCCGTTC-1,267
pbmc,CAACAGTCATCCTAAG-1,1
pbmc,CAACAGTCATCTTAGG-1,1
pbmc,CAACAGTGTACTCGAT-1,1
pbmc,CAACAGTGTGACGCCT-1,1
pbmc,CAACAGTGTTAGTCGT-1,1
pbmc,CAACAGTTCAATGCAC-1,1
pbmc,CAACAGTTCACAGTGT-1,1
pbmc,CAACAGTTCACCGGGT-1,1
pbmc,CAACAGTTCCCATAAG-1,1
pbmc,CAACAGTTCGAGCACC-1,194
pbmc,CAACAGTTCGAGTACC-1,1
pbmc,CAACAGTTCGCAACAT-1,1
pbmc,CAACAGTTCTAGAGCT-1,1
pbmc,CAACCAAAGACCCTTA-1,1
pbmc,CAACCAAAGCAGCAGT-1,1
pbmc,CAACCAAAGCATTGAA-1,1
pbmc,CAACCAAAGGGAACAA-1,2
pbmc,CAACCAAAGGTAACTA-1,1
pbmc,CAACCAAAGGTGATAT-1,1
pbmc,CAACCAAAGTGTTCAC-1,1
pbmc,CAACCAAAGTGTTGTC-1,1
pbmc,CAACCAACAACCGCCA-1,1
pbmc,CAACCAACAACGGTAG-1,1
pbmc,CAACCAACACAATGAA-1,1
pbmc,CAACCAACACAGATTC-1,1
pbmc,CAACCAACACCAGTAT-1,1
pbmc,CAACCAACACCTGCAG-1,1
pbmc,CAACCAACAGTAACCT-1,1
pbmc,CAACCAACAGTAGAGC-1,1
pbmc,CAACCAAGTACTGCGC-1,1
pbmc,CAACCAAGTATCTGCA-1,1
pbmc,CAACCAAGTCGAGATG-1,2
pbmc,CAACCAAGTCGATTCA-1,1
pbmc,CAACCAAGTGAGTAAT-1,1
pbmc,CAACCAAGTGTAAATG-1,1
pbmc,CAACCAAGTTAAGACA-1,1
pbmc,CAACCAAGTTAGAAAC-1,86
pbmc,CAACCAAGTTCAGCGC-1,1
pbmc,CAACCAATCAAGGAGC-1,1
pbmc,CAACCAATCACCATAG-1,1
pbmc,CAACCAATCATTCACT-1,1
pbmc,CAACCAATCATTGCTT-1,1
pbmc,CAACCAATCCGCTTAC-1,15
pbmc,CAACCAATCGAGAGAC-1,1
pbmc,CAACCAATCGATGGAG-1,1
pbmc,CAACCAATCGCCTTTG-1,1
pbmc,CAACCAATCTCTATGT-1,1
pbmc,CAACCTCAGTCGGCAA-1,1
pbmc,CAACCTCAGTGCAAAT-1,1
pbmc,CAACCTCCAACGACTT-1,1
pbmc,CAACCTCCAATAACCC-1,1
pbmc,CAACCTCCACGTACAT-1,1
pbmc,CAACCTCCACTAACCA-1,1
pbmc,CAACCTCCACTTCAGA-1,1
pbmc,CAACCTCCAGCGGTCT-1,1
pbmc,CAACCTCCAGCTGTTA-1,1
pbmc,CAACCTCCATCGCTCT-1,1
pbmc,CAACCTCCATCGGAGA-1,1
pbmc,CAACCTCCATGCAACT-1,1
pbmc,CAACCTCCATGGCACC-1,1
pbmc,CAACCTCCATGGGACA-1,1
pbmc,CAACCTCCATGTCTAG-1,1
pbmc,CAACCTCGTAAGACCG-1,2
pbmc,CAACCTCGTATAAGGT-1,1
pbmc,CAACCTCGTATCGGTT-1,260
pbmc,CAACCTCGTCGCTTGG-1,1
pbmc,CAACCTCGTGAGATCG-1,1
pbmc,CAACCTCGTGGCACTC-1,1
pbmc,CAACCTCGTGGCCACT-1,1
pbmc,CAACCTCGTTATCTTC-1,1
pbmc,CAACCTCTCACGGGAA-1,1
pbmc,CAACCTCTCCCGATCT-1,1
pbmc,CAACCTCTCGAGAATA-1,1
pbmc,CAACCTCTCGCTTTAT-1,1
pbmc,CAACCTCTCGTAACTG-1,1
pbmc,CAACGATAGAAGAACG-1,1
pbmc,CAACGATAGACGGAAA-1,385
pbmc,CAACGATAGATTACCC-1,1
pbmc,CAACGATAGCAAATCA-1,1
pbmc,CAACGATAGCCTAGGA-1,428
pbmc,CAACGATAGGAAGAAC-1,1
pbmc,CAACGATAGGAGGCAG-1,1
pbmc,CAACGATAGGATACGC-1,1
pbmc,CAACGATCAAAGCACG-1,235
pbmc,CAACGATCAACGAGGT-1,1
pbmc,CAACGATCAAGCACGA-1,3
pbmc,CAACGATCAATCTCTT-1,1
pbmc,CAACGATCACAACGAG-1,1
pbmc,CAACGATCACCAGTTA-1,2
pbmc,CAACGATCACTTGTGA-1,1
pbmc,CAACGATCAGAGAATT-1,1
pbmc,CAACGATGTCCGGTGT-1,1
pbmc,CAACGATGTTAAGAAC-1,1
pbmc,CAACGATTCAAACCCG-1,1
pbmc,CAACGATTCAAGCCAC-1,1
pbmc,CAACGATTCAAGCCCG-1,298
pbmc,CAACGATTCCAAGGGA-1,2
pbmc,CAACGATTCCTGATAG-1,1
pbmc,CAACGGCAGCGTACAG-1,1
pbmc,CAACGGCAGGGTTGCA-1,1
pbmc,CAACGGCCACAAGCCC-1,1
pbmc,CAACGGCCATCCGCGA-1,1
pbmc,CAACGGCCATGCTGCG-1,1
pbmc,CAACGGCCATGTGCCG-1,1
pbmc,CAACGGCGTAAGTAGT-1,2
pbmc,CAACGGCGTACGGCAA-1,1
pbmc,CAACGGCGTCGTAATC-1,1
pbmc,CAACGGCGTCTGCGCA-1,1
pbmc,CAACGGCGTGAGCTCC-1,1
pbmc,CAACGGCGTGGTAACG-1,1
pbmc,CAACGGCGTGGTTCTA-1,1
pbmc,CAACGGCGTTCCCACT-1,2
pbmc,CAACGGCTCACCGGGT-1,2
pbmc,CAACGGCTCACTCTTA-1,1
pbmc,CAACGGCTCACTGTCC-1,1
pbmc,CAACGGCTCAGCCTTC-1,1
pbmc,CAACGGCTCCTGTAAG-1,1
pbmc,CAACGGCTCGCTTGAA-1,1
pbmc,CAACGGCTCGTTAGTG-1,1
pbmc,CAAGACTAGACCTTTG-1,1
pbmc,CAAGACTAGCACCAGA-1,1
pbmc,CAAGACTAGCGTTAGG-1,1
pbmc,CAAGACTAGGTGCTAG-1,1
pbmc,CAAGACTAGTGCTACT-1,1
pbmc,CAAGACTAGTGGAAAG-1,235
pbmc,CAAGACTCAAAGAACT-1,1
pbmc,CAAGACTGTCGAGTTT-1,1
pbmc,CAAGACTGTGAGTGAC-1,1
pbmc,CAAGACTGTGGCCTCA-1,1
pbmc,CAAGACTGTGGCGTAA-1,1
pbmc,CAAGACTGTGTATACC-1,2
pbmc,CAAGACTTCAATCGAT-1,1
pbmc,CAAGACTTCAATCGGT-1,431
pbmc,CAAGACTTCCATAGGT-1,1
pbmc,CAAGACTTCCATTTAC-1,1
pbmc,CAAGACTTCCGACAGC-1,1
pbmc,CAAGACTTCCTAAGTG-1,1
pbmc,CAAGACTTCGAACGCC-1,1
pbmc,CAAGACTTCGAGATAA-1,1
pbmc,CAAGACTTCGGTCGAC-1,1
pbmc,CAAGACTTCTGCTGAA-1,1
pbmc,CAAGAGGAGAATTCAG-1,1
pbmc,CAAGAGGAGCGTGAGT-1,1
pbmc,CAAGAGGAGGAGTACC-1,1
pbmc,CAAGAGGAGGGCCCTT-1,1
pbmc,CAAGAGGAGTGGAAAG-1,1
pbmc,CAAGAGGCAAAGCACG-1,1
pbmc,CAAGAGGCAAATCGGG-1,1
pbmc,CAAGAGGCACGCTGAC-1,1
pbmc,CAAGAGGCACTACTTT-1,1
pbmc,CAAGAGGCAGCAGTAG-1,1
pbmc,CAAGAGGCATAACTCG-1,1
pbmc,CAAGAGGGTAGGTGCA-1,2
pbmc,CAAGAGGGTATGACAA-1,1
pbmc,CAAGAGGGTGAGAACC-1,1
pbmc,CAAGAGGGTTGAGGAC-1,1
pbmc,CAAGAGGTCGATACGC-1,1
pbmc,CAAGAGGTCTGCAGCG-1,2
pbmc,CAAGAGGTCTGGGTCG-1,1
pbmc,CAAGAGGTCTTCACGC-1,536
pbmc,CAAGCTAAGCGGTATG-1,1
pbmc,CAAGCTAAGGGCCTCT-1,2
pbmc,CAAGCTAAGGGTCAAC-1,1
pbmc,CAAGCTACAAAGAGTT-1,1
pbmc,CAAGCTACAATTGGTC-1,1
pbmc,CAAGCTACAGCAGACA-1,1
pbmc,CAAGCTACAGTACTAC-1,1
pbmc,CAAGCTACATGACGAG-1,1
pbmc,CAAGCTAGTCACTAGT-1,1
pbmc,CAAGCTAGTCATAAAG-1,2
pbmc,CAAGCTAGTCCGAAGA-1,1
pbmc,CAAGCTAGTGGACTAG-1,1
pbmc,CAAGCTAGTGGCTGCT-1,623
pbmc,CAAGCTAGTGGTTCTA-1,1
pbmc,CAAGCTATCAACCGAT-1,1
pbmc,CAAGCTATCACCCTTG-1,1
pbmc,CAAGCTATCCAAGGGA-1,7
pbmc,CAAGCTATCGATTTCT-1,1
pbmc,CAAGCTATCTCAATCT-1,1
pbmc,CAAGCTATCTTTCAGT-1,1
pbmc,CAAGGGAAGAGGATCC-1,1
pbmc,CAAGGGAAGAGTCGAC-1,275
pbmc,CAAGGGAAGATTCGAA-1,1
pbmc,CAAGGGAAGGGCTTCC-1,1
pbmc,CAAGGGAAGGTCGACA-1,1
pbmc,CAAGGGAAGGTGCTTT-1,1
pbmc,CAAGGGAAGTGCGTCC-1,1
pbmc,CAAGGGAAGTTTGCAT-1,1
pbmc,CAAGGGACAAATGGAT-1,1
pbmc,CAAGGGACACAACGAG-1,1
pbmc,CAAGGGACACAAGTTC-1,1
pbmc,CAAGGGACAGAGATGC-1,1
pbmc,CAAGGGACAGCTGAAG-1,1
pbmc,CAAGGGACATCCGTTC-1,1
pbmc,CAAGGGACATCGGTTA-1,1
pbmc,CAAGGGACATGATGCT-1,1
pbmc,CAAGGGAGTAGCTGCC-1,1
pbmc,CAAGGGAGTTACACAC-1,1
pbmc,CAAGGGATCAACTGAC-1,1
pbmc,CAAGGGATCAGCATTG-1,1
pbmc,CAAGGGATCAGTCACA-1,1
pbmc,CAAGGGATCTACGCGG-1,1
pbmc,CAAGGGATCTACTGCC-1,1
pbmc,CAATACGAGAAAGCGA-1,1
pbmc,CAATACGAGAAGCTCG-1,1
pbmc,CAATACGAGGACGCTA-1,1
pbmc,CAATACGAGGCAGCTA-1,101
pbmc,CAATACGAGTCCCGAC-1,1
pbmc,CAATACGAGTGTTCCA-1,1
pbmc,CAATACGCAAATTAGG-1,1
pbmc,CAATACGCAAGTATCC-1,1
pbmc,CAATACGCAGTAGAGC-1,1
pbmc,CAATACGGTCGATTCA-1,1
pbmc,CAATACGGTGCATCTA-1,1
pbmc,CAATACGGTGTCCAAT-1,1
pbmc,CAATACGGTTCAGTAC-1,1
pbmc,CAATACGTCCATTGCC-1,1
pbmc,CAATACGTCGAAACAA-1,2
pbmc,CAATACGTCGAGAACG-1,1
pbmc,CAATACGTCGGCATTA-1,1
pbmc,CAATACGTCTCGACCT-1,10
pbmc,CAATACGTCTCGTCAC-1,1
pbmc,CAATACGTCTCTCCGA-1,1
pbmc,CAATACGTCTTGGCTC-1,1
pbmc,CAATCGAAGAAATGGG-1,1
pbmc,CAATCGAAGACCAGCA-1,1
pbmc,CAATCGAAGACCTTTG-1,1
pbmc,CAATCGAAGAGGATCC-1,240
pbmc,CAATCGAAGAGGCGTT-1,1
pbmc,CAATCGAAGAGGTGCT-1,1
pbmc,CAATCGAAGCTACAAA-1,1
pbmc,CAATCGAAGTGTTCAC-1,1
pbmc,CAATCGACAACAAAGT-1,1
pbmc,CAATCGACAATAGTAG-1,1
pbmc,CAATCGACAATGCTCA-1,1
pbmc,CAATCGACACGGATCC-1,1
pbmc,CAATCGACAGAGCCCT-1,1
pbmc,CAATCGACAGTCTGGC-1,1
pbmc,CAATCGAGTACCTTCC-1,1
pbmc,CAATCGAGTCATGACT-1,1
pbmc,CAATCGAGTCGATTTG-1,1
pbmc,CAATCGAGTCTGTCCT-1,1
pbmc,CAATCGAGTGACGCCT-1,1
pbmc,CAATCGAGTGAGTTTC-1,1
pbmc,CAATCGAGTTGGTACT-1,1
pbmc,CAATCGATCAGCAATC-1,1
pbmc,CAATCGATCCCTTTGG-1,1
pbmc,CAATCGATCCGTACAG-1,1
pbmc,CAATCGATCCGTACGG-1,226
pbmc,CAATCGATCCTACCGT-1,1
pbmc,CAATCGATCGAGCACC-1,1
pbmc,CAATCGATCGATAACC-1,1
pbmc,CAATCGATCGCCGAAC-1,1
pbmc,CAATCGATCGCCTAGG-1,1
pbmc,CAATCGATCGTGGCGT-1,1
pbmc,CAATCGATCTGCCTCA-1,1
pbmc,CAATGACAGAGAGTGA-1,1
pbmc,CAATGACAGATGTTAG-1,13
pbmc,CAATGACAGATGTTCC-1,1
pbmc,CAATGACAGCATGGGT-1,1
pbmc,CAATGACAGGAGTCTG-1,1
pbmc,CAATGACAGGCAGCTA-1,2
pbmc,CAATGACAGTCAGGGT-1,1
pbmc,CAATGACAGTTCCTGA-1,1
pbmc,CAATGACCAAACCACT-1,1
pbmc,CAATGACCAACAAGTA-1,1
pbmc,CAATGACCAACGGTAG-1,1
pbmc,CAATGACCACCCAACG-1,1
pbmc,CAATGACCACGGGTAA-1,1
pbmc,CAATGACCATAGACTC-1,1
pbmc,CAATGACCATGAAAGT-1,1
pbmc,CAATGACGTAACCCGC-1,1
pbmc,CAATGACGTCACTCGG-1,1
pbmc,CAATGACGTTTACGAC-1,1
pbmc,CAATGACTCAAGCCCG-1,300
pbmc,CAATGACTCAAGCCTG-1,1
pbmc,CAATGACTCAAGTCCG-1,1
pbmc,CAATGACTCCCATAGA-1,1
pbmc,CAATGACTCCGTAGTA-1,2
pbmc,CAATGACTCCGTGTGG-1,1
pbmc,CAATGACTCCTCACGT-1,1
pbmc,CAATGACTCGACATTG-1,1
pbmc,CAATGACTCGATCCAA-1,1
pbmc,CAATGACTCGGACTGC-1,1
pbmc,CAATGACTCTACTGAG-1,1
pbmc,CAATGACTCTCGCTCA-1,2
pbmc,CAATTTCAGAGGGTCT-1,1
pbmc,CAATTTCAGATTGCGG-1,216
pbmc,CAATTTCAGATTGTGG-1,1
pbmc,CAATTTCAGCGGTATG-1,1
pbmc,CAATTTCAGCTGTGCC-1,1
pbmc,CAATTTCAGGGAACAA-1,1
pbmc,CAATTTCAGGGCCAAT-1,1
pbmc,CAATTTCAGGGCTAAC-1,1
pbmc,CAATTTCAGGTAAGAG-1,1
pbmc,CAATTTCAGTCCTGTA-1,1
pbmc,CAATTTCAGTCTGTAC-1,1
pbmc,CAATTTCAGTTGTCGT-1,1
pbmc,CAATTTCCAATAGAGT-1,1
pbmc,CAATTTCCAATGCAGG-1,1
pbmc,CAATTTCCACAAAGTA-1,1
pbmc,CAATTTCCAGCAATTC-1,2
pbmc,CAATTTCCAGCTCCTT-1,1
pbmc,CAATTTCGTAATGTGA-1,1
pbmc,CAATTTCGTATTGCGT-1,1
pbmc,CAATTTCGTCAAAGTA-1,1
pbmc,CAATTTCGTCATGACT-1,1
pbmc,CAATTTCGTCATTCCC-1,1
pbmc,CAATTTCGTCCAATCA-1,1
pbmc,CAATTTCGTCCATCTC-1,1
pbmc,CAATTTCGTGCGAGTA-1,1
pbmc,CAATTTCGTGTGACCC-1,1
pbmc,CAATTTCTCACGATAC-1,1
pbmc,CAATTTCTCGACCTAA-1,1
pbmc,CAATTTCTCGTTGTGA-1,1
pbmc,CAATTTCTCTGTCTCG-1,1
pbmc,CACAACAAGAAGAACG-1,1
pbmc,CACAACAAGCAGATAT-1,1
pbmc,CACAACAAGTAACCTC-1,1
pbmc,CACAACAAGTCACACT-1,2
pbmc,CACAACACAACGGGTA-1,1
pbmc,CACAACACACAGTACT-1,1
pbmc,CACAACACACGACGCT-1,1
pbmc,CACAACACAGCTAACT-1,1
pbmc,CACAACACAGCTCCTT-1,1
pbmc,CACAACACATGGGATG-1,1
pbmc,CACAACAGTCCGTTTC-1,1
pbmc,CACAACAGTCGGCTAC-1,1
pbmc,CACAACAGTGACGTCC-1,1
pbmc,CACAACAGTTGGGTAG-1,1
pbmc,CACAACATCAATCGGT-1,2
pbmc,CACAACATCCTTCGAC-1,1
pbmc,CACAACATCGACGCGT-1,1
pbmc,CACAACATCGAGAATA-1,6
pbmc,CACAACATCGCTACGG-1,1
pbmc,CACAACATCGGACCAC-1,1
pbmc,CACAACATCTCAGGCG-1,1
pbmc,CACAACATCTCTCTTC-1,1
pbmc,CACAACATCTTTCTAG-1,1
pbmc,CACACAAAGAGAGCGG-1,1
pbmc,CACACAAAGAGTAGGG-1,1
pbmc,CACACAAAGATAGGGA-1,1
pbmc,CACACAAAGATGACCG-1,1
pbmc,CACACAAAGCCTAGGA-1,1
pbmc,CACACAAAGCGTCTGC-1,1
pbmc,CACACAAAGTACCCTA-1,1
pbmc,CACACAAAGTCACACT-1,1
pbmc,CACACAAAGTCTCTGA-1,1
pbmc,CACACAACAACGATCT-1,1
pbmc,CACACAACAAGAAACT-1,266
pbmc,CACACAACAAGCGATG-1,1
pbmc,CACACAACACACACGC-1,1
pbmc,CACACAACACCGCTGA-1,1
pbmc,CACACAACACGAGGAT-1,91
pbmc,CACACAACAGGAATGC-1,2
pbmc,CACACAACATACGCAT-1,1
pbmc,CACACAACATGTCTAG-1,1
pbmc,CACACAACATTCCTCG-1,1
pbmc,CACACAAGTGATAGAT-1,1
pbmc,CACACAAGTGTTAGCT-1,1
pbmc,CACACAAGTTGGGAAC-1,1
pbmc,CACACAAGTTTACGTG-1,1
pbmc,CACACAATCCGAGGAG-1,1
pbmc,CACACAATCCTTCACG-1,2
pbmc,CACACAATCTATTGTC-1,1
pbmc,CACAGATAGACCAAAT-1,1
pbmc,CACAGATAGATAGCAT-1,1
pbmc,CACAGATAGGTACTGG-1,1
pbmc,CACAGATAGTAGGCCA-1,1
pbmc,CACAGATAGTCAGCGA-1,1
pbmc,CACAGATAGTCATGAA-1,1
pbmc,CACAGATCACAACGAG-1,1
pbmc,CACAGATCACCTGATA-1,1
pbmc,CACAGATCACTCAGAT-1,1
pbmc,CACAGATCACTCCGAG-1,345
pbmc,CACAGATCACTGAGGA-1,1
pbmc,CACAGATCATCATGAC-1,191
pbmc,CACAGATCATCCTATT-1,1
pbmc,CACAGATGTAAGCAAT-1,1
pbmc,CACAGATGTTCCGTTC-1,374
pbmc,CACAGATGTTCGTTCC-1,1
pbmc,CACAGATGTTTACCAG-1,1
pbmc,CACAGATGTTTCTTAC-1,1
pbmc,CACAGATTCCGCAACG-1,1
pbmc,CACAGGCAGAACAAGG-1,1
pbmc,CACAGGCAGATGGCGT-1,1
pbmc,CACAGGCAGCGCATCC-1,2
pbmc,CACAGGCAGCTAGATA-1,1
pbmc,CACAGGCAGGGAGATA-1,1
pbmc,CACAGGCAGTCTAACC-1,1
pbmc,CACAGGCCAACGATCT-1,263
pbmc,CACAGGCCAACTTCTT-1,1
pbmc,CACAGGCCACATTCGA-1,1
pbmc,CACAGGCCAGACAAGC-1,1
pbmc,CACAGGCCAGCACCCA-1,1
pbmc,CACAGGCCAGGGATAC-1,1
pbmc,CACAGGCCATTCTCCG-1,1
pbmc,CACAGGCCATTGGGAG-1,1
pbmc,CACAGGCGTACAGTTC-1,1
pbmc,CACAGGCGTAGCACGA-1,1
pbmc,CACAGGCGTAGCGCAA-1,1
pbmc,CACAGGCGTAGCTAAA-1,1
pbmc,CACAGGCGTAGTTAGA-1,1
pbmc,CACAGGCGTATTTCTC-1,1
pbmc,CACAGGCGTCCACGCA-1,1
pbmc,CACAGGCGTCCACTTC-1,1
pbmc,CACAGGCGTCCGAATT-1,1
pbmc,CACAGGCGTCCTGGTG-1,1
pbmc,CACAGGCGTGTGACCC-1,1
pbmc,CACAGGCGTTCCAGGC-1,1
pbmc,CACAGGCTCACTTATC-1,1
pbmc,CACAGGCTCGAACGGA-1,1
pbmc,CACAGGCTCTACACAG-1,2
pbmc,CACAGGCTCTCACAGG-1,1
pbmc,CACAGGCTCTCCCATG-1,2
pbmc,CACAGGCTCTGTCGTC-1,1
pbmc,CACATGAAGAGGATCC-1,2
pbmc,CACATGAAGAGTCTTC-1,1
pbmc,CACATGAAGCGAAACC-1,1
pbmc,CACATGAAGCTTTCTT-1,1
pbmc,CACATGAAGGTTGGAC-1,1
pbmc,CACATGAAGTATAGAC-1,1
pbmc,CACATGACAAACGGCA-1,1
pbmc,CACATGACAAGTCATC-1,1
pbmc,CACATGACAGACGGAT-1,1
pbmc,CACATGACAGCGTATT-1,1
pbmc,CACATGACAGGGCTTC-1,2
pbmc,CACATGACAGTGAGCA-1,1
pbmc,CACATGACAGTTAAAG-1,1
pbmc,CACATGACATAGACTC-1,1
pbmc,CACATGACATCCTATT-1,1
pbmc,CACATGACATTAAAGG-1,1
pbmc,CACATGAGTACCCGCA-1,1
pbmc,CACATGAGTACGCGTC-1,1
pbmc,CACATGAGTACTGTTG-1,1
pbmc,CACATGAGTGAATATG-1,1
pbmc,CACATGAGTGCCCACA-1,1
pbmc,CACATGAGTTCAGTAC-1,1
pbmc,CACATGAGTTTCGACA-1,258
pbmc,CACATGAGTTTCGGGC-1,1
pbmc,CACATGATCCACACCT-1,1
pbmc,CACATGATCGCATTAG-1,1
pbmc,CACATGATCTATGTGG-1,1
pbmc,CACCAAAAGCCATTTG-1,1
pbmc,CACCAAAAGCTGGCTC-1,1
pbmc,CACCAAAAGGACATCG-1,396
pbmc,CACCAAAAGGACGTCG-1,1
pbmc,CACCAAAAGGAGCTGT-1,1
pbmc,CACCAAAAGTGCTCGC-1,1
pbmc,CACCAAACAAATCCCA-1,1
pbmc,CACCAAACAACCGATT-1,1
pbmc,CACCAAACAAGAGGTC-1,1
pbmc,CACCAAACAAGTGGAC-1,1
pbmc,CACCAAACACGGTCTG-1,1
pbmc,CACCAAACAGAAGCTG-1,1
pbmc,CACCAAACAGACACCC-1,1
pbmc,CACCAAACATCCTGTC-1,1
pbmc,CACCAAAGTAGCGCCT-1,1
pbmc,CACCAAAGTGAGTTGG-1,1
pbmc,CACCAAAGTGCATGAG-1,1
pbmc,CACCAAAGTGCCCAGT-1,1
pbmc,CACCAAAGTGGCAGAT-1,1
pbmc,CACCAAAGTGTAACGG-1,2
pbmc,CACCAAATCCTAGCGG-1,1
pbmc,CACCAAATCGTGTGAT-1,1
pbmc,CACCAAATCTACCTTA-1,1
pbmc,CACCAAATCTCATGGA-1,1
pbmc,CACCAAATCTCCGCAT-1,4
pbmc,CACCAAATCTTCCCGA-1,1
pbmc,CACCGTTAGCTAGCCC-1,1
pbmc,CACCGTTAGGACTTCT-1,1
pbmc,CACCGTTAGGCACCAA-1,1
pbmc,CACCGTTAGGTAAAGG-1,1
pbmc,CACCGTTAGGTCCCGT-1,1
pbmc,CACCGTTCAACAAGTA-1,1
pbmc,CACCGTTCAAGAGGTC-1,1
pbmc,CACCGTTCAAGCAGGT-1,1
pbmc,CACCGTTCAATCCTAG-1,1
pbmc,CACCGTTCACAATGCT-1,1
pbmc,CACCGTTCACCAAAGG-1,1
pbmc,CACCGTTCACCCTAGG-1,263
pbmc,CACCGTTCACGGCGTT-1,1
pbmc,CACCGTTCAGACGATG-1,2
pbmc,CACCGTTCAGAGGGTT-1,1
pbmc,CACCGTTGTAACTGCT-1,1
pbmc,CACCGTTGTATGCAAA-1,1
pbmc,CACCGTTGTCACGCTG-1,1
pbmc,CACCGTTGTCATATGC-1,1
pbmc,CACCGTTGTCTTCATT-1,1
pbmc,CACCGTTGTGAAGCTG-1,1
pbmc,CACCGTTGTTACACAC-1,1
pbmc,CACCGTTGTTCGGACC-1,1
pbmc,CACCGTTGTTTACGAC-1,1
pbmc,CACCGTTTCATCACTT-1,1
pbmc,CACCGTTTCCGATGTA-1,2
pbmc,CACCGTTTCGACGCGT-1,2
pbmc,CACCGTTTCTGGGATT-1,2
pbmc,CACCGTTTCTTGTGCC-1,1
pbmc,CACGAATAGAAATTGC-1,1
pbmc,CACGAATAGACAGCTG-1,1
pbmc,CACGAATAGACCAAAT-1,1
pbmc,CACGAATAGACCTTTG-1,1
pbmc,CACGAATAGACGTCCC-1,1
pbmc,CACGAATAGCTACGTT-1,1
pbmc,CACGAATAGTAGTCTC-1,7
pbmc,CACGAATCAACCCTCT-1,1
pbmc,CACGAATCAACTGATC-1,1
pbmc,CACGAATCAAGCTGTT-1,1
pbmc,CACGAATCAAGTGGAC-1,1
pbmc,CACGAATCACATAGCT-1,314
pbmc,CACGAATCACCTGCTT-1,1
pbmc,CACGAATCACTTTATC-1,1
pbmc,CACGAATCAGAGTGTG-1,1
pbmc,CACGAATCAGGTACGA-1,1
pbmc,CACGAATGTATCCCAA-1,1
pbmc,CACGAATGTCGGCTAC-1,1
pbmc,CACGAATGTCTGCCTT-1,1
pbmc,CACGAATGTGCCTAAT-1,1
pbmc,CACGAATGTGCCTATA-1,1
pbmc,CACGAATGTGGGACAT-1,1
pbmc,CACGAATGTGTTGATC-1,1
pbmc,CACGAATTCAACTCTT-1,1
pbmc,CACGAATTCAAGTCGT-1,298
pbmc,CACGAATTCAAGTCTA-1,1
pbmc,CACGAATTCAAGTCTG-1,1
pbmc,CACGAATTCACGTCCC-1,1
pbmc,CACGAATTCAGGTCGT-1,1
pbmc,CACGAATTCTATGTGG-1,1
pbmc,CACGAATTCTGACCCT-1,1
pbmc,CACGAATTCTTTCTAG-1,2
pbmc,CACGGGTAGAAGTCTA-1,1
pbmc,CACGGGTAGACTTCCA-1,1
pbmc,CACGGGTAGCACGGGT-1,1
pbmc,CACGGGTAGCATCCCG-1,1
pbmc,CACGGGTAGCATCTGC-1,1
pbmc,CACGGGTAGCATTTGC-1,452
pbmc,CACGGGTAGCATTTGT-1,1
pbmc,CACGGGTAGCGATCGA-1,1
pbmc,CACGGGTAGTTAACGA-1,1
pbmc,CACGGGTCATGGGTCC-1,1
pbmc,CACGGGTGTACCGGAA-1,1
pbmc,CACGGGTGTCCAAAGG-1,1
pbmc,CACGGGTGTGGTCTGC-1,1
pbmc,CACGGGTGTTTGGGTT-1,1
pbmc,CACGGGTTCAAAGGAT-1,1
pbmc,CACGGGTTCCATTTGC-1,2
pbmc,CACGGGTTCCCGATCT-1,185
pbmc,CACGGGTTCCGTGGGT-1,1
pbmc,CACGGGTTCGTAACAC-1,1
pbmc,CACGTGGAGAGGGCGA-1,1
pbmc,CACGTGGAGCCTCCAG-1,1
pbmc,CACGTGGAGCTAGAGC-1,1
pbmc,CACGTGGAGGGTCACA-1,1
pbmc,CACGTGGAGTGGTGAC-1,1
pbmc,CACGTGGAGTTGTAGA-1,1
pbmc,CACGTGGCAAAGGCAC-1,1
pbmc,CACGTGGCATTGCCTC-1,1
pbmc,CACGTGGGTGGCTTGC-1,1
pbmc,CACGTGGGTGTTTACG-1,1
pbmc,CACGTGGTCATGCTAG-1,1
pbmc,CACGTGGTCGGCTGAC-1,1
pbmc,CACGTGGTCGGTCATA-1,1
pbmc,CACGTGGTCGGTGTAT-1,1
pbmc,CACGTGGTCGTGCTCT-1,1
pbmc,CACGTGGTCTAGAGCT-1,1
pbmc,CACGTTCAGAGTGAAG-1,1
pbmc,CACGTTCAGCACTCAT-1,1
pbmc,CACGTTCAGGATTCCT-1,1
pbmc,CACGTTCAGGGTACGT-1,2
pbmc,CACGTTCAGGGTTAGC-1,1
pbmc,CACGTTCAGTCATCCA-1,1
pbmc,CACGTTCAGTTGGACG-1,1
pbmc,CACGTTCCAACACTAC-1,1
pbmc,CACGTTCCAAGCAATA-1,1
pbmc,CACGTTCCACATTCTT-1,1
pbmc,CACGTTCCACGAGAAC-1,1
pbmc,CACGTTCCAGAGAGGG-1,1
pbmc,CACGTTCCAGCTTCCT-1,402
pbmc,CACGTTCCATAGGTTC-1,1
pbmc,CACGTTCCATGACACT-1,1
pbmc,CACGTTCCATGACGAG-1,1
pbmc,CACGTTCGTAGATCCT-1,1
pbmc,CACGTTCGTTATCCAG-1,1
pbmc,CACGTTCGTTCTTAGG-1,1
pbmc,CACGTTCTCACCTCGT-1,2
pbmc,CACGTTCTCACTTTGT-1,1
pbmc,CACGTTCTCAGCTTGA-1,1
pbmc,CACGTTCTCATTGCCC-1,1
pbmc,CACGTTCTCCGAGGCT-1,1
pbmc,CACGTTCTCGTTATCT-1,1
pbmc,CACGTTCTCGTTGCCT-1,1
pbmc,CACGTTCTCTATCACT-1,375
pbmc,CACGTTCTCTCCACTG-1,2
pbmc,CACTAAGAGAAAGTCT-1,1
pbmc,CACTAAGAGAAGTATC-1,1
pbmc,CACTAAGAGATAGCAT-1,1
pbmc,CACTAAGAGATCCGAG-1,1
pbmc,CACTAAGAGATGTTCC-1,1
pbmc,CACTAAGAGATTCGCT-1,1
pbmc,CACTAAGAGCAGGCTA-1,1
pbmc,CACTAAGAGGTAGTCG-1,1
pbmc,CACTAAGAGGTTGTTC-1,1
pbmc,CACTAAGAGTCCGCGT-1,1
pbmc,CACTAAGAGTTGCTGT-1,1
pbmc,CACTAAGAGTTTGGCT-1,1
pbmc,CACTAAGCACAGTCCG-1,1
pbmc,CACTAAGCACTCCTTG-1,1
pbmc,CACTAAGCACTTCAAG-1,2
pbmc,CACTAAGCACTTCTCG-1,2
pbmc,CACTAAGCATAGAGGC-1,1
pbmc,CACTAAGCATATTCGG-1,2
pbmc,CACTAAGGTAAGACTA-1,1
pbmc,CACTAAGGTAGTCGGA-1,1
pbmc,CACTAAGGTCTACAAC-1,1
pbmc,CACTAAGGTGATAGTA-1,284
pbmc,CACTAAGGTTCAAGGG-1,1
pbmc,CACTAAGGTTCCGCAG-1,1
pbmc,CACTAAGGTTTGGGTT-1,1
pbmc,CACTAAGTCAAGTGGG-1,2
pbmc,CACTAAGTCGCTACAA-1,1
pbmc,CACTGAAAGCTAGTTC-1,1
pbmc,CACTGAAAGGCCACTC-1,1
pbmc,CACTGAAAGGGTCTTT-1,1
pbmc,CACTGAACAACGTAAA-1,1
pbmc,CACTGAACAAGAATGT-1,1
pbmc,CACTGAACAATGTGGG-1,1
pbmc,CACTGAACACCATTCC-1,1
pbmc,CACTGAACACCGGAAA-1,1
pbmc,CACTGAACACGCAAAG-1,1
pbmc,CACTGAACACTAGGTT-1,1
pbmc,CACTGAACACTCATAG-1,1
pbmc,CACTGAACAGCACCCA-1,1
pbmc,CACTGAACAGTCGGAA-1,1
pbmc,CACTGAACATGGTGGA-1,1
pbmc,CACTGAACATTCAGCA-1,2
pbmc,CACTGAAGTACGATCT-1,1
pbmc,CACTGAAGTCTTTCTA-1,269
pbmc,CACTGAAGTTGGTAGG-1,1
pbmc,CACTGAAGTTTACACG-1,1
pbmc,CACTGAATCCCGATAG-1,1
pbmc,CACTGAATCCGGTAAT-1,1
pbmc,CACTGAATCCTGAAAT-1,1
pbmc,CACTGAATCCTGATAG-1,592
pbmc,CACTGAATCCTGGGTG-1,2
pbmc,CACTGAATCGTTATAG-1,1
pbmc,CACTGAATCTCCTGAC-1,1
pbmc,CACTGAATCTGCGATA-1,1
pbmc,CACTGGGAGACGAAGA-1,1
pbmc,CACTGGGAGATAGCAC-1,1
pbmc,CACTGGGAGCTAGTTC-1,1
pbmc,CACTGGGAGGCGAACT-1,1
pbmc,CACTGGGAGGCGACAT-1,369
pbmc,CACTGGGAGTGAGCCA-1,1
pbmc,CACTGGGAGTGATTCC-1,1
pbmc,CACTGGGAGTTACACT-1,1
pbmc,CACTGGGAGTTACTCG-1,196
pbmc,CACTGGGAGTTCCGTA-1,1
pbmc,CACTGGGCAATCTTCT-1,1
pbmc,CACTGGGCACGCAGTC-1,1
pbmc,CACTGGGCAGCGAGTA-1,1
pbmc,CACTGGGCAGTCAGAG-1,1
pbmc,CACTGGGCAGTGGGTA-1,1
pbmc,CACTGGGCATCTAGAC-1,1
pbmc,CACTGGGCATCTTCGC-1,1
pbmc,CACTGGGGTCCCGCAA-1,1
pbmc,CACTGGGGTCGCACAC-1,549
pbmc,CACTGGGGTCTCACAA-1,1
pbmc,CACTGGGGTGACTAAA-1,1
pbmc,CACTGGGGTGCACACC-1,1
pbmc,CACTGGGGTGGATCGA-1,1
pbmc,CACTGGGGTGTCGCTG-1,1
pbmc,CACTGGGGTTTGTTCT-1,1
pbmc,CACTGGGTCACACACG-1,4
pbmc,CACTGGGTCATTACCT-1,1
pbmc,CACTGGGTCCTGGCTT-1,1
pbmc,CACTGGGTCGCCTAGG-1,1
pbmc,CACTGGGTCGTACACA-1,1
pbmc,CACTGGGTCGTGCGAC-1,1
pbmc,CACTGGGTCTACACTT-1,1
pbmc,CACTGGGTCTGTCGCT-1,1
pbmc,CACTGTCAGATGACCG-1,1
pbmc,CACTGTCAGCGAGTAC-1,1
pbmc,CACTGTCAGCTAATGA-1,1
pbmc,CACTGTCAGGATGAGA-1,1
pbmc,CACTGTCAGTTGGACG-1,1
pbmc,CACTGTCAGTTGTAGA-1,1
pbmc,CACTGTCCACATATGC-1,288
pbmc,CACTGTCCATGTTACG-1,2
pbmc,CACTGTCGTAAGCTCT-1,1
pbmc,CACTGTCGTAAGTAGT-1,1
pbmc,CACTGTCGTATGTCCA-1,1
pbmc,CACTGTCGTCCACATA-1,1
pbmc,CACTGTCGTCCTCATC-1,2
pbmc,CACTGTCGTCGTTATG-1,1
pbmc,CACTGTCGTGGCAACA-1,1
pbmc,CACTGTCTCACTTGTT-1,1
pbmc,CACTGTCTCGTCGACG-1,2
pbmc,CACTGTCTCGTGTTCC-1,1
pbmc,CACTTCGAGCATCCCG-1,1
pbmc,CACTTCGAGCCTCTTC-1,1
pbmc,CACTTCGAGCGACTAG-1,1
pbmc,CACTTCGAGCTAGCCC-1,1
pbmc,CACTTCGCACGTAGAG-1,1
pbmc,CACTTCGCACTACTTT-1,1
pbmc,CACTTCGCAGCACAAG-1,1
pbmc,CACTTCGCAGTGTACT-1,1
pbmc,CACTTCGGTATAATGG-1,1
pbmc,CACTTCGGTATTAAGG-1,1
pbmc,CACTTCGGTCACACTA-1,1
pbmc,CACTTCGGTGCCTATA-1,1
pbmc,CACTTCGGTGTTGATC-1,1
pbmc,CACTTCGTCACCTACC-1,646
pbmc,CACTTCGTCATACAGC-1,1
pbmc,CACTTCGTCCACTGGG-1,1
pbmc,CACTTCGTCGACGATT-1,1
pbmc,CACTTCGTCGTGGCGT-1,1
pbmc,CAGAGCCAGACATAAC-1,1
pbmc,CAGAGCCAGACCAAAT-1,1
pbmc,CAGAGCCAGACCATAA-1,1
pbmc,CAGAGCCAGAGTCTGG-1,1
pbmc,CAGAGCCAGGAACGAA-1,1
pbmc,CAGAGCCAGGGCTTCC-1,1
pbmc,CAGAGCCAGTGCACCC-1,1
pbmc,CAGAGCCCAATTGCCA-1,1
pbmc,CAGAGCCCAGGAACCA-1,1
pbmc,CAGAGCCCATCACGGC-1,1
pbmc,CAGAGCCCATGGGTCC-1,1
pbmc,CAGAGCCGTAGCGAGT-1,1
pbmc,CAGAGCCGTCCAAAGG-1,1
pbmc,CAGAGCCGTCGCAACC-1,1
pbmc,CAGAGCCGTGATTGGG-1,1
pbmc,CAGAGCCGTGCCCGTA-1,161
pbmc,CAGAGCCGTGCTTATG-1,1
pbmc,CAGAGCCGTTCAAACC-1,1
pbmc,CAGAGCCGTTGCAAGG-1,1
pbmc,CAGAGCCGTTTGGAAA-1,1
pbmc,CAGAGCCTCACTACTT-1,1
pbmc,CAGAGCCTCATCGACA-1,1
pbmc,CAGAGCCTCGTCTACC-1,1
pbmc,CAGAGCCTCTTCGATT-1,1
pbmc,CAGAGCCTCTTGTGCC-1,1
pbmc,CAGATACAGATCCCAT-1,1
pbmc,CAGATACAGATGCTGG-1,1
pbmc,CAGATACAGCACAAAT-1,1
pbmc,CAGATACAGGTTCCGC-1,1
pbmc,CAGATACAGTCGCGAA-1,2
pbmc,CAGATACCAAAGACTA-1,1
pbmc,CAGATACCAATACGAA-1,1
pbmc,CAGATACCAATTGTGC-1,1
pbmc,CAGATACCAGCGACAA-1,1
pbmc,CAGATACCAGTTCACA-1,1
pbmc,CAGATACGTACGAAAT-1,1
pbmc,CAGATACGTCTCGGAC-1,1
pbmc,CAGATACGTGCCGTTG-1,1
pbmc,CAGATACGTTAGAAAC-1,1
pbmc,CAGATACGTTCAAACC-1,1
pbmc,CAGATACTCAACTGGT-1,2
pbmc,CAGATACTCACCATAG-1,1
pbmc,CAGATACTCGCATTAG-1,1
pbmc,CAGATACTCGTTCCCA-1,304
pbmc,CAGATCAAGACAAGCC-1,1
pbmc,CAGATCAAGCATCCTA-1,1
pbmc,CAGATCAAGCCAGTAG-1,1
pbmc,CAGATCAAGTCAACAA-1,1
pbmc,CAGATCAAGTCGGCCT-1,1
pbmc,CAGATCACAACACAAA-1,1
pbmc,CAGATCACAAGACGAC-1,1
pbmc,CAGATCACAAGGGCAT-1,1
pbmc,CAGATCACAATCCTAG-1,1
pbmc,CAGATCACACCAGGTC-1,2
pbmc,CAGATCACACTGAGTT-1,1
pbmc,CAGATCACAGCCTATA-1,4
pbmc,CAGATCACATCGGAGA-1,1
pbmc,CAGATCACATCTTCGC-1,1
pbmc,CAGATCAGTAACATAG-1,1
pbmc,CAGATCAGTATAGCTC-1,2
pbmc,CAGATCAGTCCGAAAG-1,1
pbmc,CAGATCAGTCCTGAAT-1,1
pbmc,CAGATCAGTGAATGAT-1,1
pbmc,CAGATCAGTGAGCGAT-1,1
pbmc,CAGATCAGTGTATCCA-1,2
pbmc,CAGATCATCACATACG-1,1
pbmc,CAGATCATCATTTGCT-1,1
pbmc,CAGATCATCCACAAGT-1,1
pbmc,CAGATCATCCCTCTCC-1,1
pbmc,CAGATCATCCGGCAGT-1,1
pbmc,CAGATCATCCTTGACC-1,1
pbmc,CAGATCATCGAAGAAT-1,1
pbmc,CAGATCATCGTGGTAT-1,1
pbmc,CAGATCATCTCACACT-1,1
pbmc,CAGATCATCTGCTAGA-1,1
pbmc,CAGATCATCTGGAGAG-1,3
pbmc,CAGATCATCTTCGTGC-1,1
pbmc,CAGATTGAGAACGTGC-1,276
pbmc,CAGATTGAGACAGCGT-1,1
pbmc,CAGATTGAGCAAATGT-1,1
pbmc,CAGATTGAGCACTCGC-1,2
pbmc,CAGATTGAGCTGAAGC-1,1
pbmc,CAGATTGAGCTGAGCA-1,233
pbmc,CAGATTGAGCTTCTAG-1,1
pbmc,CAGATTGCAACAGCTT-1,1
pbmc,CAGATTGCAACTCGAT-1,1
pbmc,CAGATTGCACCACATA-1,1
pbmc,CAGATTGCACCTCGTT-1,1
pbmc,CAGATTGCAGCAATTC-1,1
pbmc,CAGATTGCAGGGACTA-1,1
pbmc,CAGATTGGTAGAAACT-1,1
pbmc,CAGATTGGTAGGCAGT-1,1
pbmc,CAGATTGGTCAATCTG-1,2
pbmc,CAGATTGGTCACAATC-1,1
pbmc,CAGATTGGTCGTCATA-1,1
pbmc,CAGATTGGTGACACAG-1,1
pbmc,CAGATTGGTGACTAAA-1,336
pbmc,CAGATTGGTGTCACAT-1,1
pbmc,CAGATTGGTTGGGATG-1,1
pbmc,CAGATTGGTTGTGGCC-1,1
pbmc,CAGATTGTCAGCTGAT-1,1
pbmc,CAGATTGTCCGCCTAT-1,1
pbmc,CAGATTGTCCTTCAGC-1,1
pbmc,CAGATTGTCGACTAAT-1,1
pbmc,CAGATTGTCGCGTAGC-1,1
pbmc,CAGATTGTCGTAGTCA-1,2
pbmc,CAGATTGTCGTTCCTG-1,1
pbmc,CAGCAATAGAAGTGTT-1,1
pbmc,CAGCAATAGCCGATCC-1,1
pbmc,CAGCAATAGCGCAATG-1,1
pbmc,CAGCAATAGGGAGAAT-1,2
pbmc,CAGCAATAGGGCGAAG-1,1
pbmc,CAGCAATAGGTACATA-1,1
pbmc,CAGCAATAGGTAGTCG-1,1
pbmc,CAGCAATAGGTTTACC-1,1
pbmc,CAGCAATAGTCGTCTA-1,2
pbmc,CAGCAATCAAGCTGTT-1,1
pbmc,CAGCAATCACCGTCTT-1,1
pbmc,CAGCAATCACGCGCTA-1,1
pbmc,CAGCAATCACGCTGAC-1,1
pbmc,CAGCAATCAGGTTCAT-1,1
pbmc,CAGCAATCATAACGGG-1,1
pbmc,CAGCAATCATCCTAAG-1,1
pbmc,CAGCAATGTACATTGC-1,1
pbmc,CAGCAATGTATCGTTG-1,401
pbmc,CAGCAATGTATTCTCT-1,1
pbmc,CAGCAATGTTACACAC-1,1
pbmc,CAGCAATGTTACCTGA-1,1
pbmc,CAGCAATTCACAATGC-1,1
pbmc,CAGCAATTCAGAGCAG-1,2
pbmc,CAGCAATTCCAGTGCG-1,1
pbmc,CAGCAATTCCCATTCG-1,1
pbmc,CAGCAATTCTTGGCTC-1,2
pbmc,CAGCAATTCTTTGCAT-1,1
pbmc,CAGCACGAGAAGTCCG-1,1
pbmc,CAGCACGAGGAGTACC-1,1
pbmc,CAGCACGAGGGAGTTC-1,1
pbmc,CAGCACGAGTAGGAAG-1,1
pbmc,CAGCACGAGTCTAGCT-1,1
pbmc,CAGCACGCAAAGACTA-1,1
pbmc,CAGCACGCACAAAGCG-1,1
pbmc,CAGCACGCACATGAAA-1,1
pbmc,CAGCACGCACGGATCC-1,1
pbmc,CAGCACGCACTTGTGA-1,1
pbmc,CAGCACGCAGCTACTA-1,1
pbmc,CAGCACGCATAATGCC-1,1
pbmc,CAGCACGCATTATGCG-1,1
pbmc,CAGCACGGTATGAGAT-1,1
pbmc,CAGCACGGTCAATCTG-1,1
pbmc,CAGCACGGTGTCCAAT-1,1
pbmc,CAGCACGGTTCTCCCA-1,2
pbmc,CAGCACGGTTGCTTGA-1,1
pbmc,CAGCACGTCAAGAATG-1,1
pbmc,CAGCACGTCCGTAATG-1,1
pbmc,CAGCACGTCCTACCGT-1,1
pbmc,CAGCACGTCGTAGTGT-1,1
pbmc,CAGCACGTCGTCCATC-1,1
pbmc,CAGCACGTCTGTCGTC-1,1
pbmc,CAGCAGCAGACAGCGT-1,1
pbmc,CAGCAGCAGACATAAC-1,1
pbmc,CAGCAGCAGACTTCGT-1,1
pbmc,CAGCAGCAGCGAGGAG-1,1
pbmc,CAGCAGCAGCTCGACC-1,1
pbmc,CAGCAGCAGGCTGGAT-1,1
pbmc,CAGCAGCAGGCTGTAG-1,1
pbmc,CAGCAGCAGTAAGCAT-1,1
pbmc,CAGCAGCAGTCAGGGT-1,1
pbmc,CAGCAGCCAAGGGTCA-1,1
pbmc,CAGCAGCCAAGTCCCG-1,1
pbmc,CAGCAGCCACCCGTAG-1,1
pbmc,CAGCAGCCACCGAATT-1,1
pbmc,CAGCAGCCAGAGAATT-1,1
pbmc,CAGCAGCCAGCTACTA-1,2
pbmc,CAGCAGCCAGCTGTAT-1,1
pbmc,CAGCAGCCATACAGGG-1,1
pbmc,CAGCAGCCATCGATCA-1,1
pbmc,CAGCAGCCATGGCTAT-1,1
pbmc,CAGCAGCGTCATAGTC-1,1
pbmc,CAGCAGCGTGGAAATT-1,1
pbmc,CAGCAGCTCAGAGTTC-1,166
pbmc,CAGCAGCTCAGGCGAA-1,1
pbmc,CAGCAGCTCATACGGT-1,1
pbmc,CAGCAGCTCCGAGGCT-1,2
pbmc,CAGCAGCTCCTGGTCT-1,1
pbmc,CAGCCAGAGCGGACAT-1,1
pbmc,CAGCCAGAGGCGTCCT-1,1
pbmc,CAGCCAGAGTAGGATT-1,1
pbmc,CAGCCAGAGTTGAAAC-1,1
pbmc,CAGCCAGCACCGTGGT-1,1
pbmc,CAGCCAGCACCTGTCT-1,1
pbmc,CAGCCAGCATTACTCT-1,1
pbmc,CAGCCAGGTAGCTAAA-1,1
pbmc,CAGCCAGGTAGGAAAG-1,1
pbmc,CAGCCAGGTATCATGC-1,1
pbmc,CAGCCAGGTCAATGGG-1,1
pbmc,CAGCCAGGTCAGTCTA-1,1
pbmc,CAGCCAGGTCCGCAGT-1,1
pbmc,CAGCCAGGTCCGGCAT-1,1
pbmc,CAGCCAGGTGGGTTGA-1,371
pbmc,CAGCCAGTCAACCGAT-1,1
pbmc,CAGCCAGTCACAGAGG-1,1
pbmc,CAGCCAGTCGCCAGTG-1,1
pbmc,CAGCGTGAGCCTCTGG-1,1
pbmc,CAGCGTGAGCGCCCAT-1,1
pbmc,CAGCGTGAGGAACATT-1,1
pbmc,CAGCGTGAGGTAACTA-1,1
pbmc,CAGCGTGAGTGCAGGT-1,1
pbmc,CAGCGTGCAAGAGGCT-1,2
pbmc,CAGCGTGCACATACGT-1,1
pbmc,CAGCGTGCACCAGTTA-1,1
pbmc,CAGCGTGCAGCGTGCT-1,1
pbmc,CAGCGTGCAGTCCCGA-1,1
pbmc,CAGCGTGCATGGTGGA-1,2
pbmc,CAGCGTGGTAGAATAC-1,1
pbmc,CAGCGTGGTAGCGATG-1,1
pbmc,CAGCGTGGTATGCAAA-1,1
pbmc,CAGCGTGGTCGTGGAA-1,1
pbmc,CAGCGTGGTTGGCTAT-1,1
pbmc,CAGCGTGTCCATCACC-1,182
pbmc,CAGCGTGTCCCAACTC-1,1
pbmc,CAGCGTGTCCGATTAG-1,1
pbmc,CAGCGTGTCCGTGGCA-1,1
pbmc,CAGCGTGTCCTATGGA-1,2
pbmc,CAGCGTGTCGAAACAA-1,1
pbmc,CAGCGTGTCGTCCATC-1,1
pbmc,CAGCGTGTCTAACGGT-1,1
pbmc,CAGCGTGTCTGTCGCT-1,1
pbmc,CAGGCCAAGGGTGGGA-1,1
pbmc,CAGGCCAAGGTAGTCG-1,1
pbmc,CAGGCCAAGTAACGTA-1,1
pbmc,CAGGCCAAGTCGCCCA-1,1
pbmc,CAGGCCAAGTCTGCAT-1,1
pbmc,CAGGCCAAGTTTCGAC-1,1
pbmc,CAGGCCACAAGGTCGA-1,1
pbmc,CAGGCCACACGACGAA-1,2
pbmc,CAGGCCACAGACATCT-1,1
pbmc,CAGGCCACAGGTGTTT-1,2
pbmc,CAGGCCAGTACCGGCT-1,1
pbmc,CAGGCCAGTCGAACAG-1,1
pbmc,CAGGCCAGTGCGACAA-1,3
pbmc,CAGGCCAGTTAATGAG-1,1
pbmc,CAGGCCAGTTCAATCG-1,405
pbmc,CAGGCCAGTTGTTTGG-1,1
pbmc,CAGGCCATCACCTTAT-1,2
pbmc,CAGGCCATCACTCACC-1,119
pbmc,CAGGCCATCACTGCTC-1,1
pbmc,CAGGCCATCCACGAAT-1,1
pbmc,CAGGCCATCCACTAGA-1,236
pbmc,CAGGCCATCCACTGGA-1,2
pbmc,CAGGCCATCGGAATGG-1,1
pbmc,CAGGCCATCGGCCAAC-1,1
pbmc,CAGGCCATCGTCCTTG-1,2
pbmc,CAGGCCATCTGCGAGC-1,1
pbmc,CAGGCCATCTGTCCCA-1,1
pbmc,CAGGGCTAGATTGGGC-1,192
pbmc,CAGGGCTAGCTATCTG-1,1
pbmc,CAGGGCTAGGCGAACT-1,1
pbmc,CAGGGCTAGTCCTACA-1,1
pbmc,CAGGGCTCAAACAGGC-1,1
pbmc,CAGGGCTCAAAGGGCT-1,1
pbmc,CAGGGCTCAAGTGGGT-1,1
pbmc,CAGGGCTCACCGAATT-1,1
pbmc,CAGGGCTCACTTGACA-1,1
pbmc,CAGGGCTCAGACACAG-1,1
pbmc,CAGGGCTCAGATCCAT-1,1
pbmc,CAGGGCTGTAGGAAAG-1,1
pbmc,CAGGGCTGTCCACTTC-1,1
pbmc,CAGGGCTGTCTGTTAG-1,1
pbmc,CAGGGCTGTGAGTGAC-1,1
pbmc,CAGGGCTTCAGAGCAG-1,1
pbmc,CAGGGCTTCCGATTAG-1,1
pbmc,CAGGGCTTCGAAACAA-1,1
pbmc,CAGGGCTTCGACGAGA-1,283
pbmc,CAGGGCTTCGACTATA-1,1
pbmc,CAGGGCTTCGTAGCCG-1,1
pbmc,CAGGGCTTCGTTCTCG-1,1
pbmc,CAGGGCTTCTAGTGAC-1,1
pbmc,CAGGGCTTCTGTCGTC-1,2
pbmc,CAGGTATAGAAGAGGC-1,1
pbmc,CAGGTATAGATGACAT-1,2
pbmc,CAGGTATAGCCTCATA-1,1
pbmc,CAGGTATAGCGGCTCT-1,2
pbmc,CAGGTATAGGTAACTA-1,1
pbmc,CAGGTATAGTAGCAAT-1,1
pbmc,CAGGTATAGTTGCTGT-1,2
pbmc,CAGGTATCAACATCGT-1,2
pbmc,CAGGTATCAACTAGAA-1,1
pbmc,CAGGTATGTAAGGCTG-1,2
pbmc,CAGGTATGTACCTATG-1,1
pbmc,CAGGTATGTAGACAGC-1,1
pbmc,CAGGTATGTAGGAGTC-1,1
pbmc,CAGGTATGTCAGTCAT-1,1
pbmc,CAGGTATGTCAGTCTA-1,630
pbmc,CAGGTATGTCCAACGC-1,1
pbmc,CAGGTATGTGTAAATG-1,235
pbmc,CAGGTATTCAAGGTGG-1,1
pbmc,CAGGTATTCAGACATC-1,1
pbmc,CAGGTATTCCAGCTCT-1,1
pbmc,CAGGTATTCCATAAGC-1,1
pbmc,CAGGTATTCGATGGAG-1,1
pbmc,CAGGTATTCTCCGAGG-1,1
pbmc,CAGGTATTCTTAATCC-1,1
pbmc,CAGGTATTCTTACCAT-1,2
pbmc,CAGGTATTCTTTACAC-1,1
pbmc,CAGTGCGAGCAAACAT-1,1
pbmc,CAGTGCGAGCATGAAT-1,2
pbmc,CAGTGCGAGCCTGAAG-1,2
pbmc,CAGTGCGAGCCTGTCG-1,1
pbmc,CAGTGCGAGCTCGTGC-1,1
pbmc,CAGTGCGAGGACGCAT-1,1
pbmc,CAGTGCGAGGGTTAGC-1,1
pbmc,CAGTGCGAGGTGGCTA-1,1
pbmc,CAGTGCGAGTAACCTC-1,1
pbmc,CAGTGCGAGTAGGGTC-1,1
pbmc,CAGTGCGCAACCGGAA-1,1
pbmc,CAGTGCGCAGAATGTA-1,1
pbmc,CAGTGCGCAGATAAAC-1,1
pbmc,CAGTGCGCATCGCCTT-1,1
pbmc,CAGTGCGGTAACACGG-1,1
pbmc,CAGTGCGGTAAGAACT-1,1
pbmc,CAGTGCGGTACAAACA-1,1
pbmc,CAGTGCGGTCGAGTTT-1,1
pbmc,CAGTGCGGTGGCAACA-1,1
pbmc,CAGTGCGGTTCGAAGG-1,1
pbmc,CAGTGCGGTTCTAACG-1,1
pbmc,CAGTGCGGTTCTTCAT-1,1
pbmc,CAGTGCGTCAAGGTGG-1,1
pbmc,CAGTGCGTCAAGTCGT-1,1
pbmc,CAGTGCGTCAGGACGA-1,1
pbmc,CAGTGCGTCCACGGAC-1,1
pbmc,CAGTGCGTCCTGATAG-1,1
pbmc,CAGTGCGTCTCCACTG-1,1
pbmc,CAGTGCGTCTGGGAGA-1,1
pbmc,CAGTGCGTCTTAGCTT-1,1
pbmc,CAGTTAGAGCTAAGTA-1,1
pbmc,CAGTTAGAGCTATCTG-1,1
pbmc,CAGTTAGAGGATGCGT-1,1
pbmc,CAGTTAGAGGTAGGCT-1,1
pbmc,CAGTTAGCAAGCGAGT-1,1
pbmc,CAGTTAGCACACCAGC-1,1
pbmc,CAGTTAGCACCGCTGA-1,1
pbmc,CAGTTAGCACTCCACT-1,1
pbmc,CAGTTAGGTACCGTCG-1,1
pbmc,CAGTTAGGTACCTAAC-1,1
pbmc,CAGTTAGGTAGCTGAG-1,1
pbmc,CAGTTAGGTAGGCAGT-1,1
pbmc,CAGTTAGGTATTCTCT-1,1
pbmc,CAGTTAGGTCCATACA-1,1
pbmc,CAGTTAGGTCCTTTGC-1,1
pbmc,CAGTTAGGTCGTATTG-1,2
pbmc,CAGTTAGGTCTTAGTG-1,1
pbmc,CAGTTAGGTGAGATAT-1,1
pbmc,CAGTTAGGTGCCCTTT-1,2
pbmc,CAGTTAGGTTGTCTAG-1,1
pbmc,CAGTTAGTCAGACCTA-1,1
pbmc,CAGTTAGTCATCTACT-1,1
pbmc,CAGTTAGTCCCAGGCA-1,1
pbmc,CAGTTAGTCGAGTGAG-1,1
pbmc,CAGTTAGTCGATCCAA-1,1
pbmc,CAGTTAGTCGGCCCAA-1,68
pbmc,CAGTTAGTCTTGGGCG-1,1
pbmc,CAGTTCCAGGCTAACG-1,1
pbmc,CAGTTCCAGGGTCACA-1,1
pbmc,CAGTTCCCAACCCTAA-1,1
pbmc,CAGTTCCCAATCGCAT-1,2
pbmc,CAGTTCCCAATCGTCA-1,206
pbmc,CAGTTCCCAATCTGCA-1,1
pbmc,CAGTTCCCAGCTGTGC-1,1
pbmc,CAGTTCCCATCAACCA-1,1
pbmc,CAGTTCCCATGGCCAC-1,1
pbmc,CAGTTCCCATTGTAGC-1,1
pbmc,CAGTTCCGTATGACAA-1,1
pbmc,CAGTTCCGTCAGTCTA-1,1
pbmc,CAGTTCCGTGAGTTTC-1,1
pbmc,CAGTTCCGTTGCCGCA-1,1
pbmc,CAGTTCCGTTGTGCAT-1,1
pbmc,CAGTTCCGTTTCAGAC-1,1
pbmc,CAGTTCCTCACCGACG-1,1
pbmc,CAGTTCCTCACTTATC-1,1
pbmc,CAGTTCCTCACTTCTA-1,1
pbmc,CAGTTCCTCATTCCTA-1,1
pbmc,CAGTTCCTCCTGGGAC-1,2
pbmc,CAGTTCCTCCTGTACC-1,1
pbmc,CAGTTCCTCGTAGAGG-1,1
pbmc,CAGTTCCTCTAACGCA-1,1
pbmc,CAGTTCCTCTATCGCC-1,1
pbmc,CAGTTCCTCTGCGTCT-1,1
pbmc,CATAAGCAGAAGGCTC-1,1
pbmc,CATAAGCAGCCTGGAA-1,1
pbmc,CATAAGCAGCTGTACT-1,1
pbmc,CATAAGCAGTATGAGT-1,1
pbmc,CATAAGCAGTATGATG-1,1
pbmc,CATAAGCCAACGACAG-1,1
pbmc,CATAAGCCAACGAGGT-1,1
pbmc,CATAAGCCAATCGCGC-1,2
pbmc,CATAAGCCACACCTAA-1,1
pbmc,CATAAGCCACATGAAA-1,1
pbmc,CATAAGCGTACGGTTT-1,1
pbmc,CATAAGCGTAGCGCTC-1,266
pbmc,CATAAGCGTATCCTTT-1,1
pbmc,CATAAGCGTCTGCAAT-1,1
pbmc,CATAAGCGTGAGATAT-1,1
pbmc,CATAAGCTCATCGCCT-1,1
pbmc,CATAAGCTCCCTAGGG-1,1
pbmc,CATAAGCTCCGCTAGG-1,1
pbmc,CATAAGCTCCGCTTAC-1,1
pbmc,CATAAGCTCCGTGGGT-1,1
pbmc,CATAAGCTCCGTGTGG-1,297
pbmc,CATAAGCTCGTGCGAC-1,1
pbmc,CATAAGCTCTACGCAA-1,1
pbmc,CATAAGCTCTCCGAGG-1,1
pbmc,CATAAGCTCTGGACTA-1,1
pbmc,CATACAGAGGAGTCTG-1,1
pbmc,CATACAGCAACACTAC-1,1
pbmc,CATACAGCAAGTTGGG-1,1
pbmc,CATACAGCACATTCTT-1,1
pbmc,CATACAGCACGGGTAA-1,1
pbmc,CATACAGCACTGTGTA-1,1
pbmc,CATACAGCAGGTTTAC-1,1
pbmc,CATACAGCATGAGATA-1,1
pbmc,CATACAGGTACGATCT-1,1
pbmc,CATACAGGTATCATGC-1,1
pbmc,CATACAGGTCAGGCAA-1,1
pbmc,CATACAGGTCCCTAAA-1,1
pbmc,CATACAGGTGGACAGT-1,1
pbmc,CATACAGTCAAGAGGC-1,1
pbmc,CATACAGTCAATCAGC-1,1
pbmc,CATACAGTCACGACTA-1,1
pbmc,CATACAGTCAGTGTCA-1,1
pbmc,CATACAGTCCCTTTGG-1,2
pbmc,CATACAGTCGAGCCAC-1,1
pbmc,CATACAGTCTGAGGCC-1,1
pbmc,CATACAGTCTGCGATA-1,1
pbmc,CATACAGTCTGGAGAG-1,1
pbmc,CATACAGTCTTGCGCT-1,1
pbmc,CATACCCAGATTGACA-1,1
pbmc,CATACCCAGCACACAG-1,1
pbmc,CATACCCAGCTTACGT-1,1
pbmc,CATACCCAGTCATGAA-1,1
pbmc,CATACCCAGTGAGCCA-1,1
pbmc,CATACCCAGTGGAATT-1,1
pbmc,CATACCCAGTTGGCTT-1,1
pbmc,CATACCCAGTTGTAAG-1,1
pbmc,CATACCCCAAGACCGA-1,2
pbmc,CATACCCCACCCTCTA-1,2
pbmc,CATACCCCAGAGAAAG-1,1
pbmc,CATACCCCATCCCGTT-1,1
pbmc,CATACCCGTACCGTCG-1,1
pbmc,CATACCCGTATACCTG-1,1
pbmc,CATACCCGTGAACGGT-1,1
pbmc,CATACCCGTTTGGCTA-1,1
pbmc,CATACCCTCCTGTTGC-1,1
pbmc,CATACCCTCGACGCGT-1,2
pbmc,CATACCCTCTACCACC-1,2
pbmc,CATACCCTCTATGTGG-1,1
pbmc,CATACCCTCTGCTAGA-1,1
pbmc,CATACCCTCTTTCAGT-1,1
pbmc,CATACTTAGATTACCC-1,1
pbmc,CATACTTAGGGAGGCA-1,1
pbmc,CATACTTAGGTACCTT-1,1
pbmc,CATACTTAGTACGTCT-1,1
pbmc,CATACTTCAAATGCGG-1,2
pbmc,CATACTTCACATTCGA-1,1
pbmc,CATACTTCACTCACTC-1,1
pbmc,CATACTTCATCCCGTT-1,2
pbmc,CATACTTCATGTAACC-1,3
pbmc,CATACTTCATGTCGTA-1,1
pbmc,CATACTTGTAACCCGC-1,1
pbmc,CATACTTGTCTTTCAT-1,1
pbmc,CATACTTGTGAGGAAA-1,1
pbmc,CATACTTGTTACGCCG-1,2
pbmc,CATACTTGTTGATGTC-1,1
pbmc,CATACTTTCAACGAGG-1,223
pbmc,CATACTTTCAGCCTCT-1,1
pbmc,CATACTTTCATGGCCG-1,1
pbmc,CATACTTTCTGTTGGA-1,1
pbmc,CATACTTTCTTTCCGG-1,2
pbmc,CATAGACAGATCACTC-1,1
pbmc,CATAGACAGCCTAGGA-1,1
pbmc,CATAGACAGCTAAATG-1,1
pbmc,CATAGACCAACAAGAT-1,2
pbmc,CATAGACCAATGCAAA-1,1
pbmc,CATAGACCACGCAAAG-1,1
pbmc,CATAGACCACGGGTAA-1,1
pbmc,CATAGACCAGTAACAA-1,3
pbmc,CATAGACCATCTCAAG-1,14
pbmc,CATAGACCATGAAGCG-1,1
pbmc,CATAGACGTACCTTCC-1,62
pbmc,CATAGACGTACGACAG-1,2
pbmc,CATAGACGTAGTCTGT-1,1
pbmc,CATAGACGTCGTTGCG-1,1
pbmc,CATAGACGTGCCCTTT-1,1
pbmc,CATAGACGTGCCTTCT-1,1
pbmc,CATAGACGTTAGAAAC-1,1
pbmc,CATAGACGTTGACGGA-1,1
pbmc,CATAGACTCACCATAG-1,1
pbmc,CATAGACTCCAGCAAT-1,1
pbmc,CATAGACTCCCGATCT-1,1
pbmc,CATAGACTCGAGTACT-1,1
pbmc,CATAGACTCGTAATGC-1,1
pbmc,CATAGACTCTAGCATG-1,1
pbmc,CATAGACTCTGCACCT-1,2
pbmc,CATAGACTCTGTCGTC-1,1
pbmc,CATAGACTCTTGCAGA-1,1
pbmc,CATCAAGAGACCTCAT-1,1
pbmc,CATCAAGAGATGCAGC-1,1
pbmc,CATCAAGAGCAGGCTA-1,1
pbmc,CATCAAGAGCGCCGTT-1,112
pbmc,CATCAAGAGGAGACCT-1,1
pbmc,CATCAAGAGGCTGAAC-1,1
pbmc,CATCAAGAGTGGTGAC-1,1
pbmc,CATCAAGAGTTGTCAC-1,1
pbmc,CATCAAGCAACAGCCC-1,2
pbmc,CATCAAGCAAGCTGAG-1,1
pbmc,CATCAAGCAATGGGTG-1,1
pbmc,CATCAAGCAGGGAGAG-1,2
pbmc,CATCAAGCATACTGTG-1,1
pbmc,CATCAAGCATTCCTCG-1,1
pbmc,CATCAAGGTAACACCT-1,1
pbmc,CATCAAGGTATGGTTC-1,307
pbmc,CATCAAGGTCGAAACG-1,1
pbmc,CATCAAGGTCTAACTG-1,85
pbmc,CATCAAGGTCTGGTTA-1,1
pbmc,CATCAAGGTGCCGTTG-1,1
pbmc,CATCAAGGTGTCCAAT-1,1
pbmc,CATCAAGGTGTCCCTT-1,1
pbmc,CATCAAGGTTGTCCCT-1,179
pbmc,CATCAAGTCAGCATTG-1,1
pbmc,CATCAAGTCCTATGGA-1,1
pbmc,CATCAAGTCGAGTGAG-1,1
pbmc,CATCAAGTCGGCATCG-1,1
pbmc,CATCAAGTCTGGTTCT-1,3
pbmc,CATCAAGTCTTGCATC-1,1
pbmc,CATCCACAGGCGACAT-1,1
pbmc,CATCCACAGTGTGTTC-1,1
pbmc,CATCCACCAATGAAAC-1,1
pbmc,CATCCACCACAGTCGC-1,1
pbmc,CATCCACCATTAGGCT-1,1
pbmc,CATCCACGTACCAGAG-1,1
pbmc,CATCCACGTACGCGTC-1,1
pbmc,CATCCACGTCGTAATC-1,1
pbmc,CATCCACGTTGCATTG-1,1
pbmc,CATCCACTCAGTCACA-1,1
pbmc,CATCCACTCCGTAATG-1,1
pbmc,CATCCACTCCTACGAA-1,1
pbmc,CATCCACTCGAGAACG-1,1
pbmc,CATCCACTCGCCGTGA-1,1
pbmc,CATCCACTCGTTGTAG-1,1
pbmc,CATCCACTCTACCAGA-1,1
pbmc,CATCCACTCTCTTAAC-1,1
pbmc,CATCCCAAGAAACCCG-1,2
pbmc,CATCCCAAGCGTTACT-1,1
pbmc,CATCCCAAGGGTTAAT-1,1
pbmc,CATCCCACAAGTATAG-1,1
pbmc,CATCCCACAATATCCG-1,1
pbmc,CATCCCACAGAGTAAT-1,1
pbmc,CATCCCACAGCGGTCT-1,1
pbmc,CATCCCACAGTGTATC-1,1
pbmc,CATCCCACATGTGTCA-1,1
pbmc,CATCCCACATTGGCAT-1,1
pbmc,CATCCCAGTCGAATTC-1,1
pbmc,CATCCCAGTGACCGTC-1,1
pbmc,CATCCCAGTGGCAGAT-1,1
pbmc,CATCCCAGTTAAGCAA-1,1
pbmc,CATCCCATCACAAGGG-1,3
pbmc,CATCCCATCACTCACC-1,1
pbmc,CATCCCATCAGACCCG-1,1
pbmc,CATCCCATCAGCTGAT-1,1
pbmc,CATCCCATCCAGCAAT-1,1
pbmc,CATCCCATCCGCACTT-1,1
pbmc,CATCCCATCGAACGCC-1,2
pbmc,CATCCCATCGGAATGG-1,1
pbmc,CATCCCATCGTGTGGC-1,1
pbmc,CATCCGTAGAACGTGC-1,1
pbmc,CATCCGTAGAGCATCG-1,1
pbmc,CATCCGTAGAGTGGCT-1,1
pbmc,CATCCGTAGCACTCTA-1,1
pbmc,CATCCGTAGGCTAAAT-1,1
pbmc,CATCCGTAGGCTCTCG-1,1
pbmc,CATCCGTCAACGATTC-1,1
pbmc,CATCCGTCAAGTTGGG-1,1
pbmc,CATCCGTCACCGGCTA-1,3
pbmc,CATCCGTCACCGTGCA-1,1
pbmc,CATCCGTCACTATGTG-1,1
pbmc,CATCCGTCAGACAATA-1,1
pbmc,CATCCGTCAGTCGTTA-1,1
pbmc,CATCCGTCATCGCTCT-1,1
pbmc,CATCCGTCATCTTCGC-1,1
pbmc,CATCCGTCATGGCCCA-1,1
pbmc,CATCCGTGTAGAGTTA-1,15
pbmc,CATCCGTGTATCGCTA-1,230
pbmc,CATCCGTGTCTAATCG-1,1
pbmc,CATCCGTGTGATCGTT-1,1
pbmc,CATCCGTGTGCCTATA-1,1
pbmc,CATCCGTGTTCCGCAG-1,1
pbmc,CATCCGTGTTCGTTCC-1,3
pbmc,CATCCGTTCAAGCTTG-1,1
pbmc,CATCCGTTCAGTGTCA-1,1
pbmc,CATCCGTTCGCTTTAT-1,1
pbmc,CATCCGTTCGGCGATC-1,1
pbmc,CATCCGTTCGTAGAGG-1,1
pbmc,CATCCGTTCGTTGCCT-1,1
pbmc,CATCCGTTCTCCGTGT-1,1
pbmc,CATCCGTTCTGGTTAA-1,1
pbmc,CATCCGTTCTGGTTGA-1,1
pbmc,CATCGCTAGACTAGAT-1,1
pbmc,CATCGCTAGAGACAAG-1,1
pbmc,CATCGCTAGCAATAGT-1,1
pbmc,CATCGCTAGCGCGTTC-1,1
pbmc,CATCGCTAGCGGATCA-1,1
pbmc,CATCGCTAGCTCTTCC-1,1
pbmc,CATCGCTAGCTGAGTG-1,1
pbmc,CATCGCTAGGATTTAG-1,1
pbmc,CATCGCTAGGCAGGTT-1,1
pbmc,CATCGCTAGGTGTGAC-1,1
pbmc,CATCGCTCAAGTGATA-1,1
pbmc,CATCGCTCACATGGTT-1,1
pbmc,CATCGCTCACCTCTAC-1,1
pbmc,CATCGCTCACGGGTAA-1,1
pbmc,CATCGCTCACTTTATC-1,1
pbmc,CATCGCTCATAATCCG-1,1
pbmc,CATCGCTCATCGATCA-1,1
pbmc,CATCGCTCATTCAGGT-1,1
pbmc,CATCGCTGTAACCCTA-1,1
pbmc,CATCGCTGTAGGTCAG-1,1
pbmc,CATCGCTGTCAATGGG-1,1
pbmc,CATCGCTGTCGAGATG-1,1
pbmc,CATCGCTGTCGGCCTA-1,1
pbmc,CATCGCTGTGTCATTG-1,1
pbmc,CATCGCTGTTGGGATG-1,1
pbmc,CATCGCTGTTGGGTAG-1,1
pbmc,CATCGCTTCCTCTCTT-1,1
pbmc,CATCGCTTCGTTGCCT-1,1
pbmc,CATCGCTTCTAGTTCT-1,2
pbmc,CATCGCTTCTATCACT-1,1
pbmc,CATCGCTTCTTCCAGC-1,1
pbmc,CATCGCTTCTTTGCAT-1,16
pbmc,CATCGGGAGTCCCTAA-1,1
pbmc,CATCGGGAGTTACGAA-1,1
pbmc,CATCGGGCAACAGCCC-1,1
pbmc,CATCGGGCAACCGTGC-1,1
pbmc,CATCGGGCAATCGCGC-1,1
pbmc,CATCGGGCAATTGAAG-1,1
pbmc,CATCGGGCACAGGATG-1,1
pbmc,CATCGGGCACCAGTAT-1,1
pbmc,CATCGGGCACCGAATT-1,1
pbmc,CATCGGGCACGTCATA-1,1
pbmc,CATCGGGCAGCGTACC-1,1
pbmc,CATCGGGCAGCTTCCT-1,1
pbmc,CATCGGGCAGTGTACT-1,1
pbmc,CATCGGGGTAGATTAG-1,2
pbmc,CATCGGGGTAGCTTGT-1,1
pbmc,CATCGGGGTGAGTTGG-1,1
pbmc,CATCGGGGTGTTCCAA-1,1
pbmc,CATCGGGTCAACTTTC-1,1
pbmc,CATCGGGTCAATCTCT-1,1
pbmc,CATCGGGTCAGCTAGT-1,1
pbmc,CATCGGGTCGACCTAA-1,1
pbmc,CATCGGGTCGCTACAA-1,139
pbmc,CATCGGGTCTCCAAGA-1,1
pbmc,CATCGGGTCTCCCTAG-1,1
pbmc,CATCGGGTCTCTATGT-1,1
pbmc,CATCGGGTCTTGGAAC-1,1
pbmc,CATCGTCAGGAGATAG-1,1
pbmc,CATCGTCAGGTAGTCG-1,1
pbmc,CATCGTCAGGTCGTGA-1,1
pbmc,CATCGTCAGGTGCTTT-1,1
pbmc,CATCGTCAGGTTGGAC-1,1
pbmc,CATCGTCCAAATGATG-1,1
pbmc,CATCGTCCAAGTGACG-1,1
pbmc,CATCGTCCACAACGCC-1,1
pbmc,CATCGTCCACACGTGC-1,1
pbmc,CATCGTCCAGAGTTGG-1,1
pbmc,CATCGTCCAGCTCGGT-1,2
pbmc,CATCGTCCATCAGTGT-1,2
pbmc,CATCGTCGTACGTGAG-1,1
pbmc,CATCGTCGTAGGTACG-1,1
pbmc,CATCGTCGTCGGTACC-1,1
pbmc,CATCGTCGTTCCTACC-1,1
pbmc,CATCGTCTCCATTGAA-1,1
pbmc,CATCGTCTCCCTCGTA-1,1
pbmc,CATCGTCTCCGTTGAA-1,482
pbmc,CATCGTCTCGAGTACT-1,1
pbmc,CATCGTCTCGCCGAGT-1,1
pbmc,CATCGTCTCGGTCACG-1,1
pbmc,CATCGTCTCTCATCGT-1,1
pbmc,CATCGTCTCTTTCCGG-1,1
pbmc,CATGAGTAGATGTTGA-1,1
pbmc,CATGAGTAGCACCGAA-1,1
pbmc,CATGAGTAGCACCGTC-1,1
pbmc,CATGAGTAGCGAGTAC-1,1
pbmc,CATGAGTAGCTCGTGC-1,1
pbmc,CATGAGTAGGGAGAAT-1,1
pbmc,CATGAGTAGGTCTACT-1,1
pbmc,CATGAGTCAAATACGA-1,1
pbmc,CATGAGTCAACCCTAA-1,1
pbmc,CATGAGTCACCATTCC-1,267
pbmc,CATGAGTGTAACCCTA-1,1
pbmc,CATGAGTGTACAAAGT-1,2
pbmc,CATGAGTGTACCTAGT-1,1
pbmc,CATGAGTGTACCTATG-1,2
pbmc,CATGAGTGTATAGCTC-1,1
pbmc,CATGAGTGTATGAGCG-1,1
pbmc,CATGAGTGTGGAACAC-1,1
pbmc,CATGAGTGTGTCCTAA-1,1
pbmc,CATGAGTGTTTCGCTC-1,1
pbmc,CATGAGTTCCCGTTGT-1,1
pbmc,CATGAGTTCCCTCAAC-1,1
pbmc,CATGAGTTCTTCGCTG-1,1
pbmc,CATGCAAAGATTGAGT-1,1
pbmc,CATGCAAAGGCCTTCG-1,1
pbmc,CATGCAAAGTGCAAAT-1,1
pbmc,CATGCAAAGTGGTGAC-1,1
pbmc,CATGCAACAACCCTAA-1,1
pbmc,CATGCAACAAGAGTGC-1,1
pbmc,CATGCAACACAAGGTG-1,1
pbmc,CATGCAACACTGCGTG-1,1
pbmc,CATGCAACACTTCCTG-1,1
pbmc,CATGCAACATAACGGG-1,1
pbmc,CATGCAACATGCCGGT-1,1
pbmc,CATGCAACATGGTGGA-1,1
pbmc,CATGCAAGTAAGATAC-1,1
pbmc,CATGCAAGTACCTGTA-1,1
pbmc,CATGCAAGTCCATACA-1,1
pbmc,CATGCAAGTCGGCTAC-1,1
pbmc,CATGCAAGTGTAGGAC-1,1
pbmc,CATGCAAGTGTTATCG-1,1
pbmc,CATGCAAGTTAGGGTG-1,1
pbmc,CATGCAAGTTCAACGT-1,1
pbmc,CATGCAAGTTTACTGG-1,1
pbmc,CATGCAATCACCTTAT-1,2
pbmc,CATGCAATCAGACCTA-1,1
pbmc,CATGCAATCCGAGAAG-1,1
pbmc,CATGCAATCTACTTCA-1,1
pbmc,CATGCAATCTATCACT-1,1
pbmc,CATGCCTAGATTGATG-1,1
pbmc,CATGCCTAGGAAGTCC-1,1
pbmc,CATGCCTAGGACGCAT-1,1
pbmc,CATGCCTAGGAGGGTG-1,1
pbmc,CATGCCTAGTGCCAGA-1,1
pbmc,CATGCCTCAATCGCAT-1,1
pbmc,CATGCCTCAATTGCTG-1,266
pbmc,CATGCCTCACAAAGCG-1,1
pbmc,CATGCCTCACCCATAA-1,1
pbmc,CATGCCTCAGAAACCG-1,3
pbmc,CATGCCTCAGCGCTTG-1,1
pbmc,CATGCCTCAGCGTGAA-1,1
pbmc,CATGCCTCAGGCTATT-1,172
pbmc,CATGCCTCATGGGCAA-1,1
pbmc,CATGCCTGTACACGTT-1,1
pbmc,CATGCCTGTAGAGGAA-1,1
pbmc,CATGCCTGTAGGAGGG-1,1
pbmc,CATGCCTGTCCAAATC-1,1
pbmc,CATGCCTGTCCCTAAA-1,1
pbmc,CATGCCTGTGATTAGA-1,1
pbmc,CATGCCTGTGTAAACA-1,1
pbmc,CATGCCTGTTCCGCAG-1,403
pbmc,CATGCCTGTTCCTAAG-1,1
pbmc,CATGCCTGTTGACGTT-1,1
pbmc,CATGCCTGTTTAGACC-1,1
pbmc,CATGCCTTCAGAGTTC-1,1
pbmc,CATGCCTTCCCAGCGA-1,1
pbmc,CATGCCTTCTAACGCA-1,1
pbmc,CATGCCTTCTATGCCC-1,1
pbmc,CATGCCTTCTCATAGG-1,1
pbmc,CATGCCTTCTTTCCGG-1,1
pbmc,CATGCGGAGATGACCG-1,2
pbmc,CATGCGGAGCCTATCA-1,1
pbmc,CATGCGGAGGCTCAAG-1,1
pbmc,CATGCGGAGTAACCGG-1,1
pbmc,CATGCGGAGTGACACG-1,1
pbmc,CATGCGGAGTGATTCC-1,2
pbmc,CATGCGGAGTTCTCTT-1,1
pbmc,CATGCGGCAAAGCACG-1,1
pbmc,CATGCGGCAACCTATG-1,1
pbmc,CATGCGGCAACTGAAA-1,1
pbmc,CATGCGGCACCCTGTT-1,1
pbmc,CATGCGGCACGACGTC-1,1
pbmc,CATGCGGCACGGTAGA-1,1
pbmc,CATGCGGCAGATACCT-1,1
pbmc,CATGCGGGTAGCGATG-1,1
pbmc,CATGCGGGTCAAGCGA-1,1
pbmc,CATGCGGGTCACCTTC-1,1
pbmc,CATGCGGGTCCGAAAG-1,1
pbmc,CATGCGGGTGCAGGAT-1,1
pbmc,CATGCGGGTGCCGAAA-1,1
pbmc,CATGCGGGTGGGCTCT-1,1
pbmc,CATGCGGTCAACCTTT-1,1
pbmc,CATGCGGTCAGCTCTC-1,1
pbmc,CATGCGGTCGGTCGAC-1,85
pbmc,CATGCGGTCTTGGAAC-1,1
pbmc,CATGCTCAGACATCAA-1,1
pbmc,CATGCTCAGACTCTAC-1,1
pbmc,CATGCTCAGGCAGTCA-1,1
pbmc,CATGCTCAGGGCATGT-1,2
pbmc,CATGCTCAGGTCGTAG-1,1
pbmc,CATGCTCAGTCTCCTC-1,1
pbmc,CATGCTCAGTCTCGTA-1,1
pbmc,CATGCTCCAACTCGTA-1,1
pbmc,CATGCTCCAGGTATGG-1,1
pbmc,CATGCTCCATTGAGGG-1,1
pbmc,CATGCTCGTAATGCTC-1,1
pbmc,CATGCTCGTACCAGAG-1,1
pbmc,CATGCTCGTCATATGC-1,2
pbmc,CATGCTCGTCCAGCCA-1,1
pbmc,CATGCTCGTCCGAAGA-1,2
pbmc,CATGCTCGTCTCTCAC-1,108
pbmc,CATGCTCGTGTCCACG-1,1
pbmc,CATGCTCGTTCTCACC-1,2
pbmc,CATGCTCGTTCTCGCT-1,2
pbmc,CATGCTCGTTTACACG-1,1
pbmc,CATGCTCGTTTCACTT-1,1
pbmc,CATGCTCGTTTCAGAC-1,1
pbmc,CATGCTCTCTGCGGGT-1,3
pbmc,CATGCTCTCTGTCGTC-1,1
pbmc,CATGCTCTCTTCCTAA-1,1
pbmc,CATGGATAGAACAGGA-1,1
pbmc,CATGGATAGGTATCTC-1,1
pbmc,CATGGATAGGTGATAT-1,1
pbmc,CATGGATCAAAGAGTT-1,1
pbmc,CATGGATCAACTCCCT-1,1
pbmc,CATGGATCAATCCTAG-1,1
pbmc,CATGGATCACCGTGAC-1,10
pbmc,CATGGATCACGACGAA-1,1
pbmc,CATGGATCAGCCTTCT-1,1
pbmc,CATGGATCATCCCACT-1,1
pbmc,CATGGATCATCCCGTT-1,1
pbmc,CATGGATGTACCTTCC-1,1
pbmc,CATGGATGTAGCGAGT-1,1
pbmc,CATGGATGTATTGGCT-1,1
pbmc,CATGGATGTCAGATTC-1,1
pbmc,CATGGATGTCCCGCAA-1,1
pbmc,CATGGATGTCGTATTG-1,1
pbmc,CATGGATGTGCATCTA-1,2
pbmc,CATGGATGTGCGACAA-1,1
pbmc,CATGGATGTGCGCTCA-1,1
pbmc,CATGGATGTTAAGCAA-1,1
pbmc,CATGGATGTTAAGTCC-1,1
pbmc,CATGGATGTTCCGCTT-1,1
pbmc,CATGGATTCAACGAGG-1,2
pbmc,CATGGATTCCGTGTCT-1,2
pbmc,CATGGATTCGACATTG-1,1
pbmc,CATGGATTCGAGCACC-1,1
pbmc,CATGGATTCGGACCAC-1,1
pbmc,CATGGATTCGTGCTCT-1,1
pbmc,CATGGATTCGTTGCCT-1,1
pbmc,CATGGTAAGAAATGGG-1,1
pbmc,CATGGTAAGAAGCTCG-1,1
pbmc,CATGGTAAGGATGGCT-1,1
pbmc,CATGGTAAGTAAAGCT-1,1
pbmc,CATGGTACACAGCCAC-1,1
pbmc,CATGGTACATGACAAA-1,1
pbmc,CATGGTACATGACGTT-1,1
pbmc,CATGGTACATGGGATG-1,1
pbmc,CATGGTAGTAACCAGG-1,1
pbmc,CATGGTAGTAGAATAC-1,1
pbmc,CATGGTAGTATCGCGC-1,2
pbmc,CATGGTAGTCACTACA-1,1
pbmc,CATGGTAGTGGCCACT-1,2
pbmc,CATGGTAGTTGCTTGA-1,1
pbmc,CATGGTATCAACACGT-1,3
pbmc,CATGGTATCACCATCC-1,1
pbmc,CATGGTATCACGACTA-1,1
pbmc,CATGGTATCCTGGTCT-1,1
pbmc,CATGGTATCTCCGCAT-1,1
pbmc,CATGGTATCTTCCCGA-1,1
pbmc,CATTCATAGGAACTAT-1,1
pbmc,CATTCATAGGATCATA-1,1
pbmc,CATTCATAGGCACTCC-1,1
pbmc,CATTCATAGGTCACCC-1,1
pbmc,CATTCATAGGTTCCGC-1,1
pbmc,CATTCATAGTGAGTGC-1,1
pbmc,CATTCATAGTTGAAAC-1,1
pbmc,CATTCATCAACTGTGT-1,1
pbmc,CATTCATCACATTGTG-1,1
pbmc,CATTCATCAGACATCT-1,1
pbmc,CATTCATCAGTAGTGG-1,1
pbmc,CATTCATCATACCACA-1,1
pbmc,CATTCATGTCACTCAA-1,1
pbmc,CATTCATGTGAGATAT-1,1
pbmc,CATTCATGTGGCCCAT-1,1
pbmc,CATTCATGTTGGTACT-1,1
pbmc,CATTCATTCAAGCTTG-1,1
pbmc,CATTCATTCAGGGTAG-1,1
pbmc,CATTCATTCATCAGTG-1,1
pbmc,CATTCATTCTCGTGAA-1,2
pbmc,CATTCCGAGAAACACT-1,2
pbmc,CATTCCGAGCATTGTC-1,1
pbmc,CATTCCGAGCCATGCC-1,1
pbmc,CATTCCGAGCTCCATA-1,1
pbmc,CATTCCGAGGTCCCGT-1,1
pbmc,CATTCCGAGGTGGCTA-1,1
pbmc,CATTCCGAGTAGACAT-1,1
pbmc,CATTCCGAGTCACTCA-1,1
pbmc,CATTCCGAGTGCAGCA-1,1
pbmc,CATTCCGAGTTGAATG-1,2
pbmc,CATTCCGAGTTTCGAC-1,2
pbmc,CATTCCGCAAAGGATT-1,1
pbmc,CATTCCGCAGCTCGGT-1,1
pbmc,CATTCCGCAGGCTATT-1,1
pbmc,CATTCCGCATAACAGA-1,1
pbmc,CATTCCGCATACGCAT-1,1
pbmc,CATTCCGCATCAGCAT-1,1
pbmc,CATTCCGCATCCTGTC-1,1
pbmc,CATTCCGCATTGACTG-1,1
pbmc,CATTCCGGTGCCTGAC-1,1
pbmc,CATTCCGGTGTAACGG-1,1
pbmc,CATTCCGGTTCCATTT-1,1
pbmc,CATTCCGGTTTATGCG-1,1
pbmc,CATTCCGTCAGTCACA-1,1
pbmc,CATTCCGTCTGGTTGA-1,2
pbmc,CATTCTAAGCAATTAG-1,2
pbmc,CATTCTAAGGATACGC-1,1
pbmc,CATTCTAAGGTACAAT-1,1
pbmc,CATTCTAAGGTCATTC-1,1
pbmc,CATTCTAAGGTCCCTG-1,1
pbmc,CATTCTAAGTATGCAA-1,1
pbmc,CATTCTAAGTGGTGAC-1,1
pbmc,CATTCTAAGTTTAGGA-1,1
pbmc,CATTCTACATACTGTG-1,1
pbmc,CATTCTACATCATGAC-1,1
pbmc,CATTCTACATCTGCGG-1,1
pbmc,CATTCTACATGCACTA-1,2
pbmc,CATTCTAGTAACAAGT-1,2
pbmc,CATTCTAGTAGCTTGT-1,274
pbmc,CATTCTAGTAGTGTGG-1,1
pbmc,CATTCTAGTCGGAAAC-1,1
pbmc,CATTCTAGTGCACGCT-1,1
pbmc,CATTCTAGTGCCGGTT-1,8
pbmc,CATTCTAGTGCTTCAA-1,1
pbmc,CATTCTAGTGGGCTCT-1,1
pbmc,CATTCTAGTGGGTATG-1,1
pbmc,CATTCTAGTTCGGACC-1,1
pbmc,CATTCTAGTTGGAGGT-1,1
pbmc,CATTCTAGTTGTATGC-1,1
pbmc,CATTCTAGTTGTTGCA-1,1
pbmc,CATTCTATCAGTAGGG-1,279
pbmc,CATTCTATCCAACCAA-1,1
pbmc,CATTCTATCCACACCT-1,1
pbmc,CATTCTATCCCTCAAC-1,1
pbmc,CATTCTATCCTTATGT-1,1
pbmc,CATTCTATCGCTCTCA-1,1
pbmc,CATTCTATCGGAGTAG-1,1
pbmc,CATTCTATCGTAACCA-1,1
pbmc,CATTCTATCTTTGATC-1,1
pbmc,CATTGAGAGACCATTC-1,2
pbmc,CATTGAGAGAGGTCAC-1,1
pbmc,CATTGAGAGCACGGAT-1,1
pbmc,CATTGAGAGCCATATC-1,1
pbmc,CATTGAGAGGGACCAT-1,416
pbmc,CATTGAGAGGTACAAT-1,1
pbmc,CATTGAGAGGTACATA-1,1
pbmc,CATTGAGAGGTTCTTG-1,1
pbmc,CATTGAGAGTCACTCA-1,1
pbmc,CATTGAGCAAGGTCTT-1,1
pbmc,CATTGAGCACCAGACC-1,1
pbmc,CATTGAGCACCAGCGT-1,1
pbmc,CATTGAGCATGGTGGA-1,1
pbmc,CATTGAGGTCTGTGTA-1,2
pbmc,CATTGAGGTGGCTAGA-1,1
pbmc,CATTGAGGTTCTATCT-1,1
pbmc,CATTGAGTCCGTACGG-1,1
pbmc,CATTGAGTCCTTACCG-1,1
pbmc,CATTGAGTCGAAGGAC-1,1
pbmc,CATTGAGTCTACGCGG-1,1
pbmc,CATTGAGTCTGGGTCG-1,1
pbmc,CATTGCCAGACAGCTG-1,1
pbmc,CATTGCCAGACATACA-1,1
pbmc,CATTGCCAGAGAGGTA-1,1
pbmc,CATTGCCAGAGGTCAC-1,1
pbmc,CATTGCCAGAGTCTTC-1,1
pbmc,CATTGCCAGCAGCCCT-1,1
pbmc,CATTGCCAGCAGGCAT-1,1
pbmc,CATTGCCAGGAGAGTA-1,1
pbmc,CATTGCCAGGCGCTTC-1,1
pbmc,CATTGCCAGGTGCGAT-1,1
pbmc,CATTGCCAGTTGAAGT-1,1
pbmc,CATTGCCCAACACAAA-1,1
pbmc,CATTGCCCAACTTGGT-1,1
pbmc,CATTGCCCAATAACCC-1,1
pbmc,CATTGCCCACACGGAA-1,1
pbmc,CATTGCCCACATTCTT-1,1
pbmc,CATTGCCCACGATAGG-1,1
pbmc,CATTGCCCAGCACAAG-1,1
pbmc,CATTGCCCAGTAGATA-1,1
pbmc,CATTGCCCAGTATGAA-1,1
pbmc,CATTGCCCATGAGATA-1,2
pbmc,CATTGCCGTACAGCGA-1,1
pbmc,CATTGCCGTACCCAGC-1,1
pbmc,CATTGCCGTTCCGCTT-1,1
pbmc,CATTGCCTCAGTGGGA-1,1
pbmc,CATTGCCTCATGCGGC-1,2
pbmc,CATTGCCTCCAGTACA-1,1
pbmc,CATTGCCTCTACTTCA-1,1
pbmc,CATTGCCTCTAGCCTC-1,2
pbmc,CATTGCCTCTTACCGC-1,2
pbmc,CATTGCCTCTTGCAAG-1,2
pbmc,CATTGTTAGCATCCTA-1,3
pbmc,CATTGTTAGGACTAAT-1,1
pbmc,CATTGTTAGGACTATA-1,1
pbmc,CATTGTTCACAATTCG-1,1
pbmc,CATTGTTCACGGCCAT-1,1
pbmc,CATTGTTCACGGTGTC-1,1
pbmc,CATTGTTCATGAGATA-1,1
pbmc,CATTGTTGTATAGGAT-1,1
pbmc,CATTGTTGTCTGCCTT-1,1
pbmc,CATTGTTGTTGGCTAT-1,1
pbmc,CATTGTTTCAAATAGG-1,1
pbmc,CATTGTTTCAGCGTCG-1,1
pbmc,CATTGTTTCGCGTGCA-1,1
pbmc,CATTGTTTCGCTTGCT-1,1
pbmc,CATTGTTTCTTGCAGA-1,1
pbmc,CATTTCAAGAATTGCA-1,1
pbmc,CATTTCAAGACTTTGT-1,1
pbmc,CATTTCAAGAGTATAC-1,1
pbmc,CATTTCAAGATACTGA-1,1
pbmc,CATTTCAAGCTAGAAT-1,1
pbmc,CATTTCAAGGTACATA-1,1
pbmc,CATTTCACAAGACCTT-1,1
pbmc,CATTTCACACGATTCA-1,1
pbmc,CATTTCACAGAATTCC-1,1
pbmc,CATTTCACATCCTATT-1,1
pbmc,CATTTCAGTACCCACG-1,1
pbmc,CATTTCAGTATACCTG-1,1
pbmc,CATTTCAGTATCGTTG-1,1
pbmc,CATTTCAGTATGCAAA-1,1
pbmc,CATTTCAGTATTGCTG-1,1
pbmc,CATTTCAGTGCACATT-1,1
pbmc,CATTTCAGTGCATGAG-1,1
pbmc,CATTTCAGTGTTCGTA-1,2
pbmc,CATTTCAGTTAGTCGT-1,1
pbmc,CATTTCATCAAGCCAT-1,1
pbmc,CATTTCATCACGGTCG-1,1
pbmc,CATTTCATCAGCGTCG-1,1
pbmc,CATTTCATCCATACTT-1,1
pbmc,CATTTCATCCATTCGC-1,1
pbmc,CATTTCATCCCTATTA-1,1
pbmc,CATTTCATCTCTCCTC-1,1
pbmc,CATTTCATCTCTCTTC-1,465
pbmc,CATTTCATCTTCACAT-1,1
pbmc,CCAAGCGAGCTAATCC-1,226
pbmc,CCAAGCGAGGCTGAAC-1,1
pbmc,CCAAGCGAGGTTCATC-1,211
pbmc,CCAAGCGAGTCCTGTA-1,1
pbmc,CCAAGCGCAAGCCATT-1,1
pbmc,CCAAGCGCACTGCTTC-1,2
pbmc,CCAAGCGCAGATTCGT-1,2
pbmc,CCAAGCGCATGAGATA-1,1
pbmc,CCAAGCGGTAATGCGG-1,1
pbmc,CCAAGCGGTACGTGTT-1,1
pbmc,CCAAGCGGTCAACACT-1,1
pbmc,CCAAGCGGTGTTCCTC-1,1
pbmc,CCAAGCGGTTCAGTAC-1,1
pbmc,CCAAGCGGTTCCGTTC-1,1
pbmc,CCAAGCGGTTGAAGTA-1,1
pbmc,CCAAGCGTCCAACACA-1,1
pbmc,CCAAGCGTCTAGTCAG-1,1
pbmc,CCAATGAAGACCACGA-1,1
pbmc,CCAATGAAGACTCATC-1,1
pbmc,CCAATGAAGACTTCGT-1,2
pbmc,CCAATGAAGGTCACTT-1,168
pbmc,CCAATGAAGTTTGTCG-1,1
pbmc,CCAATGACACAACGTT-1,1
pbmc,CCAATGACACCACTGG-1,1
pbmc,CCAATGACACCCAATA-1,1
pbmc,CCAATGACACGTCGGT-1,1
pbmc,CCAATGACACTTGAGT-1,1
pbmc,CCAATGACAGCATACT-1,1
pbmc,CCAATGACAGCTATAC-1,1
pbmc,CCAATGACATAACGGG-1,1
pbmc,CCAATGACATCTGCGG-1,1
pbmc,CCAATGAGTATCGGTT-1,1
pbmc,CCAATGAGTATCGTAC-1,1
pbmc,CCAATGAGTCAGCGTC-1,1
pbmc,CCAATGAGTCGGAACA-1,1
pbmc,CCAATGAGTTAGTTCG-1,1
pbmc,CCAATGAGTTTCGTTT-1,1
pbmc,CCAATGATCAAGAATG-1,1
pbmc,CCAATGATCAAGAGGC-1,2
pbmc,CCAATGATCATGGTAC-1,1
pbmc,CCAATGATCCCATACC-1,1
pbmc,CCAATGATCCTCTGCA-1,1
pbmc,CCAATGATCCTGGTCT-1,1
pbmc,CCAATGATCGAAACAA-1,1
pbmc,CCAATGATCGGCTGAC-1,1
pbmc,CCAATTTAGAGCAAGA-1,2
pbmc,CCAATTTAGCAAGTGC-1,1
pbmc,CCAATTTCAAAGGCTG-1,292
pbmc,CCAATTTCAAGGCAAC-1,1
pbmc,CCAATTTCAAGGCTGA-1,1
pbmc,CCAATTTCACAATGCT-1,1
pbmc,CCAATTTCACACGGAA-1,1
pbmc,CCAATTTCACCCTATC-1,2
pbmc,CCAATTTCAGCTGTTA-1,1
pbmc,CCAATTTCATTCGATG-1,186
pbmc,CCAATTTGTACCTGTA-1,1
pbmc,CCAATTTGTACGGCAA-1,1
pbmc,CCAATTTGTATGACAA-1,4
pbmc,CCAATTTGTCATATGC-1,1
pbmc,CCAATTTGTCCTTAAG-1,1
pbmc,CCAATTTGTCTGCCTT-1,1
pbmc,CCAATTTGTGACGCCT-1,1
pbmc,CCAATTTGTGGCTGCT-1,1
pbmc,CCAATTTGTTCGTAAC-1,1
pbmc,CCAATTTGTTCTCAGA-1,1
pbmc,CCAATTTGTTCTGAGT-1,1
pbmc,CCAATTTGTTTCGTAG-1,1
pbmc,CCAATTTTCACCGACG-1,1
pbmc,CCAATTTTCATGACAC-1,1
pbmc,CCAATTTTCCAGCACG-1,1
pbmc,CCAATTTTCTAGGCAT-1,1
pbmc,CCAATTTTCTCGCAGG-1,1
pbmc,CCAATTTTCTGGTCAA-1,1
pbmc,CCACAAAAGATTAGAC-1,1
pbmc,CCACAAAAGCATGCGA-1,1
pbmc,CCACAAAAGCCGATCC-1,1
pbmc,CCACAAAAGCGTGTCC-1,1
pbmc,CCACAAAAGCTAGAGC-1,1
pbmc,CCACAAAAGGCATGGT-1,1
pbmc,CCACAAAAGGTTAGTA-1,1
pbmc,CCACAAAAGTGGTTCT-1,1
pbmc,CCACAAAAGTTGTCAC-1,1
pbmc,CCACAAACACTAAACC-1,1
pbmc,CCACAAAGTACTCGTA-1,2
pbmc,CCACAAAGTGTCCTAA-1,1
pbmc,CCACAAAGTGTGAATA-1,1
pbmc,CCACAAAGTTAGGACG-1,1
pbmc,CCACAAATCCAGCACG-1,1
pbmc,CCACAAATCCATTGCC-1,2
pbmc,CCACAAATCCCGTGAG-1,1
pbmc,CCACAAATCCTCGCAT-1,2
pbmc,CCACAAATCGGTATGT-1,1
pbmc,CCACACTAGACATACA-1,1
pbmc,CCACACTAGACCAGCA-1,1
pbmc,CCACACTAGAGGGTAA-1,1
pbmc,CCACACTAGAGGGTCT-1,2
pbmc,CCACACTAGAGTAACT-1,1
pbmc,CCACACTAGCAACCAG-1,2
pbmc,CCACACTAGCCAACCC-1,1
pbmc,CCACACTAGCTCACTA-1,2
pbmc,CCACACTAGGTGTGAC-1,1
pbmc,CCACACTAGGTTCCAT-1,1
pbmc,CCACACTAGTAGAATC-1,1
pbmc,CCACACTAGTTGGAAT-1,2
pbmc,CCACACTCAAGAAATC-1,1
pbmc,CCACACTCACAATGAA-1,1
pbmc,CCACACTCAGGACTTT-1,524
pbmc,CCACACTCATAATGAG-1,1
pbmc,CCACACTCATTGAGGG-1,1
pbmc,CCACACTCATTGTAGC-1,1
pbmc,CCACACTGTCATCCGG-1,1
pbmc,CCACACTGTGGCTGCT-1,1
pbmc,CCACACTGTTAAGGGC-1,1
pbmc,CCACACTGTTGAAGTA-1,1
pbmc,CCACACTTCAGGAAGC-1,1
pbmc,CCACACTTCCAAATGC-1,1
pbmc,CCACACTTCGCCACTT-1,1
pbmc,CCACACTTCGCTTACC-1,1
pbmc,CCACACTTCTCGCTCA-1,1
pbmc,CCACCATAGCCTCACG-1,1
pbmc,CCACCATAGCTCCATA-1,2
pbmc,CCACCATAGGAGGCAG-1,1
pbmc,CCACCATAGGGAGGGT-1,1
pbmc,CCACCATAGGTAATCA-1,1
pbmc,CCACCATAGGTCATCT-1,230
pbmc,CCACCATAGTCCCAGC-1,2
pbmc,CCACCATCACACGGTC-1,1
pbmc,CCACCATCACTGTCGG-1,1
pbmc,CCACCATCAGTCTCTC-1,1
pbmc,CCACCATGTATTGGCT-1,1
pbmc,CCACCATGTCAGTCTA-1,1
pbmc,CCACCATGTCCGCAGT-1,1
pbmc,CCACCATGTCGAATGG-1,1
pbmc,CCACCATGTGACCGTC-1,1
pbmc,CCACCATGTGATACTC-1,1
pbmc,CCACCATGTGTTATCG-1,1
pbmc,CCACCATGTTCTTGCC-1,1
pbmc,CCACCATGTTGTTGTG-1,1
pbmc,CCACCATTCAATGTCG-1,1
pbmc,CCACCATTCACCGACG-1,1
pbmc,CCACCATTCCGAGCTG-1,1
pbmc,CCACCATTCGACTCCT-1,1
pbmc,CCACCATTCGTTGCCT-1,1
pbmc,CCACCATTCTAGTCAG-1,1
pbmc,CCACGAGAGGGAGAAT-1,1
pbmc,CCACGAGAGGTTCTTG-1,1
pbmc,CCACGAGAGTAACAGT-1,1
pbmc,CCACGAGAGTAACCTC-1,1
pbmc,CCACGAGAGTTCCAGT-1,1
pbmc,CCACGAGCAACCCTCT-1,1
pbmc,CCACGAGCACACAGCC-1,1
pbmc,CCACGAGCAGAACTAA-1,2
pbmc,CCACGAGCAGAGTAAT-1,1
pbmc,CCACGAGCATAACGGG-1,2
pbmc,CCACGAGCATGCCGAC-1,1
pbmc,CCACGAGGTAATCAAG-1,41
pbmc,CCACGAGGTACCTAGT-1,1
pbmc,CCACGAGGTCACTCGG-1,2
pbmc,CCACGAGGTCCTACAA-1,1
pbmc,CCACGAGGTGTTTCTT-1,1
pbmc,CCACGAGGTTCTTGCC-1,1
pbmc,CCACGAGTCATGCCGG-1,1
pbmc,CCACGAGTCCGTGGCA-1,1
pbmc,CCACGAGTCTATACGG-1,1
pbmc,CCACGAGTCTCCCTAA-1,1
pbmc,CCACGAGTCTCCGCAT-1,1
pbmc,CCACGAGTCTTCCTAA-1,412
pbmc,CCACGAGTCTTCCTGA-1,2
pbmc,CCACGTTAGCCGATTT-1,1
pbmc,CCACGTTAGCGACTAG-1,1
pbmc,CCACGTTAGCGCTTCG-1,1
pbmc,CCACGTTAGCTACTGT-1,1
pbmc,CCACGTTAGGTGATAT-1,1
pbmc,CCACGTTAGGTTGAGC-1,1
pbmc,CCACGTTAGTATGTAG-1,1
pbmc,CCACGTTAGTTCGGTT-1,1
pbmc,CCACGTTAGTTTCAGC-1,1
pbmc,CCACGTTCAAACACGG-1,1
pbmc,CCACGTTCAAACGGCA-1,1
pbmc,CCACGTTCAAAGCAAT-1,1
pbmc,CCACGTTCACAAACGG-1,1
pbmc,CCACGTTCACGCGCTA-1,1
pbmc,CCACGTTCACTGCGTG-1,1
pbmc,CCACGTTCATCCTTCG-1,1
pbmc,CCACGTTGTCGGTAAG-1,1
pbmc,CCACGTTGTTTGCAGT-1,1
pbmc,CCACGTTTCAAATGAG-1,1
pbmc,CCACGTTTCACAAGGG-1,1
pbmc,CCACGTTTCACCTCTG-1,1
pbmc,CCACGTTTCATCAGTG-1,287
pbmc,CCACGTTTCATCGCCT-1,1
pbmc,CCACGTTTCCGCATAA-1,1
pbmc,CCACGTTTCCGCTGAA-1,1
pbmc,CCACGTTTCCGTTGAA-1,1
pbmc,CCACGTTTCGATACAC-1,1
pbmc,CCACGTTTCGTAACAC-1,2
pbmc,CCACGTTTCGTGAGAG-1,223
pbmc,CCACGTTTCGTGCAGC-1,1
pbmc,CCACGTTTCTCAGTCC-1,1
pbmc,CCACGTTTCTGCTGAA-1,328
pbmc,CCACGTTTCTTAGCCC-1,2
pbmc,CCACGTTTCTTCTTCC-1,1
pbmc,CCACTTGAGAGGACTC-1,1
pbmc,CCACTTGAGGAACGCT-1,1
pbmc,CCACTTGAGGCTTAGG-1,1
pbmc,CCACTTGAGGGCTGAT-1,1
pbmc,CCACTTGAGGTATCTC-1,1
pbmc,CCACTTGAGGTCCAGA-1,1
pbmc,CCACTTGAGTGTTGTC-1,1
pbmc,CCACTTGCAAATTAGG-1,1
pbmc,CCACTTGCAAGGATGC-1,1
pbmc,CCACTTGCACAACATC-1,1
pbmc,CCACTTGCACACGTGC-1,1
pbmc,CCACTTGCACGTCTCT-1,1
pbmc,CCACTTGCACTGAGTT-1,3
pbmc,CCACTTGCAGCTATTG-1,145
pbmc,CCACTTGCAGGGTTGA-1,1
pbmc,CCACTTGCATGCCGCA-1,1
pbmc,CCACTTGCATGCCGGT-1,1
pbmc,CCACTTGCATTCACAG-1,1
pbmc,CCACTTGGTAGCGTTT-1,1
pbmc,CCACTTGGTCACCCTT-1,1
pbmc,CCACTTGGTCTCGACG-1,1
pbmc,CCACTTGGTGCTCCGA-1,1
pbmc,CCACTTGGTGTTCCAA-1,1
pbmc,CCACTTGTCACTTGTT-1,1
pbmc,CCACTTGTCATGGATC-1,1
pbmc,CCACTTGTCGAAATCC-1,1
pbmc,CCACTTGTCGCAGAGA-1,472
pbmc,CCACTTGTCGCAGGGA-1,2
pbmc,CCACTTGTCGCTAAAC-1,1
pbmc,CCACTTGTCTCATTGT-1,1
pbmc,CCACTTGTCTCCGAGG-1,1
pbmc,CCACTTGTCTGTCCCA-1,1
pbmc,CCATAAGAGGCAGGTT-1,1
pbmc,CCATAAGCAAACACGG-1,1
pbmc,CCATAAGCAAAGGAGA-1,1
pbmc,CCATAAGCATAGGTTC-1,1
pbmc,CCATAAGGTAACGATA-1,1
pbmc,CCATAAGGTAAGCGGT-1,1
pbmc,CCATAAGGTAGACAGC-1,1
pbmc,CCATAAGGTCTCTCCA-1,1
pbmc,CCATAAGGTGAGGAAA-1,241
pbmc,CCATAAGGTGATAGTA-1,1
pbmc,CCATAAGGTGCACGCT-1,1
pbmc,CCATAAGGTTAAACAG-1,1
pbmc,CCATAAGTCACTTTGT-1,1
pbmc,CCATAAGTCCACTAGA-1,1
pbmc,CCATAAGTCCCATAAG-1,2
pbmc,CCATAAGTCCTTATGT-1,1
pbmc,CCATAAGTCCTTCTGG-1,1
pbmc,CCATAAGTCTCCCATG-1,1
pbmc,CCATAAGTCTGCCTGT-1,1
pbmc,CCATCACAGACATATG-1,1
pbmc,CCATCACAGACGACTG-1,1
pbmc,CCATCACAGCACCAGA-1,1
pbmc,CCATCACAGGGTGAAA-1,1
pbmc,CCATCACAGTCTCCTC-1,1
pbmc,CCATCACAGTGGTGAC-1,7
pbmc,CCATCACCAATAGAGT-1,1
pbmc,CCATCACCACGCGCAT-1,1
pbmc,CCATCACCACGCGCTA-1,1
pbmc,CCATCACCACGGTGTC-1,1
pbmc,CCATCACCAGCTGAAG-1,2
pbmc,CCATCACCAGTAGTGG-1,1
pbmc,CCATCACCATCTCCTG-1,1
pbmc,CCATCACCATGCAAGG-1,1
pbmc,CCATCACCATTAAAGG-1,297
pbmc,CCATCACGTCTCTCTG-1,2
pbmc,CCATCACGTCTGTGCG-1,1
pbmc,CCATCACGTTAAGCAA-1,1
pbmc,CCATCACGTTCTCGTC-1,1
pbmc,CCATCACGTTTACGAC-1,2
pbmc,CCATCACGTTTACTGG-1,1
pbmc,CCATCACTCCTTCTGG-1,1
pbmc,CCATCACTCGCCGAGT-1,1
pbmc,CCATCACTCGGCCTTT-1,1
pbmc,CCATCACTCTAACACG-1,225
pbmc,CCATCACTCTTTCTAG-1,5
pbmc,CCCAACTAGAAATGGG-1,1
pbmc,CCCAACTAGAAGAGCA-1,1
pbmc,CCCAACTAGACGAGCT-1,1
pbmc,CCCAACTAGAGAGCAA-1,1
pbmc,CCCAACTAGCATGCAG-1,1
pbmc,CCCAACTAGCCTTTGA-1,1
pbmc,CCCAACTAGTGACCTT-1,1
pbmc,CCCAACTCAACATACC-1,2
pbmc,CCCAACTCACAGTCGC-1,1
pbmc,CCCAACTCAGGCATGA-1,1
pbmc,CCCAACTCATTGACAC-1,1
pbmc,CCCAACTGTACACGTT-1,1
pbmc,CCCAACTGTACGTACT-1,1
pbmc,CCCAACTGTTGCATCA-1,1
pbmc,CCCAACTTCAAAGGAT-1,1
pbmc,CCCAACTTCATCTCTA-1,1
pbmc,CCCAACTTCCAACCAA-1,1
pbmc,CCCAACTTCGATACGT-1,1
pbmc,CCCAACTTCTGAGAGG-1,1
pbmc,CCCAACTTCTTGGATG-1,3
pbmc,CCCATTGAGGCTGTAG-1,1
pbmc,CCCATTGAGTAGGGTC-1,1
pbmc,CCCATTGAGTCTTCCC-1,1
pbmc,CCCATTGAGTTCACTG-1,1
pbmc,CCCATTGCAATGGCAG-1,1
pbmc,CCCATTGCACGCGTGT-1,1
pbmc,CCCATTGCACTAGGCC-1,1
pbmc,CCCATTGCAGGTCCCA-1,1
pbmc,CCCATTGCATAATGCC-1,1
pbmc,CCCATTGCATATAGCC-1,1
pbmc,CCCATTGGTACGATTC-1,1
pbmc,CCCATTGGTATGCGGA-1,1
pbmc,CCCATTGGTCCTCCTA-1,1
pbmc,CCCATTGGTGAGACCA-1,1
pbmc,CCCATTGGTGAGCTCC-1,1
pbmc,CCCATTGGTGATTCAC-1,1
pbmc,CCCATTGGTGTACAGG-1,1
pbmc,CCCATTGGTTATGTGC-1,1
pbmc,CCCATTGGTTCAAACC-1,1
pbmc,CCCATTGGTTGCTTGA-1,1
pbmc,CCCATTGTCACCCTGT-1,2
pbmc,CCCATTGTCACCTTGC-1,1
pbmc,CCCATTGTCAGTCCGG-1,1
pbmc,CCCATTGTCCTGTTGC-1,1
pbmc,CCCATTGTCTAGACAC-1,1
pbmc,CCCATTGTCTGCATAG-1,2
pbmc,CCCATTGTCTGTCGTC-1,1
pbmc,CCCGAAGAGAGGATCC-1,1
pbmc,CCCGAAGAGTGGTGAC-1,1
pbmc,CCCGAAGCAAGTGGAC-1,1
pbmc,CCCGAAGCACCAGCTG-1,1
pbmc,CCCGAAGCACGGCACT-1,1
pbmc,CCCGAAGCACTTCAGA-1,1
pbmc,CCCGAAGCAGAGTTGG-1,1
pbmc,CCCGAAGCAGGAACCA-1,1
pbmc,CCCGAAGGTCGTAATC-1,1
pbmc,CCCGAAGGTCTTTCAT-1,2
pbmc,CCCGAAGGTGTCTAAC-1,1
pbmc,CCCGAAGGTGTTAGCT-1,1
pbmc,CCCGAAGGTTCCTAGA-1,1
pbmc,CCCGAAGTCAGAGCAG-1,1
pbmc,CCCGAAGTCAGCAATC-1,1
pbmc,CCCGAAGTCCATGCAA-1,1
pbmc,CCCGAAGTCGAATCCA-1,1
pbmc,CCCGGAAAGCCATTTG-1,1
pbmc,CCCGGAAAGCGGGTAT-1,1
pbmc,CCCGGAAAGGTCATTC-1,1
pbmc,CCCGGAAAGTAGAGTT-1,1
pbmc,CCCGGAAAGTCACTCA-1,1
pbmc,CCCGGAAAGTCATACC-1,1
pbmc,CCCGGAACACACTGGC-1,2
pbmc,CCCGGAACATGCCGAC-1,1
pbmc,CCCGGAAGTACTTCCC-1,1
pbmc,CCCGGAAGTCAACACT-1,1
pbmc,CCCGGAAGTCACGACC-1,1
pbmc,CCCGGAATCAAACCCA-1,212
pbmc,CCCTAACAGAGAGCAA-1,1
pbmc,CCCTAACAGAGATGCC-1,1
pbmc,CCCTAACAGCAATTAG-1,1
pbmc,CCCTAACAGCCAGACA-1,1
pbmc,CCCTAACAGCTCAGAG-1,3
pbmc,CCCTAACAGCTGGCTC-1,1
pbmc,CCCTAACAGGATATAC-1,1
pbmc,CCCTAACAGGATTCAA-1,6
pbmc,CCCTAACAGTAAGAGG-1,1
pbmc,CCCTAACAGTATGATG-1,7
pbmc,CCCTAACAGTCCTGCG-1,1
pbmc,CCCTAACCAACAACAA-1,1
pbmc,CCCTAACCAACCGTGC-1,1
pbmc,CCCTAACCAAGCGCTC-1,2
pbmc,CCCTAACCAATTTCGG-1,1
pbmc,CCCTAACCACACACTA-1,1
pbmc,CCCTAACCAGATCCTA-1,1
pbmc,CCCTAACCAGGGTTGA-1,1
pbmc,CCCTAACCAGGTTCGC-1,270
pbmc,CCCTAACGTAACTCGT-1,1
pbmc,CCCTAACGTAACTGCT-1,387
pbmc,CCCTAACGTATTCCTT-1,2
pbmc,CCCTAACGTCGCTTAA-1,1
pbmc,CCCTAACGTGAATTAG-1,1
pbmc,CCCTAACGTTATCCAG-1,1
pbmc,CCCTAACGTTCGGCCA-1,3
pbmc,CCCTAACTCAGTGATC-1,1
pbmc,CCCTAACTCCTTCAGC-1,1
pbmc,CCCTAACTCCTTGACC-1,1
pbmc,CCCTAACTCGTTGCCT-1,1
pbmc,CCCTAACTCTAGAGCT-1,1
pbmc,CCCTAACTCTAGATCG-1,1
pbmc,CCCTAACTCTCTAAGG-1,1
pbmc,CCCTCAAAGAAGTGTT-1,2
pbmc,CCCTCAAAGATCACCT-1,1
pbmc,CCCTCAAAGATGGTCG-1,1
pbmc,CCCTCAAAGCATCCTA-1,1
pbmc,CCCTCAAAGCTGACTT-1,1
pbmc,CCCTCAAAGGAGTATT-1,1
pbmc,CCCTCAAAGGGATGTC-1,1
pbmc,CCCTCAAAGGTCCTGC-1,1
pbmc,CCCTCAAAGTCTGTAC-1,1
pbmc,CCCTCAAAGTTGAATG-1,1
pbmc,CCCTCAAAGTTTCGAC-1,2
pbmc,CCCTCAACACACCAGC-1,1
pbmc,CCCTCAACACATTCGA-1,1
pbmc,CCCTCAACACCCTAGG-1,1
pbmc,CCCTCAACACGTTCGG-1,1
pbmc,CCCTCAACACTCCGGA-1,1
pbmc,CCCTCAACAGGAATCG-1,1
pbmc,CCCTCAACATCGCCTT-1,1
pbmc,CCCTCAACATGCCGAC-1,1
pbmc,CCCTCAAGTCATAACC-1,1
pbmc,CCCTCAAGTCCAGAAG-1,1
pbmc,CCCTCAAGTCTCAGGC-1,1
pbmc,CCCTCAAGTGAAGCGT-1,1
pbmc,CCCTCAAGTGCCTACG-1,1
pbmc,CCCTCAAGTTAACAGA-1,2
pbmc,CCCTCAAGTTGACTGT-1,1
pbmc,CCCTCAATCACCTCAC-1,1
pbmc,CCCTCAATCACTGTTT-1,1
pbmc,CCCTCAATCATGAGTC-1,1
pbmc,CCCTCAATCCCAGGAC-1,1
pbmc,CCCTCAATCGGTCTAA-1,1
pbmc,CCCTCAATCTGTGCGG-1,1
pbmc,CCCTCTCAGACCACGA-1,2
pbmc,CCCTCTCAGAGCCATG-1,2
pbmc,CCCTCTCAGCAAGCCA-1,1
pbmc,CCCTCTCAGCAGTAAT-1,1
pbmc,CCCTCTCAGGAATGTT-1,1
pbmc,CCCTCTCAGTACTCGT-1,1
pbmc,CCCTCTCAGTCTAACC-1,1
pbmc,CCCTCTCAGTGATTCC-1,1
pbmc,CCCTCTCCAAACCGGA-1,1
pbmc,CCCTCTCCACTACTTT-1,1
pbmc,CCCTCTCCAGGCCTGT-1,1
pbmc,CCCTCTCCAGTAACGG-1,1
pbmc,CCCTCTCCAGTATACC-1,2
pbmc,CCCTCTCCATGTTCAG-1,1
pbmc,CCCTCTCGTACCCGCA-1,1
pbmc,CCCTCTCGTAGCTCGC-1,1
pbmc,CCCTCTCGTCAGACGA-1,1
pbmc,CCCTCTCGTGCAGATG-1,1
pbmc,CCCTCTCTCACGTCCT-1,1
pbmc,CCCTCTCTCAGATTGC-1,1
pbmc,CCCTCTCTCAGTCCGG-1,1
pbmc,CCCTCTCTCCACTAGA-1,1
pbmc,CCCTCTCTCCAGCAAT-1,1
pbmc,CCCTCTCTCGAACCTA-1,1
pbmc,CCCTCTCTCGACGACC-1,1
pbmc,CCCTCTCTCGAGAGCA-1,1
pbmc,CCCTCTCTCGCTTTAT-1,2
pbmc,CCCTCTCTCGTGCTCT-1,2
pbmc,CCCTCTCTCGTGGAAG-1,1
pbmc,CCCTCTCTCTAGTTCT-1,1
pbmc,CCCTCTCTCTCCCAAC-1,1
pbmc,CCCTGATAGAAACTGT-1,1
pbmc,CCCTGATAGAATTTGG-1,1
pbmc,CCCTGATAGCATGCAG-1,1
pbmc,CCCTGATAGCCGCTTG-1,1
pbmc,CCCTGATCACCGTACG-1,1
pbmc,CCCTGATCACTACACA-1,1
pbmc,CCCTGATCACTATCCC-1,1
pbmc,CCCTGATCAGCCTACG-1,1
pbmc,CCCTGATCATGTGCCG-1,1
pbmc,CCCTGATCATTCTTCA-1,1
pbmc,CCCTGATGTCCTACAA-1,1
pbmc,CCCTGATGTCGCCTAG-1,1
pbmc,CCCTGATGTGATTGGG-1,1
pbmc,CCCTGATGTGCGTTTA-1,1
pbmc,CCCTGATGTGGTCTAT-1,1
pbmc,CCCTGATGTTACCGTA-1,1
pbmc,CCCTGATTCACTACTT-1,1
pbmc,CCCTGATTCAGACCGC-1,1
pbmc,CCCTGATTCAGGACGA-1,1
pbmc,CCCTGATTCGCTTACC-1,1
pbmc,CCCTTAGAGAATCGTA-1,1
pbmc,CCCTTAGAGATACTGA-1,1
pbmc,CCCTTAGAGGCAGCTA-1,1
pbmc,CCCTTAGCAATGTCAC-1,1
pbmc,CCCTTAGCACGAAGAC-1,1
pbmc,CCCTTAGCATCGTCCT-1,1
pbmc,CCCTTAGGTAGCGTAG-1,1
pbmc,CCCTTAGGTCGCGGTT-1,1
pbmc,CCCTTAGGTTTCCAAG-1,208
pbmc,CCCTTAGTCACACGAT-1,1
pbmc,CCCTTAGTCCTATTTG-1,2
pbmc,CCCTTAGTCTTTGCAT-1,1
pbmc,CCGAACGAGACTACGG-1,1
pbmc,CCGAACGAGCGACTTT-1,1
pbmc,CCGAACGAGCTAAGTA-1,140
pbmc,CCGAACGAGGAAAGGT-1,1
pbmc,CCGAACGAGGAACGCT-1,499
pbmc,CCGAACGAGGACCACG-1,1
pbmc,CCGAACGAGTAACGAT-1,1
pbmc,CCGAACGCAACTTGCA-1,1
pbmc,CCGAACGCAAGATCCT-1,1
pbmc,CCGAACGCAATGGGTG-1,1
pbmc,CCGAACGCACAGCTGC-1,1
pbmc,CCGAACGCACCATTCC-1,1
pbmc,CCGAACGCACTATCCC-1,1
pbmc,CCGAACGCAGTAGTGG-1,1
pbmc,CCGAACGCATCCGTGG-1,2
pbmc,CCGAACGCATGACGGA-1,2
pbmc,CCGAACGCATTCTGTT-1,1
pbmc,CCGAACGGTACAAGTA-1,1
pbmc,CCGAACGGTACCAATC-1,1
pbmc,CCGAACGGTACCACGC-1,1
pbmc,CCGAACGGTATTCTCT-1,2
pbmc,CCGAACGGTCGCAACC-1,1
pbmc,CCGAACGGTCTCAGAT-1,1
pbmc,CCGAACGGTGGAATGC-1,1
pbmc,CCGAACGGTTGCCATA-1,1
pbmc,CCGAACGGTTTCTTAC-1,1
pbmc,CCGAACGTCAGCTGAT-1,1
pbmc,CCGAACGTCCACTGAA-1,1
pbmc,CCGAACGTCCCGAATA-1,1
pbmc,CCGAACGTCCTACAAG-1,1
pbmc,CCGAACGTCGATTGGT-1,2
pbmc,CCGAACGTCGGCATTA-1,2
pbmc,CCGAACGTCTTCGTAT-1,1
pbmc,CCGATCTAGAGTTGTA-1,1
pbmc,CCGATCTAGGAAAGAC-1,1
pbmc,CCGATCTAGGAATCGC-1,1
pbmc,CCGATCTAGGGTACGT-1,1
pbmc,CCGATCTCAGACACCC-1,1
pbmc,CCGATCTCAGTCCCGA-1,1
pbmc,CCGATCTCATCTTAGG-1,1
pbmc,CCGATCTGTCTCCTGT-1,1
pbmc,CCGATCTGTGATGAAT-1,1
pbmc,CCGATCTGTGCACATT-1,1
pbmc,CCGATCTGTGGAGGTT-1,251
pbmc,CCGATCTGTGGTAATA-1,1
pbmc,CCGATCTGTGTCCTAA-1,1
pbmc,CCGATCTGTTCTTGCC-1,1
pbmc,CCGATCTTCCGACATA-1,1
pbmc,CCGATCTTCTAGGAAA-1,1
pbmc,CCGATGGAGAAATTGC-1,1
pbmc,CCGATGGAGGAGGGTG-1,1
pbmc,CCGATGGAGTAGAATC-1,1
pbmc,CCGATGGAGTCTGGTT-1,1
pbmc,CCGATGGCAAACACCT-1,1
pbmc,CCGATGGCAACAGCTT-1,1
pbmc,CCGATGGCAAGGCAAC-1,1
pbmc,CCGATGGCACAACGCC-1,1
pbmc,CCGATGGCACGTAGTT-1,1
pbmc,CCGATGGCAGCTATTG-1,1
pbmc,CCGATGGCAGGTACGA-1,1
pbmc,CCGATGGCATACCATG-1,2
pbmc,CCGATGGGTACCTGTA-1,1
pbmc,CCGATGGGTACGCTTA-1,1
pbmc,CCGATGGGTCACTTCC-1,1
pbmc,CCGATGGGTCAGTCTA-1,2
pbmc,CCGATGGGTTATGTCG-1,1
pbmc,CCGATGGGTTCTAGAC-1,1
pbmc,CCGATGGGTTCTCGCT-1,605
pbmc,CCGATGGGTTCTCTAT-1,1
pbmc,CCGATGGTCAAGGAGC-1,1
pbmc,CCGATGGTCACCTCTG-1,113
pbmc,CCGATGGTCCATGCAA-1,1
pbmc,CCGATGGTCTGTCGCT-1,280
pbmc,CCGCAAGAGCGTGCCT-1,1
pbmc,CCGCAAGCAAATGCGG-1,1
pbmc,CCGCAAGCAACAGCTT-1,1
pbmc,CCGCAAGCAATCGCAT-1,1
pbmc,CCGCAAGCAGCTACCG-1,1
pbmc,CCGCAAGCAGTCGCAC-1,4
pbmc,CCGCAAGCATTCAGGT-1,257
pbmc,CCGCAAGGTAACAGGC-1,2
pbmc,CCGCAAGGTAACATAG-1,1
pbmc,CCGCAAGGTACAAAGT-1,1
pbmc,CCGCAAGGTACCAGAG-1,262
pbmc,CCGCAAGGTAGGTGCA-1,1
pbmc,CCGCAAGGTCCAATCA-1,1
pbmc,CCGCAAGGTCTTACAG-1,1
pbmc,CCGCAAGGTGCCCACA-1,1
pbmc,CCGCAAGGTGGCTGCT-1,1
pbmc,CCGCAAGGTTACTCAG-1,1
pbmc,CCGCAAGTCGGCCCAA-1,1
pbmc,CCGCAAGTCTACACTT-1,3
pbmc,CCGGACAAGGACCCAA-1,1
pbmc,CCGGACAAGTCATTGC-1,2
pbmc,CCGGACACAAGCTGCC-1,1
pbmc,CCGGACACAGCGTATT-1,1
pbmc,CCGGACACAGTCGGAA-1,1
pbmc,CCGGACAGTCGAGCAA-1,1
pbmc,CCGGACAGTCGTACTA-1,1
pbmc,CCGGACAGTCTGTGTA-1,1
pbmc,CCGGACAGTGATACAA-1,1
pbmc,CCGGACAGTGATACCT-1,401
pbmc,CCGGACAGTGCCCTTT-1,1
pbmc,CCGGACAGTTGCCAAT-1,1
pbmc,CCGGACATCCCGAACG-1,1
pbmc,CCGGACATCCGAGAAG-1,1
pbmc,CCGGACATCGCAGTTA-1,1
pbmc,CCGGACATCGTGTGAT-1,1
pbmc,CCGGACATCTAGAACC-1,1
pbmc,CCGGACATCTCAAAGC-1,1
pbmc,CCGGGTAAGAAACCAT-1,1
pbmc,CCGGGTAAGGAGCTGT-1,1
pbmc,CCGGGTAAGGGTAGCT-1,1
pbmc,CCGGGTAAGTAAACTG-1,1
pbmc,CCGGGTAAGTACTCGT-1,1
pbmc,CCGGGTACAAATCGGG-1,1
pbmc,CCGGGTACACGACGCT-1,1
pbmc,CCGGGTACACTCCGAG-1,449
pbmc,CCGGGTACAGGCACAA-1,2
pbmc,CCGGGTACATACCAGT-1,119
pbmc,CCGGGTACATCTTCGC-1,1
pbmc,CCGGGTAGTAGAGGAA-1,1
pbmc,CCGGGTAGTCAGGTGA-1,1
pbmc,CCGGGTAGTCCAGTTA-1,1
pbmc,CCGGGTAGTCTGTGGC-1,1
pbmc,CCGGGTAGTTAAACAG-1,1
pbmc,CCGGGTATCAATCTCT-1,1
pbmc,CCGGGTATCACTCACC-1,1
pbmc,CCGGGTATCAGAACCT-1,1
pbmc,CCGGGTATCCGAAATC-1,1
pbmc,CCGGGTATCGAAGGAC-1,1
pbmc,CCGGGTATCGCATAGT-1,1
pbmc,CCGGGTATCGGTGTAT-1,2
pbmc,CCGGGTATCGTCGACG-1,1
pbmc,CCGGTAGAGCCATTGT-1,1
pbmc,CCGGTAGAGGTCACTT-1,1
pbmc,CCGGTAGAGTACTCGT-1,1
pbmc,CCGGTAGAGTGCAAAT-1,1
pbmc,CCGGTAGCAAATTGGA-1,1
pbmc,CCGGTAGCACAAACGG-1,1
pbmc,CCGGTAGCACCCTATC-1,1
pbmc,CCGGTAGCATGGGAAC-1,1
pbmc,CCGGTAGGTAGGTACG-1,1
pbmc,CCGGTAGGTAGTACGG-1,125
pbmc,CCGGTAGGTATGGAAT-1,1
pbmc,CCGGTAGGTCGAACAG-1,1
pbmc,CCGGTAGGTGAGTCAG-1,1
pbmc,CCGGTAGGTGATTCAC-1,1
pbmc,CCGGTAGGTGCTCTTC-1,1
pbmc,CCGGTAGTCAAGAGGC-1,2
pbmc,CCGGTAGTCCTGCCAT-1,2
pbmc,CCGGTAGTCGAACACT-1,1
pbmc,CCGGTAGTCGACGATT-1,2
pbmc,CCGGTAGTCGTAGCTA-1,1
pbmc,CCGGTGAAGACGCCCT-1,1
pbmc,CCGGTGAAGACGGAAA-1,1
pbmc,CCGGTGAAGCTAGCCC-1,1
pbmc,CCGGTGAAGGGAGATA-1,1
pbmc,CCGGTGACAATCCTTT-1,1
pbmc,CCGGTGACAATTCACG-1,1
pbmc,CCGGTGACACAGAGCA-1,2
pbmc,CCGGTGACACGGTAGA-1,1
pbmc,CCGGTGACAGCACAGA-1,1
pbmc,CCGGTGACAGTGTACT-1,1
pbmc,CCGGTGACAGTTTCAG-1,1
pbmc,CCGGTGACATACAGAA-1,1
pbmc,CCGGTGAGTACTGCGC-1,1
pbmc,CCGGTGAGTCATAGTC-1,1
pbmc,CCGGTGAGTCCCACGA-1,1
pbmc,CCGGTGAGTCTGTAAC-1,1
pbmc,CCGGTGATCGGCATAT-1,1
pbmc,CCGGTGATCGGTCATA-1,1
pbmc,CCGTAGGAGAGAGCAA-1,1
pbmc,CCGTAGGAGCATGAAT-1,1
pbmc,CCGTAGGAGCCATTTG-1,1
pbmc,CCGTAGGAGGCACTCC-1,2
pbmc,CCGTAGGAGTAGATCA-1,1
pbmc,CCGTAGGAGTCACACT-1,1
pbmc,CCGTAGGAGTCGGGAT-1,1
pbmc,CCGTAGGAGTGCAACG-1,2
pbmc,CCGTAGGAGTTTGCTG-1,1
pbmc,CCGTAGGCACCCTTGT-1,1
pbmc,CCGTAGGCAGGAACCA-1,1
pbmc,CCGTAGGCATCCCACT-1,1
pbmc,CCGTAGGCATCGGATT-1,1
pbmc,CCGTAGGCATTCACAG-1,1
pbmc,CCGTAGGGTACGAGCA-1,1
pbmc,CCGTAGGGTGAAGCGT-1,1
pbmc,CCGTAGGGTTATCCAG-1,1
pbmc,CCGTAGGGTTCCCACT-1,189
pbmc,CCGTAGGGTTCTGACA-1,1
pbmc,CCGTAGGGTTTACGAC-1,2
pbmc,CCGTAGGTCACCCATC-1,1
pbmc,CCGTAGGTCATACAGC-1,203
pbmc,CCGTAGGTCATACAGT-1,1
pbmc,CCGTAGGTCGAACCAT-1,1
pbmc,CCGTAGGTCGGCATCG-1,1
pbmc,CCGTAGGTCGGTTAGT-1,1
pbmc,CCGTAGGTCTGTAAGC-1,2
pbmc,CCGTGAGAGAGGTCAC-1,229
pbmc,CCGTGAGAGGAAAGTG-1,3
pbmc,CCGTGAGAGGGACAGG-1,3
pbmc,CCGTGAGAGTTTCTTC-1,1
pbmc,CCGTGAGCAACCGTGC-1,1
pbmc,CCGTGAGCAGTAACGG-1,1
pbmc,CCGTGAGCATCGTCCT-1,2
pbmc,CCGTGAGGTACTAGCT-1,1
pbmc,CCGTGAGGTAGGCTCC-1,1
pbmc,CCGTGAGGTCGATTTG-1,1
pbmc,CCGTGAGGTGGGTTGA-1,1
pbmc,CCGTGAGGTGTGCTTA-1,1
pbmc,CCGTGAGGTTCCTACC-1,1
pbmc,CCGTGAGGTTGCGGCT-1,1
pbmc,CCGTGAGGTTGTGGCC-1,1
pbmc,CCGTGAGGTTTCACAG-1,1
pbmc,CCGTGAGTCACCGGGT-1,1
pbmc,CCGTGAGTCCCAAGCG-1,1
pbmc,CCGTGAGTCCTACACC-1,1
pbmc,CCGTGAGTCGCCTTTG-1,152
pbmc,CCGTGAGTCTTTCTTC-1,1
pbmc,CCGTTCAAGAAGATCT-1,1
pbmc,CCGTTCAAGCTGAAGC-1,1
pbmc,CCGTTCAAGGTGGGTT-1,1
pbmc,CCGTTCAAGTATCTGC-1,1
pbmc,CCGTTCAAGTATGATG-1,1
pbmc,CCGTTCAAGTGAATCG-1,1
pbmc,CCGTTCAAGTTGCTCA-1,1
pbmc,CCGTTCACAACTCATG-1,1
pbmc,CCGTTCACAAGAGTAT-1,1
pbmc,CCGTTCACAATAACCC-1,1
pbmc,CCGTTCACACATTCTT-1,1
pbmc,CCGTTCACAGAACTTC-1,1
pbmc,CCGTTCACAGAAGCTG-1,132
pbmc,CCGTTCACAGAATGTA-1,1
pbmc,CCGTTCACAGCAGTAG-1,1
pbmc,CCGTTCACAGGTTACT-1,1
pbmc,CCGTTCACAGTCGCTG-1,1
pbmc,CCGTTCACATGGATCT-1,1
pbmc,CCGTTCACATGTAACC-1,2
pbmc,CCGTTCACATTCACAG-1,2
pbmc,CCGTTCAGTACAGCGA-1,1
pbmc,CCGTTCAGTATGCGGA-1,1
pbmc,CCGTTCAGTCACCTTC-1,1
pbmc,CCGTTCAGTCCCAAAT-1,1
pbmc,CCGTTCAGTCTTAGTG-1,1
pbmc,CCGTTCAGTGAGCAGT-1,1
pbmc,CCGTTCAGTGTATTGC-1,1
pbmc,CCGTTCAGTTCCACAA-1,2
pbmc,CCGTTCAGTTCGGGTC-1,2
pbmc,CCGTTCATCGAACTCA-1,1
pbmc,CCGTTCATCGGCTTGG-1,1
pbmc,CCGTTCATCGTTGCCT-1,1
pbmc,CCGTTCATCTCATAGG-1,1
pbmc,CCGTTCATCTCTAAGG-1,5
pbmc,CCGTTCATCTGGAAGG-1,1
pbmc,CCGTTCATCTGTCGTC-1,1
pbmc,CCGTTCATCTGTGCAA-1,2
pbmc,CCTAACCAGAATCGCG-1,1
pbmc,CCTAACCAGATTGATG-1,1
pbmc,CCTAACCAGCCGATAG-1,1
pbmc,CCTAACCAGCGCATCC-1,1
pbmc,CCTAACCAGGTTCGCT-1,1
pbmc,CCTAACCCACAAATGA-1,1
pbmc,CCTAACCCACACCGCA-1,1
pbmc,CCTAACCCATTCCATT-1,1
pbmc,CCTAACCGTACAGTCT-1,1
pbmc,CCTAACCGTATCGCTA-1,1
pbmc,CCTAACCGTCCAGCAC-1,1
pbmc,CCTAACCGTGAATATG-1,1
pbmc,CCTAACCGTGATTCTG-1,1
pbmc,CCTAACCGTGCTGTCG-1,1
pbmc,CCTAACCGTTGGTAGG-1,1
pbmc,CCTAACCGTTTCGCTC-1,2
pbmc,CCTAACCTCAAGGCTT-1,1
pbmc,CCTAACCTCATGCAGT-1,1
pbmc,CCTAACCTCCTGGGTG-1,1
pbmc,CCTAACCTCTACGGGC-1,1
pbmc,CCTAACCTCTACGGTA-1,1
pbmc,CCTAAGAAGAAGTCCG-1,1
pbmc,CCTAAGAAGACAGTCG-1,1
pbmc,CCTAAGAAGACCATAA-1,1
pbmc,CCTAAGAAGACTCAAA-1,1
pbmc,CCTAAGAAGACTCTAC-1,589
pbmc,CCTAAGAAGAGTATAC-1,1
pbmc,CCTAAGAAGCACACAG-1,1
pbmc,CCTAAGAAGGCTCTAC-1,1
pbmc,CCTAAGAAGTAAAGCT-1,1
pbmc,CCTAAGAAGTCACACT-1,1
pbmc,CCTAAGAAGTTTAGGA-1,1
pbmc,CCTAAGACAATCGAAA-1,1
pbmc,CCTAAGACAGAGTAAT-1,1
pbmc,CCTAAGACAGTGCCTG-1,1
pbmc,CCTAAGAGTAACGGTG-1,1
pbmc,CCTAAGAGTAGGTAGC-1,1
pbmc,CCTAAGAGTCGAACGA-1,1
pbmc,CCTAAGAGTTTATGCG-1,1
pbmc,CCTAAGAGTTTCCAAG-1,1
pbmc,CCTAAGATCATTTGGG-1,1
pbmc,CCTAAGATCCGAGCTG-1,1
pbmc,CCTAAGATCCGTGGCA-1,1
pbmc,CCTAAGATCGCTAATG-1,2
pbmc,CCTACGTAGACCATTC-1,1
pbmc,CCTACGTAGATTACCC-1,1
pbmc,CCTACGTAGCCACAAG-1,1
pbmc,CCTACGTAGGACGCAT-1,1
pbmc,CCTACGTAGTAGTGCG-1,1
pbmc,CCTACGTAGTCTAGCT-1,1
pbmc,CCTACGTCAACACGAG-1,1
pbmc,CCTACGTCAACCACGC-1,1
pbmc,CCTACGTCACCCTGAG-1,1
pbmc,CCTACGTCACTCCCTA-1,1
pbmc,CCTACGTGTACTCCCT-1,1
pbmc,CCTACGTTCAAGCCTA-1,1
pbmc,CCTACGTTCACCATAG-1,1
pbmc,CCTACGTTCATAAGGA-1,1
pbmc,CCTACGTTCATACGGT-1,2
pbmc,CCTACGTTCCGGCAAC-1,1
pbmc,CCTACGTTCGATTTCT-1,1
pbmc,CCTACGTTCTCGGGAC-1,2
pbmc,CCTACGTTCTTCTGGC-1,1
pbmc,CCTACGTTCTTGATTC-1,1
pbmc,CCTACGTTCTTTCCAA-1,1
pbmc,CCTATCGAGAAAGCGA-1,1
pbmc,CCTATCGAGAACTCCT-1,1
pbmc,CCTATCGAGACAGCGT-1,328
pbmc,CCTATCGAGACAGTGT-1,1
pbmc,CCTATCGAGACCAACG-1,1
pbmc,CCTATCGAGAGCGACT-1,1
pbmc,CCTATCGAGCGGGTAT-1,1
pbmc,CCTATCGAGCTCGGCT-1,1
pbmc,CCTATCGAGGATCATA-1,1
pbmc,CCTATCGAGTCATAGA-1,1
pbmc,CCTATCGCAAGCACAG-1,1
pbmc,CCTATCGCACAAAGCG-1,1
pbmc,CCTATCGCAGCCTACG-1,1
pbmc,CCTATCGCAGGCCCAT-1,1
pbmc,CCTATCGCAGTTTCAG-1,1
pbmc,CCTATCGCATGACTTG-1,1
pbmc,CCTATCGGTACATCGT-1,1
pbmc,CCTATCGGTCAGTTTG-1,1
pbmc,CCTATCGGTCTTTCTA-1,2
pbmc,CCTATCGTCACAAGGG-1,1
pbmc,CCTATCGTCCAAGAGG-1,1
pbmc,CCTATCGTCCCGGTAG-1,1
pbmc,CCTATCGTCCTTCTTC-1,1
pbmc,CCTCAACAGCAATTAG-1,1
pbmc,CCTCAACAGGCAGGTT-1,1
pbmc,CCTCAACAGGTAGTAT-1,1
pbmc,CCTCAACAGGTTCCAT-1,1
pbmc,CCTCAACAGGTTGGAC-1,1
pbmc,CCTCAACAGTGTCATC-1,1
pbmc,CCTCAACCAAGGCGTA-1,1
pbmc,CCTCAACCAATGGGTG-1,1
pbmc,CCTCAACCAATGTGGG-1,1
pbmc,CCTCAACCACCTTCGT-1,1
pbmc,CCTCAACCATCGAGCC-1,2
pbmc,CCTCAACCATCGTGCG-1,1
pbmc,CCTCAACGTCACCTTC-1,1
pbmc,CCTCAACGTGCAGTGA-1,1
pbmc,CCTCAACTCAAGTAAG-1,1
pbmc,CCTCAACTCACCGACG-1,1
pbmc,CCTCAACTCACGGAGA-1,1
pbmc,CCTCAACTCATTACTC-1,1
pbmc,CCTCAACTCCACTTCG-1,1
pbmc,CCTCAACTCCATTTAC-1,1
pbmc,CCTCAACTCGAGTCCG-1,1
pbmc,CCTCAACTCGGAGATG-1,1
pbmc,CCTCAACTCGTTCTGC-1,1
pbmc,CCTCAACTCTCACGAA-1,1
pbmc,CCTCAACTCTCAGCCC-1,1
pbmc,CCTCAACTCTTAGCCC-1,256
pbmc,CCTCAACTCTTGCCCG-1,1
pbmc,CCTCACAAGCCAAGTG-1,1
pbmc,CCTCACAAGGATAATC-1,1
pbmc,CCTCACAAGGATGAGA-1,1
pbmc,CCTCACAAGTGAGTGC-1,1
pbmc,CCTCACACAAAGGGCT-1,1
pbmc,CCTCACACAAGCGATG-1,1
pbmc,CCTCACACAAGTTTGC-1,1
pbmc,CCTCACACAATACCCA-1,1
pbmc,CCTCACACACGCGCTA-1,1
pbmc,CCTCACACACGCTGAC-1,1
pbmc,CCTCACACAGCTCGGT-1,1
pbmc,CCTCACACAGCTGAAG-1,1
pbmc,CCTCACACAGGCTTGC-1,1
pbmc,CCTCACACAGTCACGC-1,1
pbmc,CCTCACACAGTCTTCC-1,1
pbmc,CCTCACAGTAGCGTTT-1,1
pbmc,CCTCACAGTCTACGAT-1,1
pbmc,CCTCACAGTCTAGGCC-1,1
pbmc,CCTCACAGTGCAACAG-1,1
pbmc,CCTCACAGTTCTTAGG-1,2
pbmc,CCTCACATCACCATCC-1,1
pbmc,CCTCACATCCCTCTCC-1,4
pbmc,CCTCACATCTAGTCAG-1,1
pbmc,CCTCACATCTGCATAG-1,1
pbmc,CCTCACATCTGTAACG-1,1
pbmc,CCTCAGTAGAACCGCA-1,1
pbmc,CCTCAGTAGAGAGGGC-1,1
pbmc,CCTCAGTAGAGCCGAT-1,1
pbmc,CCTCAGTAGAGGTATT-1,1
pbmc,CCTCAGTAGCAACTCT-1,1
pbmc,CCTCAGTAGCAAGGAA-1,26
pbmc,CCTCAGTAGCGGATCA-1,2
pbmc,CCTCAGTAGCGGTATG-1,2
pbmc,CCTCAGTAGCTGCCTG-1,1
pbmc,CCTCAGTAGGAATTAC-1,1
pbmc,CCTCAGTAGGAGTCTG-1,1
pbmc,CCTCAGTAGTAGGAAG-1,1
pbmc,CCTCAGTAGTCATCCA-1,1
pbmc,CCTCAGTAGTTGAAGT-1,1
pbmc,CCTCAGTCAAGTATCC-1,1
pbmc,CCTCAGTCAATGTCTG-1,1
pbmc,CCTCAGTCACCCAACG-1,1
pbmc,CCTCAGTCACCTCTAC-1,1
pbmc,CCTCAGTCACTACGGC-1,2
pbmc,CCTCAGTCAGAACGCA-1,1
pbmc,CCTCAGTCAGGTTCGC-1,1
pbmc,CCTCAGTCATCCCGTT-1,1
pbmc,CCTCAGTCATGATGCT-1,284
pbmc,CCTCAGTCATGCACTA-1,1
pbmc,CCTCAGTCATTGAAGA-1,1
pbmc,CCTCAGTGTCAAACGG-1,1
pbmc,CCTCAGTGTCCTGCTT-1,1
pbmc,CCTCAGTGTCTAGGCC-1,1
pbmc,CCTCAGTGTCTCTCAC-1,1
pbmc,CCTCAGTGTGCAGGAT-1,1
pbmc,CCTCAGTGTGCCTACG-1,1
pbmc,CCTCAGTGTTCTGACA-1,1
pbmc,CCTCAGTGTTGTGTTG-1,1
pbmc,CCTCAGTTCAACGTGT-1,1
pbmc,CCTCAGTTCAATCAGC-1,1
pbmc,CCTCAGTTCATTGAGC-1,1
pbmc,CCTCAGTTCCATTTAC-1,2
pbmc,CCTCAGTTCCCATACC-1,1
pbmc,CCTCAGTTCCGAGCTG-1,207
pbmc,CCTCAGTTCCTAGCTC-1,1
pbmc,CCTCAGTTCCTCGCAT-1,1
pbmc,CCTCAGTTCTTACGTT-1,1
pbmc,CCTCATGAGGAGGCAG-1,1
pbmc,CCTCATGAGGCCTGCT-1,1
pbmc,CCTCATGAGGTCTTTG-1,1
pbmc,CCTCATGAGGTTACCT-1,1
pbmc,CCTCATGAGTCAGGGT-1,1
pbmc,CCTCATGAGTTGTAGA-1,1
pbmc,CCTCATGCAAGAATAC-1,1
pbmc,CCTCATGCAATACCCA-1,1
pbmc,CCTCATGCACGTTGGC-1,1
pbmc,CCTCATGCACTATGTG-1,181
pbmc,CCTCATGCATTACGGT-1,2
pbmc,CCTCATGGTCTGCGCA-1,1
pbmc,CCTCATGGTGCCTTCT-1,1
pbmc,CCTCATGGTGCTATTG-1,1
pbmc,CCTCATGGTGGATCAG-1,2
pbmc,CCTCATGGTTAGGCTT-1,1
pbmc,CCTCATGGTTCGCTCT-1,1
pbmc,CCTCATGGTTGTGCCG-1,1
pbmc,CCTCATGGTTTCGCTC-1,283
pbmc,CCTCATGGTTTCGTTT-1,1
pbmc,CCTCATGGTTTGCCGG-1,1
pbmc,CCTCATGTCAAACTGC-1,1
pbmc,CCTCATGTCAAGCCTA-1,1
pbmc,CCTCATGTCATTATCC-1,1
pbmc,CCTCATGTCCTACAAG-1,1
pbmc,CCTCATGTCGTCAAAC-1,2
pbmc,CCTCATGTCTCTCAAT-1,319
pbmc,CCTCATGTCTCTGCCA-1,2
pbmc,CCTCCAAAGAAGGATG-1,1
pbmc,CCTCCAAAGAGTTGAT-1,1
pbmc,CCTCCAAAGCGTGAGT-1,1
pbmc,CCTCCAAAGGCACTAG-1,1
pbmc,CCTCCAAAGGCATGGT-1,1
pbmc,CCTCCAAAGGCCCGTT-1,602
pbmc,CCTCCAAAGTAACCGG-1,1
pbmc,CCTCCAAAGTATGATG-1,82
pbmc,CCTCCAAAGTCATCCA-1,1
pbmc,CCTCCAAAGTGAGTTA-1,1
pbmc,CCTCCAACAACCCTCT-1,186
pbmc,CCTCCAACAACCGATT-1,1
pbmc,CCTCCAACAATAAGGT-1,1
pbmc,CCTCCAACAATTTCCT-1,1
pbmc,CCTCCAACACAATGAA-1,280
pbmc,CCTCCAACACCAGCGT-1,1
pbmc,CCTCCAACACCCAATA-1,1
pbmc,CCTCCAACACCCTCTA-1,1
pbmc,CCTCCAACACTGGATT-1,2
pbmc,CCTCCAACAGTTAGAA-1,2
pbmc,CCTCCAACATGCGGTC-1,1
pbmc,CCTCCAACATGTTCGA-1,1
pbmc,CCTCCAAGTACACTCA-1,2
pbmc,CCTCCAAGTCCTGAAT-1,1
pbmc,CCTCCAAGTCGAATGG-1,1
pbmc,CCTCCAAGTCTGCCTT-1,1
pbmc,CCTCCAAGTGCCCTTT-1,1
pbmc,CCTCCAAGTGTGTTTG-1,1
pbmc,CCTCCAAGTTAAGGAT-1,1
pbmc,CCTCCAAGTTAAGGGC-1,1
pbmc,CCTCCAAGTTCTATCT-1,1
pbmc,CCTCCAAGTTGCCGCA-1,2
pbmc,CCTCCAATCATTCCTA-1,1
pbmc,CCTCCAATCCAAACCA-1,1
pbmc,CCTCCAATCCATGAAT-1,1
pbmc,CCTCCAATCCTCACCA-1,1
pbmc,CCTCCTCAGAGTCTGG-1,1
pbmc,CCTCCTCAGCACCGTC-1,1
pbmc,CCTCCTCAGCCTCACG-1,1
pbmc,CCTCCTCAGCTCTCTT-1,1
pbmc,CCTCCTCAGGACACTG-1,1
pbmc,CCTCCTCAGGGAACAA-1,1
pbmc,CCTCCTCAGTATGATG-1,1
pbmc,CCTCCTCAGTCCCGAC-1,210
pbmc,CCTCCTCCAACTTCTT-1,1
pbmc,CCTCCTCCAATCTGCA-1,1
pbmc,CCTCCTCCACGCTATA-1,1
pbmc,CCTCCTCCACTGCTTC-1,1
pbmc,CCTCCTCCAGGAAGTC-1,1
pbmc,CCTCCTCCAGTCTCCT-1,1
pbmc,CCTCCTCCATTCAGGT-1,245
pbmc,CCTCCTCGTACTCCGG-1,1
pbmc,CCTCCTCGTATGAAAC-1,1
pbmc,CCTCCTCGTCTCGACG-1,1
pbmc,CCTCCTCGTCTCGCGA-1,1
pbmc,CCTCCTCGTTGCCGAC-1,1
pbmc,CCTCCTCGTTGTCTAG-1,1
pbmc,CCTCCTCTCAAGCGTT-1,228
pbmc,CCTCCTCTCACCTGTC-1,1
pbmc,CCTCCTCTCAGTGCGC-1,1
pbmc,CCTCTAGAGAAGGCTC-1,1
pbmc,CCTCTAGAGATGCCGA-1,1
pbmc,CCTCTAGAGCCGATTT-1,1
pbmc,CCTCTAGAGCGATGAC-1,2
pbmc,CCTCTAGAGTGCCTCG-1,1
pbmc,CCTCTAGCAAGCGATG-1,1
pbmc,CCTCTAGCAAGTTGGG-1,1
pbmc,CCTCTAGCAATACCTG-1,2
pbmc,CCTCTAGCACACGCCA-1,1
pbmc,CCTCTAGCACATTGTG-1,1
pbmc,CCTCTAGCAGACCTAT-1,308
pbmc,CCTCTAGCAGTCGGTC-1,1
pbmc,CCTCTAGGTCATGCAT-1,1
pbmc,CCTCTAGGTTCGGTCG-1,1
pbmc,CCTCTAGTCAGGGATG-1,1
pbmc,CCTCTAGTCATAGCAC-1,1
pbmc,CCTCTAGTCCCAGTGG-1,1
pbmc,CCTCTAGTCCGTGTGG-1,1
pbmc,CCTCTAGTCGCAATTG-1,1
pbmc,CCTCTAGTCTGCTTAT-1,1
pbmc,CCTCTCCAGGTGCTAG-1,1
pbmc,CCTCTCCAGTGCGCTC-1,1
pbmc,CCTCTCCAGTGGTCAG-1,1
pbmc,CCTCTCCAGTTGCGAG-1,1
pbmc,CCTCTCCCAAGGCTTT-1,1
pbmc,CCTCTCCCAATAGAGT-1,1
pbmc,CCTCTCCCACAGAGAC-1,2
pbmc,CCTCTCCCACCAGTAT-1,1
pbmc,CCTCTCCCATGGGTCC-1,1
pbmc,CCTCTCCCATTGCTGA-1,1
pbmc,CCTCTCCGTAGTGCGA-1,2
pbmc,CCTCTCCGTCACTAGT-1,1
pbmc,CCTCTCCGTCGCATGC-1,1
pbmc,CCTCTCCGTGTGCTTA-1,40
pbmc,CCTCTCCGTTCTCCTG-1,1
pbmc,CCTCTCCTCCACCGTC-1,1
pbmc,CCTCTCCTCCACTAAA-1,1
pbmc,CCTCTCCTCCTGTTGC-1,1
pbmc,CCTCTCCTCGGCTTCT-1,1
pbmc,CCTCTCCTCGTGGCTG-1,1
pbmc,CCTCTCCTCGTTCCTG-1,401
pbmc,CCTCTCCTCTCACCCA-1,1
pbmc,CCTCTCCTCTTACTGT-1,1
pbmc,CCTCTCCTCTTCCACG-1,1
pbmc,CCTGCATAGCACGATG-1,1
pbmc,CCTGCATAGCGGGTTA-1,1
pbmc,CCTGCATAGTCTAGCT-1,1
pbmc,CCTGCATAGTGGTGAC-1,490
pbmc,CCTGCATCAACGGGTA-1,203
pbmc,CCTGCATCACCAAATC-1,1
pbmc,CCTGCATCACGCCAGT-1,1
pbmc,CCTGCATCATCGTGGC-1,1
pbmc,CCTGCATCATTGACTG-1,1
pbmc,CCTGCATGTATCCTCC-1,1
pbmc,CCTGCATGTCCGGTGT-1,2
pbmc,CCTGCATGTGTCCGGT-1,1
pbmc,CCTGCATGTTCTTAGG-1,287
pbmc,CCTGCATGTTGACTAC-1,1
pbmc,CCTGCATGTTTACGTG-1,1
pbmc,CCTGCATTCCACCTCA-1,1
pbmc,CCTGCATTCGATTCCT-1,2
pbmc,CCTGCATTCGTGCAGC-1,2
pbmc,CCTGCATTCTAAGCCA-1,1
pbmc,CCTGCATTCTAGCAAC-1,1
pbmc,CCTGTTGAGACAGCTG-1,1
pbmc,CCTGTTGAGAGTTGAT-1,1
pbmc,CCTGTTGAGCAGCCTC-1,1
pbmc,CCTGTTGAGCTGAGCA-1,1
pbmc,CCTGTTGCAAAGACGC-1,1
pbmc,CCTGTTGCAATACAGA-1,2
pbmc,CCTGTTGCAGGATTCT-1,1
pbmc,CCTGTTGGTAACTAAG-1,1
pbmc,CCTGTTGGTCCATAGT-1,1
pbmc,CCTGTTGGTGTGCCTG-1,383
pbmc,CCTGTTGGTGTTACTG-1,1
pbmc,CCTGTTGTCAAGAGTA-1,179
pbmc,CCTGTTGTCACTAGCA-1,2
pbmc,CCTGTTGTCACTTTGT-1,1
pbmc,CCTGTTGTCAGTGTCA-1,1
pbmc,CCTGTTGTCCCGTTCA-1,1
pbmc,CCTGTTGTCGTTTACT-1,1
pbmc,CCTTCAGAGGAACGCC-1,2
pbmc,CCTTCAGAGGAACGTC-1,71
pbmc,CCTTCAGAGGACGCTA-1,1
pbmc,CCTTCAGAGGTCATTC-1,1
pbmc,CCTTCAGAGTCGAGGT-1,1
pbmc,CCTTCAGAGTTGCTGT-1,1
pbmc,CCTTCAGCACAGAGCA-1,442
pbmc,CCTTCAGCACGCAAAG-1,1
pbmc,CCTTCAGCACTGTCCT-1,1
pbmc,CCTTCAGCAGCTCTTC-1,1
pbmc,CCTTCAGCAGCTGTTA-1,1
pbmc,CCTTCAGCAGCTTTCC-1,1
pbmc,CCTTCAGCATGTGGTT-1,1
pbmc,CCTTCAGCATTAAAGG-1,1
pbmc,CCTTCAGGTATGAAAC-1,1
pbmc,CCTTCAGGTCAAGGCA-1,1
pbmc,CCTTCAGGTGAGACCA-1,2
pbmc,CCTTCAGGTTGAAGTA-1,1
pbmc,CCTTCAGGTTGATCGT-1,1
pbmc,CCTTCAGTCCAGCTCT-1,1
pbmc,CCTTCAGTCCGAGCTG-1,1
pbmc,CCTTCAGTCTGCTTTA-1,1
pbmc,CCTTCAGTCTTCCCAG-1,1
pbmc,CCTTCAGTCTTCGATT-1,1
pbmc,CCTTGTGAGTACTCGT-1,1
pbmc,CCTTGTGAGTCCCAAT-1,1
pbmc,CCTTGTGCAAGGCTTT-1,1
pbmc,CCTTGTGCATAGTCGT-1,1
pbmc,CCTTGTGCATTCAGCA-1,1
pbmc,CCTTGTGGTACGCGTC-1,1
pbmc,CCTTGTGGTTGGCCTG-1,1
pbmc,CCTTGTGGTTTACTGG-1,1
pbmc,CCTTGTGTCATGCCGG-1,1
pbmc,CCTTGTGTCATTTGCT-1,1
pbmc,CCTTGTGTCCTACGAA-1,1
pbmc,CCTTGTGTCGGCCCAA-1,1
pbmc,CCTTGTGTCTCCGATC-1,1
pbmc,CCTTGTGTCTGTCGTC-1,1
pbmc,CCTTTGGAGCAAGGAA-1,1
pbmc,CCTTTGGAGCCACAAG-1,1
pbmc,CCTTTGGAGGAGTATT-1,1
pbmc,CCTTTGGCAACAGCTT-1,3
pbmc,CCTTTGGCAACCAACT-1,1
pbmc,CCTTTGGCAAGGTACG-1,1
pbmc,CCTTTGGCAGACCTAT-1,1
pbmc,CCTTTGGCATGGATCT-1,1
pbmc,CCTTTGGGTAGAGTTA-1,2
pbmc,CCTTTGGGTCCTACAA-1,1
pbmc,CCTTTGGGTGATTCTG-1,1
pbmc,CCTTTGGGTGCTTATG-1,1
pbmc,CCTTTGGGTTAGCGGA-1,1
pbmc,CCTTTGGGTTTCTTAC-1,1
pbmc,CCTTTGGTCAGGAACG-1,1
pbmc,CCTTTGGTCGTGCACG-1,1
pbmc,CCTTTGGTCTCTAAGG-1,1
pbmc,CCTTTGGTCTGCTCTG-1,1
pbmc,CCTTTGGTCTTTCAGT-1,1
pbmc,CGAAGGAAGAGAGGGC-1,3
pbmc,CGAAGGAAGAGCCCAA-1,1
pbmc,CGAAGGAAGATTGTGA-1,1
pbmc,CGAAGGAAGGCATCGA-1,1
pbmc,CGAAGGAAGGGAGAAT-1,1
pbmc,CGAAGGAAGTAGGGTC-1,1
pbmc,CGAAGGACAAATGAAC-1,2
pbmc,CGAAGGACAACCGTAT-1,1
pbmc,CGAAGGACAGCTGTGC-1,1
pbmc,CGAAGGACAGGACTAG-1,1
pbmc,CGAAGGACATTGAAGA-1,2
pbmc,CGAAGGAGTAAGATCA-1,1
pbmc,CGAAGGAGTCCAGAAG-1,1
pbmc,CGAAGGAGTGAGGAAA-1,1
pbmc,CGAAGGAGTGGAACCA-1,1
pbmc,CGAAGGAGTGGCCTCA-1,1
pbmc,CGAAGGAGTGTATACC-1,1
pbmc,CGAAGGAGTGTGAATA-1,1
pbmc,CGAAGGATCAAAGGAT-1,1
pbmc,CGAAGGATCAGCCTCT-1,1
pbmc,CGAAGGATCGAACGCC-1,1
pbmc,CGAAGGATCGACGATT-1,1
pbmc,CGAAGGATCGACGCGT-1,247
pbmc,CGAAGGATCTACGGGC-1,1
pbmc,CGAAGGATCTAGGCAT-1,1
pbmc,CGAAGGATCTCTTCAA-1,1
pbmc,CGAAGGATCTTCTTCC-1,1
pbmc,CGAAGTTAGCCATTTG-1,1
pbmc,CGAAGTTAGCGTTGTT-1,1
pbmc,CGAAGTTAGCTCGACC-1,1
pbmc,CGAAGTTAGTATGTAG-1,1
pbmc,CGAAGTTCAATGGGTG-1,1
pbmc,CGAAGTTCACGCTGCA-1,1
pbmc,CGAAGTTCACGCTGTG-1,1
pbmc,CGAAGTTCACTCTCGT-1,1
pbmc,CGAAGTTCAGCCGTCA-1,1
pbmc,CGAAGTTCAGCTCCTT-1,1
pbmc,CGAAGTTCATCGTGGC-1,1
pbmc,CGAAGTTGTAGAATAC-1,1
pbmc,CGAAGTTGTCGCAACC-1,1
pbmc,CGAAGTTGTCTGTGCG-1,1
pbmc,CGAAGTTGTGACCGTC-1,1
pbmc,CGAAGTTGTTACCGTA-1,2
pbmc,CGAAGTTGTTCCAGGC-1,1
pbmc,CGAAGTTTCAACGAGG-1,1
pbmc,CGAAGTTTCAATCAGC-1,2
pbmc,CGAAGTTTCCCATAAG-1,1
pbmc,CGAAGTTTCCGTGACG-1,1
pbmc,CGAAGTTTCGCCTTGT-1,1
pbmc,CGAAGTTTCTAGTTCT-1,1
pbmc,CGAAGTTTCTCCCAAC-1,1
pbmc,CGAAGTTTCTTTCAGT-1,1
pbmc,CGAATTGAGACATAGT-1,1
pbmc,CGAATTGAGACATCCT-1,1
pbmc,CGAATTGAGCCGAATG-1,2
pbmc,CGAATTGAGCCTCAGC-1,1
pbmc,CGAATTGAGCGTTCCG-1,1
pbmc,CGAATTGAGGAATTAC-1,1
pbmc,CGAATTGAGGCACGAT-1,3
pbmc,CGAATTGAGTAGCAAT-1,1
pbmc,CGAATTGAGTAGCATA-1,1
pbmc,CGAATTGAGTTTGCTG-1,1
pbmc,CGAATTGCACACGCCA-1,1
pbmc,CGAATTGCACCTCTGT-1,1
pbmc,CGAATTGCAGCGTACC-1,1
pbmc,CGAATTGCAGCTTTGA-1,1
pbmc,CGAATTGCAGGCGTTC-1,1
pbmc,CGAATTGCAGGGCTTC-1,1
pbmc,CGAATTGCATGCACTA-1,3
pbmc,CGAATTGGTAGACAGC-1,1
pbmc,CGAATTGGTCGAGATG-1,1
pbmc,CGAATTGGTCTGTTAG-1,252
pbmc,CGAATTGGTGGAACAC-1,1
pbmc,CGAATTGGTTCCGCAG-1,1
pbmc,CGAATTGTCAGACCTA-1,1
pbmc,CGAATTGTCATTCTTG-1,1
pbmc,CGAATTGTCATTGCCC-1,1
pbmc,CGACAGCAGCTAGTTC-1,1
pbmc,CGACAGCAGTCGGCCT-1,1
pbmc,CGACAGCAGTGAGTGC-1,1
pbmc,CGACAGCCAAATCAAG-1,1
pbmc,CGACAGCCAACAGTGG-1,1
pbmc,CGACAGCCACAGGATG-1,2
pbmc,CGACAGCCACTTACAG-1,1
pbmc,CGACAGCCAGAACATA-1,1
pbmc,CGACAGCCAGTGTACT-1,1
pbmc,CGACAGCCATGATGCT-1,1
pbmc,CGACAGCCATGTCTAG-1,1
pbmc,CGACAGCCATTCGGGC-1,1
pbmc,CGACAGCGTGTAAACA-1,1
pbmc,CGACAGCGTTACTCAG-1,1
pbmc,CGACAGCTCACTGATG-1,1
pbmc,CGACAGCTCCACCTCA-1,1
pbmc,CGACAGCTCCATACAG-1,1
pbmc,CGACAGCTCCGTGGTG-1,1
pbmc,CGACAGCTCCTATTTG-1,2
pbmc,CGACAGCTCCTTCTTC-1,1
pbmc,CGACAGCTCTGAGGCC-1,1
pbmc,CGAGAAGAGATGTTCC-1,1
pbmc,CGAGAAGAGCTTGTGT-1,1
pbmc,CGAGAAGAGGATAATC-1,1
pbmc,CGAGAAGCAAAGTTGA-1,1
pbmc,CGAGAAGCAATGAAAC-1,1
pbmc,CGAGAAGCAGACGCCT-1,1
pbmc,CGAGAAGCATCACGAT-1,1
pbmc,CGAGAAGCATCTTCGC-1,1
pbmc,CGAGAAGCATGTAACC-1,1
pbmc,CGAGAAGGTAACGCGA-1,1
pbmc,CGAGAAGGTAACTGCT-1,1
pbmc,CGAGAAGGTAATGATG-1,1
pbmc,CGAGAAGGTCATAAAG-1,1
pbmc,CGAGAAGGTCATTCCC-1,1
pbmc,CGAGAAGGTCCATACA-1,1
pbmc,CGAGAAGGTGAGCTCC-1,1
pbmc,CGAGAAGGTGTAGGAC-1,3
pbmc,CGAGAAGGTTGGTGGA-1,1
pbmc,CGAGAAGTCAAGCTGC-1,1
pbmc,CGAGAAGTCAAGTTGC-1,1126
pbmc,CGAGAAGTCACAAGCC-1,1
pbmc,CGAGAAGTCATGTCTT-1,2
pbmc,CGAGAAGTCCAATGCA-1,642
pbmc,CGAGAAGTCCTGGGTG-1,1
pbmc,CGAGAAGTCGATTGAC-1,1
pbmc,CGAGAAGTCGCGAAGA-1,1
pbmc,CGAGAAGTCGGTTAGT-1,1
pbmc,CGAGAAGTCGTAGCTA-1,1
pbmc,CGAGAAGTCGTCCTCA-1,1
pbmc,CGAGGAAAGAGTGTGC-1,1
pbmc,CGAGGAAAGATCGGTG-1,1
pbmc,CGAGGAAAGGCATCTT-1,1
pbmc,CGAGGAAAGGTCACAG-1,2
pbmc,CGAGGAAAGGTCATAA-1,1
pbmc,CGAGGAAAGTCACGAA-1,1
pbmc,CGAGGAAAGTCGCGAA-1,201
pbmc,CGAGGAAAGTGATCGG-1,1
pbmc,CGAGGAACAACAAGAT-1,1
pbmc,CGAGGAACACAACATC-1,1
pbmc,CGAGGAACACCCTTGT-1,1
pbmc,CGAGGAACACTGATTG-1,277
pbmc,CGAGGAACAGGTTACT-1,1
pbmc,CGAGGAACAGTTCACA-1,1
pbmc,CGAGGAAGTAGATCCT-1,2
pbmc,CGAGGAAGTAGTCGGA-1,1
pbmc,CGAGGAAGTATCTCTT-1,1
pbmc,CGAGGAAGTCCTGGGT-1,52
pbmc,CGAGGAAGTCGCACGT-1,1
pbmc,CGAGGAAGTCGGAAAC-1,1
pbmc,CGAGGAAGTGGTGATG-1,1
pbmc,CGAGGAAGTTAAGGAT-1,1
pbmc,CGAGGAAGTTGGCCGT-1,1
pbmc,CGAGGAATCCAAACCA-1,1
pbmc,CGAGGAATCGACATCA-1,1
pbmc,CGAGGAATCGATTGGT-1,1
pbmc,CGAGGAATCTACGCAA-1,1
pbmc,CGAGGAATCTCAGAAC-1,1
pbmc,CGAGGCTAGATGACAC-1,1
pbmc,CGAGGCTAGCAAGCCA-1,1
pbmc,CGAGGCTAGCGCCCAT-1,1
pbmc,CGAGGCTAGTAGGATT-1,2
pbmc,CGAGGCTAGTGACCTT-1,2
pbmc,CGAGGCTAGTGTTCAC-1,1
pbmc,CGAGGCTCAAACAGGC-1,1
pbmc,CGAGGCTCACATACTG-1,1
pbmc,CGAGGCTCAGATAAAC-1,1
pbmc,CGAGGCTCAGATCACT-1,192
pbmc,CGAGGCTCAGCATGCC-1,200
pbmc,CGAGGCTCATAATGCC-1,1
pbmc,CGAGGCTCATTCGGGC-1,1
pbmc,CGAGGCTGTACGATCT-1,1
pbmc,CGAGGCTGTCCCGTGA-1,1
pbmc,CGAGGCTGTTGTTGAC-1,1
pbmc,CGAGGCTTCAAGGCTT-1,1
pbmc,CGAGGCTTCACACCCT-1,1
pbmc,CGAGGCTTCAGTGATC-1,1
pbmc,CGAGGCTTCGTAACAC-1,1
pbmc,CGAGGCTTCTGGTTGA-1,1
pbmc,CGAGTGCAGAGCAGAA-1,1
pbmc,CGAGTGCAGCCTGTCG-1,1
pbmc,CGAGTGCAGCTAAGTA-1,1
pbmc,CGAGTGCAGGATTTAG-1,1
pbmc,CGAGTGCAGGTCTACT-1,1
pbmc,CGAGTGCCAAGAATAC-1,1
pbmc,CGAGTGCCAAGTGTCT-1,1
pbmc,CGAGTGCCACGCTTAA-1,1
pbmc,CGAGTGCCACTAGTAC-1,1
pbmc,CGAGTGCCAGCCCAGT-1,1
pbmc,CGAGTGCGTACGGGAT-1,1
pbmc,CGAGTGCGTACTAGAA-1,1
pbmc,CGAGTGCGTAGGAAAG-1,2
pbmc,CGAGTGCGTCATACCA-1,1
pbmc,CGAGTGCGTCCCACGA-1,1
pbmc,CGAGTGCGTCCGTACG-1,1
pbmc,CGAGTGCGTCGCCACA-1,1
pbmc,CGAGTGCGTGGACTAG-1,1
pbmc,CGAGTGCGTGTGCCTG-1,1
pbmc,CGAGTGCGTTCCGCGA-1,256
pbmc,CGAGTGCGTTGGGTAG-1,1
pbmc,CGAGTGCTCAATCAGC-1,1
pbmc,CGAGTGCTCACATCAG-1,1
pbmc,CGAGTGCTCATCCCGT-1,1
pbmc,CGAGTGCTCGTCCTTG-1,1
pbmc,CGAGTGCTCTAACGCA-1,1
pbmc,CGAGTGCTCTTGATTC-1,1
pbmc,CGAGTTAAGACCAAAT-1,1
pbmc,CGAGTTAAGACGGAAA-1,1
pbmc,CGAGTTAAGACTCAAA-1,1
pbmc,CGAGTTAAGATAGTGT-1,1
pbmc,CGAGTTAAGCAAGGAA-1,1
pbmc,CGAGTTAAGCAGAAAG-1,1
pbmc,CGAGTTAAGGGAGTTC-1,1
pbmc,CGAGTTACAACTGTGT-1,1
pbmc,CGAGTTACAAGGATGC-1,1
pbmc,CGAGTTACAATACCCA-1,1
pbmc,CGAGTTACAATAGGAT-1,1
pbmc,CGAGTTACAATGTGGG-1,1
pbmc,CGAGTTACACCAAATC-1,1
pbmc,CGAGTTACAGCATCTA-1,1
pbmc,CGAGTTACAGCGTAGA-1,1
pbmc,CGAGTTACAGCTACAT-1,1
pbmc,CGAGTTACAGCTCCTT-1,2
pbmc,CGAGTTACATACAGGG-1,1
pbmc,CGAGTTACATCATCTT-1,1
pbmc,CGAGTTACATGACAAA-1,2
pbmc,CGAGTTAGTACCAATC-1,1
pbmc,CGAGTTAGTACCCGCA-1,1
pbmc,CGAGTTAGTATACCCA-1,1
pbmc,CGAGTTAGTCACTCTC-1,2
pbmc,CGAGTTAGTCGAGTTT-1,196
pbmc,CGAGTTAGTCGTCGGT-1,1
pbmc,CGAGTTAGTGATCGTT-1,1
pbmc,CGAGTTAGTGCGAGTA-1,1
pbmc,CGAGTTATCACGATAC-1,1
pbmc,CGAGTTATCCCAGGCA-1,1
pbmc,CGAGTTATCCGTGGCA-1,1
pbmc,CGATCGGAGACCAGCA-1,1
pbmc,CGATCGGAGCGGATCA-1,1
pbmc,CGATCGGAGGCCTGCT-1,1
pbmc,CGATCGGAGGCGCTTC-1,1
pbmc,CGATCGGAGGCTAACG-1,1
pbmc,CGATCGGAGTACTGTC-1,1
pbmc,CGATCGGCAAATGGCG-1,1
pbmc,CGATCGGCAACCAATC-1,1
pbmc,CGATCGGCAATTGGTC-1,174
pbmc,CGATCGGCACCTGGTG-1,1
pbmc,CGATCGGCACTAGTAC-1,1
pbmc,CGATCGGCACTGCTTC-1,1
pbmc,CGATCGGCAGCGTGAA-1,148
pbmc,CGATCGGCAGTATGAA-1,3
pbmc,CGATCGGCAGTTAACC-1,3
pbmc,CGATCGGCATAGACTC-1,1
pbmc,CGATCGGCATCCGTTC-1,1
pbmc,CGATCGGGTAGTACCT-1,1
pbmc,CGATCGGGTCATACCA-1,1
pbmc,CGATCGGGTCCCTCAT-1,1
pbmc,CGATCGGGTGAAATCA-1,1
pbmc,CGATCGGTCAGATTGC-1,1
pbmc,CGATCGGTCAGTGTTG-1,1
pbmc,CGATCGGTCCATCTAT-1,1
pbmc,CGATCGGTCGCCTTTG-1,1
pbmc,CGATCGGTCTCTATAC-1,1
pbmc,CGATCGGTCTTACCGC-1,1
pbmc,CGATGCGAGAGCAGTC-1,1
pbmc,CGATGCGAGCAGAAAG-1,205
pbmc,CGATGCGAGCAGATAT-1,1
pbmc,CGATGCGAGTGCTCAT-1,1
pbmc,CGATGCGAGTTACTCG-1,1
pbmc,CGATGCGCAAATTGCC-1,1
pbmc,CGATGCGCAACAAGTA-1,1
pbmc,CGATGCGCACCCAACG-1,2
pbmc,CGATGCGCAGCTTTCC-1,1
pbmc,CGATGCGCATGGATCT-1,1
pbmc,CGATGCGCATGGCACC-1,1
pbmc,CGATGCGGTATCTCTT-1,1
pbmc,CGATGCGGTGGGTTGA-1,1
pbmc,CGATGCGGTGTTATCG-1,1
pbmc,CGATGCGGTTCCCAAA-1,1
pbmc,CGATGCGGTTGCCAAT-1,2
pbmc,CGATGCGTCAAGAATG-1,1
pbmc,CGATGCGTCACACGAT-1,1
pbmc,CGATGCGTCCATTTAC-1,1
pbmc,CGATGCGTCCTACCGT-1,2
pbmc,CGATGCGTCCTCTCTT-1,1
pbmc,CGATGCGTCGAACCAT-1,133
pbmc,CGATGCGTCGACACTA-1,1
pbmc,CGATGCGTCGGACTTA-1,1
pbmc,CGATGCGTCTCGCAGG-1,1
pbmc,CGATGCGTCTGCACCT-1,1
pbmc,CGATGGCAGAAACTGT-1,1
pbmc,CGATGGCAGACATCCT-1,1
pbmc,CGATGGCAGACCAGAC-1,1
pbmc,CGATGGCAGAGATTCA-1,1
pbmc,CGATGGCAGAGCCGAT-1,1
pbmc,CGATGGCAGAGGTATT-1,1
pbmc,CGATGGCAGATACCAA-1,1
pbmc,CGATGGCAGCACTCTA-1,1
pbmc,CGATGGCAGGAAAGGT-1,1
pbmc,CGATGGCAGGGTCACA-1,1
pbmc,CGATGGCAGTACTGTC-1,1
pbmc,CGATGGCAGTGGTTAA-1,1
pbmc,CGATGGCCAACCTATG-1,1
pbmc,CGATGGCCACTACACA-1,1
pbmc,CGATGGCCACTATCCC-1,1
pbmc,CGATGGCCACTCGATA-1,319
pbmc,CGATGGCCAGCTGAAG-1,1
pbmc,CGATGGCCAGTCTCTC-1,1
pbmc,CGATGGCCATGACTGT-1,1
pbmc,CGATGGCGTACCTAGT-1,1
pbmc,CGATGGCGTAGCGTCC-1,227
pbmc,CGATGGCGTAGCTCGC-1,1
pbmc,CGATGGCGTATCGTAC-1,1
pbmc,CGATGGCGTCCACACG-1,1
pbmc,CGATGGCGTCGTTCAA-1,1
pbmc,CGATGGCGTCTTGCGG-1,1
pbmc,CGATGGCGTGATACAA-1,1
pbmc,CGATGGCGTGTTTGCA-1,1
pbmc,CGATGGCTCACGATCA-1,1
pbmc,CGATGGCTCACTGAAC-1,1
pbmc,CGATGGCTCCGAACGC-1,1
pbmc,CGATGGCTCTGAATGC-1,1
pbmc,CGATGGCTCTTCACGC-1,1
pbmc,CGCAGGTAGCATCCTA-1,1
pbmc,CGCAGGTAGGTAAACT-1,1
pbmc,CGCAGGTAGTGATCGG-1,1
pbmc,CGCAGGTAGTGCTACT-1,1
pbmc,CGCAGGTCACAGAGCA-1,1
pbmc,CGCAGGTCACAGCCTG-1,3
pbmc,CGCAGGTCAGACCAAG-1,1
pbmc,CGCAGGTCAGACCGCT-1,1
pbmc,CGCAGGTCAGGAAGTC-1,1
pbmc,CGCAGGTCAGTCCACG-1,1
pbmc,CGCAGGTCATATGCGT-1,1
pbmc,CGCAGGTCATGAGAAT-1,1
pbmc,CGCAGGTGTCATGGCC-1,1
pbmc,CGCAGGTGTCCGGTCA-1,1
pbmc,CGCAGGTGTGAGTAAT-1,1
pbmc,CGCAGGTGTGCCCAGT-1,1
pbmc,CGCAGGTGTGCTTCAA-1,146
pbmc,CGCAGGTGTTCCGCTT-1,1
pbmc,CGCAGGTGTTTCTTAC-1,1
pbmc,CGCAGGTTCCGCTTAC-1,1
pbmc,CGCAGGTTCCGTGCGA-1,1
pbmc,CGCAGGTTCGACATCA-1,1
pbmc,CGCAGGTTCTTCGGTC-1,1
pbmc,CGCATAAAGAAGGGAT-1,4
pbmc,CGCATAAAGATTGACA-1,1
pbmc,CGCATAAAGCGCTGAA-1,1
pbmc,CGCATAAAGCTCCATA-1,1
pbmc,CGCATAAAGGGCTGAT-1,1
pbmc,CGCATAAAGGTCTACT-1,1
pbmc,CGCATAAAGTGATGGC-1,447
pbmc,CGCATAAAGTGATGGT-1,1
pbmc,CGCATAAAGTGATTCC-1,1
pbmc,CGCATAAAGTGGTGGC-1,1
pbmc,CGCATAACAACCTAAC-1,1
pbmc,CGCATAACAATTTCCT-1,1
pbmc,CGCATAACACTTGAGT-1,1
pbmc,CGCATAACATAGATCC-1,1
pbmc,CGCATAAGTACCGCGT-1,1
pbmc,CGCATAAGTACTCCCT-1,1
pbmc,CGCATAAGTATCGAAA-1,1
pbmc,CGCATAAGTATCGCGC-1,1
pbmc,CGCATAAGTCGACTGC-1,2
pbmc,CGCATAAGTGAACTAA-1,1
pbmc,CGCATAAGTGCTAGCC-1,1
pbmc,CGCATAATCCACTTCG-1,2
pbmc,CGCATAATCCGGTTCT-1,1
pbmc,CGCATAATCGACGAGA-1,1
pbmc,CGCATAATCGCAATTG-1,1
pbmc,CGCATAATCGCTAGCG-1,1
pbmc,CGCATAATCTCGACCT-1,1
pbmc,CGCATAATCTGTCGTC-1,1
pbmc,CGCATGGAGCACACCC-1,4
pbmc,CGCATGGAGCTCATAC-1,1
pbmc,CGCATGGAGGACTAAT-1,1
pbmc,CGCATGGAGGATTCAA-1,2
pbmc,CGCATGGAGGCCACTC-1,40
pbmc,CGCATGGAGGCTCTAT-1,1
pbmc,CGCATGGAGGTTACAA-1,1
pbmc,CGCATGGAGGTTCAGG-1,1
pbmc,CGCATGGCAAACACGG-1,1
pbmc,CGCATGGCAATAACGA-1,1
pbmc,CGCATGGCACAGTCAT-1,1
pbmc,CGCATGGGTATGCGGA-1,2
pbmc,CGCATGGGTCGTGGTC-1,1
pbmc,CGCATGGGTCTGCATA-1,1
pbmc,CGCATGGGTGACTATC-1,1
pbmc,CGCATGGGTTCGGCGT-1,1
pbmc,CGCATGGTCCGGACTG-1,2
pbmc,CGCATGGTCCTTGAAG-1,1
pbmc,CGCATGGTCGAGCCTG-1,1
pbmc,CGCATGGTCGATCCAA-1,1
pbmc,CGCATGGTCTCAACCC-1,1
pbmc,CGCATGGTCTCGTTTA-1,1
pbmc,CGCCAGAAGCACTCGC-1,2
pbmc,CGCCAGAAGGCGAACT-1,1
pbmc,CGCCAGAAGTACCCTA-1,2
pbmc,CGCCAGAAGTAGCCAG-1,1
pbmc,CGCCAGAAGTCATCCA-1,1
pbmc,CGCCAGACAACCCTCT-1,1
pbmc,CGCCAGACAAGCCCAC-1,1
pbmc,CGCCAGACACTTTATC-1,1
pbmc,CGCCAGACAGACCCGT-1,1
pbmc,CGCCAGACAGGAACCA-1,1
pbmc,CGCCAGACATACATCG-1,3
pbmc,CGCCAGACATACTGAC-1,4
pbmc,CGCCAGACATCTGGGC-1,1
pbmc,CGCCAGACATGAGTAA-1,1
pbmc,CGCCAGAGTCACTCTC-1,1
pbmc,CGCCAGAGTCCAAATC-1,1
pbmc,CGCCAGAGTGAAGCTG-1,1
pbmc,CGCCAGAGTGGTAATA-1,1
pbmc,CGCCAGATCACCTTGC-1,1
pbmc,CGCCAGATCATGCCCT-1,1
pbmc,CGCCAGATCCTTCTAA-1,1
pbmc,CGCCAGATCTAGATCG-1,1
pbmc,CGCCAGATCTAGTACG-1,1
pbmc,CGCCAGATCTATCGGA-1,1
pbmc,CGCCAGATCTGAGATC-1,1
pbmc,CGCCAGATCTGCGTCT-1,1
pbmc,CGCCATTAGCAACTTC-1,1
pbmc,CGCCATTAGCACTCCG-1,1
pbmc,CGCCATTAGCTTTCTT-1,1
pbmc,CGCCATTAGGCAGCTA-1,1
pbmc,CGCCATTAGGTGAGAA-1,1
pbmc,CGCCATTAGTCCCAAT-1,1
pbmc,CGCCATTCAAGCGGAT-1,1
pbmc,CGCCATTCAATGCTCA-1,1
pbmc,CGCCATTCACAGCCAC-1,1
pbmc,CGCCATTCACGCTGCA-1,1
pbmc,CGCCATTCACTGGATT-1,2
pbmc,CGCCATTCACTTGGGC-1,1
pbmc,CGCCATTCATATACCG-1,1
pbmc,CGCCATTGTACGGATG-1,1
pbmc,CGCCATTGTAGGACCA-1,1
pbmc,CGCCATTGTCACAGTT-1,1
pbmc,CGCCATTGTGCCTGAC-1,1
pbmc,CGCCATTGTGTTACTG-1,1
pbmc,CGCCATTGTTCCCAAA-1,1
pbmc,CGCCATTGTTGCCTAA-1,1
pbmc,CGCCATTGTTTCACTT-1,1
pbmc,CGCCATTTCGAAGCCC-1,1
pbmc,CGCCATTTCTACACAG-1,1
pbmc,CGCCATTTCTAGCCAA-1,1
pbmc,CGCCATTTCTAGTACG-1,1
pbmc,CGCGTGAAGACCATGG-1,1
pbmc,CGCGTGAAGCCATGCC-1,1
pbmc,CGCGTGAAGCCGAATG-1,1
pbmc,CGCGTGAAGTCACGAG-1,1
pbmc,CGCGTGAAGTCATTGC-1,1
pbmc,CGCGTGAAGTGGTTAA-1,1
pbmc,CGCGTGAAGTTAGTAG-1,1
pbmc,CGCGTGACACTGAGGA-1,1
pbmc,CGCGTGACACTTGTGA-1,1
pbmc,CGCGTGACAGCTACAT-1,2
pbmc,CGCGTGACATACCACA-1,1
pbmc,CGCGTGACATGCCGGT-1,1
pbmc,CGCGTGACATTCTCTA-1,1
pbmc,CGCGTGACATTGACCA-1,1
pbmc,CGCGTGAGTACAATAG-1,136
pbmc,CGCGTGAGTCTGTAGT-1,2
pbmc,CGCGTGAGTTCGCGTG-1,1
pbmc,CGCGTGATCATTCATC-1,1
pbmc,CGCGTGATCGAACGCC-1,1
pbmc,CGCGTGATCTGTGTGA-1,1
pbmc,CGGAACCAGAGTGAAG-1,1
pbmc,CGGAACCAGCCACTCG-1,1
pbmc,CGGAACCAGCGGGTAT-1,1
pbmc,CGGAACCAGGCCACTC-1,1
pbmc,CGGAACCAGGCCGCTT-1,1
pbmc,CGGAACCAGTACCATC-1,1
pbmc,CGGAACCCAAACAGGC-1,4
pbmc,CGGAACCCAAACTAGA-1,1
pbmc,CGGAACCCAATACCTG-1,1
pbmc,CGGAACCCAATAGAGT-1,1
pbmc,CGGAACCCACTTGTCC-1,1
pbmc,CGGAACCCAGTCAGTT-1,2
pbmc,CGGAACCGTACCTGTA-1,1
pbmc,CGGAACCGTATCACGT-1,197
pbmc,CGGAACCGTATGTCCA-1,1
pbmc,CGGAACCGTTGCGGCT-1,1
pbmc,CGGAACCGTTGGCCGT-1,1
pbmc,CGGAACCGTTTGAAGA-1,1
pbmc,CGGAACCGTTTGCAGT-1,250
pbmc,CGGAACCTCGACGAGA-1,1
pbmc,CGGAACCTCGGTGCAC-1,1
pbmc,CGGAACCTCTGGTCAA-1,1
pbmc,CGGAACCTCTGTGCAA-1,1
pbmc,CGGAATTAGAAATTCG-1,1
pbmc,CGGAATTAGACCATTC-1,1
pbmc,CGGAATTAGATGGCAC-1,2
pbmc,CGGAATTAGGCCTTCG-1,1
pbmc,CGGAATTAGGTCGTAG-1,4
pbmc,CGGAATTAGTTAACAG-1,1
pbmc,CGGAATTCAAAGGCAC-1,1
pbmc,CGGAATTCACATTCTT-1,1
pbmc,CGGAATTCACGTAACT-1,1
pbmc,CGGAATTCAGAGTGAC-1,1
pbmc,CGGAATTCAGGATCTT-1,1
pbmc,CGGAATTCATGTGTCA-1,1
pbmc,CGGAATTGTACGAGCA-1,1
pbmc,CGGAATTGTCTCACGG-1,1
pbmc,CGGAATTGTCTTAGTG-1,1
pbmc,CGGAATTGTGCACGCT-1,1
pbmc,CGGAATTGTGCATCTA-1,1
pbmc,CGGAATTGTGCGCTCA-1,1
pbmc,CGGAATTGTTAAACCC-1,1
pbmc,CGGAATTTCGTGGGAA-1,1
pbmc,CGGAATTTCTACTGCC-1,1
pbmc,CGGAATTTCTCTTAAC-1,1
pbmc,CGGACACAGAAGTGTT-1,1
pbmc,CGGACACAGAGCCGAT-1,1
pbmc,CGGACACAGAGGCCAT-1,1
pbmc,CGGACACAGATTACCC-1,1
pbmc,CGGACACAGCTGCGAA-1,1
pbmc,CGGACACAGGACAGCT-1,276
pbmc,CGGACACAGGATCATA-1,1
pbmc,CGGACACAGGATGGAG-1,1
pbmc,CGGACACAGGTCATAA-1,1
pbmc,CGGACACAGTAGCCAG-1,1
pbmc,CGGACACAGTATGAGT-1,1
pbmc,CGGACACAGTCAGCCC-1,1
pbmc,CGGACACCACGGTGAA-1,1
pbmc,CGGACACCAGCTGTAT-1,1
pbmc,CGGACACGTAACAGGC-1,1
pbmc,CGGACACGTAACAGTA-1,1
pbmc,CGGACACGTAGAGACC-1,1
pbmc,CGGACACGTCCAGGTC-1,2
pbmc,CGGACACGTGCCCGTA-1,1
pbmc,CGGACACGTGGTCTGC-1,1
pbmc,CGGACACGTGTCATCA-1,1
pbmc,CGGACACGTGTTCGAT-1,1
pbmc,CGGACACGTTAGGGTG-1,1
pbmc,CGGACACGTTTCACTT-1,1
pbmc,CGGACACTCAACCCGG-1,1
pbmc,CGGACACTCACCCTCA-1,1
pbmc,CGGACACTCATTGCGA-1,1
pbmc,CGGACACTCCACGAAT-1,1
pbmc,CGGACACTCCCATGGG-1,2
pbmc,CGGACACTCGGACAAG-1,1
pbmc,CGGACACTCTACGGGC-1,1
pbmc,CGGAGAAAGACTAGAT-1,1
pbmc,CGGAGAAAGAGGTCAC-1,1
pbmc,CGGAGAAAGCTGTTCA-1,1
pbmc,CGGAGAAAGGGACACT-1,1
pbmc,CGGAGAAAGTCTTCGA-1,2
pbmc,CGGAGAAAGTGTCATC-1,1
pbmc,CGGAGAACAATTTCGG-1,1
pbmc,CGGAGAACACTGATTG-1,1
pbmc,CGGAGAACAGAGAGGG-1,1
pbmc,CGGAGAACAGAGGCAT-1,2
pbmc,CGGAGAACAGCAATTC-1,1
pbmc,CGGAGAACAGGACATG-1,1
pbmc,CGGAGAACATGGGTCC-1,2
pbmc,CGGAGAAGTAAGGCTG-1,1
pbmc,CGGAGAAGTACACGTT-1,1
pbmc,CGGAGAAGTATAGGGC-1,1
pbmc,CGGAGAAGTCAACACT-1,1
pbmc,CGGAGAAGTCATGACT-1,1
pbmc,CGGAGAAGTGGCCTCA-1,2
pbmc,CGGAGAAGTGTAAATG-1,1
pbmc,CGGAGAAGTTCGAGCC-1,1
pbmc,CGGAGAAGTTGTGCCG-1,1
pbmc,CGGAGAAGTTTGGGTT-1,1
pbmc,CGGAGAATCAGTGATC-1,1
pbmc,CGGAGAATCATCAGTG-1,1
pbmc,CGGAGAATCCACAGGC-1,1
pbmc,CGGAGAATCCATCTCG-1,1
pbmc,CGGAGAATCGATACTG-1,1
pbmc,CGGAGAATCTTCCCAG-1,1
pbmc,CGGAGAATCTTGATTC-1,1
pbmc,CGGCAGTAGACCTCAT-1,1
pbmc,CGGCAGTAGATGACCG-1,1
pbmc,CGGCAGTAGCCGAATG-1,1
pbmc,CGGCAGTAGCCTAGGA-1,1
pbmc,CGGCAGTAGGAACTCG-1,1
pbmc,CGGCAGTAGTGCTACT-1,1
pbmc,CGGCAGTCAATTGAGA-1,1
pbmc,CGGCAGTCAATTTCCT-1,1
pbmc,CGGCAGTCACATCCCT-1,2
pbmc,CGGCAGTCACTGCATA-1,1
pbmc,CGGCAGTCATGGAAGC-1,1
pbmc,CGGCAGTGTACCGCGT-1,1
pbmc,CGGCAGTGTATCGCGC-1,1
pbmc,CGGCAGTGTCGCTTAA-1,1
pbmc,CGGCAGTGTGCAATAA-1,1
pbmc,CGGCAGTGTGTGCTTA-1,1
pbmc,CGGCAGTGTTATAGAG-1,1
pbmc,CGGCAGTGTTATGACC-1,2
pbmc,CGGCAGTGTTGGAGAC-1,2
pbmc,CGGCAGTGTTGTCTAG-1,2
pbmc,CGGCAGTTCAGTGTTG-1,1
pbmc,CGGCAGTTCGGTTCAA-1,1
pbmc,CGGCAGTTCTACGGGC-1,1
pbmc,CGGCAGTTCTACTGAG-1,1
pbmc,CGGCAGTTCTGTCGTC-1,1
pbmc,CGGCAGTTCTTGTGCC-1,1
pbmc,CGGGACTAGATAGGGA-1,1
pbmc,CGGGACTAGCACACCC-1,1
pbmc,CGGGACTAGCGTGAGT-1,2
pbmc,CGGGACTAGCTCCATA-1,2
pbmc,CGGGACTAGTAGACAT-1,1
pbmc,CGGGACTAGTGAACAT-1,1
pbmc,CGGGACTAGTTCGGTT-1,1
pbmc,CGGGACTAGTTTGCTG-1,1
pbmc,CGGGACTCAACTCCCT-1,1
pbmc,CGGGACTCACCGAATT-1,1
pbmc,CGGGACTCAGCGTGCT-1,1
pbmc,CGGGACTCAGGAACCA-1,1
pbmc,CGGGACTCAGGCTCTG-1,1
pbmc,CGGGACTCATAGACTC-1,1
pbmc,CGGGACTCATCCCACT-1,1
pbmc,CGGGACTGTAATTGGA-1,1
pbmc,CGGGACTGTAGGTTTC-1,1
pbmc,CGGGACTGTCGTATTG-1,1
pbmc,CGGGACTGTGACATCT-1,1
pbmc,CGGGACTGTGTATTCG-1,3
pbmc,CGGGACTGTTTCACTT-1,180
pbmc,CGGGACTTCATTTACC-1,1
pbmc,CGGGACTTCCTGATAG-1,1
pbmc,CGGGACTTCCTGTTGC-1,1
pbmc,CGGGACTTCTTCCTAA-1,1
pbmc,CGGGCATAGAAGCGCT-1,1
pbmc,CGGGCATAGCCTGACC-1,1
pbmc,CGGGCATAGGGTTTCT-1,1
pbmc,CGGGCATAGTCGTCTA-1,1
pbmc,CGGGCATAGTTGCATC-1,1
pbmc,CGGGCATCAACCAATC-1,2
pbmc,CGGGCATCATCTTTCA-1,1
pbmc,CGGGCATGTCACAGAG-1,1
pbmc,CGGGCATGTCGTACAT-1,2
pbmc,CGGGCATGTGGAATGC-1,1
pbmc,CGGGCATTCACACCCT-1,1
pbmc,CGGGCATTCGGATAAA-1,1
pbmc,CGGGCATTCGGTTAGT-1,1
pbmc,CGGGCATTCTAGGCAT-1,1
pbmc,CGGGTCAAGAAGCGGG-1,2
pbmc,CGGGTCAAGATCCTAC-1,1
pbmc,CGGGTCAAGCGTTAGG-1,1
pbmc,CGGGTCAAGGAGTACC-1,1
pbmc,CGGGTCAAGGGTGAAA-1,2
pbmc,CGGGTCAAGTAGTCTC-1,1
pbmc,CGGGTCACACCCTAAA-1,1
pbmc,CGGGTCACAGAGTTGG-1,1
pbmc,CGGGTCACAGATCCAT-1,1
pbmc,CGGGTCACAGGGAATC-1,1
pbmc,CGGGTCACATAGCTGT-1,1
pbmc,CGGGTCACATGTTTGG-1,1
pbmc,CGGGTCAGTACTAAGA-1,1
pbmc,CGGGTCAGTACTGCGC-1,1
pbmc,CGGGTCAGTAGACTGG-1,1
pbmc,CGGGTCAGTCACTACA-1,1
pbmc,CGGGTCAGTTATGTCG-1,2
pbmc,CGGGTCAGTTGTATGC-1,1
pbmc,CGGGTCATCAGGAAGC-1,1
pbmc,CGGGTCATCCCGAGAC-1,1
pbmc,CGGGTCATCGCCGTGA-1,1
pbmc,CGGGTCATCGGAGCAA-1,2
pbmc,CGGGTCATCTAGGCCG-1,1
pbmc,CGGGTCATCTGCCCTA-1,1
pbmc,CGGGTGTAGATCCGAG-1,1
pbmc,CGGGTGTAGGCCTGCT-1,1
pbmc,CGGGTGTAGTGTACAA-1,1
pbmc,CGGGTGTCAAACTAGA-1,1
pbmc,CGGGTGTCACAGCCAC-1,1
pbmc,CGGGTGTCACGAAGAC-1,1
pbmc,CGGGTGTCAGCATGAG-1,1
pbmc,CGGGTGTCAGGCTTGC-1,1
pbmc,CGGGTGTCATCCGGCA-1,1
pbmc,CGGGTGTGTACCGCGT-1,1
pbmc,CGGGTGTGTTCGAGCC-1,1
pbmc,CGGGTGTGTTGCTAGT-1,1
pbmc,CGGGTGTTCAGTCATG-1,1
pbmc,CGGGTGTTCATGCAGT-1,1
pbmc,CGGGTGTTCCGACAGC-1,1
pbmc,CGGGTGTTCCGTGACG-1,286
pbmc,CGGGTGTTCCTTGAAG-1,1
pbmc,CGGGTGTTCGAACGGA-1,2
pbmc,CGGGTGTTCGACACCG-1,1
pbmc,CGGGTGTTCGTGTGGC-1,1
pbmc,CGGGTGTTCTCGTCGT-1,1
pbmc,CGGTCAGAGACGCCCT-1,1
pbmc,CGGTCAGAGCACACAG-1,1
pbmc,CGGTCAGAGCCAGTAG-1,1
pbmc,CGGTCAGAGCCTCTTC-1,1
pbmc,CGGTCAGAGCTTTCTT-1,1
pbmc,CGGTCAGAGTCATTGC-1,1
pbmc,CGGTCAGCATAGTCGT-1,1
pbmc,CGGTCAGCATGAGGGT-1,1
pbmc,CGGTCAGGTAGTCGGA-1,1
pbmc,CGGTCAGGTCATCTAG-1,1
pbmc,CGGTCAGGTCGGATTT-1,1
pbmc,CGGTCAGGTCTGCGCA-1,1
pbmc,CGGTCAGGTGAACTAA-1,1
pbmc,CGGTCAGGTGATTCTG-1,1
pbmc,CGGTCAGGTGGCTACC-1,1
pbmc,CGGTCAGTCACTTGGA-1,1
pbmc,CGGTCAGTCAGGGATG-1,1
pbmc,CGGTCAGTCCAACTAG-1,1
pbmc,CGGTCAGTCTACTCAT-1,1
pbmc,CGGTCAGTCTCTTCAA-1,1
pbmc,CGGTCAGTCTGTCTCG-1,1
pbmc,CGTAAGTAGAGTCGAC-1,1
pbmc,CGTAAGTAGATGGCAC-1,1
pbmc,CGTAAGTAGCACCTGC-1,1
pbmc,CGTAAGTAGCCGGAAT-1,1
pbmc,CGTAAGTAGCGACATG-1,1
pbmc,CGTAAGTAGCGAGGAG-1,1
pbmc,CGTAAGTAGTAAGCAT-1,1
pbmc,CGTAAGTAGTAGCCAG-1,1
pbmc,CGTAAGTAGTGTTGAA-1,1
pbmc,CGTAAGTAGTTGTACC-1,1
pbmc,CGTAAGTCAAATGAGT-1,1
pbmc,CGTAAGTCACAAATAG-1,1
pbmc,CGTAAGTCACTTCAGA-1,1
pbmc,CGTAAGTCAGATTTCG-1,1
pbmc,CGTAAGTGTAGACACG-1,1
pbmc,CGTAAGTGTGAATGAT-1,1
pbmc,CGTAAGTGTGACTGAG-1,1
pbmc,CGTAAGTGTGATAGTA-1,280
pbmc,CGTAAGTGTGATTCAC-1,1
pbmc,CGTAAGTGTGCCCTTT-1,1
pbmc,CGTAAGTGTGTTCCTC-1,1
pbmc,CGTAAGTGTTGTGTTG-1,1
pbmc,CGTAAGTGTTTAGAGA-1,1
pbmc,CGTAAGTGTTTCAGAC-1,1
pbmc,CGTAAGTTCAATCAGC-1,1
pbmc,CGTAAGTTCATGCGGC-1,1
pbmc,CGTAAGTTCCTCGCAT-1,1
pbmc,CGTAAGTTCTCAAAGC-1,1
pbmc,CGTAAGTTCTTCCCGA-1,1
pbmc,CGTAATGAGCGACTTT-1,1
pbmc,CGTAATGAGCTCTATG-1,1
pbmc,CGTAATGCAACGGCTC-1,1
pbmc,CGTAATGCAATGACCT-1,1
pbmc,CGTAATGCACCATTCC-1,1
pbmc,CGTAATGCATAGACTC-1,1
pbmc,CGTAATGGTACCCGCA-1,1
pbmc,CGTAATGGTCTGATCA-1,1
pbmc,CGTAATGGTGAGGAAA-1,1
pbmc,CGTAATGGTGCCTGAC-1,2
pbmc,CGTAATGGTGGACTAG-1,1
pbmc,CGTAATGGTTGCTCGG-1,2
pbmc,CGTAATGGTTTCGATG-1,1
pbmc,CGTAATGTCCAACTGA-1,1
pbmc,CGTAATGTCTCTGAGA-1,1
pbmc,CGTAGTAAGACAAGCC-1,1
pbmc,CGTAGTAAGTTGGAAT-1,1
pbmc,CGTAGTACAATCTCGA-1,3
pbmc,CGTAGTACACTGCGTG-1,2
pbmc,CGTAGTACAGCTACCG-1,1
pbmc,CGTAGTACAGCTTCGG-1,1
pbmc,CGTAGTACATGTCTAG-1,1
pbmc,CGTAGTACATTGTACG-1,1
pbmc,CGTAGTAGTCCTGTTC-1,1
pbmc,CGTAGTAGTTGCTCAA-1,1
pbmc,CGTAGTATCACCCTCA-1,1
pbmc,CGTAGTATCACCGACG-1,1
pbmc,CGTAGTATCACCTACC-1,1
pbmc,CGTAGTATCAGCCCAA-1,1
pbmc,CGTAGTATCAGCCCAG-1,169
pbmc,CGTAGTATCATCACAG-1,1
pbmc,CGTAGTATCCGCCTAT-1,1
pbmc,CGTAGTATCGCCATAA-1,1
pbmc,CGTAGTATCGTAACTG-1,2
pbmc,CGTAGTATCGTGGCGT-1,1
pbmc,CGTCAAAAGCAACTTC-1,1
pbmc,CGTCAAAAGCCTGTGC-1,1
pbmc,CGTCAAAAGCGTGAAC-1,1
pbmc,CGTCAAAAGGGCAGGA-1,1
pbmc,CGTCAAAAGGTTACAA-1,1
pbmc,CGTCAAAAGTAAACTG-1,1
pbmc,CGTCAAAAGTCGCCAC-1,2
pbmc,CGTCAAACAAATGATG-1,1
pbmc,CGTCAAACAGAATGTA-1,212
pbmc,CGTCAAACAGAGAAAG-1,1
pbmc,CGTCAAACAGGCGTTC-1,1
pbmc,CGTCAAACATCACCAA-1,1
pbmc,CGTCAAACATGACCCG-1,1
pbmc,CGTCAAAGTCAGTTTG-1,1
pbmc,CGTCAAAGTTCGGCCA-1,1
pbmc,CGTCAAAGTTCTCCCA-1,1
pbmc,CGTCCATAGACCCGCT-1,1
pbmc,CGTCCATAGACCGTTT-1,2
pbmc,CGTCCATAGACTCCGC-1,1
pbmc,CGTCCATAGGACAGCT-1,1
pbmc,CGTCCATAGGGAGGCA-1,3
pbmc,CGTCCATCAAGCGAGT-1,1
pbmc,CGTCCATCACGAAACG-1,3
pbmc,CGTCCATCACGATTCA-1,1
pbmc,CGTCCATCACGCGTCA-1,1
pbmc,CGTCCATCAGATCCAT-1,1
pbmc,CGTCCATGTACTGCGC-1,1
pbmc,CGTCCATGTAGAATGT-1,1
pbmc,CGTCCATGTCAAAGCG-1,1
pbmc,CGTCCATGTCAGAAGC-1,1
pbmc,CGTCCATGTCCGGTGT-1,1
pbmc,CGTCCATGTTGCATGT-1,1
pbmc,CGTCCATGTTGGACCC-1,2
pbmc,CGTCCATGTTGTTGAC-1,1
pbmc,CGTCCATGTTTGGAAA-1,260
pbmc,CGTCCATTCACCATAG-1,1
pbmc,CGTCCATTCACTCTTG-1,1
pbmc,CGTCCATTCAGTTCGG-1,1
pbmc,CGTCCATTCATCGCTC-1,1
pbmc,CGTCCATTCCTTAGTC-1,1
pbmc,CGTCCATTCGAAGTGG-1,1
pbmc,CGTCCATTCGTAGGGA-1,1
pbmc,CGTCCATTCGTTCTGC-1,1
pbmc,CGTCCATTCTCTCTTC-1,1
pbmc,CGTCCATTCTGGTCAA-1,1
pbmc,CGTGAATAGAGGGCGA-1,1
pbmc,CGTGAATAGCCTTGAT-1,1
pbmc,CGTGAATAGTATGCCC-1,1
pbmc,CGTGAATAGTCGGCAA-1,2
pbmc,CGTGAATAGTCGGCCT-1,239
pbmc,CGTGAATAGTCGGGAT-1,1
pbmc,CGTGAATAGTCGGTCT-1,1
pbmc,CGTGAATAGTTCGGTT-1,1
pbmc,CGTGAATCACAGTACT-1,1
pbmc,CGTGAATCAGCACACC-1,1
pbmc,CGTGAATCAGCGACCT-1,1
pbmc,CGTGAATGTTCAAACC-1,1
pbmc,CGTGAATTCACTACGA-1,1
pbmc,CGTGAATTCATCTACT-1,1
pbmc,CGTGAATTCCGGTAGC-1,2
pbmc,CGTGAATTCTGCGGGT-1,1
pbmc,CGTGAATTCTGTCGTC-1,1
pbmc,CGTGATAAGCTGTTCA-1,1
pbmc,CGTGATAAGGTTCTTG-1,1
pbmc,CGTGATAAGTGGTGAC-1,1
pbmc,CGTGATACACACCGCA-1,1
pbmc,CGTGATACACAGAGCA-1,1
pbmc,CGTGATACAGAACTTC-1,1
pbmc,CGTGATACATAATCGC-1,1
pbmc,CGTGATAGTACGAGCA-1,1
pbmc,CGTGATAGTATACCCA-1,1
pbmc,CGTGATAGTCGAAGCA-1,1
pbmc,CGTGATAGTCTGGTTA-1,2
pbmc,CGTGATAGTTTAAGGA-1,1
pbmc,CGTGATATCATGCAGT-1,2
pbmc,CGTGATATCCGGTAAT-1,1
pbmc,CGTGATATCGGTAAGG-1,1
pbmc,CGTGATATCTGGTGGC-1,53
pbmc,CGTGATATCTGTTGTC-1,1
pbmc,CGTGCTTAGAAATTGC-1,1
pbmc,CGTGCTTAGCTTTGTG-1,200
pbmc,CGTGCTTAGGGCCTCT-1,2
pbmc,CGTGCTTAGTATGCAA-1,1
pbmc,CGTGCTTAGTTGAAGT-1,1
pbmc,CGTGCTTCAAGCGCTC-1,376
pbmc,CGTGCTTCACCAAAGG-1,1
pbmc,CGTGCTTCAGGCATGA-1,1
pbmc,CGTGCTTCAGTCTTCC-1,1
pbmc,CGTGCTTCATCCTATT-1,1
pbmc,CGTGCTTGTATTAAGG-1,1
pbmc,CGTGCTTGTTTAGACC-1,237
pbmc,CGTGCTTTCATCGCTC-1,1
pbmc,CGTGCTTTCCGTAATG-1,1
pbmc,CGTGCTTTCCGTGGGT-1,1
pbmc,CGTGCTTTCCTCTAAT-1,1
pbmc,CGTGCTTTCTGATTCC-1,1
pbmc,CGTGCTTTCTTCCCAG-1,1
pbmc,CGTGTCTAGTACCGGA-1,1
pbmc,CGTGTCTCAACCGGAA-1,1
pbmc,CGTGTCTCAATTCACG-1,1
pbmc,CGTGTCTCACAGTACT-1,196
pbmc,CGTGTCTCACATAGCT-1,1
pbmc,CGTGTCTCACTCTGCT-1,1
pbmc,CGTGTCTCATCCCACT-1,1
pbmc,CGTGTCTCATGGGTTT-1,191
pbmc,CGTGTCTGTACGGCAA-1,1
pbmc,CGTGTCTGTATCACCA-1,1
pbmc,CGTGTCTGTATGGTAA-1,1
pbmc,CGTGTCTGTCAGTTTG-1,218
pbmc,CGTGTCTGTCCGAATT-1,1
pbmc,CGTGTCTGTCTCCACT-1,1
pbmc,CGTGTCTGTGACCAAG-1,1
pbmc,CGTGTCTGTGCTTATG-1,1
pbmc,CGTGTCTTCAGCTCTC-1,1
pbmc,CGTGTCTTCATTCACT-1,1
pbmc,CGTGTCTTCCACGATG-1,1
pbmc,CGTGTCTTCCGCTAGG-1,1
pbmc,CGTGTCTTCGACATCA-1,1
pbmc,CGTGTCTTCGATGCTA-1,1
pbmc,CGTTAGAAGACGAGCT-1,1
pbmc,CGTTAGAAGACTCAAA-1,1
pbmc,CGTTAGAAGCGATGAC-1,1
pbmc,CGTTAGAAGCGCTGCT-1,1
pbmc,CGTTAGAAGGACCCAA-1,1
pbmc,CGTTAGAAGGATATAC-1,2
pbmc,CGTTAGAAGGGATCAC-1,1
pbmc,CGTTAGAAGTAAACAC-1,1
pbmc,CGTTAGAAGTCATGAA-1,1
pbmc,CGTTAGACACCAGCTG-1,1
pbmc,CGTTAGACACTAACGT-1,1
pbmc,CGTTAGAGTATGAGCG-1,1
pbmc,CGTTAGAGTGCTAGCC-1,1
pbmc,CGTTAGAGTGTCCTAA-1,1
pbmc,CGTTAGAGTTGGTGGA-1,1
pbmc,CGTTAGAGTTGGTGTT-1,2
pbmc,CGTTAGAGTTGTGTTG-1,1
pbmc,CGTTAGAGTTGTTTGG-1,1
pbmc,CGTTAGATCAACCTTT-1,1
pbmc,CGTTAGATCAGCCTCT-1,464
pbmc,CGTTAGATCAGGGTCT-1,1
pbmc,CGTTAGATCATCCTAT-1,1
pbmc,CGTTAGATCATTATCC-1,518
pbmc,CGTTAGATCATTGTTC-1,1
pbmc,CGTTAGATCCAAGAGG-1,84
pbmc,CGTTAGATCCATAAGC-1,1
pbmc,CGTTAGATCCGATCTC-1,1
pbmc,CGTTAGATCTATCGTT-1,1
pbmc,CGTTAGATCTATTCGT-1,1
pbmc,CGTTAGATCTCCCATG-1,2
pbmc,CGTTCTGAGATACATG-1,2
pbmc,CGTTCTGAGGGTCACA-1,1
pbmc,CGTTCTGAGGGTCGAC-1,1
pbmc,CGTTCTGAGGTCGTAG-1,1
pbmc,CGTTCTGAGTAGATCG-1,1
pbmc,CGTTCTGAGTCCTGCG-1,1
pbmc,CGTTCTGAGTCTCTGA-1,1
pbmc,CGTTCTGCACGCTGTG-1,1
pbmc,CGTTCTGCACTCGATA-1,1
pbmc,CGTTCTGCACTGTCGG-1,1
pbmc,CGTTCTGCAGATGCGA-1,1
pbmc,CGTTCTGCAGGAATCG-1,1
pbmc,CGTTCTGCAGGACTAG-1,1
pbmc,CGTTCTGGTACCAGAG-1,1
pbmc,CGTTCTGGTAGGTAGC-1,1
pbmc,CGTTCTGGTCGTTCAA-1,1
pbmc,CGTTCTGTCAAAGGAT-1,1
pbmc,CGTTCTGTCACGGACC-1,1
pbmc,CGTTCTGTCAGCGCAC-1,183
pbmc,CGTTCTGTCAGCTGAT-1,1
pbmc,CGTTCTGTCCCGAACG-1,165
pbmc,CGTTCTGTCCCGAGTG-1,1
pbmc,CGTTCTGTCCTAAGTG-1,1
pbmc,CGTTCTGTCGGACAAG-1,2
pbmc,CGTTCTGTCTTTCAGT-1,1
pbmc,CGTTGGGAGGGATCGT-1,1
pbmc,CGTTGGGAGTAGGATT-1,2
pbmc,CGTTGGGAGTGCCCGT-1,1
pbmc,CGTTGGGCACCCGTAG-1,1
pbmc,CGTTGGGCACGACGCT-1,2
pbmc,CGTTGGGCATCTTTCA-1,1
pbmc,CGTTGGGGTAGCGTAG-1,1
pbmc,CGTTGGGGTAGGCAAC-1,1
pbmc,CGTTGGGGTAGGGTAC-1,1
pbmc,CGTTGGGGTCACAGTT-1,1
pbmc,CGTTGGGGTCGAGATG-1,1
pbmc,CGTTGGGGTGGAGAAA-1,1
pbmc,CGTTGGGGTTCAATCG-1,1
pbmc,CGTTGGGTCGGCTGAC-1,1
pbmc,CTAACCCAGACATAAC-1,1
pbmc,CTAACCCAGAGTGAAG-1,1
pbmc,CTAACCCAGCCGCTTG-1,171
pbmc,CTAACCCAGCCTCATA-1,1
pbmc,CTAACCCAGCTGACTT-1,1
pbmc,CTAACCCAGTGTTGTC-1,1
pbmc,CTAACCCCAAGGTCAG-1,1
pbmc,CTAACCCCAATACCCA-1,1
pbmc,CTAACCCCAATCAGCT-1,1
pbmc,CTAACCCCACAGTGAG-1,1
pbmc,CTAACCCCACCCTAAA-1,1
pbmc,CTAACCCCACTTCAAG-1,295
pbmc,CTAACCCCATAGATGA-1,1
pbmc,CTAACCCGTAAGATAC-1,1
pbmc,CTAACCCGTACGATGG-1,1
pbmc,CTAACCCGTCCGACGT-1,1
pbmc,CTAACCCGTGATAGAT-1,1
pbmc,CTAACCCGTGTCTTAG-1,1
pbmc,CTAACCCGTTTCCATT-1,1
pbmc,CTAACCCTCACCTCGT-1,1
pbmc,CTAACCCTCAGACCCG-1,1
pbmc,CTAACCCTCCTTGGAA-1,1
pbmc,CTAACCCTCGCCAGAC-1,1
pbmc,CTAACCCTCGTTGCCT-1,1
pbmc,CTAACTTAGACTACCT-1,2
pbmc,CTAACTTAGATGGTCG-1,1
pbmc,CTAACTTAGCCTCACG-1,123
pbmc,CTAACTTAGCTCTATG-1,1
pbmc,CTAACTTAGCTTACGT-1,1
pbmc,CTAACTTAGGCGATAC-1,1
pbmc,CTAACTTCAAATACGA-1,1
pbmc,CTAACTTCAACCGGAA-1,1
pbmc,CTAACTTCAAGCCCAC-1,1
pbmc,CTAACTTCACCAGCGT-1,1
pbmc,CTAACTTCACGAAACG-1,1
pbmc,CTAACTTCACGCTGTG-1,1
pbmc,CTAACTTCACTGCTTC-1,1
pbmc,CTAACTTCAGCCTTTC-1,1
pbmc,CTAACTTCAGCGTGCT-1,1
pbmc,CTAACTTCATTAAGCC-1,1
pbmc,CTAACTTGTACTCGAT-1,1
pbmc,CTAACTTGTGAATTGA-1,1
pbmc,CTAACTTGTTACAGAA-1,1
pbmc,CTAACTTTCAATCCGA-1,1
pbmc,CTAACTTTCACGCAGT-1,1
pbmc,CTAACTTTCATAGGCT-1,1
pbmc,CTAACTTTCATGAGAA-1,1
pbmc,CTAACTTTCATTGGTG-1,1
pbmc,CTAACTTTCCACACAA-1,1
pbmc,CTAACTTTCCACAGGC-1,1
pbmc,CTAACTTTCCGGGTAT-1,1
pbmc,CTAACTTTCGAACCTA-1,1
pbmc,CTAACTTTCGGCACTG-1,1
pbmc,CTAACTTTCTCGTTTA-1,1
pbmc,CTAACTTTCTCTCTTC-1,1
pbmc,CTAACTTTCTGAGTGC-1,1
pbmc,CTAACTTTCTGGGCCA-1,1
pbmc,CTAAGTGAGCTAGCCC-1,1
pbmc,CTAAGTGAGGCATGCA-1,1
pbmc,CTAAGTGAGGCTTAGG-1,1
pbmc,CTAAGTGCAAGTGGGT-1,1
pbmc,CTAAGTGCACAATGCT-1,277
pbmc,CTAAGTGCACTTGACA-1,1
pbmc,CTAAGTGCAGAAATTG-1,1
pbmc,CTAAGTGCAGAATGAT-1,1
pbmc,CTAAGTGCAGACCAAG-1,1
pbmc,CTAAGTGCAGCTAACT-1,2
pbmc,CTAAGTGCATCCCGTT-1,1
pbmc,CTAAGTGGTCCACTCT-1,247
pbmc,CTAAGTGGTCCCTAAA-1,1
pbmc,CTAAGTGGTCTAATCG-1,1
pbmc,CTAAGTGTCATGAGAA-1,1
pbmc,CTAAGTGTCTGCGATA-1,2
pbmc,CTACAGAAGACTTCCA-1,2
pbmc,CTACAGAAGGGATCGT-1,1
pbmc,CTACAGAAGTCAGGGT-1,2
pbmc,CTACAGAAGTCCCAGC-1,1
pbmc,CTACAGAAGTGCCTCG-1,1
pbmc,CTACAGAAGTTCCGTA-1,1
pbmc,CTACAGACAAAGGGTC-1,2
pbmc,CTACAGACAACAAAGT-1,768
pbmc,CTACAGACAACAATAG-1,1
pbmc,CTACAGACAAGAGAGA-1,1
pbmc,CTACAGACAATACCTG-1,1
pbmc,CTACAGACACAAAGTA-1,2
pbmc,CTACAGACAGAGTTGG-1,1
pbmc,CTACAGACAGGAATAT-1,124
pbmc,CTACAGACATCATTGG-1,1
pbmc,CTACAGACATCTTCGC-1,1
pbmc,CTACAGACATTGTGCA-1,1
pbmc,CTACAGAGTACTAGCT-1,2
pbmc,CTACAGAGTACTTGTG-1,1
pbmc,CTACAGAGTCATCCGG-1,1
pbmc,CTACAGAGTGAATGTA-1,1
pbmc,CTACAGAGTTCCTTGC-1,1
pbmc,CTACAGATCAGGAGAC-1,121
pbmc,CTACAGATCCATCCGT-1,1
pbmc,CTACAGATCCGAGAAG-1,1
pbmc,CTACAGATCCGCATAA-1,1
pbmc,CTACAGATCCTACGAA-1,1
pbmc,CTACAGATCCTATTGT-1,2
pbmc,CTACAGATCCTTATGT-1,1
pbmc,CTACAGATCTCGAACA-1,1
pbmc,CTACAGATCTGGCTGG-1,1
pbmc,CTACATTAGAAATGCC-1,1
pbmc,CTACATTAGACCAAAT-1,1
pbmc,CTACATTAGACCATGG-1,1
pbmc,CTACATTAGAGACAAG-1,1
pbmc,CTACATTAGGACGCAT-1,2
pbmc,CTACATTAGGCTATCT-1,2
pbmc,CTACATTCAACCAATC-1,1
pbmc,CTACATTCAATGCAAA-1,1
pbmc,CTACATTCAATGTCTG-1,1
pbmc,CTACATTCACATTCGA-1,1
pbmc,CTACATTCACCCTTGT-1,1
pbmc,CTACATTCACTCTGCT-1,2
pbmc,CTACATTCAGAGTTGG-1,1
pbmc,CTACATTCAGCAGTCC-1,1
pbmc,CTACATTCAGCTTTCC-1,1
pbmc,CTACATTCAGGTATGG-1,1
pbmc,CTACATTGTACTGGGA-1,1
pbmc,CTACATTGTCTCTCTG-1,1
pbmc,CTACATTGTGATAGAT-1,1
pbmc,CTACATTGTGTGGACA-1,1
pbmc,CTACATTGTTGGTGGA-1,1
pbmc,CTACATTTCATTATCC-1,2
pbmc,CTACATTTCGCTGATA-1,1
pbmc,CTACATTTCGCTGCGA-1,1
pbmc,CTACATTTCTCAGAAC-1,1
pbmc,CTACATTTCTGTTCAT-1,1
pbmc,CTACATTTCTTAGCTT-1,1
pbmc,CTACCCAAGAATTGTG-1,1
pbmc,CTACCCAAGACATAGT-1,1
pbmc,CTACCCAAGACGTCCC-1,1
pbmc,CTACCCAAGCACAAAT-1,1
pbmc,CTACCCAAGCCTGCCA-1,1
pbmc,CTACCCAAGCTAGCCC-1,1
pbmc,CTACCCAAGGATATAC-1,1
pbmc,CTACCCAAGGGTGAGG-1,1
pbmc,CTACCCAAGGTCCTGC-1,2
pbmc,CTACCCAAGTACAGAT-1,1
pbmc,CTACCCACAACTCCAA-1,1
pbmc,CTACCCACAATAGAGT-1,1
pbmc,CTACCCACACAACCGC-1,1
pbmc,CTACCCACATACATCG-1,1
pbmc,CTACCCACATCATCCC-1,1
pbmc,CTACCCACATCGGTTA-1,1
pbmc,CTACCCAGTAACGGTG-1,3
pbmc,CTACCCAGTATTCCTT-1,2
pbmc,CTACCCAGTCAGTTTG-1,1
pbmc,CTACCCAGTCCTTAAG-1,1
pbmc,CTACCCAGTCTCTCGT-1,1
pbmc,CTACCCAGTGCTTATG-1,1
pbmc,CTACCCAGTGCTTCAA-1,1
pbmc,CTACCCAGTTAATGAG-1,1
pbmc,CTACCCAGTTCAGGTT-1,2
pbmc,CTACCCAGTTCGTTCC-1,1
pbmc,CTACCCAGTTCTCCCA-1,2
pbmc,CTACCCATCCTAAGTG-1,1
pbmc,CTACCCATCCTTGACC-1,1
pbmc,CTACCCATCGAGAGCA-1,1
pbmc,CTACCCATCGATCCCT-1,1
pbmc,CTACCCATCGTGACTA-1,1
pbmc,CTACCCATCGTGCTCT-1,1
pbmc,CTACCTGAGAATTGTG-1,2
pbmc,CTACCTGAGCCTTCTC-1,1
pbmc,CTACCTGAGCCTTTGA-1,1
pbmc,CTACCTGAGTCATGAA-1,1
pbmc,CTACCTGAGTGTAGTA-1,1
pbmc,CTACCTGCAACGGGTA-1,4
pbmc,CTACCTGCAAGTATAG-1,1
pbmc,CTACCTGCAGAGATTA-1,1
pbmc,CTACCTGCAGCCCAGT-1,1
pbmc,CTACCTGCAGCGAGTA-1,1
pbmc,CTACCTGCATGGGCAA-1,2
pbmc,CTACCTGTCAACCGAT-1,1
pbmc,CTACCTGTCATCGTAG-1,1
pbmc,CTACCTGTCCCGAACA-1,2
pbmc,CTACCTGTCCGGTAAT-1,1
pbmc,CTACCTGTCCTACAAG-1,1
pbmc,CTACCTGTCCTTCGAC-1,1
pbmc,CTACCTGTCTCGAACA-1,266
pbmc,CTACGGGAGAAAGTCT-1,1
pbmc,CTACGGGAGAGAAGGT-1,2
pbmc,CTACGGGAGAGTTCGG-1,1
pbmc,CTACGGGAGTTAGTGA-1,2
pbmc,CTACGGGCACACGGTC-1,1
pbmc,CTACGGGCACCGTACG-1,1
pbmc,CTACGGGCATCCGATA-1,1
pbmc,CTACGGGCATCCGTTC-1,1
pbmc,CTACGGGGTATCACGT-1,1
pbmc,CTACGGGGTTTAGACC-1,1
pbmc,CTACGGGGTTTGGAGG-1,1
pbmc,CTACGGGTCACCATAG-1,13
pbmc,CTACGGGTCCTCAGAG-1,1
pbmc,CTACGGGTCGTTCAGA-1,176
pbmc,CTACTATAGACTCGAG-1,1
pbmc,CTACTATAGCCAGACA-1,1
pbmc,CTACTATAGCCGTTAT-1,1
pbmc,CTACTATAGCTAATGA-1,1
pbmc,CTACTATAGCTCACTA-1,1
pbmc,CTACTATAGCTGTTAC-1,1
pbmc,CTACTATAGGACAGCT-1,1
pbmc,CTACTATAGGTCGCCT-1,1
pbmc,CTACTATCAACTACGT-1,1
pbmc,CTACTATCACCAATTG-1,1
pbmc,CTACTATCAGACATCT-1,1
pbmc,CTACTATCAGTGTACT-1,2
pbmc,CTACTATCATCCGGCA-1,1
pbmc,CTACTATGTCCCTGAG-1,1
pbmc,CTACTATGTCTTACTT-1,1
pbmc,CTACTATGTGAATGAT-1,1
pbmc,CTACTATGTGACAGGT-1,1
pbmc,CTACTATGTTACGATC-1,1
pbmc,CTACTATTCACGTCCT-1,2
pbmc,CTACTATTCCGAGCTG-1,1
pbmc,CTACTATTCGTCGACG-1,1
pbmc,CTACTATTCGTCTACC-1,1
pbmc,CTACTATTCTGCTTAT-1,1
pbmc,CTAGACAAGTCCTACA-1,1
pbmc,CTAGACACACATACTG-1,1
pbmc,CTAGACACACCCTGTT-1,1
pbmc,CTAGACACACGGCGTT-1,1
pbmc,CTAGACACAGCTGTAT-1,2
pbmc,CTAGACACATAACAGA-1,1
pbmc,CTAGACACATACTGAC-1,1
pbmc,CTAGACACATATGAAG-1,1
pbmc,CTAGACAGTAACAGTA-1,1
pbmc,CTAGACAGTACTGGGA-1,1
pbmc,CTAGACAGTAGGCAGT-1,1
pbmc,CTAGACAGTATGAGAT-1,1
pbmc,CTAGACAGTCATTCCC-1,1
pbmc,CTAGACAGTCGTGGTC-1,185
pbmc,CTAGACAGTCTAACTG-1,305
pbmc,CTAGACAGTGCAGTGA-1,1
pbmc,CTAGACAGTGTAAATG-1,1
pbmc,CTAGACAGTTGCATGT-1,1
pbmc,CTAGACATCATGTCTT-1,1
pbmc,CTAGACATCGACGTCG-1,1
pbmc,CTAGACATCGCCTTGT-1,1
pbmc,CTAGACATCGCTTGAA-1,1
pbmc,CTAGACATCGGAGTAG-1,1
pbmc,CTAGACATCTAGACAC-1,1
pbmc,CTAGACATCTCAACCC-1,1
pbmc,CTAGGTAAGACAGCGT-1,1
pbmc,CTAGGTAAGCACCCAC-1,1
pbmc,CTAGGTAAGGACAAGA-1,1
pbmc,CTAGGTAAGGTAGACC-1,1
pbmc,CTAGGTAAGTCTTCGA-1,1
pbmc,CTAGGTACAAGCACAG-1,2
pbmc,CTAGGTACAAGCTCTA-1,1
pbmc,CTAGGTACACGCTTAA-1,1
pbmc,CTAGGTACACTGTGTA-1,1
pbmc,CTAGGTAGTAACCAGG-1,1
pbmc,CTAGGTAGTGCATGAG-1,1
pbmc,CTAGGTAGTGGGTCAA-1,1
pbmc,CTAGGTAGTTGTTGTG-1,1
pbmc,CTAGGTATCAGTGTGT-1,1
pbmc,CTAGGTATCATTTACC-1,1
pbmc,CTAGGTATCCCGATCT-1,1
pbmc,CTAGGTATCGAACACT-1,1
pbmc,CTAGGTATCGATGCAT-1,2
pbmc,CTAGGTATCGCTTACC-1,1
pbmc,CTAGGTATCGTAGGAG-1,16
pbmc,CTAGGTATCTAACGCA-1,207
pbmc,CTAGGTATCTCGCTCA-1,4
pbmc,CTATAGGAGATGGTCG-1,1
pbmc,CTATAGGAGGAGATAG-1,2
pbmc,CTATAGGAGGCATCAG-1,1
pbmc,CTATAGGAGGCTTTCA-1,1
pbmc,CTATAGGAGTATGAAC-1,2
pbmc,CTATAGGCACGGAAGT-1,1
pbmc,CTATAGGCAGAGCTAG-1,1
pbmc,CTATAGGCAGTTGTCA-1,1
pbmc,CTATAGGCATCATCCC-1,2
pbmc,CTATAGGCATCGGCCA-1,1
pbmc,CTATAGGCATGACGAG-1,1
pbmc,CTATAGGCATGACGGA-1,1
pbmc,CTATAGGGTATTGCCA-1,1
pbmc,CTATAGGGTGAGTCAG-1,1
pbmc,CTATAGGGTGTTCAGT-1,1
pbmc,CTATAGGGTTAAACCC-1,1
pbmc,CTATAGGGTTGCATTG-1,2
pbmc,CTATAGGTCGCCAGAC-1,1
pbmc,CTATAGGTCGTGGGTC-1,1
pbmc,CTATCCGAGAATCGCG-1,1
pbmc,CTATCCGAGAGTGGCT-1,1
pbmc,CTATCCGAGAGTTGAT-1,3
pbmc,CTATCCGAGCTGTTAC-1,319
pbmc,CTATCCGAGGGCTTCC-1,1
pbmc,CTATCCGAGGGTAGCT-1,1
pbmc,CTATCCGCACAACCGC-1,2
pbmc,CTATCCGCACACAGCC-1,1
pbmc,CTATCCGCACCTTCGT-1,1
pbmc,CTATCCGGTATCGTGT-1,1
pbmc,CTATCCGGTGAGATTA-1,1
pbmc,CTATCCGGTTCTTGCC-1,1
pbmc,CTATCCGGTTGTCATG-1,1
pbmc,CTATCCGTCATCGCAA-1,1
pbmc,CTATCCGTCGAAGTGG-1,1
pbmc,CTATCCGTCGGACTGC-1,1
pbmc,CTATCTAAGAACGCGT-1,1
pbmc,CTATCTAAGAGGGTCT-1,1
pbmc,CTATCTAAGCCATTTG-1,1
pbmc,CTATCTAAGCTAAATG-1,1
pbmc,CTATCTAAGTGCCCGT-1,1
pbmc,CTATCTACACAATGCT-1,1
pbmc,CTATCTACACACAGAG-1,1
pbmc,CTATCTACACCTAAAC-1,1
pbmc,CTATCTACACTTGGGC-1,1
pbmc,CTATCTACAGAACGCA-1,1
pbmc,CTATCTACAGAAGCGT-1,1
pbmc,CTATCTACAGCTACCG-1,1
pbmc,CTATCTACAGGGTTGA-1,1
pbmc,CTATCTACAGTCTACA-1,1
pbmc,CTATCTACATATACCG-1,1
pbmc,CTATCTAGTACCAATC-1,1
pbmc,CTATCTAGTATCGAAA-1,1
pbmc,CTATCTAGTGCCCGTA-1,1
pbmc,CTATCTAGTTATGGTC-1,1
pbmc,CTATCTAGTTCGTACA-1,1
pbmc,CTATCTAGTTGGCCGT-1,1
pbmc,CTATCTATCAATCGGT-1,1
pbmc,CTATCTATCATAGAGA-1,1
pbmc,CTATCTATCGGTCTGG-1,1
pbmc,CTCAACCAGCTAATCC-1,1
pbmc,CTCAACCAGGAACGTC-1,1
pbmc,CTCAACCAGGTGCTTT-1,2
pbmc,CTCAACCAGTATAGAC-1,1
pbmc,CTCAACCCAAACACGG-1,1
pbmc,CTCAACCCAAATCGTC-1,1
pbmc,CTCAACCCAACCGATT-1,1
pbmc,CTCAACCCAATAACCC-1,1
pbmc,CTCAACCCACCGTGCA-1,1
pbmc,CTCAACCCAGCGGTCT-1,1
pbmc,CTCAACCCAGCTATTG-1,1
pbmc,CTCAACCCAGTAGTGG-1,1
pbmc,CTCAACCGTGAGATCG-1,1
pbmc,CTCAACCGTGGATGAC-1,350
pbmc,CTCAACCGTGTGTCGC-1,140
pbmc,CTCAACCGTTGCTGAT-1,1
pbmc,CTCAACCTCCTACGAA-1,1
pbmc,CTCAACCTCCTTCAGC-1,1
pbmc,CTCAACCTCTTGGAAC-1,1
pbmc,CTCAAGAAGACATAAC-1,1
pbmc,CTCAAGAAGACCAGAC-1,1
pbmc,CTCAAGAAGATGCTGG-1,1
pbmc,CTCAAGAAGATTACCC-1,279
pbmc,CTCAAGAAGATTACCT-1,1
pbmc,CTCAAGAAGCCACAAG-1,1
pbmc,CTCAAGAAGCGCCTTG-1,1
pbmc,CTCAAGAAGCGTGCTC-1,1
pbmc,CTCAAGAAGGAGTATT-1,1
pbmc,CTCAAGAAGGATACGC-1,1
pbmc,CTCAAGAAGGTCGACA-1,1
pbmc,CTCAAGAAGGTTACCC-1,1
pbmc,CTCAAGAAGTCATGGG-1,1
pbmc,CTCAAGACAACCGCCA-1,1
pbmc,CTCAAGACACGGTGAA-1,1
pbmc,CTCAAGACAGGCAATG-1,1
pbmc,CTCAAGACAGGTGAGT-1,1
pbmc,CTCAAGACATACTGAC-1,1
pbmc,CTCAAGACATCCTGTC-1,122
pbmc,CTCAAGACATGGAGAC-1,1
pbmc,CTCAAGAGTCAAAGAT-1,332
pbmc,CTCAAGAGTCACCTTC-1,2
pbmc,CTCAAGAGTCATCAGT-1,1
pbmc,CTCAAGAGTCCCAAAT-1,1
pbmc,CTCAAGAGTCTGCAAT-1,1
pbmc,CTCAAGAGTGCCCTTT-1,1
pbmc,CTCAAGATCAAGGATG-1,1
pbmc,CTCAAGATCCCAGGCA-1,1
pbmc,CTCAAGATCCTCTAAT-1,1
pbmc,CTCAAGATCGATTGGT-1,1
pbmc,CTCAAGATCGTAGGAG-1,1
pbmc,CTCAAGATCTGGAAGG-1,1
pbmc,CTCAAGATCTTCTCAA-1,1
pbmc,CTCAATTAGAACTTCC-1,2
pbmc,CTCAATTAGGTTGCCC-1,2
pbmc,CTCAATTCAACAGATA-1,1
pbmc,CTCAATTCAATCGAAA-1,1
pbmc,CTCAATTCAATTGCTG-1,1
pbmc,CTCAATTCACCAGTAT-1,3
pbmc,CTCAATTGTAACAAGT-1,1
pbmc,CTCAATTGTACCTATG-1,2
pbmc,CTCAATTGTATAGGGC-1,1
pbmc,CTCAATTGTATCAGGG-1,1
pbmc,CTCAATTGTCCAGGTC-1,1
pbmc,CTCAATTGTTTCGACA-1,1
pbmc,CTCAATTTCGGAAGGT-1,266
pbmc,CTCAATTTCGGAGGGT-1,1
pbmc,CTCAATTTCGTCGATA-1,1
pbmc,CTCAATTTCTCCTGCA-1,1
pbmc,CTCAATTTCTGAGGTT-1,1
pbmc,CTCAATTTCTGCTTTA-1,1
pbmc,CTCACTGAGAAAGGAT-1,1
pbmc,CTCACTGAGAATCGCG-1,1
pbmc,CTCACTGAGAGGTTTA-1,1
pbmc,CTCACTGAGAGTTGCG-1,1
pbmc,CTCACTGAGATTTGCC-1,1
pbmc,CTCACTGAGCCACTCG-1,1
pbmc,CTCACTGAGCTTCATG-1,1
pbmc,CTCACTGAGGCTTAAA-1,2
pbmc,CTCACTGAGGGTACAC-1,1
pbmc,CTCACTGCAACAGCTT-1,1
pbmc,CTCACTGCAAGTTGGG-1,3
pbmc,CTCACTGCACAAAGTA-1,1
pbmc,CTCACTGCACCGGCTA-1,2
pbmc,CTCACTGCACCTTCCA-1,270
pbmc,CTCACTGCACTTCGAA-1,1
pbmc,CTCACTGCAGCCTGCA-1,1
pbmc,CTCACTGCATCAGTGT-1,1
pbmc,CTCACTGGTACAATAG-1,1
pbmc,CTCACTGGTAGTGATA-1,1
pbmc,CTCACTGGTATTGCCA-1,1
pbmc,CTCACTGGTGGGTATG-1,2
pbmc,CTCACTGGTGTCCCTT-1,2
pbmc,CTCACTGTCAGTGCGC-1,2
pbmc,CTCACTGTCCCGATCT-1,1
pbmc,CTCACTGTCCCTGGTT-1,1
pbmc,CTCACTGTCCGTAGGC-1,1
pbmc,CTCACTGTCCTCTCTT-1,6
pbmc,CTCACTGTCTCGTTTA-1,1
pbmc,CTCACTGTCTCTCTGA-1,1
pbmc,CTCACTGTCTGGACTA-1,1
pbmc,CTCACTGTCTTTGGAG-1,1
pbmc,CTCAGAAAGAAGAGCA-1,1
pbmc,CTCAGAAAGAGAGGGC-1,2
pbmc,CTCAGAAAGAGGATCC-1,1
pbmc,CTCAGAAAGATTGACA-1,1
pbmc,CTCAGAAAGCAATAAC-1,1
pbmc,CTCAGAAAGCAATAGT-1,1
pbmc,CTCAGAAAGGTTTGAA-1,1
pbmc,CTCAGAAAGTAAACTG-1,1
pbmc,CTCAGAAAGTATAGAC-1,1
pbmc,CTCAGAAAGTGCTACT-1,1
pbmc,CTCAGAACAAGCGCAA-1,1
pbmc,CTCAGAACAATAGTGA-1,1
pbmc,CTCAGAACAATCGAAA-1,1
pbmc,CTCAGAACAATTGTGC-1,198
pbmc,CTCAGAACACGACGAA-1,1
pbmc,CTCAGAACACTCGATA-1,1
pbmc,CTCAGAACACTGCATA-1,1
pbmc,CTCAGAACATAAGCGG-1,2
pbmc,CTCAGAACATACGCCG-1,1
pbmc,CTCAGAACATAGAAAC-1,1
pbmc,CTCAGAACATGTCAGT-1,1
pbmc,CTCAGAAGTACCTGTA-1,1
pbmc,CTCAGAAGTACTCAAC-1,1
pbmc,CTCAGAAGTAGGCAAC-1,1
pbmc,CTCAGAAGTATGCTTG-1,1
pbmc,CTCAGAAGTGAGATTA-1,1
pbmc,CTCAGAAGTGGAGAAA-1,1
pbmc,CTCAGAAGTTTCGGCG-1,1
pbmc,CTCAGAATCACCTGTC-1,1
pbmc,CTCAGAATCATGCCGG-1,1
pbmc,CTCAGAATCCAACACA-1,2
pbmc,CTCAGAATCCGGTATG-1,1
pbmc,CTCAGAATCCTACGTT-1,1
pbmc,CTCAGAATCGCTGTTC-1,1
pbmc,CTCAGAATCGGACAAG-1,1
pbmc,CTCAGGGAGAAATCCA-1,2
pbmc,CTCAGGGAGAGTTGCG-1,3
pbmc,CTCAGGGAGCGACATG-1,1
pbmc,CTCAGGGAGGGATCTG-1,1
pbmc,CTCAGGGAGGTGCATG-1,1
pbmc,CTCAGGGAGTCTACCA-1,1
pbmc,CTCAGGGAGTCTGCAT-1,2
pbmc,CTCAGGGCAACGATTC-1,1
pbmc,CTCAGGGCACAGTATC-1,1
pbmc,CTCAGGGCATGGCTAT-1,1
pbmc,CTCAGGGGTATGAGCG-1,1
pbmc,CTCAGGGGTCAGTTTG-1,1
pbmc,CTCAGGGGTCATCGCG-1,232
pbmc,CTCAGGGGTCGTACTA-1,2
pbmc,CTCAGGGGTGCGTTTA-1,1
pbmc,CTCAGGGGTGGTGATG-1,1
pbmc,CTCAGGGGTTTACCAG-1,1
pbmc,CTCAGGGTCAGCTTCC-1,1
pbmc,CTCAGGGTCATTGCGA-1,1
pbmc,CTCAGGGTCCCAAGTA-1,1
pbmc,CTCAGGGTCCGCACTT-1,1
pbmc,CTCAGGGTCCTAAGTG-1,1
pbmc,CTCAGGGTCCTCTCGA-1,1
pbmc,CTCAGGGTCTAAGAAG-1,1
pbmc,CTCAGGGTCTCACCCA-1,453
pbmc,CTCAGGGTCTCGAACA-1,1
pbmc,CTCAGTCAGAAATTCG-1,1
pbmc,CTCAGTCAGAACTGAT-1,1
pbmc,CTCAGTCAGGGACAGG-1,162
pbmc,CTCAGTCCAATGTGGG-1,2
pbmc,CTCAGTCCACAGCGCT-1,1
pbmc,CTCAGTCCACCCTGAG-1,2
pbmc,CTCAGTCCACGCGTGT-1,1
pbmc,CTCAGTCCAGACCGCT-1,1
pbmc,CTCAGTCCAGGTATGG-1,1
pbmc,CTCAGTCGTAACAGTA-1,1
pbmc,CTCAGTCGTCTCACGG-1,1
pbmc,CTCAGTCGTCTCTCAC-1,1
pbmc,CTCAGTCGTGTTAAAG-1,1
pbmc,CTCAGTCTCATCGGGC-1,1
pbmc,CTCAGTCTCCACATAG-1,1
pbmc,CTCAGTCTCGGTGTTA-1,1
pbmc,CTCAGTCTCTACCACC-1,2
pbmc,CTCAGTCTCTGCTAGA-1,2
pbmc,CTCATCGAGAGGCGTT-1,256
pbmc,CTCATCGAGAGGGCGA-1,1
pbmc,CTCATCGAGGGCTTCC-1,1
pbmc,CTCATCGAGTTCTACG-1,1
pbmc,CTCATCGCAAATTAGG-1,2
pbmc,CTCATCGCACCTCGTT-1,1
pbmc,CTCATCGCAGCTGTTA-1,1
pbmc,CTCATCGCATGTTACG-1,1
pbmc,CTCATCGGTAGTGATA-1,1
pbmc,CTCATCGGTCATAGTC-1,2
pbmc,CTCATCGGTCGCATTA-1,3
pbmc,CTCATCGGTGGGTCAA-1,1
pbmc,CTCATCGGTTGCGTAT-1,1
pbmc,CTCATCGTCCATTGCC-1,1
pbmc,CTCATCGTCCTTACCG-1,1
pbmc,CTCATCGTCGAGAATA-1,1
pbmc,CTCATCGTCGCGTGCA-1,1
pbmc,CTCATCGTCGTACCTC-1,193
pbmc,CTCATCGTCTACGCGG-1,1
pbmc,CTCATCGTCTCCTGAC-1,1
pbmc,CTCATCGTCTCGAATA-1,1
pbmc,CTCATGCAGAAAGTCT-1,1
pbmc,CTCATGCAGAAGCTGC-1,3
pbmc,CTCATGCAGACGGTTG-1,1
pbmc,CTCATGCAGATGGTAT-1,1
pbmc,CTCATGCAGCTTTCTT-1,2
pbmc,CTCATGCAGTAGGTTA-1,1
pbmc,CTCATGCAGTCGGCAA-1,1
pbmc,CTCATGCAGTCTTGGT-1,1
pbmc,CTCATGCAGTTACGGG-1,2
pbmc,CTCATGCCAAATGATG-1,1
pbmc,CTCATGCCACAGCCTG-1,1
pbmc,CTCATGCCACGGCCAT-1,2
pbmc,CTCATGCCAGGATTCT-1,1
pbmc,CTCATGCGTAAGCTCT-1,1
pbmc,CTCATGCGTACCAATC-1,1
pbmc,CTCATGCGTGAGTCAG-1,1
pbmc,CTCATGCGTGTTACAC-1,1
pbmc,CTCATGCTCACGGACC-1,1
pbmc,CTCATGCTCAGTCAGT-1,1
pbmc,CTCATGCTCCACCCTA-1,1
pbmc,CTCATGCTCCCGAATA-1,1
pbmc,CTCATGCTCCGAGAAG-1,3
pbmc,CTCATGCTCCGTGTCT-1,1
pbmc,CTCATGCTCCTGTAGA-1,1
pbmc,CTCATGCTCGCACGAC-1,2
pbmc,CTCATGCTCGGACAAG-1,2
pbmc,CTCATTAAGCAAATCA-1,1
pbmc,CTCATTAAGCTCCGAC-1,1
pbmc,CTCATTAAGGAAGTGA-1,236
pbmc,CTCATTAAGGTACAGC-1,1
pbmc,CTCATTACACCGCTGA-1,2
pbmc,CTCATTACACTCCGGA-1,1
pbmc,CTCATTACACTTGTGA-1,1
pbmc,CTCATTACAGGTCTCG-1,1
pbmc,CTCATTACATAGGTAA-1,2
pbmc,CTCATTAGTAATAGCA-1,1
pbmc,CTCATTAGTAATGCGG-1,1
pbmc,CTCATTAGTCCAGTTA-1,2
pbmc,CTCATTAGTCCGCAGT-1,1
pbmc,CTCATTAGTGGCAACA-1,1
pbmc,CTCATTAGTGGTTTAC-1,1
pbmc,CTCATTAGTGTACAGG-1,1
pbmc,CTCATTAGTTAGTCGT-1,1
pbmc,CTCATTATCAATCTCT-1,1
pbmc,CTCATTATCACGATAC-1,1
pbmc,CTCATTATCATCGCTC-1,1
pbmc,CTCATTATCCATCCGT-1,1
pbmc,CTCATTATCCCAGGAC-1,1
pbmc,CTCATTATCGTACACA-1,417
pbmc,CTCATTATCGTACATA-1,1
pbmc,CTCATTATCGTGGGTC-1,1
pbmc,CTCATTATCTGTGCAA-1,1
pbmc,CTCCAACAGCCATTTG-1,1
pbmc,CTCCAACAGGAGATAG-1,1
pbmc,CTCCAACAGTTTGGCT-1,2
pbmc,CTCCAACCAAATACAG-1,1
pbmc,CTCCAACCAAGCAATA-1,2
pbmc,CTCCAACCAATCTCTT-1,216
pbmc,CTCCAACCACAACATC-1,1
pbmc,CTCCAACCACCCTCTA-1,2
pbmc,CTCCAACCACTCTCGT-1,1
pbmc,CTCCAACCAGCCTACG-1,1
pbmc,CTCCAACCAGCGTACC-1,1
pbmc,CTCCAACCAGGCCTGT-1,1
pbmc,CTCCAACCATGGGTTT-1,1
pbmc,CTCCAACGTAAGACCG-1,2
pbmc,CTCCAACGTACCGTCG-1,1
pbmc,CTCCAACGTACGATCT-1,1
pbmc,CTCCAACGTAGTGTGG-1,266
pbmc,CTCCAACGTATGCTTG-1,1
pbmc,CTCCAACGTCGAGTTT-1,3
pbmc,CTCCAACGTCTAATCG-1,1
pbmc,CTCCAACGTGATTGGG-1,2
pbmc,CTCCAACGTGTGGTCC-1,1
pbmc,CTCCAACGTTAAGACA-1,1
pbmc,CTCCAACGTTGTCTAG-1,3
pbmc,CTCCAACTCCAAGCCA-1,1
pbmc,CTCCAACTCCCAGGAC-1,1
pbmc,CTCCAACTCCCATTTA-1,1
pbmc,CTCCAACTCGGCCCAA-1,1
pbmc,CTCCACAAGACCGCCT-1,1
pbmc,CTCCACAAGATACGAT-1,1
pbmc,CTCCACAAGCTTTCCC-1,1
pbmc,CTCCACAAGGATGAGA-1,1
pbmc,CTCCACAAGGATGGCT-1,1
pbmc,CTCCACAAGGTGATAT-1,1
pbmc,CTCCACAAGTGCTAGG-1,1
pbmc,CTCCACAAGTTAACAG-1,1
pbmc,CTCCACACAAGTGATA-1,1
pbmc,CTCCACACAATACGAA-1,1
pbmc,CTCCACACAATCAGCT-1,1
pbmc,CTCCACACAATCTCGA-1,1
pbmc,CTCCACACACGTCGGT-1,1
pbmc,CTCCACACAGTCGAGA-1,1
pbmc,CTCCACACATCCGGCA-1,1
pbmc,CTCCACACATCGGATT-1,1
pbmc,CTCCACACATGGGTCC-1,2
pbmc,CTCCACAGTACCCGCA-1,2
pbmc,CTCCACAGTACCTTCC-1,1
pbmc,CTCCACAGTAGCACGA-1,1
pbmc,CTCCACAGTCTCGGGT-1,1
pbmc,CTCCACAGTGACAACG-1,1
pbmc,CTCCACAGTGCAATTC-1,1
pbmc,CTCCACAGTGGTCTAT-1,1
pbmc,CTCCACAGTGTGCCTG-1,1
pbmc,CTCCACATCAAGGACG-1,1
pbmc,CTCCACATCCTACGGG-1,1
pbmc,CTCCACATCGGAATGG-1,1
pbmc,CTCCACATCTAGCCTC-1,1
pbmc,CTCCACATCTCGTTTA-1,1
pbmc,CTCCACATCTCTTAAC-1,2
pbmc,CTCCATGAGACAGCTG-1,224
pbmc,CTCCATGAGAGCTGAC-1,1
pbmc,CTCCATGAGATAGTCA-1,1
pbmc,CTCCATGAGCCACCGT-1,1
pbmc,CTCCATGAGCCTCATA-1,1
pbmc,CTCCATGAGCTTAAGA-1,1
pbmc,CTCCATGAGCTTCTAG-1,2
pbmc,CTCCATGAGGTAATCA-1,1
pbmc,CTCCATGAGGTACAAT-1,1
pbmc,CTCCATGAGTCTAACC-1,1
pbmc,CTCCATGAGTGTTCAC-1,1
pbmc,CTCCATGCAAATCAGA-1,1
pbmc,CTCCATGCAGTTAGAA-1,1
pbmc,CTCCATGCATCCTGTC-1,1
pbmc,CTCCATGCATTCCTAT-1,1
pbmc,CTCCATGGTACCTAAC-1,1
pbmc,CTCCATGGTCGACTTA-1,1
pbmc,CTCCATGGTCGAGTGA-1,1
pbmc,CTCCATGGTCTCAGGC-1,1
pbmc,CTCCATGGTCTGTGCG-1,1
pbmc,CTCCATGGTCTTGCGG-1,1
pbmc,CTCCATGGTGTTGACT-1,112
pbmc,CTCCATGGTTTGGGAG-1,1
pbmc,CTCCATGTCATCGTAG-1,260
pbmc,CTCCATGTCCTCTCTT-1,1
pbmc,CTCCATGTCGAAGAAT-1,1
pbmc,CTCCATGTCGAAGGAC-1,1
pbmc,CTCCATGTCGCCACTT-1,1
pbmc,CTCCATGTCGTCGATA-1,527
pbmc,CTCCCAAAGAAGGATG-1,1
pbmc,CTCCCAAAGACTTCCA-1,3
pbmc,CTCCCAAAGAGGGTAA-1,1
pbmc,CTCCCAAAGATTAGCA-1,1
pbmc,CTCCCAAAGCCTCGTG-1,1
pbmc,CTCCCAAAGTGAGGCT-1,1
pbmc,CTCCCAACACACAGCC-1,1
pbmc,CTCCCAACAGTCCGTG-1,1
pbmc,CTCCCAAGTAGTGATA-1,1
pbmc,CTCCCAAGTGACTGTT-1,1
pbmc,CTCCCAAGTGGCGTAA-1,1
pbmc,CTCCCAAGTTGAGTCT-1,1
pbmc,CTCCCAATCAATCAGC-1,307
pbmc,CTCCCAATCAATGTCG-1,1
pbmc,CTCCCAATCACCTACC-1,1
pbmc,CTCCCAATCATGGTAC-1,1
pbmc,CTCCCAATCCATTTAC-1,1
pbmc,CTCCCAATCGACGACC-1,1
pbmc,CTCCCAATCGAGCCAC-1,2
pbmc,CTCCCTCAGAGAATCT-1,9
pbmc,CTCCCTCAGAGAGCCT-1,1
pbmc,CTCCCTCAGCAACTTC-1,2
pbmc,CTCCCTCAGCCACTCG-1,1
pbmc,CTCCCTCAGCGCGTTC-1,359
pbmc,CTCCCTCAGGAGAATG-1,1
pbmc,CTCCCTCAGGTATAGT-1,2
pbmc,CTCCCTCAGTATCTGC-1,1
pbmc,CTCCCTCAGTCCTGCG-1,1
pbmc,CTCCCTCAGTGGAAAG-1,1
pbmc,CTCCCTCCAAATCGGG-1,1
pbmc,CTCCCTCCAACCTAAC-1,1
pbmc,CTCCCTCCACAACGTT-1,1
pbmc,CTCCCTCCACCAGCCA-1,2
pbmc,CTCCCTCCACCGGAAA-1,492
pbmc,CTCCCTCCACTAGGCC-1,1
pbmc,CTCCCTCCAGTCGGTC-1,1
pbmc,CTCCCTCCATGAGAAT-1,1
pbmc,CTCCCTCGTACGAGCA-1,1
pbmc,CTCCCTCGTACTTCCC-1,1
pbmc,CTCCCTCGTCACCACG-1,1
pbmc,CTCCCTCGTCCAGCGT-1,1
pbmc,CTCCCTCGTCCGGCAT-1,1
pbmc,CTCCCTCGTGTAACGG-1,1
pbmc,CTCCCTCGTTAACCTG-1,1
pbmc,CTCCCTCGTTTACGAC-1,205
pbmc,CTCCCTCGTTTCTCTA-1,1
pbmc,CTCCCTCTCAAACTCA-1,1
pbmc,CTCCCTCTCAAAGGTA-1,1
pbmc,CTCCCTCTCAATCCGA-1,1
pbmc,CTCCCTCTCACTGAAC-1,1
pbmc,CTCCCTCTCATCGCTC-1,212
pbmc,CTCCCTCTCCATTTGC-1,2
pbmc,CTCCCTCTCCGTTTCG-1,1
pbmc,CTCCCTCTCTGTCGTC-1,1
pbmc,CTCCGATAGAAAGTCT-1,1
pbmc,CTCCGATAGACCAGAC-1,1
pbmc,CTCCGATAGAGTGTTA-1,1
pbmc,CTCCGATAGATACTGA-1,1
pbmc,CTCCGATAGGATAATC-1,1
pbmc,CTCCGATAGGTTACCT-1,1
pbmc,CTCCGATAGTAAAGCT-1,1
pbmc,CTCCGATCAACCGTAT-1,1
pbmc,CTCCGATCAATCGAAA-1,1
pbmc,CTCCGATGTTCGCGTG-1,1
pbmc,CTCCGATGTTGTCCCT-1,1
pbmc,CTCCGATTCAAGTCGT-1,1
pbmc,CTCCGATTCATGGTAC-1,1
pbmc,CTCCGATTCCTTAGTC-1,2
pbmc,CTCCGATTCCTTTAGT-1,230
pbmc,CTCCGATTCGAGAGAC-1,1
pbmc,CTCCGATTCTCGTCTA-1,1
pbmc,CTCCGATTCTCTATGT-1,1
pbmc,CTCCGATTCTGGGATT-1,1
pbmc,CTCCGATTCTGTAACG-1,1
pbmc,CTCCGATTCTGTCGTC-1,1
pbmc,CTCCGATTCTTCGATT-1,1
pbmc,CTCCGATTCTTTCTAG-1,216
pbmc,CTCCTCCAGAGCACTG-1,1
pbmc,CTCCTCCAGCTGCCAC-1,1
pbmc,CTCCTCCAGGATTTCT-1,1
pbmc,CTCCTCCCAAGCTACT-1,1
pbmc,CTCCTCCCACAACGCC-1,1
pbmc,CTCCTCCCACATTCTT-1,1
pbmc,CTCCTCCCAGAAGTGC-1,1
pbmc,CTCCTCCCAGGTTCGC-1,1
pbmc,CTCCTCCCAGTGAGCA-1,1
pbmc,CTCCTCCCATCCCACT-1,1
pbmc,CTCCTCCCATGGCACC-1,1
pbmc,CTCCTCCGTACGAGCA-1,1
pbmc,CTCCTCCGTAGAGCTG-1,1
pbmc,CTCCTCCGTATCACGT-1,1
pbmc,CTCCTCCGTGGTATGG-1,1
pbmc,CTCCTCCGTGGTCTGC-1,2
pbmc,CTCCTCCTCAAGTTGC-1,1
pbmc,CTCCTCCTCAATGCAC-1,1
pbmc,CTCCTCCTCAATGTCG-1,1
pbmc,CTCCTCCTCACCTCTG-1,346
pbmc,CTCCTCCTCACTACTT-1,1
pbmc,CTCCTCCTCATTTGTC-1,1
pbmc,CTCCTCCTCCAGCAAT-1,2
pbmc,CTCCTCCTCCGTGGCA-1,1
pbmc,CTCCTCCTCCTTGGAA-1,2
pbmc,CTCCTCCTCTCGCAGG-1,1
pbmc,CTCCTCCTCTCTCCTC-1,1
pbmc,CTCCTCCTCTGGCCGA-1,1
pbmc,CTCCTCCTCTGTCGTC-1,1
pbmc,CTCCTTTAGAGGGTAA-1,2
pbmc,CTCCTTTAGATGCTGG-1,496
pbmc,CTCCTTTAGATTCGCT-1,1
pbmc,CTCCTTTAGGAAGAAC-1,1
pbmc,CTCCTTTAGGATAATC-1,1
pbmc,CTCCTTTAGGCATCAG-1,1
pbmc,CTCCTTTAGGCCCACT-1,1
pbmc,CTCCTTTAGTAATACG-1,1
pbmc,CTCCTTTAGTATTAGG-1,1
pbmc,CTCCTTTAGTTAGAAC-1,1
pbmc,CTCCTTTCAAGTGGAC-1,1
pbmc,CTCCTTTCACAAGCTT-1,1
pbmc,CTCCTTTCACCAAAGG-1,1
pbmc,CTCCTTTCACCGTCGA-1,1
pbmc,CTCCTTTCACCGTCTT-1,1
pbmc,CTCCTTTCACGCACCA-1,1
pbmc,CTCCTTTCACTGGATT-1,9
pbmc,CTCCTTTCAGAACTCT-1,1
pbmc,CTCCTTTCAGTTTCGA-1,2
pbmc,CTCCTTTGTATCACCA-1,1
pbmc,CTCCTTTGTATGCAAA-1,1
pbmc,CTCCTTTGTCCGCAGT-1,1
pbmc,CTCCTTTGTCGTTGCG-1,1
pbmc,CTCCTTTGTCTGATAC-1,1
pbmc,CTCCTTTGTGGATTTC-1,1
pbmc,CTCCTTTGTGTACGCC-1,1
pbmc,CTCCTTTTCAATCGGT-1,2
pbmc,CTCCTTTTCAGATTGC-1,1
pbmc,CTCCTTTTCAGGAAAT-1,1
pbmc,CTCCTTTTCGCTCCTA-1,1
pbmc,CTCCTTTTCTACACTT-1,263
pbmc,CTCCTTTTCTCATTTG-1,1
pbmc,CTCCTTTTCTCGACGG-1,1
pbmc,CTCGAGGAGAACTGAT-1,1
pbmc,CTCGAGGAGCATACTT-1,1
pbmc,CTCGAGGAGCCTATTG-1,146
pbmc,CTCGAGGAGCGATGAC-1,1
pbmc,CTCGAGGAGCTTCTGG-1,1
pbmc,CTCGAGGAGGAAAGGT-1,221
pbmc,CTCGAGGAGGAACGTC-1,1
pbmc,CTCGAGGAGGATTCCC-1,1
pbmc,CTCGAGGAGGCTTTCA-1,1
pbmc,CTCGAGGAGGTGCATG-1,1
pbmc,CTCGAGGAGGTTGACG-1,1
pbmc,CTCGAGGAGTCATGCT-1,1
pbmc,CTCGAGGAGTCGAAGC-1,1
pbmc,CTCGAGGCAAAGCAAT-1,1
pbmc,CTCGAGGCACAGCTGC-1,1
pbmc,CTCGAGGCACATCCGG-1,1
pbmc,CTCGAGGCATCCAACA-1,1
pbmc,CTCGAGGGTACACGCC-1,1
pbmc,CTCGAGGGTATCATGC-1,1
pbmc,CTCGAGGGTATGGTAA-1,1
pbmc,CTCGAGGGTCTGTTAG-1,1
pbmc,CTCGAGGGTGGCTTAT-1,1
pbmc,CTCGAGGGTTCCCAAA-1,1
pbmc,CTCGAGGGTTGACGTT-1,1
pbmc,CTCGAGGGTTGGACTT-1,1
pbmc,CTCGAGGTCATCGGGC-1,1
pbmc,CTCGAGGTCCCTCAAT-1,1
pbmc,CTCGAGGTCCGGACGT-1,1
pbmc,CTCGAGGTCTCGCGTT-1,1
pbmc,CTCGAGGTCTCGGGAC-1,2
pbmc,CTCTCAGAGACGGAAA-1,1
pbmc,CTCTCAGAGAGCCGTA-1,1
pbmc,CTCTCAGAGCCTCACG-1,1
pbmc,CTCTCAGAGGCTAAAT-1,1
pbmc,CTCTCAGAGTATAGGT-1,1
pbmc,CTCTCAGCAAGGACAC-1,2
pbmc,CTCTCAGCACAAATCC-1,1
pbmc,CTCTCAGCACAATGCT-1,2
pbmc,CTCTCAGCAGACACCC-1,1
pbmc,CTCTCAGCATACTGTG-1,1
pbmc,CTCTCAGCATTGCCTC-1,1
pbmc,CTCTCAGGTAAGCAAT-1,1
pbmc,CTCTCAGGTAAGTTGA-1,1
pbmc,CTCTCAGGTACGTAGG-1,2
pbmc,CTCTCAGGTAGGGAGG-1,1
pbmc,CTCTCAGGTCCCTGAG-1,1
pbmc,CTCTCAGGTCTGATAC-1,1
pbmc,CTCTCAGGTGACCGAA-1,1
pbmc,CTCTCAGGTGACGCCT-1,1
pbmc,CTCTCAGGTTAAGCAA-1,243
pbmc,CTCTCAGGTTCCACAA-1,2
pbmc,CTCTCAGGTTCCATTT-1,1
pbmc,CTCTCAGTCATCTATC-1,1
pbmc,CTCTCAGTCATTTCCA-1,1
pbmc,CTCTCAGTCCAATGCA-1,1
pbmc,CTCTCAGTCCATGAGT-1,1
pbmc,CTCTCAGTCCCATTCG-1,1
pbmc,CTCTCAGTCGACTCCT-1,1
pbmc,CTCTCAGTCTCCCAAC-1,1
pbmc,CTCTCAGTCTCGAGTA-1,1
pbmc,CTCTCGAAGATCGCTT-1,1
pbmc,CTCTCGAAGCGCCTTG-1,1
pbmc,CTCTCGAAGGCGCTTC-1,2
pbmc,CTCTCGAAGGTTAAAC-1,1
pbmc,CTCTCGAAGTGAGTTA-1,1
pbmc,CTCTCGAAGTTGTCAC-1,1
pbmc,CTCTCGACAAATGAGT-1,1
pbmc,CTCTCGACACAAAGTA-1,1
pbmc,CTCTCGACACACCGCA-1,1
pbmc,CTCTCGACACGGCACT-1,2
pbmc,CTCTCGACAGCAATTC-1,1
pbmc,CTCTCGACATGACACT-1,1
pbmc,CTCTCGAGTAAGCAAT-1,1
pbmc,CTCTCGAGTACAGAGC-1,1
pbmc,CTCTCGAGTCACCGAC-1,2
pbmc,CTCTCGAGTTATCTGG-1,1
pbmc,CTCTCGAGTTGAAGTA-1,1
pbmc,CTCTCGATCAACTACG-1,1
pbmc,CTCTCGATCCAACTGA-1,1
pbmc,CTCTCGATCCATAGGT-1,207
pbmc,CTCTCGATCCCAAGTA-1,2
pbmc,CTCTCGATCCGCATAA-1,1
pbmc,CTCTCGATCCGCCTAT-1,2
pbmc,CTCTCGATCGTGTCAA-1,1
pbmc,CTCTGGTAGACCTTTG-1,1
pbmc,CTCTGGTAGAGATGCC-1,1
pbmc,CTCTGGTAGTAGGATT-1,44
pbmc,CTCTGGTAGTCGCTAT-1,1
pbmc,CTCTGGTCAAACGAGC-1,1
pbmc,CTCTGGTCAAGCCATT-1,1
pbmc,CTCTGGTCAAGCGTAG-1,1
pbmc,CTCTGGTCAAGCTGAG-1,1
pbmc,CTCTGGTCAATTGGTC-1,1
pbmc,CTCTGGTCAGAGCCAA-1,1
pbmc,CTCTGGTCAGGCACAA-1,1
pbmc,CTCTGGTCATGTGGCC-1,1
pbmc,CTCTGGTGTAACAGTA-1,1
pbmc,CTCTGGTGTAGGCTGA-1,1
pbmc,CTCTGGTGTCCTCCAT-1,1
pbmc,CTCTGGTGTGAGTAGC-1,1
pbmc,CTCTGGTGTGCCGAAA-1,1
pbmc,CTCTGGTGTGGTTTGT-1,2
pbmc,CTCTGGTTCATCTACT-1,1
pbmc,CTCTGGTTCCAGTGTA-1,1
pbmc,CTCTGGTTCCATTGTT-1,1
pbmc,CTCTGGTTCCCAATAG-1,1
pbmc,CTCTGGTTCCGCGATG-1,1
pbmc,CTCTGGTTCGACCAAT-1,2
pbmc,CTCTGGTTCGCGCCAA-1,1
pbmc,CTCTGGTTCGGAATTC-1,1
pbmc,CTCTGGTTCGTCAGAT-1,1
pbmc,CTCTGGTTCTAAGAAG-1,1
pbmc,CTCTGGTTCTAAGAGG-1,1
pbmc,CTCTGGTTCTGTCGTC-1,1
pbmc,CTGAATGAGAAACCAT-1,1
pbmc,CTGAATGAGAATGTTG-1,1
pbmc,CTGAATGAGCTCTATG-1,197
pbmc,CTGAATGAGCTGACAG-1,1
pbmc,CTGAATGAGGAAGTAG-1,1
pbmc,CTGAATGAGGAGAAAT-1,1
pbmc,CTGAATGAGGATACGC-1,2
pbmc,CTGAATGAGGATTCCT-1,2
pbmc,CTGAATGAGGCAATGC-1,1
pbmc,CTGAATGAGGCCTTCG-1,1
pbmc,CTGAATGAGGCGAACT-1,189
pbmc,CTGAATGAGGTCCGAA-1,1
pbmc,CTGAATGAGTCCCAGC-1,1
pbmc,CTGAATGAGTCGAAAT-1,1
pbmc,CTGAATGAGTCGAAGC-1,1
pbmc,CTGAATGCAAACTCGT-1,1
pbmc,CTGAATGCAAGACCTT-1,1
pbmc,CTGAATGCAAGGTCGA-1,1
pbmc,CTGAATGCACGCTATA-1,1
pbmc,CTGAATGCACGTCTCT-1,1
pbmc,CTGAATGCAGCGGATA-1,1
pbmc,CTGAATGCATCAGCGC-1,1
pbmc,CTGAATGCATCAGTCA-1,1
pbmc,CTGAATGCATCCTTCG-1,1
pbmc,CTGAATGCATGTGACT-1,1
pbmc,CTGAATGGTATGTCAC-1,1
pbmc,CTGAATGGTCGAATGG-1,1
pbmc,CTGAATGGTGAACGGT-1,1
pbmc,CTGAATGTCAGCTGTA-1,1
pbmc,CTGAATGTCATTCGGA-1,1
pbmc,CTGAATGTCCCAGTGG-1,1
pbmc,CTGAATGTCCGGCTTT-1,1
pbmc,CTGAATGTCCTAGCTC-1,1
pbmc,CTGAATGTCGGTTCAA-1,1
pbmc,CTGAATGTCGTAACTG-1,1
pbmc,CTGAATGTCTAGGCCG-1,1
pbmc,CTGAATGTCTTCTGGC-1,1
pbmc,CTGAATGTCTTGGAAC-1,1
pbmc,CTGAATGTCTTTGCTA-1,3
pbmc,CTGAGCGAGACCAGAC-1,3
pbmc,CTGAGCGAGAGCAACC-1,2
pbmc,CTGAGCGAGATGTTCC-1,2
pbmc,CTGAGCGAGGCACAAC-1,2
pbmc,CTGAGCGAGTCACACT-1,2
pbmc,CTGAGCGCAGCTGGTC-1,1
pbmc,CTGAGCGCATCCAACA-1,1
pbmc,CTGAGCGCATCTATCT-1,2
pbmc,CTGAGCGCATGGTACT-1,1
pbmc,CTGAGCGGTCCATCTC-1,1
pbmc,CTGAGCGGTCCGGACT-1,1
pbmc,CTGAGCGGTCGAGATG-1,1
pbmc,CTGAGCGGTGAATTAG-1,1
pbmc,CTGAGCGGTGGGCTCT-1,1
pbmc,CTGAGCGGTTGGTACT-1,1
pbmc,CTGAGCGTCTCTTCAA-1,1
pbmc,CTGAGGCAGAACTGAT-1,1
pbmc,CTGAGGCAGATTTGCC-1,1
pbmc,CTGAGGCAGCACCAGA-1,1
pbmc,CTGAGGCAGCCTAGGA-1,1
pbmc,CTGAGGCAGCCTGTGC-1,1
pbmc,CTGAGGCAGGGAGATA-1,1
pbmc,CTGAGGCAGTGATGGC-1,1
pbmc,CTGAGGCCAAGCGATG-1,1
pbmc,CTGAGGCCAGCGATTT-1,1
pbmc,CTGAGGCGTATTTCTC-1,1
pbmc,CTGAGGCGTGACATCT-1,1
pbmc,CTGAGGCGTGGTCAAG-1,1
pbmc,CTGAGGCGTTCAGCGC-1,170
pbmc,CTGAGGCTCAGACTGT-1,1
pbmc,CTGAGGCTCAGAGTTC-1,1
pbmc,CTGAGGCTCCATAAGC-1,1
pbmc,CTGAGGCTCCGGCAGT-1,1
pbmc,CTGAGGCTCCTTGAAG-1,4
pbmc,CTGAGGCTCGGTCTAA-1,1
pbmc,CTGATCCAGAAGGATG-1,1
pbmc,CTGATCCAGACGACGT-1,1
pbmc,CTGATCCAGACGATAT-1,1
pbmc,CTGATCCAGAGATCGC-1,1
pbmc,CTGATCCAGATCTGTT-1,1
pbmc,CTGATCCAGCATGATA-1,2
pbmc,CTGATCCAGGGCAAGG-1,1
pbmc,CTGATCCAGTAATCCC-1,1
pbmc,CTGATCCAGTGACCTT-1,1
pbmc,CTGATCCCAAATGAAC-1,1
pbmc,CTGATCCCAACAAAGT-1,2
pbmc,CTGATCCCAACAGCCC-1,1
pbmc,CTGATCCCAACTCCCT-1,1
pbmc,CTGATCCCACCTATAG-1,1
pbmc,CTGATCCCACGAGGTA-1,1
pbmc,CTGATCCCACTATGTG-1,1
pbmc,CTGATCCCACTTCGAA-1,2
pbmc,CTGATCCCACTTGAAC-1,1
pbmc,CTGATCCCACTTGGGC-1,1
pbmc,CTGATCCCAGCTTCCT-1,2
pbmc,CTGATCCCATCCAACA-1,2
pbmc,CTGATCCCATGGCTGC-1,1
pbmc,CTGATCCCATGGTAGG-1,1
pbmc,CTGATCCGTAGACAAT-1,2
pbmc,CTGATCCGTAGACGGT-1,2
pbmc,CTGATCCGTCATCTAG-1,1
pbmc,CTGATCCGTCCGGACT-1,1
pbmc,CTGATCCGTCGCGTCA-1,167
pbmc,CTGATCCGTTAGCGGA-1,1
pbmc,CTGATCCTCCACACAA-1,1
pbmc,CTGATCCTCCCTCTAG-1,233
pbmc,CTGATCCTCGAGAAAT-1,1
pbmc,CTGATCCTCGTCCATC-1,1
pbmc,CTGATCCTCTATTCGT-1,1
pbmc,CTGATCCTCTCTCCGA-1,7
pbmc,CTGATCCTCTTTGATC-1,1
pbmc,CTGCAGGAGACATAGT-1,1
pbmc,CTGCAGGAGCCATTGT-1,209
pbmc,CTGCAGGAGCTACTGC-1,1
pbmc,CTGCAGGAGTCATTGT-1,1
pbmc,CTGCAGGAGTTCGCAT-1,1
pbmc,CTGCAGGCAACATCGT-1,1
pbmc,CTGCAGGCACCCTATC-1,1
pbmc,CTGCAGGGTCCAACGC-1,1
pbmc,CTGCAGGGTCCTGGGT-1,1
pbmc,CTGCAGGGTGACATCT-1,1
pbmc,CTGCAGGTCACAAGAA-1,1
pbmc,CTGCAGGTCACCACAA-1,1
pbmc,CTGCAGGTCCGTTGAA-1,1
pbmc,CTGCAGGTCGAACTCA-1,2
pbmc,CTGCATCAGAACCCGA-1,1
pbmc,CTGCATCAGACAGCTG-1,1
pbmc,CTGCATCAGAGTCAGC-1,1
pbmc,CTGCATCAGCCGAACA-1,3
pbmc,CTGCATCAGCGTCAAG-1,71
pbmc,CTGCATCAGCGTTCCG-1,1
pbmc,CTGCATCAGCTCATAC-1,1
pbmc,CTGCATCAGGTCTACT-1,1
pbmc,CTGCATCAGTTGAAAC-1,1
pbmc,CTGCATCCAATTCGTG-1,1
pbmc,CTGCATCGTAAGATAC-1,1
pbmc,CTGCATCGTAAGCTCT-1,208
pbmc,CTGCATCGTACGACAG-1,1
pbmc,CTGCATCGTATTGGCT-1,1
pbmc,CTGCATCGTCTTGAGT-1,1
pbmc,CTGCATCGTGTCGATT-1,1
pbmc,CTGCATCGTTGGTACT-1,1
pbmc,CTGCATCTCAAAGCCT-1,1
pbmc,CTGCATCTCAACCTTT-1,1
pbmc,CTGCATCTCCAACACA-1,1
pbmc,CTGCATCTCTACCACC-1,1
pbmc,CTGCCATAGAACTTCC-1,1
pbmc,CTGCCATAGAATCTAG-1,1
pbmc,CTGCCATAGATCGCCC-1,1
pbmc,CTGCCATAGCACCAGA-1,1
pbmc,CTGCCATAGCTTTCCC-1,1
pbmc,CTGCCATAGGATTTAG-1,1
pbmc,CTGCCATAGGCAGTCA-1,1
pbmc,CTGCCATAGGGCTTCC-1,1
pbmc,CTGCCATCAAACTCGT-1,1
pbmc,CTGCCATCAACCACGC-1,1
pbmc,CTGCCATCAAGATGTA-1,1
pbmc,CTGCCATCAAGTCTTG-1,1
pbmc,CTGCCATCACAACGTT-1,1
pbmc,CTGCCATCACACCTGG-1,1
pbmc,CTGCCATCACATTACG-1,1
pbmc,CTGCCATCACTACTTT-1,1
pbmc,CTGCCATCAGCAAGAC-1,1
pbmc,CTGCCATCAGGACAGT-1,1
pbmc,CTGCCATCAGGCTATT-1,1
pbmc,CTGCCATCAGGTGGAT-1,1
pbmc,CTGCCATCATATCGGT-1,1
pbmc,CTGCCATGTCACGACC-1,2
pbmc,CTGCCATGTCGAAACG-1,3
pbmc,CTGCCATGTCTCTCTG-1,1
pbmc,CTGCCATGTCTTACTT-1,1
pbmc,CTGCCATGTGCCTTTC-1,1
pbmc,CTGCCATGTTGTCCCT-1,1
pbmc,CTGCCATGTTTCGTAG-1,1
pbmc,CTGCCATGTTTCGTTT-1,1
pbmc,CTGCCATTCAAAGACA-1,1
pbmc,CTGCCATTCAAGCGTT-1,2
pbmc,CTGCCATTCAATCGGT-1,1
pbmc,CTGCCATTCAGTGTGT-1,1
pbmc,CTGCCATTCAGTGTTG-1,326
pbmc,CTGCCATTCCACTAGA-1,1
pbmc,CTGCCATTCGGAACTT-1,436
pbmc,CTGCCATTCTTCTGTA-1,1
pbmc,CTGCCTAAGAAACCAT-1,2
pbmc,CTGCCTAAGAAATTCG-1,1
pbmc,CTGCCTAAGACTCATC-1,1
pbmc,CTGCCTAAGCTACAAA-1,1
pbmc,CTGCCTAAGGAACTCG-1,1
pbmc,CTGCCTAAGGCTGGAT-1,1
pbmc,CTGCCTAAGGGCTGAT-1,1
pbmc,CTGCCTAAGTCAGCGA-1,1
pbmc,CTGCCTACAAGACTGG-1,129
pbmc,CTGCCTACACACGGTC-1,1
pbmc,CTGCCTACACAGCGCT-1,1
pbmc,CTGCCTACAGACTGTT-1,1
pbmc,CTGCCTACAGAGGAAA-1,1
pbmc,CTGCCTACAGCCGGTT-1,2
pbmc,CTGCCTACAGTCTACA-1,1
pbmc,CTGCCTACATCAGCGC-1,1
pbmc,CTGCCTACATCATTGG-1,1
pbmc,CTGCCTAGTAGTTAGA-1,1
pbmc,CTGCCTAGTATCCTTT-1,1
pbmc,CTGCCTAGTGTAAACA-1,1
pbmc,CTGCCTAGTTCAAACC-1,1
pbmc,CTGCCTATCAGCCCAG-1,1
pbmc,CTGCCTATCCATTTAC-1,1
pbmc,CTGCCTATCCCTCGTA-1,1
pbmc,CTGCCTATCTCCAATT-1,1
pbmc,CTGCCTATCTGTCGTC-1,1
pbmc,CTGCCTATCTTGATTC-1,202
pbmc,CTGCGAGAGACAGCGT-1,1
pbmc,CTGCGAGAGAGATTGC-1,1
pbmc,CTGCGAGAGATGTTCC-1,2
pbmc,CTGCGAGAGATTAGAC-1,152
pbmc,CTGCGAGAGCAAGTGC-1,1
pbmc,CTGCGAGAGTAAGACT-1,1
pbmc,CTGCGAGAGTACACTT-1,1
pbmc,CTGCGAGAGTCATGAA-1,1
pbmc,CTGCGAGAGTGCACTT-1,321
pbmc,CTGCGAGAGTTGTAAG-1,1
pbmc,CTGCGAGCAACTTGCA-1,1
pbmc,CTGCGAGCAATGTTGC-1,1
pbmc,CTGCGAGCAATTCGTG-1,1
pbmc,CTGCGAGCAGATTAGA-1,1
pbmc,CTGCGAGCAGATTCGT-1,241
pbmc,CTGCGAGCATCTAGAC-1,1
pbmc,CTGCGAGCATGGCACC-1,2
pbmc,CTGCGAGCATTCCTCG-1,1
pbmc,CTGCGAGCATTGGGAG-1,1
pbmc,CTGCGAGGTACAGAAT-1,1
pbmc,CTGCGAGGTAGGTTTC-1,121
pbmc,CTGCGAGGTCCAGCGT-1,3
pbmc,CTGCGAGGTCTGTCAA-1,1
pbmc,CTGCGAGGTGACCGAA-1,1
pbmc,CTGCGAGGTGCAGGAT-1,1
pbmc,CTGCGAGGTGGAGAAA-1,1
pbmc,CTGCGAGGTTCATCGA-1,1
pbmc,CTGCGAGGTTGATCGT-1,1
pbmc,CTGCGAGGTTTACCTT-1,1
pbmc,CTGCGAGTCACTGGGC-1,1
pbmc,CTGCGAGTCAGACTGT-1,2
pbmc,CTGCGAGTCCCATACC-1,1
pbmc,CTGCGAGTCGGTGCAC-1,1
pbmc,CTGCGAGTCGTCGACG-1,1
pbmc,CTGCGAGTCTAAGCCA-1,2
pbmc,CTGCGAGTCTGGTTGA-1,1
pbmc,CTGCTCAAGAACAAGG-1,1
pbmc,CTGCTCAAGACTTGTC-1,1
pbmc,CTGCTCAAGCATTGTC-1,1
pbmc,CTGCTCAAGCTGACCC-1,1
pbmc,CTGCTCAAGGCTCACC-1,2
pbmc,CTGCTCAAGTGCCGAA-1,1
pbmc,CTGCTCACAAAGCTCT-1,1
pbmc,CTGCTCACAACTAGAA-1,1
pbmc,CTGCTCACAATAGAGT-1,1
pbmc,CTGCTCACACACGGAA-1,1
pbmc,CTGCTCACACATATGC-1,1
pbmc,CTGCTCACAGAACATA-1,1
pbmc,CTGCTCACAGCGTTTA-1,433
pbmc,CTGCTCACATGTCTAG-1,1
pbmc,CTGCTCACATGTTCGA-1,1
pbmc,CTGCTCAGTAAGAACT-1,1
pbmc,CTGCTCAGTACTGAGG-1,1
pbmc,CTGCTCAGTAGAGTTA-1,1
pbmc,CTGCTCAGTCTTAGTG-1,1
pbmc,CTGCTCAGTTATAGAG-1,1
pbmc,CTGCTCAGTTCCTACC-1,1
pbmc,CTGCTCAGTTTACGAC-1,1
pbmc,CTGCTCATCAGGCGAA-1,1
pbmc,CTGCTCATCAGTGTGT-1,1
pbmc,CTGCTCATCCGTGTCT-1,1
pbmc,CTGCTCATCCTAGCCT-1,1
pbmc,CTGCTCATCCTGGGTG-1,1
pbmc,CTGCTCATCGCCTCTA-1,1
pbmc,CTGCTCATCGGACGTC-1,1
pbmc,CTGCTCATCGTTGCCT-1,1
pbmc,CTGCTCATCTATCCAT-1,1
pbmc,CTGGACGAGACCTTTG-1,1
pbmc,CTGGACGAGAGATCGC-1,2
pbmc,CTGGACGAGCCTAGGA-1,1
pbmc,CTGGACGAGGTCATCT-1,1
pbmc,CTGGACGAGTAACAGT-1,1
pbmc,CTGGACGCAACGATTC-1,381
pbmc,CTGGACGCAAGGTCAG-1,1
pbmc,CTGGACGCAAGTCATC-1,1
pbmc,CTGGACGCAAGTTCCA-1,1
pbmc,CTGGACGCAATCTCTT-1,1
pbmc,CTGGACGCACAAACGG-1,1
pbmc,CTGGACGCACACGGTC-1,287
pbmc,CTGGACGCAGCTTCGG-1,1
pbmc,CTGGACGCATTGGATC-1,1
pbmc,CTGGACGGTACCATAC-1,1
pbmc,CTGGACGGTAGCGTCC-1,1
pbmc,CTGGACGGTAGTCACT-1,1
pbmc,CTGGACGGTCACAGAG-1,1
pbmc,CTGGACGGTCACTCTC-1,1
pbmc,CTGGACGGTCCGGTCA-1,1
pbmc,CTGGACGGTTAATGAG-1,1
pbmc,CTGGACGGTTCCCAAA-1,276
pbmc,CTGGACGGTTCTTCAT-1,1
pbmc,CTGGACGGTTGCGGCT-1,1
pbmc,CTGGACGTCACGATAC-1,1
pbmc,CTGGACGTCCTGGCTT-1,1
pbmc,CTGGACGTCTCATTTG-1,403
pbmc,CTGGACGTCTCCATAT-1,2
pbmc,CTGGCAGAGAATGTTG-1,1
pbmc,CTGGCAGAGGCATGGT-1,1
pbmc,CTGGCAGAGGTGAGAA-1,1
pbmc,CTGGCAGAGTCAATCC-1,1
pbmc,CTGGCAGAGTCTTCCC-1,1
pbmc,CTGGCAGCAATAGAGT-1,1
pbmc,CTGGCAGCACATCATG-1,2
pbmc,CTGGCAGCACCAAATC-1,1
pbmc,CTGGCAGCACTGTCGG-1,1
pbmc,CTGGCAGCAGAAGTTA-1,1
pbmc,CTGGCAGCAGTCGAGA-1,1
pbmc,CTGGCAGCAGTTTGGT-1,1
pbmc,CTGGCAGCATACGCAT-1,1
pbmc,CTGGCAGCATCCGGCA-1,1
pbmc,CTGGCAGGTAACGATA-1,1
pbmc,CTGGCAGGTACACGTT-1,1
pbmc,CTGGCAGGTCACGTGC-1,2
pbmc,CTGGCAGGTGCCGGTT-1,1
pbmc,CTGGCAGGTTGCAAGG-1,47
pbmc,CTGGCAGGTTGGGTTT-1,1
pbmc,CTGGCAGTCCGAACGC-1,1
pbmc,CTGGCAGTCGCACGAC-1,1
pbmc,CTGGCAGTCGTAACCA-1,1
pbmc,CTGGCAGTCGTCTCAC-1,196
pbmc,CTGGTCTAGACCTCAT-1,1
pbmc,CTGGTCTAGACGCCAA-1,1
pbmc,CTGGTCTAGGAGCTGT-1,1
pbmc,CTGGTCTAGGGCAAGG-1,1
pbmc,CTGGTCTAGTCTTGCG-1,1
pbmc,CTGGTCTCAAGACGAC-1,1
pbmc,CTGGTCTCAAGGATGC-1,2
pbmc,CTGGTCTCAATAACGA-1,2
pbmc,CTGGTCTCACATATCG-1,1
pbmc,CTGGTCTCATGGTACT-1,1
pbmc,CTGGTCTCATTGAGCT-1,1
pbmc,CTGGTCTGTAGCACAG-1,1
pbmc,CTGGTCTGTAGGAGGG-1,1
pbmc,CTGGTCTGTCAGTCTA-1,1
pbmc,CTGGTCTGTCATCCCT-1,1
pbmc,CTGGTCTGTGCAGTGA-1,1
pbmc,CTGGTCTGTTACAGCT-1,1
pbmc,CTGGTCTTCACCTACC-1,2
pbmc,CTGGTCTTCATCGCTC-1,1
pbmc,CTGGTCTTCATTCGTT-1,1
pbmc,CTGGTCTTCGAATCCA-1,1
pbmc,CTGTACCAGAAGAGCA-1,1
pbmc,CTGTACCAGACCAGAC-1,1
pbmc,CTGTACCAGATACTGA-1,1
pbmc,CTGTACCAGCTGACTT-1,1
pbmc,CTGTACCAGTTCGCAT-1,1
pbmc,CTGTACCCAACTGCCG-1,1
pbmc,CTGTACCCACAACGTT-1,1
pbmc,CTGTACCCAGCGAGTA-1,1
pbmc,CTGTACCCAGTTGGTT-1,1
pbmc,CTGTACCCATGGAAGC-1,2
pbmc,CTGTACCCATTCCTCG-1,1
pbmc,CTGTACCCATTGAGCT-1,1
pbmc,CTGTACCGTCACCTTC-1,1
pbmc,CTGTACCGTGCGAGTA-1,1
pbmc,CTGTACCTCACTACTT-1,1
pbmc,CTGTACCTCCATTGCC-1,1
pbmc,CTGTACCTCCTCTAGC-1,1
pbmc,CTGTACCTCTTTACAC-1,1
pbmc,CTGTAGAAGAGCAGAA-1,1
pbmc,CTGTAGAAGCCATTGT-1,2
pbmc,CTGTAGAAGCTAATCC-1,1
pbmc,CTGTAGAAGGCACTAG-1,1
pbmc,CTGTAGAAGGTCCAGA-1,1
pbmc,CTGTAGAAGTCATAGA-1,2
pbmc,CTGTAGACAAATGAGT-1,1
pbmc,CTGTAGACACAACCGC-1,1
pbmc,CTGTAGACACATGGTT-1,1
pbmc,CTGTAGACACTACTTT-1,1
pbmc,CTGTAGACAGACACCC-1,1
pbmc,CTGTAGACATTGACTG-1,2
pbmc,CTGTAGAGTACTCGAT-1,1
pbmc,CTGTAGAGTAGGATAT-1,1
pbmc,CTGTAGAGTCCGGTCA-1,1
pbmc,CTGTAGATCACATCAG-1,1
pbmc,CTGTAGATCACCATGA-1,1
pbmc,CTGTAGATCCATTCGC-1,1
pbmc,CTGTAGATCCCGAACG-1,1
pbmc,CTGTAGATCCTTCTTC-1,1
pbmc,CTGTAGATCGGTCAGC-1,1
pbmc,CTGTAGATCTAGTACG-1,1
pbmc,CTGTAGATCTGTGCGG-1,1
pbmc,CTGTATTAGATCCTAC-1,1
pbmc,CTGTATTAGCAACTCT-1,1
pbmc,CTGTATTAGCAGGCTA-1,1
pbmc,CTGTATTCAGAACTCT-1,1
pbmc,CTGTATTCAGCTGTCG-1,1
pbmc,CTGTATTCATATTCGG-1,1
pbmc,CTGTATTGTACGTTCA-1,2
pbmc,CTGTATTGTCATAAAG-1,1
pbmc,CTGTATTGTGCTTCAA-1,1
pbmc,CTGTATTTCACAATGC-1,1
pbmc,CTGTATTTCAGGAGAC-1,1
pbmc,CTGTATTTCAGTCAGT-1,1
pbmc,CTGTATTTCGAGTGAG-1,1
pbmc,CTGTCGTAGAACAGGA-1,1
pbmc,CTGTCGTAGAGGCGGA-1,1
pbmc,CTGTCGTAGCTGGCCT-1,242
pbmc,CTGTCGTAGGCACTCC-1,1
pbmc,CTGTCGTAGTCACACT-1,1
pbmc,CTGTCGTAGTTACGTC-1,2
pbmc,CTGTCGTCAAGACCGA-1,1
pbmc,CTGTCGTCACAAATAG-1,1
pbmc,CTGTCGTCAGAGATTA-1,1
pbmc,CTGTCGTCAGCTGCCA-1,1
pbmc,CTGTCGTCAGGAGGTT-1,1
pbmc,CTGTCGTGTATACCCA-1,1
pbmc,CTGTCGTGTCGATTAC-1,1
pbmc,CTGTCGTTCACTCACC-1,1
pbmc,CTGTCGTTCCATACAG-1,1
pbmc,CTGTCGTTCCCTCGTA-1,1
pbmc,CTGTCGTTCGCCACTT-1,2
pbmc,CTGTCGTTCGTAACCA-1,1
pbmc,CTGTCGTTCTAGCATG-1,2
pbmc,CTGTCGTTCTATTTCG-1,1
pbmc,CTGTCGTTCTTAGCCC-1,1
pbmc,CTGTGAAAGCGCCTTG-1,1
pbmc,CTGTGAAAGGAACGCT-1,248
pbmc,CTGTGAAAGGTCATTC-1,1
pbmc,CTGTGAACAACTCGTA-1,2
pbmc,CTGTGAACAAGTGATA-1,1
pbmc,CTGTGAACACAACATC-1,1
pbmc,CTGTGAACACCGCTAG-1,2
pbmc,CTGTGAACAGGCACAA-1,1
pbmc,CTGTGAACATAATCGC-1,1
pbmc,CTGTGAACATGGTACT-1,1
pbmc,CTGTGAACATTGAAGA-1,1
pbmc,CTGTGAAGTAACATAG-1,1
pbmc,CTGTGAAGTAGAGCTG-1,1
pbmc,CTGTGAAGTATCAGGG-1,1
pbmc,CTGTGAAGTATCATGC-1,2
pbmc,CTGTGAAGTCTCTCCA-1,1
pbmc,CTGTGAAGTGCTAGCC-1,1
pbmc,CTGTGAAGTTGTATGC-1,1
pbmc,CTGTGAATCATCACTC-1,1
pbmc,CTGTGAATCATCGCTC-1,177
pbmc,CTGTGAATCCTCAGGG-1,2
pbmc,CTGTGAATCTAAGAAG-1,1
pbmc,CTGTGAATCTAGTTCT-1,1
pbmc,CTGTGAATCTCAATCT-1,2
pbmc,CTGTGGGAGACATACA-1,1
pbmc,CTGTGGGAGACATCCT-1,1
pbmc,CTGTGGGAGACCAAGC-1,1
pbmc,CTGTGGGAGAGCCCAA-1,1
pbmc,CTGTGGGAGATGACAT-1,1
pbmc,CTGTGGGAGCAGCCCT-1,1
pbmc,CTGTGGGAGCATGATA-1,1
pbmc,CTGTGGGAGCGCACAA-1,2
pbmc,CTGTGGGAGGTTCCAT-1,1
pbmc,CTGTGGGCAAAGGCGT-1,1
pbmc,CTGTGGGCACAATGTC-1,1
pbmc,CTGTGGGCAGGCGAAT-1,1
pbmc,CTGTGGGGTAGTACGG-1,1
pbmc,CTGTGGGGTCACCGAC-1,1
pbmc,CTGTGGGGTCAGATTC-1,1
pbmc,CTGTGGGGTCATCGCG-1,1
pbmc,CTGTGGGGTCGTGATT-1,275
pbmc,CTGTGGGGTGACGTCC-1,1
pbmc,CTGTGGGGTGCTCTTC-1,1
pbmc,CTGTGGGGTGGACAGT-1,1
pbmc,CTGTGGGGTTGCGTAT-1,1
pbmc,CTGTGGGTCAAGCCAT-1,1
pbmc,CTGTGGGTCAGCACCG-1,1
pbmc,CTGTGGGTCAGTGGGA-1,1
pbmc,CTGTGGGTCCAGCAAT-1,1
pbmc,CTGTGGGTCCCAATAG-1,1
pbmc,CTGTGGGTCGCTGTTC-1,2
pbmc,CTGTGGGTCTCTCCGA-1,1
pbmc,CTGTGGGTCTGTACAG-1,2
pbmc,CTTACCGAGACCTTTG-1,1
pbmc,CTTACCGAGCCATCCG-1,1
pbmc,CTTACCGAGCTTTGTG-1,1
pbmc,CTTACCGAGGCTTAGG-1,1
pbmc,CTTACCGAGTAACCTC-1,1
pbmc,CTTACCGAGTGGAAAG-1,1
pbmc,CTTACCGAGTTCCATG-1,1
pbmc,CTTACCGCAAGCTGTT-1,1
pbmc,CTTACCGCAATAGAGT-1,1
pbmc,CTTACCGCAATGTTGC-1,1
pbmc,CTTACCGCACGGTGTC-1,1
pbmc,CTTACCGCAGAACTTC-1,1
pbmc,CTTACCGCAGACCCGT-1,1
pbmc,CTTACCGCAGAGTTCT-1,1
pbmc,CTTACCGCAGCACAAG-1,1
pbmc,CTTACCGCAGCGACAA-1,1
pbmc,CTTACCGCAGTGGGTA-1,1
pbmc,CTTACCGCATAGACTC-1,1
pbmc,CTTACCGCATCGATTG-1,1
pbmc,CTTACCGCATGGAAGC-1,2
pbmc,CTTACCGCATGTGGTT-1,12
pbmc,CTTACCGGTAACGTTC-1,1
pbmc,CTTACCGGTAGCGCTC-1,1
pbmc,CTTACCGGTCGCACAC-1,1
pbmc,CTTACCGGTGCCCTTT-1,1
pbmc,CTTACCGGTTCTGACA-1,1
pbmc,CTTACCGGTTTCTTAC-1,6
pbmc,CTTAGGAAGAGCTGCA-1,1
pbmc,CTTAGGAAGCTTGTGT-1,1
pbmc,CTTAGGAAGTTATGGA-1,2
pbmc,CTTAGGACAAAGTCAA-1,1
pbmc,CTTAGGACAGACCCGT-1,2
pbmc,CTTAGGACAGTGCCTG-1,1
pbmc,CTTAGGACATACCATG-1,2
pbmc,CTTAGGAGTAATGCGG-1,1
pbmc,CTTAGGAGTCGCACGT-1,1
pbmc,CTTAGGAGTCTGTAGT-1,1
pbmc,CTTAGGAGTCTGTGGC-1,142
pbmc,CTTAGGAGTCTGTTAG-1,1
pbmc,CTTAGGAGTGAAAGTT-1,1
pbmc,CTTAGGAGTTAATCGC-1,1
pbmc,CTTAGGATCCCTCATG-1,2
pbmc,CTTAGGATCCGTTTCG-1,1
pbmc,CTTAGGATCCTATTGT-1,1
pbmc,CTTAGGATCGACACTA-1,1
pbmc,CTTAGGATCTCCGTGT-1,2
pbmc,CTTCAATAGAAGCTGC-1,1
pbmc,CTTCAATAGCACCAGA-1,1
pbmc,CTTCAATAGGTTCTAC-1,1
pbmc,CTTCAATAGTCATGCT-1,1
pbmc,CTTCAATAGTCATTGC-1,1
pbmc,CTTCAATAGTGCACTT-1,1
pbmc,CTTCAATCAAAGGCGT-1,1
pbmc,CTTCAATCAACATACC-1,1
pbmc,CTTCAATCAAGGAGTC-1,1
pbmc,CTTCAATCAATACGAA-1,1
pbmc,CTTCAATCACAGAGAC-1,1
pbmc,CTTCAATCACCATAAC-1,2
pbmc,CTTCAATCAGTCAGCC-1,1
pbmc,CTTCAATCATCCGGCA-1,1
pbmc,CTTCAATCATGGACTT-1,1
pbmc,CTTCAATGTAACGTTC-1,1
pbmc,CTTCAATGTAGCTAAA-1,1
pbmc,CTTCAATGTCACTTCC-1,1
pbmc,CTTCAATGTCTTCCGT-1,1
pbmc,CTTCAATGTCTTGCGG-1,1
pbmc,CTTCAATGTGTTCATG-1,1
pbmc,CTTCAATGTTGGACTT-1,288
pbmc,CTTCAATGTTTCACTT-1,1
pbmc,CTTCAATTCAGGACGA-1,1
pbmc,CTTCAATTCATCTGTT-1,1
pbmc,CTTCAATTCCCATAGA-1,1
pbmc,CTTCAATTCCTACGAA-1,1
pbmc,CTTCAATTCGAAGCAG-1,1
pbmc,CTTCAATTCGAGAGCA-1,25
pbmc,CTTCAATTCGGAACTT-1,1
pbmc,CTTCAATTCGTTCAGA-1,1
pbmc,CTTCAATTCTGGAATT-1,1
pbmc,CTTCCGAAGATGCTTC-1,1
pbmc,CTTCCGAAGCAGGCTA-1,1
pbmc,CTTCCGAAGCATACTC-1,1
pbmc,CTTCCGACAAGAAATC-1,2
pbmc,CTTCCGACAAGGCCTC-1,3
pbmc,CTTCCGACACCGTCTT-1,1
pbmc,CTTCCGACAGCTATAC-1,1
pbmc,CTTCCGACAGCTGTTA-1,1
pbmc,CTTCCGACATACCATG-1,1
pbmc,CTTCCGAGTACATTGC-1,1
pbmc,CTTCCGAGTTCAAGTC-1,1
pbmc,CTTCCGAGTTCTAAGC-1,1
pbmc,CTTCCGATCAGCTTGA-1,1
pbmc,CTTCCGATCCACATAG-1,1
pbmc,CTTCCGATCGCAATGT-1,1
pbmc,CTTCCTTAGAATAGTC-1,1
pbmc,CTTCCTTAGAGGTATT-1,1
pbmc,CTTCCTTAGAGTCTTC-1,1
pbmc,CTTCCTTAGCAGGCTA-1,1
pbmc,CTTCCTTAGCATAGGC-1,1
pbmc,CTTCCTTAGCATGCAG-1,1
pbmc,CTTCCTTAGTCAATCC-1,1
pbmc,CTTCCTTAGTGATGGC-1,1
pbmc,CTTCCTTCAAATCAAG-1,1
pbmc,CTTCCTTCAAGGAGTC-1,1
pbmc,CTTCCTTCAAGGCGTA-1,1
pbmc,CTTCCTTCACCCTTAC-1,1
pbmc,CTTCCTTCACCTCGTT-1,1
pbmc,CTTCCTTCACGACGAA-1,1
pbmc,CTTCCTTCACGCAGTC-1,1
pbmc,CTTCCTTCACTTGGCG-1,1
pbmc,CTTCCTTGTATAGGAT-1,1
pbmc,CTTCCTTGTTAAGACA-1,1
pbmc,CTTCCTTGTTCTCTAT-1,1
pbmc,CTTCCTTTCAAACGTC-1,1
pbmc,CTTCCTTTCAACGTGT-1,1
pbmc,CTTCCTTTCAAGGAGC-1,1
pbmc,CTTCCTTTCAGACCGC-1,2
pbmc,CTTCCTTTCAGACCTA-1,1
pbmc,CTTCCTTTCGAGCACC-1,1
pbmc,CTTCCTTTCTATGTGG-1,1
pbmc,CTTCCTTTCTCGAGTA-1,2
pbmc,CTTCCTTTCTGAGGTT-1,1
pbmc,CTTCGGTAGAATCTAG-1,1
pbmc,CTTCGGTAGACGAAGA-1,1
pbmc,CTTCGGTAGAGCACTG-1,1
pbmc,CTTCGGTAGATTGATG-1,1
pbmc,CTTCGGTAGCATGGGT-1,1
pbmc,CTTCGGTAGCGCACAA-1,1
pbmc,CTTCGGTAGGATATAC-1,1
pbmc,CTTCGGTCAAGTAGTA-1,2
pbmc,CTTCGGTCAATACGAA-1,1
pbmc,CTTCGGTCAATTTCTC-1,1
pbmc,CTTCGGTCACGTTCGG-1,210
pbmc,CTTCGGTCAGCTACTA-1,1
pbmc,CTTCGGTCAGTATGAA-1,1
pbmc,CTTCGGTCATGGAACG-1,1
pbmc,CTTCGGTGTAATGTGA-1,1
pbmc,CTTCGGTGTACTAACC-1,1
pbmc,CTTCGGTGTAGCTGCC-1,1
pbmc,CTTCGGTGTAGTTACC-1,1
pbmc,CTTCGGTGTCGGCACT-1,1
pbmc,CTTCGGTGTTCAGGTT-1,1
pbmc,CTTCGGTTCAAGAGGC-1,1
pbmc,CTTCGGTTCCAAGAGG-1,154
pbmc,CTTCGGTTCCCTATTA-1,1
pbmc,CTTCGGTTCGTGCGAC-1,1
pbmc,CTTCTAAAGGAAGTAG-1,1
pbmc,CTTCTAAAGGCACTCC-1,1
pbmc,CTTCTAAAGTAATTGG-1,1
pbmc,CTTCTAAAGTCACTGT-1,1
pbmc,CTTCTAAAGTCGCTAT-1,1
pbmc,CTTCTAACAACAAGAT-1,1
pbmc,CTTCTAACAACTCGTA-1,1
pbmc,CTTCTAACACATATCG-1,1
pbmc,CTTCTAACACGGCTAC-1,1
pbmc,CTTCTAAGTAGTTCCA-1,1
pbmc,CTTCTAAGTGACAGCA-1,1
pbmc,CTTCTAAGTTGTGGAG-1,1
pbmc,CTTCTAATCAAGAAAC-1,1
pbmc,CTTCTAATCACTACTT-1,1
pbmc,CTTCTAATCCCTAGGG-1,1
pbmc,CTTCTAATCGCGGACT-1,1
pbmc,CTTCTAATCGGTCACG-1,1
pbmc,CTTCTCTAGAGTTGCG-1,1
pbmc,CTTCTCTAGCATGGGT-1,1
pbmc,CTTCTCTAGCTGAAAT-1,1
pbmc,CTTCTCTAGGTAAAGG-1,1
pbmc,CTTCTCTAGTCGAGGT-1,1
pbmc,CTTCTCTCAACCAGAG-1,1
pbmc,CTTCTCTCAAGATGTA-1,1
pbmc,CTTCTCTCAATACGCT-1,1
pbmc,CTTCTCTCATGCATGT-1,1
pbmc,CTTCTCTCATTCCTAT-1,1
pbmc,CTTCTCTGTAACGATA-1,2
pbmc,CTTCTCTGTAAGCGGT-1,1
pbmc,CTTCTCTGTACGAGCA-1,2
pbmc,CTTCTCTGTCGTGATT-1,1
pbmc,CTTCTCTTCATCGACA-1,1
pbmc,CTTCTCTTCATGTAGT-1,1
pbmc,CTTCTCTTCCGTTTCG-1,1
pbmc,CTTCTCTTCCTACAAG-1,290
pbmc,CTTCTCTTCCTACCGT-1,1
pbmc,CTTCTCTTCGGAGTAG-1,1
pbmc,CTTCTCTTCGTGTTCC-1,1
pbmc,CTTCTCTTCTCGCAGG-1,1
pbmc,CTTCTCTTCTGAGGTT-1,1
pbmc,CTTGAGAAGAATTGCA-1,294
pbmc,CTTGAGAAGAATTTGG-1,1
pbmc,CTTGAGACAACAGCCC-1,1
pbmc,CTTGAGACAAGTTGGG-1,1
pbmc,CTTGAGACACAAATGA-1,1
pbmc,CTTGAGACACTAACCA-1,1
pbmc,CTTGAGACAGACCAAG-1,2
pbmc,CTTGAGACAGCTGTTA-1,1
pbmc,CTTGAGACATGGGTCC-1,1
pbmc,CTTGAGAGTACAGCGA-1,1
pbmc,CTTGAGAGTGGCACTC-1,2
pbmc,CTTGAGAGTTAAACAG-1,1
pbmc,CTTGAGATCAGCTAGT-1,1
pbmc,CTTGAGATCCATGCAA-1,1
pbmc,CTTGAGATCCCATGGG-1,1
pbmc,CTTGAGATCCCGAGGT-1,12
pbmc,CTTGAGATCCTTTAGT-1,1
pbmc,CTTGAGATCGGTGAAG-1,1
pbmc,CTTGAGATCGTTGCCT-1,1
pbmc,CTTGAGATCTTGGAAC-1,1
pbmc,CTTGAGATCTTGGCTC-1,1
pbmc,CTTGATTAGCAAATGT-1,1
pbmc,CTTGATTAGCAACTCT-1,2
pbmc,CTTGATTAGCAAGCCA-1,1
pbmc,CTTGATTAGCCTGAGA-1,1
pbmc,CTTGATTAGCCTGCCA-1,1
pbmc,CTTGATTAGGATTACA-1,1
pbmc,CTTGATTAGGTAGGCT-1,160
pbmc,CTTGATTAGGTAGTAT-1,1
pbmc,CTTGATTAGTTAGGAC-1,1
pbmc,CTTGATTCACTCCCTA-1,1
pbmc,CTTGATTCAGACAAAT-1,1
pbmc,CTTGATTCAGCGAGTA-1,1
pbmc,CTTGATTCATACCAGT-1,1
pbmc,CTTGATTGTAACCCTA-1,1
pbmc,CTTGATTGTCGTCGGT-1,1
pbmc,CTTGATTGTGCCTAAT-1,1
pbmc,CTTGATTGTGCGTGCT-1,1
pbmc,CTTGATTGTTATGTCG-1,1
pbmc,CTTGATTTCCGTGTCT-1,2
pbmc,CTTGATTTCGTACACA-1,1
pbmc,CTTGATTTCTAAGAAG-1,1
pbmc,CTTTCAAAGAAATTCG-1,1
pbmc,CTTTCAAAGAAGCGAA-1,2
pbmc,CTTTCAAAGACATACA-1,1
pbmc,CTTTCAAAGCGATCGA-1,1
pbmc,CTTTCAACACTGCGAC-1,1
pbmc,CTTTCAACAGTTACCA-1,1
pbmc,CTTTCAAGTAGCGATG-1,1
pbmc,CTTTCAAGTCAGGTGA-1,1
pbmc,CTTTCAAGTCGGCCTA-1,2
pbmc,CTTTCAAGTGTCATGT-1,2
pbmc,CTTTCAAGTGTGTCCG-1,1
pbmc,CTTTCAATCAAGGACG-1,1
pbmc,CTTTCAATCACAAGGG-1,1
pbmc,CTTTCAATCATGAGGG-1,1
pbmc,CTTTCAATCCATCTGC-1,2
pbmc,CTTTCAATCCCTTGTG-1,1
pbmc,CTTTCAATCCGATGTA-1,1
pbmc,CTTTCAATCCGCATAA-1,1
pbmc,CTTTCAATCCTAGCCT-1,1
pbmc,CTTTCAATCCTGTTAT-1,1
pbmc,CTTTCAATCGGATAAA-1,1
pbmc,CTTTCAATCGGCTCTT-1,1
pbmc,CTTTCAATCGTAGGAG-1,1
pbmc,CTTTCAATCTAGGCCG-1,1
pbmc,CTTTCGGAGGCTTCCG-1,1
pbmc,CTTTCGGCAAGGCTTT-1,1
pbmc,CTTTCGGCAATTGAGA-1,1
pbmc,CTTTCGGCACCGAATT-1,1
pbmc,CTTTCGGCAGCTGCCA-1,1
pbmc,CTTTCGGCAGTCAGTT-1,1
pbmc,CTTTCGGCATGACACT-1,1
pbmc,CTTTCGGGTAATCAAG-1,1
pbmc,CTTTCGGGTACTCGAT-1,1
pbmc,CTTTCGGGTATACGGG-1,1
pbmc,CTTTCGGGTCTTGAAC-1,1
pbmc,CTTTCGGGTGCGTCGT-1,2
pbmc,CTTTCGGGTGTGTGTT-1,1
pbmc,CTTTCGGGTTCGGTTA-1,5
pbmc,CTTTCGGTCATGAGAA-1,1
pbmc,CTTTCGGTCATTATCC-1,1
pbmc,CTTTCGGTCCCTGTTG-1,1
pbmc,CTTTCGGTCCGATCTC-1,1
pbmc,CTTTCGGTCGCTAGCG-1,1
pbmc,CTTTCGGTCTGAACGT-1,1
pbmc,GAAACCTAGCAATAGT-1,1
pbmc,GAAACCTAGGAGGTTC-1,89
pbmc,GAAACCTAGGCTCCCA-1,1
pbmc,GAAACCTAGGTAGTCG-1,1
pbmc,GAAACCTAGTTTCGAC-1,1
pbmc,GAAACCTCAACCGACC-1,1
pbmc,GAAACCTCAAGTTCGT-1,1
pbmc,GAAACCTCATTCACCC-1,2
pbmc,GAAACCTGTATAGCTC-1,1
pbmc,GAAACCTGTCGCCTAG-1,1
pbmc,GAAACCTGTGACTCTA-1,1
pbmc,GAAACCTGTGGCCCAT-1,2
pbmc,GAAACCTGTTGCCTAA-1,1
pbmc,GAAACCTTCATCACCC-1,1
pbmc,GAAACCTTCATTTCGT-1,1
pbmc,GAAACCTTCCGCATAA-1,1
pbmc,GAAACCTTCTCATAGG-1,2
pbmc,GAAACCTTCTCTAGGA-1,1
pbmc,GAAACCTTCTGGCCAG-1,2
pbmc,GAAATGAAGAACTCCT-1,1
pbmc,GAAATGAAGAATTGCA-1,1
pbmc,GAAATGAAGACTTCCA-1,1
pbmc,GAAATGAAGATACCAA-1,1
pbmc,GAAATGAAGATTGATG-1,1
pbmc,GAAATGAAGCTACTGT-1,2
pbmc,GAAATGACAAAGTATG-1,2
pbmc,GAAATGACAACTCGTA-1,1
pbmc,GAAATGACAACTGCTA-1,1
pbmc,GAAATGACAATACCTG-1,1
pbmc,GAAATGACACAGAGAC-1,2
pbmc,GAAATGACATCGAACT-1,1
pbmc,GAAATGAGTACTGAGG-1,1
pbmc,GAAATGAGTATCTGCA-1,1
pbmc,GAAATGAGTATGAGAT-1,1
pbmc,GAAATGAGTCACACGC-1,1
pbmc,GAAATGAGTGAGCGAT-1,1
pbmc,GAAATGAGTGCCTTTC-1,1
pbmc,GAAATGAGTGGATGAC-1,1
pbmc,GAAATGAGTGGTCCGT-1,1
pbmc,GAAATGAGTGTTCGTA-1,1
pbmc,GAAATGATCACAAGAA-1,1
pbmc,GAAATGATCAGCGACT-1,1
pbmc,GAAATGATCATCCCGT-1,2
pbmc,GAAATGATCCGCATAA-1,1
pbmc,GAAATGATCTACTTCA-1,1
pbmc,GAAATGATCTCGCAGG-1,1
pbmc,GAAATGATCTTCTTCC-1,2
pbmc,GAACACTAGAGGTTTA-1,1
pbmc,GAACACTAGCTAATCC-1,1
pbmc,GAACACTAGCTGGTGA-1,1
pbmc,GAACACTAGGAGTCTG-1,1
pbmc,GAACACTAGTTGGCTT-1,1
pbmc,GAACACTCAAGACTGG-1,1
pbmc,GAACACTCAATTCGTG-1,1
pbmc,GAACACTCACGTAGTT-1,1
pbmc,GAACACTCACTTCCTG-1,1
pbmc,GAACACTCATGCCGCA-1,1
pbmc,GAACACTGTCATACCA-1,1
pbmc,GAACACTGTCCAAATC-1,1
pbmc,GAACACTGTGGGTTGA-1,1
pbmc,GAACACTGTGGTCTTA-1,1
pbmc,GAACACTGTTAAAGTG-1,1
pbmc,GAACACTGTTACGATC-1,1
pbmc,GAACACTGTTCAAGTC-1,1
pbmc,GAACACTGTTGGACTT-1,218
pbmc,GAACACTTCAAGCTGT-1,1
pbmc,GAACACTTCACTGTCC-1,1
pbmc,GAACACTTCATGCCCT-1,1
pbmc,GAACACTTCCATATGG-1,1
pbmc,GAACACTTCCCTCGTA-1,1
pbmc,GAACACTTCCTGTTGC-1,1
pbmc,GAACACTTCCTTCAGC-1,1
pbmc,GAACACTTCGAAGCCC-1,1
pbmc,GAACACTTCGCAATTG-1,2
pbmc,GAACACTTCGCCCAGA-1,1
pbmc,GAACACTTCTCGTTTA-1,1
pbmc,GAACACTTCTGGTGCG-1,1
pbmc,GAACGTTAGCAACCAG-1,2
pbmc,GAACGTTAGCGACATG-1,1
pbmc,GAACGTTAGTCACAGG-1,2
pbmc,GAACGTTCAAATAAGC-1,1
pbmc,GAACGTTCAAGACGGT-1,1
pbmc,GAACGTTCAATGACCT-1,1
pbmc,GAACGTTCATGCAGCC-1,1
pbmc,GAACGTTCATTGACTG-1,1
pbmc,GAACGTTGTAAGACCG-1,1
pbmc,GAACGTTGTACCTGTA-1,1
pbmc,GAACGTTGTCAAATGA-1,1
pbmc,GAACGTTGTCAGGAGT-1,180
pbmc,GAACGTTGTCTGTCAA-1,2
pbmc,GAACGTTGTGACTCGC-1,2
pbmc,GAACGTTGTGAGCGAT-1,1
pbmc,GAACGTTGTGATCATC-1,1
pbmc,GAACGTTGTGTCACAT-1,1
pbmc,GAACGTTGTTCCTAAG-1,1
pbmc,GAACGTTTCATTCGGA-1,1
pbmc,GAACGTTTCGCTGTCT-1,1
pbmc,GAACGTTTCTTGGATG-1,1
pbmc,GAACTGTAGAACGTGC-1,1
pbmc,GAACTGTAGAATCCCT-1,1
pbmc,GAACTGTAGACTAGAT-1,1
pbmc,GAACTGTAGATCACTC-1,1
pbmc,GAACTGTAGCATAGGC-1,1
pbmc,GAACTGTAGCCACAAG-1,1
pbmc,GAACTGTAGCCGTTAT-1,1
pbmc,GAACTGTAGGGAGGCA-1,2
pbmc,GAACTGTAGTATTCCG-1,2
pbmc,GAACTGTAGTGCCCGT-1,1
pbmc,GAACTGTCAATTGGTC-1,2
pbmc,GAACTGTCAATTTCTC-1,1
pbmc,GAACTGTCACATTCGA-1,1
pbmc,GAACTGTCACCATATG-1,1
pbmc,GAACTGTCAGGAACCA-1,1
pbmc,GAACTGTCATCCTTCG-1,1
pbmc,GAACTGTCATCGAACT-1,239
pbmc,GAACTGTGTAACATAG-1,1
pbmc,GAACTGTGTACTGCGC-1,1
pbmc,GAACTGTGTAGACGGT-1,2
pbmc,GAACTGTGTATACCTG-1,1
pbmc,GAACTGTGTCAACGCC-1,1
pbmc,GAACTGTGTCTACATG-1,1
pbmc,GAACTGTGTTAAGTCC-1,1
pbmc,GAACTGTGTTCAGGTT-1,1
pbmc,GAACTGTTCAAGCCTA-1,1
pbmc,GAACTGTTCAAGCGTT-1,1
pbmc,GAACTGTTCACCATGA-1,2
pbmc,GAACTGTTCCCGTGAG-1,1
pbmc,GAACTGTTCTATGCCC-1,1
pbmc,GAACTGTTCTCAAAGC-1,299
pbmc,GAACTGTTCTCGAAGC-1,1
pbmc,GAACTGTTCTGTCGCT-1,1
pbmc,GAAGAATAGGTACAAT-1,305
pbmc,GAAGAATAGTCGAAAT-1,1
pbmc,GAAGAATCAATTGCCA-1,1
pbmc,GAAGAATCAATTGCGT-1,1
pbmc,GAAGAATCACATTGTG-1,1
pbmc,GAAGAATCACTTTAGG-1,1
pbmc,GAAGAATCAGTCTCTC-1,1
pbmc,GAAGAATCATACAGAA-1,1
pbmc,GAAGAATCATGTCTAG-1,1
pbmc,GAAGAATGTCCTGGTG-1,1
pbmc,GAAGAATGTCTGATAC-1,2
pbmc,GAAGAATGTCTTCCGT-1,1
pbmc,GAAGAATGTGCGGCTT-1,2
pbmc,GAAGAATGTGGAACAC-1,1
pbmc,GAAGAATGTGGGTATG-1,1
pbmc,GAAGAATGTGTTCCAA-1,1
pbmc,GAAGAATGTTAAGGAT-1,1
pbmc,GAAGAATTCCAATCTT-1,1
pbmc,GAAGAATTCCTATTGT-1,2
pbmc,GAAGAATTCTCCCATG-1,1
pbmc,GAAGCCCAGAAGCGGG-1,1
pbmc,GAAGCCCAGTTGGCGA-1,10
pbmc,GAAGCCCCAACGTATC-1,1
pbmc,GAAGCCCCACGCAGTC-1,1
pbmc,GAAGCCCCACTGCATA-1,1
pbmc,GAAGCCCCAGCCTATA-1,1
pbmc,GAAGCCCCAGGAACCA-1,565
pbmc,GAAGCCCCAGGAGAAA-1,1
pbmc,GAAGCCCGTAATCAGA-1,1
pbmc,GAAGCCCGTACACTCA-1,1
pbmc,GAAGCCCGTCAACGCC-1,1
pbmc,GAAGCCCGTCCAATCA-1,1
pbmc,GAAGCCCTCAAACCCA-1,1
pbmc,GAAGCCCTCAGCCTCT-1,2
pbmc,GAAGCCCTCCGCAGTG-1,1
pbmc,GAAGCCCTCGCAGTCG-1,1
pbmc,GAAGCCCTCGGCTGAC-1,2
pbmc,GAAGCCCTCGGTAACT-1,1
pbmc,GAAGCCCTCTCATGGA-1,2
pbmc,GAAGCCCTCTCATTTG-1,1
pbmc,GAAGCGAAGACCACGA-1,1
pbmc,GAAGCGAAGCACTGGA-1,1
pbmc,GAAGCGAAGGCCGCTT-1,1
pbmc,GAAGCGAAGGTTGGTG-1,2
pbmc,GAAGCGAAGTAAACAC-1,1
pbmc,GAAGCGAAGTCTAGCT-1,1
pbmc,GAAGCGACAACCTAAC-1,1
pbmc,GAAGCGACACTAGAGG-1,1
pbmc,GAAGCGACACTATCGA-1,1
pbmc,GAAGCGACACTTGAAC-1,1
pbmc,GAAGCGACAGAATGTA-1,1
pbmc,GAAGCGACAGAGGCAT-1,1
pbmc,GAAGCGACATCATCTT-1,1
pbmc,GAAGCGAGTATCTCTT-1,1
pbmc,GAAGCGAGTATGCTTG-1,2
pbmc,GAAGCGAGTATGGGAC-1,1
pbmc,GAAGCGAGTCTGATCA-1,1
pbmc,GAAGCGAGTGAGCTCC-1,1
pbmc,GAAGCGATCAGTAGGG-1,96
pbmc,GAAGCGATCCGAAGGA-1,1
pbmc,GAAGCGATCGCGTAGC-1,1
pbmc,GAAGCGATCTAGATCG-1,1
pbmc,GAAGCGATCTCGTGAA-1,2
pbmc,GAAGGACAGAAGCGCT-1,1
pbmc,GAAGGACAGCTACAAA-1,1
pbmc,GAAGGACAGGAAGTCC-1,1
pbmc,GAAGGACAGGTCGTCC-1,1
pbmc,GAAGGACCAAGACGGT-1,1
pbmc,GAAGGACCACACTTAG-1,1
pbmc,GAAGGACCACCGCTAG-1,2
pbmc,GAAGGACCACGTGTGC-1,1
pbmc,GAAGGACCACTACCGG-1,1
pbmc,GAAGGACCACTGCGAC-1,1
pbmc,GAAGGACCAGCCTATA-1,1
pbmc,GAAGGACCATCAGTCA-1,1
pbmc,GAAGGACCATGCCATA-1,1
pbmc,GAAGGACGTACTTGTG-1,1
pbmc,GAAGGACGTATCAGCT-1,1
pbmc,GAAGGACGTCTGCCTT-1,325
pbmc,GAAGGACGTCTTCATT-1,1
pbmc,GAAGGACGTCTTGTCC-1,1
pbmc,GAAGGACGTTAAGACA-1,2
pbmc,GAAGGACGTTACCTTT-1,1
pbmc,GAAGGACGTTCTATCT-1,1
pbmc,GAAGGACTCAAACCTG-1,1
pbmc,GAAGGACTCATGTCAG-1,1
pbmc,GAAGGACTCCAACACA-1,1
pbmc,GAAGGACTCCCTCTTT-1,1
pbmc,GAAGGACTCCTTCTTC-1,2
pbmc,GAAGGACTCGAAGCAG-1,1
pbmc,GAAGGACTCGACCTAA-1,1
pbmc,GAAGGGTAGGCAGGGA-1,1
pbmc,GAAGGGTAGGCCTAGA-1,1
pbmc,GAAGGGTAGTAGGCCA-1,1
pbmc,GAAGGGTAGTTGGACG-1,1
pbmc,GAAGGGTCAAACACGG-1,1
pbmc,GAAGGGTCAAGTACCT-1,1
pbmc,GAAGGGTCAATCACGT-1,1
pbmc,GAAGGGTCAGAAGCGT-1,1
pbmc,GAAGGGTCAGGCACTC-1,1
pbmc,GAAGGGTCATCGGCCA-1,1
pbmc,GAAGGGTGTAGTGATA-1,1
pbmc,GAAGGGTGTATGGTTC-1,1
pbmc,GAAGGGTGTCCCGGTA-1,1
pbmc,GAAGGGTGTGTGTTTG-1,1
pbmc,GAAGGGTTCATGAAAG-1,1
pbmc,GAAGGGTTCCTGTTGC-1,2
pbmc,GAAGGGTTCCTTCTGG-1,2
pbmc,GAAGGGTTCGACATAC-1,2
pbmc,GAAGGGTTCGCAGATT-1,114
pbmc,GAAGGGTTCGCGTTTC-1,1
pbmc,GAAGGGTTCTATTGTC-1,2
pbmc,GAAGTAAAGAGGCGTT-1,1
pbmc,GAAGTAAAGCCTAACT-1,1
pbmc,GAAGTAAAGCGAGTAC-1,1
pbmc,GAAGTAAAGTCTAGAA-1,1
pbmc,GAAGTAACAACTGCTA-1,1
pbmc,GAAGTAACACCGGTCA-1,1
pbmc,GAAGTAACAGGTCTCG-1,1
pbmc,GAAGTAAGTAAGTTGA-1,1
pbmc,GAAGTAAGTACCGTCG-1,2
pbmc,GAAGTAAGTATGGGAC-1,1
pbmc,GAAGTAAGTCTAGATC-1,246
pbmc,GAAGTAAGTGCTAGCC-1,1
pbmc,GAAGTAAGTTATAGAG-1,1
pbmc,GAAGTAAGTTGTGTTG-1,1
pbmc,GAAGTAATCAAGAATG-1,1
pbmc,GAAGTAATCCCACAGG-1,1
pbmc,GAAGTAATCGGCTGAC-1,2
pbmc,GAAGTAATCGTCCTTG-1,1
pbmc,GAAGTAATCTCTCCGA-1,1
pbmc,GAAGTAATCTGGTCAA-1,1
pbmc,GAAGTAATCTTTCCGG-1,1
pbmc,GAATAGAAGATTGACA-1,1
pbmc,GAATAGAAGCATGCGA-1,1
pbmc,GAATAGAAGCCGGATA-1,1
pbmc,GAATAGAAGGAGAGGC-1,1
pbmc,GAATAGAAGTCGCCCA-1,1
pbmc,GAATAGAAGTGACACG-1,1
pbmc,GAATAGACATCATCCC-1,1
pbmc,GAATAGAGTACAGTTC-1,2
pbmc,GAATAGAGTGAATATG-1,1
pbmc,GAATAGAGTGACTGTT-1,2
pbmc,GAATAGAGTTGTGGCC-1,2
pbmc,GAATAGATCAACTGGT-1,1
pbmc,GAATAGATCAAGTGTC-1,1
pbmc,GAATAGATCAGTAGGG-1,1
pbmc,GAATAGATCATTGCCC-1,1
pbmc,GAATAGATCGAAGGAC-1,1
pbmc,GAATAGATCTACGGTA-1,1
pbmc,GAATAGATCTCGTCAC-1,1
pbmc,GAATAGATCTCTTAAC-1,1
pbmc,GAATAGATCTTTGGAG-1,1
pbmc,GAATCACAGAAGCTGC-1,1
pbmc,GAATCACAGACCAACG-1,3
pbmc,GAATCACAGCCGATAG-1,1
pbmc,GAATCACAGCGGATCA-1,1
pbmc,GAATCACAGGAGCAAA-1,1
pbmc,GAATCACAGTAGGATT-1,1
pbmc,GAATCACAGTGCCGAA-1,1
pbmc,GAATCACCAAAGGATT-1,1
pbmc,GAATCACCAAGTGATA-1,1
pbmc,GAATCACCACACCTAA-1,1
pbmc,GAATCACCACCAGTTA-1,2
pbmc,GAATCACCACGTACTA-1,1
pbmc,GAATCACCACTGTCGG-1,1
pbmc,GAATCACCAGGAACCA-1,1
pbmc,GAATCACCAGTGGTGA-1,239
pbmc,GAATCACCATCGCTAA-1,1
pbmc,GAATCACGTAGCTCGC-1,1
pbmc,GAATCACGTCCCTGTT-1,1
pbmc,GAATCACGTTGAAGTA-1,1
pbmc,GAATCACTCAGTCACA-1,1
pbmc,GAATCACTCCCATTCG-1,1
pbmc,GAATCACTCTCCGTGT-1,2
pbmc,GAATCACTCTGGAAGG-1,1
pbmc,GAATCACTCTGTCAGA-1,1
pbmc,GAATCACTCTTGCGCT-1,1
pbmc,GAATCGTAGGATTTAG-1,1
pbmc,GAATCGTAGGTAAACT-1,1
pbmc,GAATCGTAGTGCAACG-1,1
pbmc,GAATCGTCAAGTGCAG-1,1
pbmc,GAATCGTCACTACCGG-1,1
pbmc,GAATCGTCAGTAACGG-1,1
pbmc,GAATCGTCATTGAAGA-1,2
pbmc,GAATCGTGTCCAGTTA-1,1
pbmc,GAATCGTGTGAGACGT-1,1
pbmc,GAATCGTGTGTTAACC-1,1
pbmc,GAATCGTGTTCGGTCG-1,1
pbmc,GAATCGTTCAAAGGTA-1,3
pbmc,GAATCGTTCACCTACC-1,1
pbmc,GAATCGTTCAGACATC-1,1
pbmc,GAATCGTTCCGGCAAC-1,1
pbmc,GAATCGTTCCTCACCA-1,1
pbmc,GAATCGTTCGCTAAAC-1,1
pbmc,GAATCGTTCGGCTTCT-1,1
pbmc,GAATCGTTCTCGCTCA-1,1
pbmc,GACACGCAGAGAGAAC-1,1
pbmc,GACACGCAGCCAGGAC-1,1
pbmc,GACACGCAGCCTGGAA-1,1
pbmc,GACACGCAGTCGTCGT-1,1
pbmc,GACACGCAGTTCGCAT-1,1
pbmc,GACACGCCAGCACCCA-1,1
pbmc,GACACGCCAGGAGACT-1,1
pbmc,GACACGCCAGTCCGTG-1,156
pbmc,GACACGCCATGCGGTC-1,1
pbmc,GACACGCGTAATCAAG-1,2
pbmc,GACACGCGTATTTCGG-1,1
pbmc,GACACGCGTCCATACA-1,1
pbmc,GACACGCGTGCTTCAA-1,1
pbmc,GACACGCGTGGCCCAT-1,1
pbmc,GACACGCGTTCAGGTT-1,1
pbmc,GACACGCGTTCCAAAC-1,237
pbmc,GACACGCGTTCGGTCG-1,1
pbmc,GACACGCTCAAGGCTT-1,1
pbmc,GACACGCTCACAGAGG-1,1
pbmc,GACACGCTCAGTCCGA-1,1
pbmc,GACACGCTCCGAGATT-1,1
pbmc,GACACGCTCGCTATTT-1,1
pbmc,GACACGCTCGTAACTG-1,2
pbmc,GACACGCTCGTGGAAG-1,1
pbmc,GACACGCTCTCTCTAA-1,1
pbmc,GACACGCTCTGGGAGA-1,1
pbmc,GACAGCCAGAGATCGC-1,1
pbmc,GACAGCCAGAGGTGCT-1,1
pbmc,GACAGCCAGGCGACAT-1,1
pbmc,GACAGCCCAACGTTAC-1,2
pbmc,GACAGCCCAGCGTGCT-1,1
pbmc,GACAGCCCAGGCAATG-1,1
pbmc,GACAGCCCAGGTCAGA-1,1
pbmc,GACAGCCCATCCGGTG-1,1
pbmc,GACAGCCCATGACAGG-1,1
pbmc,GACAGCCGTATCGTGT-1,218
pbmc,GACAGCCGTCAGACGA-1,1
pbmc,GACAGCCGTCTTGAGT-1,1
pbmc,GACAGCCGTTCTCACC-1,1
pbmc,GACAGCCGTTCTCTCG-1,1
pbmc,GACAGCCTCACTACTT-1,1
pbmc,GACAGCCTCAGATTGC-1,1
pbmc,GACAGCCTCCATGATG-1,1
pbmc,GACAGCCTCGTCCTTG-1,1
pbmc,GACAGCCTCTTTCGAT-1,1
pbmc,GACATCAAGATGGTCG-1,1
pbmc,GACATCAAGCTCTGTA-1,1
pbmc,GACATCAAGGCTCACC-1,1
pbmc,GACATCAAGGGTTAAT-1,1
pbmc,GACATCAAGGTTCCAT-1,1
pbmc,GACATCAAGTTACGTC-1,1
pbmc,GACATCACAAATGAGT-1,1
pbmc,GACATCACAAGAGGTC-1,1
pbmc,GACATCACACAACGCC-1,1
pbmc,GACATCACACTACCCT-1,1
pbmc,GACATCACAGCTGTGC-1,1
pbmc,GACATCACAGTAGAAT-1,1
pbmc,GACATCACATGCGGTC-1,1
pbmc,GACATCACATGGAATA-1,2
pbmc,GACATCAGTAACGATA-1,29
pbmc,GACATCAGTCACCGCA-1,1
pbmc,GACATCAGTCTGCGCA-1,1
pbmc,GACATCAGTCTGTGAT-1,1
pbmc,GACATCAGTGACGTCC-1,1
pbmc,GACATCAGTGTATACC-1,1
pbmc,GACATCAGTGTCCCTT-1,1
pbmc,GACATCAGTTTGGGTT-1,1
pbmc,GACATCATCACAAGGG-1,1
pbmc,GACATCATCAGCTAGT-1,2
pbmc,GACATCATCCCTTTGG-1,1
pbmc,GACATCATCCGCACTT-1,2
pbmc,GACATCATCCGTATAG-1,1
pbmc,GACATCATCTCGCGTT-1,2
pbmc,GACCAATAGCATCCTA-1,1
pbmc,GACCAATAGCGTTCAT-1,1
pbmc,GACCAATAGGCACTAG-1,1
pbmc,GACCAATAGGGCCAAT-1,2
pbmc,GACCAATCACAGTACT-1,1
pbmc,GACCAATCACGGGCTT-1,1
pbmc,GACCAATCAGCCGGTT-1,1
pbmc,GACCAATCAGCCTACG-1,1
pbmc,GACCAATCAGGTCAAG-1,1
pbmc,GACCAATGTCCGCAGT-1,1
pbmc,GACCAATGTGGTCTTA-1,1
pbmc,GACCAATGTTAACCTG-1,1
pbmc,GACCAATGTTGGCCGT-1,1
pbmc,GACCAATTCAACCCGG-1,2
pbmc,GACCAATTCCGTAGTA-1,1
pbmc,GACCAATTCGGTGTTA-1,1
pbmc,GACCAATTCTAACACG-1,1
pbmc,GACCAATTCTAGATCG-1,1
pbmc,GACCCAGAGACAACTA-1,1
pbmc,GACCCAGAGACTTCCA-1,1
pbmc,GACCCAGAGATTCGCT-1,1
pbmc,GACCCAGAGCTCGAAG-1,1
pbmc,GACCCAGAGGTAGATT-1,1
pbmc,GACCCAGAGTCGAAGC-1,2
pbmc,GACCCAGAGTGATTCC-1,1
pbmc,GACCCAGCACGAAGAC-1,1
pbmc,GACCCAGCACGACTAT-1,1
pbmc,GACCCAGCAGACGATG-1,1
pbmc,GACCCAGCAGAGTTGG-1,1
pbmc,GACCCAGCAGGTGTTT-1,1
pbmc,GACCCAGCATCACGGC-1,1
pbmc,GACCCAGCATTGGCAT-1,2
pbmc,GACCCAGGTAACACCT-1,1
pbmc,GACCCAGGTCCGGCAT-1,1
pbmc,GACCCAGGTGACTCGC-1,1
pbmc,GACCCAGGTGAGATTA-1,2
pbmc,GACCCAGGTGGGTTGA-1,1
pbmc,GACCCAGGTTGTTGAC-1,1
pbmc,GACCCAGTCCATCGTC-1,1
pbmc,GACCCAGTCCCACAGG-1,1
pbmc,GACCCAGTCCCTCATG-1,1
pbmc,GACCCAGTCGGTCGAC-1,1
pbmc,GACCCAGTCTAGATCG-1,1
pbmc,GACCCAGTCTAGTACG-1,2
pbmc,GACCCAGTCTTAGCAG-1,1
pbmc,GACCCTTAGAGCACTG-1,1
pbmc,GACCCTTAGCCGTTAT-1,1
pbmc,GACCCTTAGTAGCTCT-1,1
pbmc,GACCCTTCAAGATGGC-1,1
pbmc,GACCCTTCACTAGGTT-1,1
pbmc,GACCCTTCACTGGAAG-1,1
pbmc,GACCCTTCAGCGTATT-1,461
pbmc,GACCCTTCATCATCTT-1,261
pbmc,GACCCTTCATCCCGTT-1,1
pbmc,GACCCTTCATCGGAAG-1,1
pbmc,GACCCTTCATGAAGCG-1,1
pbmc,GACCCTTGTAACGATA-1,1
pbmc,GACCCTTGTACTCGTA-1,1
pbmc,GACCCTTGTAGGTGCA-1,1
pbmc,GACCCTTGTATCAAGA-1,1
pbmc,GACCCTTGTCCACGCA-1,2
pbmc,GACCCTTGTCCGGCAT-1,1
pbmc,GACCCTTGTCGATGCC-1,1
pbmc,GACCCTTGTCTACGTA-1,1
pbmc,GACCCTTGTGAACCGA-1,1
pbmc,GACCCTTGTGCTGTCG-1,1
pbmc,GACCCTTGTTGCTCAA-1,1
pbmc,GACCCTTGTTGGCTAT-1,1
pbmc,GACCCTTGTTGGGATG-1,1
pbmc,GACCCTTTCAGCATTG-1,1
pbmc,GACCCTTTCATGGCCG-1,1
pbmc,GACCCTTTCCTGACCC-1,1
pbmc,GACCCTTTCGATTCCC-1,1
pbmc,GACCCTTTCGATTGAC-1,1
pbmc,GACCCTTTCTAGAGCT-1,1
pbmc,GACCCTTTCTCCACTG-1,1
pbmc,GACCCTTTCTGACCCT-1,1
pbmc,GACCGTGAGACTTCGT-1,1
pbmc,GACCGTGAGATAACAC-1,1
pbmc,GACCGTGAGCACTAGG-1,2
pbmc,GACCGTGAGGCGTCCT-1,1
pbmc,GACCGTGAGGGATGTC-1,1
pbmc,GACCGTGAGGTGCTAG-1,1
pbmc,GACCGTGCACAGTCCG-1,1
pbmc,GACCGTGCACCCAACG-1,1
pbmc,GACCGTGCACTTTAGG-1,1
pbmc,GACCGTGCAGCAATTC-1,1
pbmc,GACCGTGCATGCGTGC-1,1
pbmc,GACCGTGGTACTCGCG-1,1
pbmc,GACCGTGGTCAGGTAG-1,1
pbmc,GACCGTGGTCGTTATG-1,1
pbmc,GACCGTGGTGTGCTTA-1,1
pbmc,GACCGTGGTTCTTCAT-1,2
pbmc,GACCGTGGTTGTTGAC-1,2
pbmc,GACCGTGTCATGAAAG-1,1
pbmc,GACCGTGTCATTCATC-1,1
pbmc,GACCGTGTCCTACAAG-1,1
pbmc,GACCGTGTCTCGACCT-1,1
pbmc,GACCGTGTCTTCGTAT-1,1
pbmc,GACCTTCAGAAAGTCT-1,1
pbmc,GACCTTCAGCATCTTG-1,1
pbmc,GACCTTCAGCGCCCAT-1,1
pbmc,GACCTTCAGCGTGAGT-1,1
pbmc,GACCTTCAGCGTGCTC-1,1
pbmc,GACCTTCAGCGTGTTT-1,1
pbmc,GACCTTCAGTAGCCAG-1,1
pbmc,GACCTTCAGTGCGACA-1,1
pbmc,GACCTTCCAACTTCTT-1,1
pbmc,GACCTTCCAAGCTACT-1,1
pbmc,GACCTTCCAATCCAGT-1,3
pbmc,GACCTTCCACATGTTG-1,1
pbmc,GACCTTCCACCTGCGA-1,237
pbmc,GACCTTCCATTGAGCT-1,1
pbmc,GACCTTCGTATCAGCT-1,1
pbmc,GACCTTCGTCCGCAGT-1,1
pbmc,GACCTTCGTCGAGCTC-1,215
pbmc,GACCTTCGTCTGTTAG-1,1
pbmc,GACCTTCGTCTTGAAC-1,2
pbmc,GACCTTCTCAACCCGG-1,1
pbmc,GACCTTCTCACCATGA-1,1
pbmc,GACCTTCTCCAAATGC-1,1
pbmc,GACCTTCTCCAACTAG-1,1
pbmc,GACCTTCTCTCCTGCA-1,1
pbmc,GACCTTCTCTGACCTT-1,2
pbmc,GACGCTGAGACAAGCC-1,1
pbmc,GACGCTGAGGGAACAA-1,1
pbmc,GACGCTGAGTATGAGT-1,1
pbmc,GACGCTGAGTTGGACG-1,2
pbmc,GACGCTGCAATCTCTT-1,1
pbmc,GACGCTGCAATTGAGA-1,1
pbmc,GACGCTGCAGAGTAAT-1,1
pbmc,GACGCTGCAGGCTCTG-1,1
pbmc,GACGCTGCATAAGCAA-1,1
pbmc,GACGCTGGTATTCCGA-1,1
pbmc,GACGCTGGTATTGACC-1,1
pbmc,GACGCTGGTCTGTCAA-1,1
pbmc,GACGCTGGTGCATGTT-1,1
pbmc,GACGCTGGTTAATCGC-1,3
pbmc,GACGCTGGTTTAGTCG-1,1
pbmc,GACGCTGTCACTGATG-1,1
pbmc,GACGCTGTCAGCATTG-1,1
pbmc,GACGCTGTCAGTGTGT-1,1
pbmc,GACGCTGTCATGCCAA-1,1
pbmc,GACGCTGTCATTTGCT-1,2
pbmc,GACGCTGTCCTTATCA-1,2
pbmc,GACGCTGTCGGCAGTC-1,1
pbmc,GACGCTGTCTCCACTG-1,1
pbmc,GACGTTAAGATTGATG-1,1
pbmc,GACGTTAAGGAATCGC-1,1
pbmc,GACGTTAAGTCTTGGT-1,1
pbmc,GACGTTACAACGATCT-1,1
pbmc,GACGTTACAAGACCGA-1,1
pbmc,GACGTTACAAGTGGGT-1,1
pbmc,GACGTTACACATCCCT-1,1
pbmc,GACGTTACAGGGATTG-1,1
pbmc,GACGTTACATACCACA-1,1
pbmc,GACGTTACATCGGTTA-1,1
pbmc,GACGTTACATGAGTAA-1,1
pbmc,GACGTTAGTCACTCGG-1,3
pbmc,GACGTTAGTCTGTGTA-1,1
pbmc,GACGTTATCAATCTCT-1,1
pbmc,GACGTTATCATACGAC-1,1
pbmc,GACGTTATCCAAGGGA-1,2
pbmc,GACGTTATCCCAATAG-1,1
pbmc,GACGTTATCGTGACTA-1,1
pbmc,GACGTTATCTTGCCTA-1,1
pbmc,GACGTTATCTTTCGAT-1,1
pbmc,GACTATGAGAGGGTAA-1,2
pbmc,GACTATGAGATGACCG-1,1
pbmc,GACTATGAGGCCTTGC-1,1
pbmc,GACTATGAGGCTCACC-1,1
pbmc,GACTATGAGGCTGAAC-1,2
pbmc,GACTATGAGGTGCCAA-1,1
pbmc,GACTATGAGTACTCGT-1,1
pbmc,GACTATGAGTAGTCTC-1,1
pbmc,GACTATGCAAACTAGA-1,1
pbmc,GACTATGCAACCGCTG-1,1
pbmc,GACTATGCAACTTGGT-1,1
pbmc,GACTATGCAAGACCGA-1,1
pbmc,GACTATGCACGTACTA-1,1
pbmc,GACTATGCACTGGAAG-1,2
pbmc,GACTATGCAGTCCCGA-1,24
pbmc,GACTATGCATACCAGT-1,1
pbmc,GACTATGCATCATTGG-1,336
pbmc,GACTATGGTAGCTGCC-1,1
pbmc,GACTATGGTAGGGTAC-1,1
pbmc,GACTATGGTCGACGCT-1,1
pbmc,GACTATGGTTGCCTAA-1,1
pbmc,GACTATGTCAACCGAT-1,1
pbmc,GACTATGTCCAAGGGA-1,334
pbmc,GACTATGTCCGTAATG-1,1
pbmc,GACTATGTCCTAGAGT-1,1
pbmc,GACTATGTCCTGCCAT-1,3
pbmc,GACTATGTCTCGTGGG-1,1
pbmc,GACTCAAAGATTGAGT-1,1
pbmc,GACTCAAAGGCTCTCG-1,1
pbmc,GACTCAAAGGTCATCT-1,1
pbmc,GACTCAAAGGTGCATG-1,1
pbmc,GACTCAAAGTAAGGGA-1,2
pbmc,GACTCAAAGTCCTACA-1,1
pbmc,GACTCAAAGTCTGGAG-1,1
pbmc,GACTCAACACTCTCGT-1,1
pbmc,GACTCAAGTACTGCGC-1,1
pbmc,GACTCAAGTAGGACTG-1,1
pbmc,GACTCAAGTCTGTGAT-1,1
pbmc,GACTCAAGTGCCCAGT-1,1
pbmc,GACTCAAGTTAGCTAC-1,1
pbmc,GACTCAAGTTCCGTTC-1,1
pbmc,GACTCAAGTTCGGGTC-1,1
pbmc,GACTCAATCAGTGATC-1,1
pbmc,GACTCAATCTACCACC-1,1
pbmc,GACTCAATCTAGCAAC-1,1
pbmc,GACTCAATCTAGTGAC-1,12
pbmc,GACTCAATCTCATAGG-1,1
pbmc,GACTCAATCTCCCAAC-1,296
pbmc,GACTCAATCTCCCAAT-1,1
pbmc,GACTCAATCTCCCAGC-1,1
pbmc,GACTCAATCTGCGTCT-1,1
pbmc,GACTCTCAGATGCTTC-1,1
pbmc,GACTCTCAGCAACTTC-1,1
pbmc,GACTCTCAGCCGGATA-1,1
pbmc,GACTCTCAGGTCGCCT-1,1
pbmc,GACTCTCAGTCGCGAA-1,1
pbmc,GACTCTCAGTGCTCGC-1,1
pbmc,GACTCTCCACCCTAAA-1,1
pbmc,GACTCTCCAGCTACTA-1,1
pbmc,GACTCTCCATCGTCCT-1,1
pbmc,GACTCTCGTAACAGTA-1,1
pbmc,GACTCTCGTAGCGAGT-1,1
pbmc,GACTCTCGTCGGATTT-1,1
pbmc,GACTCTCGTGATTAGA-1,1
pbmc,GACTCTCGTGGTTCTA-1,1
pbmc,GACTCTCGTGGTTTAC-1,1
pbmc,GACTCTCGTTCTGAGT-1,1
pbmc,GACTCTCTCACCTCGT-1,1
pbmc,GACTCTCTCAGACCGC-1,1
pbmc,GACTCTCTCATGCAGT-1,1
pbmc,GACTCTCTCCCATGGG-1,1
pbmc,GACTCTCTCGAATGCT-1,1
pbmc,GACTCTCTCTGAGGCC-1,2
pbmc,GACTCTCTCTGTGCTC-1,1
pbmc,GACTGATAGATCCAAA-1,1
pbmc,GACTGATAGATCGGTG-1,1
pbmc,GACTGATAGCGACTGA-1,1
pbmc,GACTGATAGGTCACTT-1,2
pbmc,GACTGATAGGTCGTGA-1,1
pbmc,GACTGATCAACTCGTA-1,1
pbmc,GACTGATCAATCACGT-1,1
pbmc,GACTGATCATTCGATG-1,1
pbmc,GACTGATCATTGCTTT-1,1
pbmc,GACTGATGTACCGCGT-1,1
pbmc,GACTGATGTATGCGTT-1,1
pbmc,GACTGATGTCCTGTCT-1,1
pbmc,GACTGATGTCTGCATA-1,1
pbmc,GACTGATGTGTAAATG-1,1
pbmc,GACTGATGTTCACGAT-1,1
pbmc,GACTGATTCAATCAGC-1,1
pbmc,GACTGATTCACATACA-1,1
pbmc,GACTGATTCAGTCAGC-1,1
pbmc,GACTGATTCATCCTAT-1,256
pbmc,GACTGATTCATGCAGT-1,1
pbmc,GACTGATTCCCTCTTT-1,1
pbmc,GACTGATTCGACATAC-1,1
pbmc,GACTGATTCGAGTGAG-1,1
pbmc,GACTGATTCTCGTCGT-1,2
pbmc,GACTGATTCTTGCGCT-1,1
pbmc,GACTTCCAGAGAGGTA-1,1
pbmc,GACTTCCAGATAGGGA-1,1
pbmc,GACTTCCAGCTGCCAC-1,1
pbmc,GACTTCCAGGACCCAA-1,1
pbmc,GACTTCCAGTGCTACT-1,1
pbmc,GACTTCCCACACAGAG-1,1
pbmc,GACTTCCCACAGCCTG-1,1
pbmc,GACTTCCCACCCAACG-1,1
pbmc,GACTTCCCACTACGGC-1,1
pbmc,GACTTCCCAGAGTAAT-1,1
pbmc,GACTTCCCAGTTCTAG-1,1
pbmc,GACTTCCCATGGGAAC-1,1
pbmc,GACTTCCGTAAGCAAT-1,1
pbmc,GACTTCCGTGAATATG-1,1
pbmc,GACTTCCGTGAGCGAT-1,1
pbmc,GACTTCCGTGCTTCAA-1,1
pbmc,GACTTCCGTGGCGTAA-1,1
pbmc,GACTTCCGTGTATTCG-1,1
pbmc,GACTTCCTCAAATGCC-1,1
pbmc,GACTTCCTCAAGCCAT-1,1
pbmc,GACTTCCTCACCTGGG-1,1
pbmc,GACTTCCTCACGATAC-1,1
pbmc,GACTTCCTCCACGGAC-1,1
pbmc,GACTTCCTCCTCGTGC-1,1
pbmc,GACTTCCTCCTCTAGC-1,284
pbmc,GACTTCCTCCTGTACC-1,1
pbmc,GAGAAATAGAGGGTGG-1,1
pbmc,GAGAAATAGGTCGAGT-1,1
pbmc,GAGAAATAGGTGTGAC-1,1
pbmc,GAGAAATAGTGGCCTC-1,1
pbmc,GAGAAATAGTTTGGCT-1,1
pbmc,GAGAAATCACATATCG-1,1
pbmc,GAGAAATCACCATATG-1,1
pbmc,GAGAAATCAGACCTAT-1,1
pbmc,GAGAAATCAGATACCT-1,2
pbmc,GAGAAATCAGTCGGTC-1,1
pbmc,GAGAAATCATGAGAAT-1,1
pbmc,GAGAAATCATTGGATC-1,194
pbmc,GAGAAATGTCTGTGCG-1,1
pbmc,GAGAAATGTGACCTGC-1,1
pbmc,GAGAAATGTGCGACAA-1,2
pbmc,GAGAAATGTGTAGCAG-1,1
pbmc,GAGAAATGTGTCTTCC-1,1
pbmc,GAGAAATTCAGTCATG-1,1
pbmc,GAGAAATTCTAGTTCT-1,1
pbmc,GAGACCCAGATTACCC-1,1
pbmc,GAGACCCAGCACTCTA-1,1
pbmc,GAGACCCAGGATTTAG-1,1
pbmc,GAGACCCAGGCGCTTC-1,3
pbmc,GAGACCCAGGTAAGAG-1,1
pbmc,GAGACCCAGTAGGATT-1,418
pbmc,GAGACCCCAAGCGCTC-1,1
pbmc,GAGACCCCAGGTGACA-1,1
pbmc,GAGACCCCATGATCTG-1,1
pbmc,GAGACCCGTATCCTCC-1,1
pbmc,GAGACCCGTCGCATGC-1,1
pbmc,GAGACCCGTTGAATCC-1,1
pbmc,GAGACCCGTTTGGGTT-1,1
pbmc,GAGACCCTCCAACCAA-1,1
pbmc,GAGACCCTCCATTCAT-1,1
pbmc,GAGACCCTCGAACACT-1,1
pbmc,GAGACCCTCGAGAAGC-1,1
pbmc,GAGACCCTCGCTTACC-1,1
pbmc,GAGACCCTCTGCCTCA-1,1
pbmc,GAGACTTAGAGTCAGC-1,1
pbmc,GAGACTTAGATAACAC-1,1
pbmc,GAGACTTAGCAACCAG-1,1
pbmc,GAGACTTAGCCTGCCA-1,1
pbmc,GAGACTTAGCTGGCCT-1,1
pbmc,GAGACTTAGCTTGTTG-1,2
pbmc,GAGACTTAGTCACTCA-1,282
pbmc,GAGACTTCAACTCGAT-1,1
pbmc,GAGACTTCAACTGCTA-1,1
pbmc,GAGACTTCACTGCGTG-1,1
pbmc,GAGACTTCAGATACTC-1,1
pbmc,GAGACTTCAGGCTATT-1,282
pbmc,GAGACTTCATCGGTTA-1,1
pbmc,GAGACTTGTACAGAGC-1,2
pbmc,GAGACTTGTACGGTTT-1,1
pbmc,GAGACTTGTCCGGACT-1,1
pbmc,GAGACTTGTGGCCACT-1,1
pbmc,GAGACTTGTGTCTTGA-1,1
pbmc,GAGACTTTCCAAGCTA-1,1
pbmc,GAGACTTTCCATTGGA-1,1
pbmc,GAGACTTTCGAACGGA-1,1
pbmc,GAGACTTTCGGCATCG-1,1
pbmc,GAGACTTTCGTCCTTG-1,2
pbmc,GAGACTTTCGTTCTCG-1,1
pbmc,GAGACTTTCTCGTTTA-1,1
pbmc,GAGACTTTCTCTATGT-1,1
pbmc,GAGACTTTCTTTCCAA-1,1
pbmc,GAGAGGTAGATCGCCC-1,2
pbmc,GAGAGGTAGGCCTAGA-1,1
pbmc,GAGAGGTAGGGCAAGG-1,1
pbmc,GAGAGGTAGTAACAGT-1,1
pbmc,GAGAGGTAGTAAGAGG-1,1
pbmc,GAGAGGTCACAATTCG-1,1
pbmc,GAGAGGTCAGAGAGGG-1,2
pbmc,GAGAGGTCAGGTTACT-1,1
pbmc,GAGAGGTGTAACGGTG-1,1
pbmc,GAGAGGTGTAATCAAG-1,1
pbmc,GAGAGGTGTAGCGTCC-1,2
pbmc,GAGAGGTGTCGGCCTA-1,1
pbmc,GAGAGGTGTCTCACGG-1,1
pbmc,GAGAGGTGTGGCTCTG-1,1
pbmc,GAGAGGTTCATAGACC-1,231
pbmc,GAGAGGTTCCATTCAT-1,1
pbmc,GAGAGGTTCCTACGGG-1,1
pbmc,GAGAGGTTCGAAACAA-1,1
pbmc,GAGAGGTTCGTAGACC-1,1
pbmc,GAGAGGTTCTGAGAGG-1,1
pbmc,GAGATGGAGAAGATCT-1,1
pbmc,GAGATGGAGTTAGAAC-1,1
pbmc,GAGATGGAGTTCACTG-1,1
pbmc,GAGATGGCAGTTTCGA-1,1
pbmc,GAGATGGCATACCAGT-1,2
pbmc,GAGATGGCATGATGCT-1,1
pbmc,GAGATGGCATGTAAAG-1,1
pbmc,GAGATGGCATGTAACC-1,251
pbmc,GAGATGGGTACAAGCG-1,1
pbmc,GAGATGGGTATACCCA-1,1
pbmc,GAGATGGGTATCACCA-1,1
pbmc,GAGATGGGTATCGGTT-1,1
pbmc,GAGATGGGTCCGGACT-1,1
pbmc,GAGATGGGTCTCGGAC-1,1
pbmc,GAGATGGGTGCACATT-1,1
pbmc,GAGATGGGTTCCTACC-1,1
pbmc,GAGATGGGTTCTCGTC-1,1
pbmc,GAGATGGTCACCTGTC-1,1
pbmc,GAGATGGTCAGACCTA-1,1
pbmc,GAGATGGTCAGCCTCT-1,2
pbmc,GAGATGGTCCATGATG-1,1
pbmc,GAGATGGTCCGTATAG-1,1
pbmc,GAGATGGTCGAAACAA-1,2
pbmc,GAGATGGTCGAGCTGC-1,1
pbmc,GAGATGGTCGGTATGT-1,1
pbmc,GAGCCTGAGCACTCGC-1,1
pbmc,GAGCCTGAGCGCACAA-1,7
pbmc,GAGCCTGAGGAATTAC-1,1
pbmc,GAGCCTGAGGCAGCTA-1,452
pbmc,GAGCCTGAGGCAGTTA-1,1
pbmc,GAGCCTGAGGCGACAT-1,1
pbmc,GAGCCTGAGGGTACGT-1,1
pbmc,GAGCCTGCAAGTGTCT-1,1
pbmc,GAGCCTGCAATTGAGA-1,1
pbmc,GAGCCTGCAGAGATTA-1,1
pbmc,GAGCCTGCAGCGACAA-1,1
pbmc,GAGCCTGCAGTCTCTC-1,222
pbmc,GAGCCTGCATACTGTG-1,1
pbmc,GAGCCTGCATCCAACA-1,1
pbmc,GAGCCTGCATGTGCCG-1,1
pbmc,GAGCCTGGTACGATCT-1,1
pbmc,GAGCCTGGTACTTCCC-1,1
pbmc,GAGCCTGGTCAAGCGA-1,1
pbmc,GAGCCTGGTCCACGCA-1,217
pbmc,GAGCCTGGTCCCGCAA-1,1
pbmc,GAGCCTGGTGAATGAT-1,1
pbmc,GAGCCTGGTGCGGCTT-1,1
pbmc,GAGCCTGGTGTGATGG-1,1
pbmc,GAGCCTGTCACAAGGG-1,1
pbmc,GAGCCTGTCCACAGGC-1,1
pbmc,GAGCCTGTCCACGTAA-1,1
pbmc,GAGCCTGTCGCCCAGA-1,1
pbmc,GAGCTGCAGAAGTATC-1,1
pbmc,GAGCTGCAGAGCAGAA-1,1
pbmc,GAGCTGCAGCAGCAGT-1,1
pbmc,GAGCTGCAGCCTTTGA-1,1
pbmc,GAGCTGCAGGAAGAAC-1,1
pbmc,GAGCTGCAGGAATTAC-1,1
pbmc,GAGCTGCAGGCACAAC-1,1
pbmc,GAGCTGCAGGTGCAGT-1,2
pbmc,GAGCTGCAGGTGCCAA-1,1
pbmc,GAGCTGCAGTCGGCAA-1,1
pbmc,GAGCTGCCACATTCTT-1,1
pbmc,GAGCTGCCACTCCCTA-1,1
pbmc,GAGCTGCCAGAGGAAA-1,1
pbmc,GAGCTGCGTCGGATTT-1,338
pbmc,GAGCTGCGTCTAATCG-1,1
pbmc,GAGCTGCGTCTGTAAC-1,1
pbmc,GAGCTGCGTGTTAACC-1,2
pbmc,GAGCTGCGTTGCTGAT-1,1
pbmc,GAGCTGCTCACCTACC-1,1
pbmc,GAGCTGCTCTCCGTGT-1,1
pbmc,GAGCTGCTCTCTTAAC-1,1
pbmc,GAGCTGCTCTGGAAGG-1,1
pbmc,GAGGCAAAGGAGGTTC-1,1
pbmc,GAGGCAAAGGTCACAG-1,1
pbmc,GAGGCAAAGTCACGAG-1,183
pbmc,GAGGCAACAAGCGCTC-1,1
pbmc,GAGGCAACACCGTGGT-1,1
pbmc,GAGGCAACACCTGCAG-1,1
pbmc,GAGGCAACACGAAGAC-1,1
pbmc,GAGGCAACAGAGGAAA-1,1
pbmc,GAGGCAACAGAGGTAC-1,1
pbmc,GAGGCAACATCCTGTC-1,1
pbmc,GAGGCAACATGGCCCA-1,2
pbmc,GAGGCAAGTAACGGTG-1,1
pbmc,GAGGCAAGTAGTACGG-1,1
pbmc,GAGGCAAGTATGCGTT-1,1
pbmc,GAGGCAAGTCCACTCT-1,1
pbmc,GAGGCAAGTTCCTAAG-1,1
pbmc,GAGGCAAGTTGCTTGA-1,1
pbmc,GAGGCAATCAAACCCA-1,1
pbmc,GAGGCAATCCGTCACT-1,1
pbmc,GAGGCAATCGGCTGTG-1,1
pbmc,GAGGCAATCGGTAGGA-1,1
pbmc,GAGGCAATCGTCCTCA-1,1
pbmc,GAGGCAATCTCGCTTG-1,1
pbmc,GAGGCAATCTTCCCAG-1,1
pbmc,GAGGCAATCTTGCGCT-1,1
pbmc,GAGGCCTAGACGATAT-1,1
pbmc,GAGGCCTAGCAGCAGT-1,1
pbmc,GAGGCCTAGCTTAAGA-1,1
pbmc,GAGGCCTAGGTAAGTT-1,1
pbmc,GAGGCCTAGGTTCTTG-1,1
pbmc,GAGGCCTAGTAGACCG-1,1
pbmc,GAGGCCTAGTCACTAC-1,1
pbmc,GAGGCCTAGTGCAGGT-1,1
pbmc,GAGGCCTCAAGTGCTT-1,1
pbmc,GAGGCCTCAATGCAGG-1,1
pbmc,GAGGCCTCACACACGC-1,1
pbmc,GAGGCCTCACCAAAGG-1,2
pbmc,GAGGCCTCACCCTGTT-1,1
pbmc,GAGGCCTCACTAGAGG-1,1
pbmc,GAGGCCTCAGCGCGTT-1,2
pbmc,GAGGCCTCAGTCAGAG-1,1
pbmc,GAGGCCTGTAACAGTA-1,1
pbmc,GAGGCCTGTACTGAGG-1,1
pbmc,GAGGCCTGTCAGATTC-1,1
pbmc,GAGGCCTGTGTGGTCC-1,1
pbmc,GAGGCCTGTTTACTTC-1,1
pbmc,GAGGCCTTCAAACGTC-1,1
pbmc,GAGGCCTTCATCGGGC-1,1
pbmc,GAGGCCTTCCTCTAGC-1,1
pbmc,GAGGCCTTCGAGTCCG-1,1
pbmc,GAGGCCTTCGCCTCTA-1,1
pbmc,GAGGCCTTCTCTCTTC-1,1
pbmc,GAGGCCTTCTGCATAG-1,1
pbmc,GAGGCCTTCTGTCGTC-1,1
pbmc,GAGGGATAGACCCGCT-1,1
pbmc,GAGGGATAGCACGGAT-1,1
pbmc,GAGGGATAGCCGATCC-1,1
pbmc,GAGGGATAGCCTTTGA-1,3
pbmc,GAGGGATAGCTATCCA-1,2
pbmc,GAGGGATAGTCGTTAC-1,1
pbmc,GAGGGATAGTGTGTTC-1,1
pbmc,GAGGGATAGTTCCAGT-1,1
pbmc,GAGGGATCAACGGGTA-1,2
pbmc,GAGGGATCACCATTCC-1,1
pbmc,GAGGGATCACCTAAAC-1,1
pbmc,GAGGGATCACTTCTCG-1,1
pbmc,GAGGGATCACTTGGCG-1,275
pbmc,GAGGGATCAGGCCTGT-1,2
pbmc,GAGGGATCAGGTCAGA-1,1
pbmc,GAGGGATCATAATGCC-1,1
pbmc,GAGGGATGTAGGCTCC-1,1
pbmc,GAGGGATGTCTAACGT-1,1
pbmc,GAGGGATGTTCGGTTA-1,1
pbmc,GAGGGATTCATTGTGG-1,1
pbmc,GAGGGATTCCGTTGAA-1,1
pbmc,GAGGGATTCGGCTCTT-1,1
pbmc,GAGGGATTCTAAGGGA-1,1
pbmc,GAGGGTAAGAACCGCA-1,1
pbmc,GAGGGTAAGTGTCATC-1,1
pbmc,GAGGGTACAAATTAGG-1,1
pbmc,GAGGGTACAACACGTT-1,1
pbmc,GAGGGTACAACCACGC-1,1
pbmc,GAGGGTACACGATTCA-1,1
pbmc,GAGGGTACACTGCTTC-1,1
pbmc,GAGGGTACAGTTTCAG-1,283
pbmc,GAGGGTAGTCAACACT-1,242
pbmc,GAGGGTAGTCACTGAT-1,1
pbmc,GAGGGTAGTGTTAGCT-1,1
pbmc,GAGGGTAGTTCATCTT-1,1
pbmc,GAGGGTAGTTCTTGCC-1,1
pbmc,GAGGGTATCAAGAGGC-1,2
pbmc,GAGGGTATCAGGAGAC-1,1
pbmc,GAGGGTATCATGCCAA-1,1
pbmc,GAGGGTATCCTAAGTG-1,1
pbmc,GAGGGTATCCTTATGT-1,1
pbmc,GAGGGTATCTACGGTA-1,1
pbmc,GAGGGTATCTGTCCCA-1,242
pbmc,GAGTCATAGAGGCCAT-1,1
pbmc,GAGTCATAGCGATTCT-1,1
pbmc,GAGTCATAGGGTTGCA-1,147
pbmc,GAGTCATAGTCTAGAA-1,1
pbmc,GAGTCATCACTCCTGT-1,1
pbmc,GAGTCATCAGACAAGC-1,1
pbmc,GAGTCATCATGCTGCG-1,1
pbmc,GAGTCATCATGTCAGT-1,1
pbmc,GAGTCATGTGAGACGT-1,1
pbmc,GAGTCATGTGAGTTGG-1,1
pbmc,GAGTCATGTGCCTGCA-1,1
pbmc,GAGTCATGTGGTAACG-1,1
pbmc,GAGTCATGTTGTGCCG-1,1
pbmc,GAGTCATTCACCTCGT-1,1
pbmc,GAGTCATTCCAAGCAT-1,1
pbmc,GAGTCATTCCACCCTA-1,1
pbmc,GAGTCATTCCCATGGG-1,1
pbmc,GAGTCATTCGCAGATT-1,2
pbmc,GAGTCATTCGTAGGAG-1,1
pbmc,GAGTCATTCTGAACGT-1,2
pbmc,GAGTCATTCTGAGTCA-1,1
pbmc,GAGTCTAAGACTCTAC-1,1
pbmc,GAGTCTAAGAGTCAGC-1,1
pbmc,GAGTCTAAGGCTGTAG-1,1
pbmc,GAGTCTAAGGTGCGAT-1,1
pbmc,GAGTCTAAGTGCAAAT-1,2
pbmc,GAGTCTAAGTGCGTCC-1,1
pbmc,GAGTCTACAAAGTATG-1,1
pbmc,GAGTCTACAATACGCT-1,1
pbmc,GAGTCTACAATCCAGT-1,1
pbmc,GAGTCTACAATTGCTG-1,1
pbmc,GAGTCTACAGAGAAAG-1,1
pbmc,GAGTCTACAGCTGTAT-1,1
pbmc,GAGTCTACAGTATGAA-1,1
pbmc,GAGTCTACATGGCGCT-1,1
pbmc,GAGTCTAGTAGCTTGT-1,1
pbmc,GAGTCTAGTAGTGATA-1,1
pbmc,GAGTCTAGTGAATATG-1,1
pbmc,GAGTCTAGTTACACTG-1,1
pbmc,GAGTCTAGTTCGTGCG-1,1
pbmc,GAGTCTATCACAACCA-1,1
pbmc,GAGTCTATCAGATTGC-1,1
pbmc,GAGTCTATCCTAGCTC-1,1
pbmc,GAGTCTATCTCTATGT-1,1
pbmc,GAGTCTATCTGAGGCC-1,2
pbmc,GAGTGAGAGCACCGTC-1,1
pbmc,GAGTGAGAGCCTCTCT-1,2
pbmc,GAGTGAGAGGCTTCCG-1,1
pbmc,GAGTGAGAGGGACACT-1,1
pbmc,GAGTGAGAGGTCCCTG-1,1
pbmc,GAGTGAGAGTGGTTCT-1,1
pbmc,GAGTGAGAGTTGCATC-1,1
pbmc,GAGTGAGCAAGTGACG-1,1
pbmc,GAGTGAGCAGGGAATC-1,1
pbmc,GAGTGAGCAGGTCAAG-1,1
pbmc,GAGTGAGCATGACAAA-1,1
pbmc,GAGTGAGCATGCCGCA-1,2
pbmc,GAGTGAGGTCATGACT-1,1
pbmc,GAGTGAGGTCGGCTAC-1,210
pbmc,GAGTGAGGTGGTAATA-1,1
pbmc,GAGTGAGGTTACACAC-1,1
pbmc,GAGTGTTAGACATATG-1,1
pbmc,GAGTGTTAGAGGGTCT-1,1
pbmc,GAGTGTTAGCTCTGTA-1,1
pbmc,GAGTGTTCAACACGAG-1,1
pbmc,GAGTGTTCAAGGTACG-1,1
pbmc,GAGTGTTCAAGGTTGG-1,1
pbmc,GAGTGTTCACAAGCTT-1,165
pbmc,GAGTGTTCACGCCACA-1,1
pbmc,GAGTGTTCACGTACTA-1,1
pbmc,GAGTGTTCAGCATGCC-1,2
pbmc,GAGTGTTGTACGTAGG-1,177
pbmc,GAGTGTTGTAGCCCTG-1,2
pbmc,GAGTGTTGTGGCACTC-1,1
pbmc,GAGTGTTGTGTCATTG-1,1
pbmc,GAGTGTTGTTGTCAGT-1,1
pbmc,GAGTGTTTCAAAGGAT-1,1
pbmc,GAGTGTTTCCTAAGTG-1,1
pbmc,GAGTGTTTCGACACTA-1,1
pbmc,GAGTGTTTCGCTGATA-1,1
pbmc,GAGTGTTTCTAGACAC-1,1
pbmc,GAGTGTTTCTCCGCAT-1,1
pbmc,GAGTTACAGACGACGT-1,237
pbmc,GAGTTACAGCCTCAGC-1,1
pbmc,GAGTTACAGCGACATG-1,1
pbmc,GAGTTACAGGAGAATG-1,1
pbmc,GAGTTACAGGGTATAT-1,1
pbmc,GAGTTACAGTTACGTC-1,1
pbmc,GAGTTACCAAACTGCT-1,1
pbmc,GAGTTACCACCGTGAC-1,2
pbmc,GAGTTACCAGTCGGTC-1,1
pbmc,GAGTTACCATAGATCC-1,1
pbmc,GAGTTACCATGTGGCC-1,1
pbmc,GAGTTACGTACGCTTA-1,1
pbmc,GAGTTACGTGTCCACG-1,1
pbmc,GAGTTACTCAGGTAAA-1,1
pbmc,GAGTTACTCATTCGGA-1,1
pbmc,GAGTTACTCATTGTTC-1,1
pbmc,GAGTTACTCGAATCCA-1,1
pbmc,GAGTTACTCGATGCTA-1,1
pbmc,GAGTTACTCTGGCTGG-1,1
pbmc,GAGTTGTAGACATATG-1,1
pbmc,GAGTTGTAGCCGCTTG-1,2
pbmc,GAGTTGTAGCGTATGG-1,1
pbmc,GAGTTGTAGCGTTACT-1,410
pbmc,GAGTTGTAGCGTTCAT-1,1
pbmc,GAGTTGTAGGGTGAAA-1,1
pbmc,GAGTTGTAGGGTTAAT-1,1
pbmc,GAGTTGTAGTGCGTCC-1,125
pbmc,GAGTTGTAGTGGACTG-1,2
pbmc,GAGTTGTAGTGGTTCT-1,1
pbmc,GAGTTGTAGTTACTGT-1,1
pbmc,GAGTTGTCAAGAGTAT-1,1
pbmc,GAGTTGTCACACGTGC-1,1
pbmc,GAGTTGTCACACTGGC-1,1
pbmc,GAGTTGTCACGGTGCT-1,184
pbmc,GAGTTGTCACTGTGAT-1,1
pbmc,GAGTTGTCAGACCCGT-1,2
pbmc,GAGTTGTCAGCCCACA-1,1
pbmc,GAGTTGTCAGTTCACA-1,1
pbmc,GAGTTGTCATGAAGGC-1,1
pbmc,GAGTTGTCATTGGGAG-1,2
pbmc,GAGTTGTGTCATCGGC-1,1
pbmc,GAGTTGTGTGCCCACA-1,1
pbmc,GAGTTGTGTTCAATCG-1,1
pbmc,GAGTTGTGTTTACCAG-1,1
pbmc,GAGTTGTTCACATTGG-1,1
pbmc,GAGTTGTTCATAGCTA-1,1
pbmc,GAGTTGTTCATGCCGG-1,1
pbmc,GAGTTGTTCCCATTCG-1,1
pbmc,GAGTTGTTCGAGTTGT-1,1
pbmc,GAGTTTGAGCAAATGT-1,1
pbmc,GAGTTTGAGCAATTAG-1,1
pbmc,GAGTTTGAGCTCATAC-1,1
pbmc,GAGTTTGAGGGAGGCA-1,1
pbmc,GAGTTTGAGTGAATAC-1,1
pbmc,GAGTTTGCAAATGAAC-1,1
pbmc,GAGTTTGCAAATGGTA-1,1
pbmc,GAGTTTGCAACAGCTT-1,1
pbmc,GAGTTTGCAAGCGAAC-1,2
pbmc,GAGTTTGCAAGTGTCT-1,1
pbmc,GAGTTTGCAATTCGTG-1,1
pbmc,GAGTTTGCACAGTGTT-1,1
pbmc,GAGTTTGCATAGAAAC-1,1
pbmc,GAGTTTGCATGGGTTT-1,2
pbmc,GAGTTTGCATGTCGTA-1,1
pbmc,GAGTTTGCATTCCTAT-1,2
pbmc,GAGTTTGGTACAATAG-1,1
pbmc,GAGTTTGGTAGCACAG-1,1
pbmc,GAGTTTGGTCCGAAAG-1,2
pbmc,GAGTTTGGTCCGACGT-1,2
pbmc,GAGTTTGGTCGAGCTC-1,1
pbmc,GAGTTTGGTGCGGTAA-1,1
pbmc,GAGTTTGGTGGCTGAA-1,1
pbmc,GAGTTTGTCTCCAATT-1,1
pbmc,GAGTTTGTCTCGGTAA-1,1
pbmc,GAGTTTGTCTCGTCAC-1,2
pbmc,GATAGAAAGACTGGGT-1,1
pbmc,GATAGAAAGCGCCGTT-1,1
pbmc,GATAGAAAGCTAAACA-1,1
pbmc,GATAGAAAGGCGAACT-1,1
pbmc,GATAGAAAGGCGTTGA-1,1
pbmc,GATAGAAAGGTCGACA-1,1
pbmc,GATAGAAAGTAACCGG-1,1
pbmc,GATAGAAAGTGTTGTC-1,4
pbmc,GATAGAACAAATGATG-1,1
pbmc,GATAGAACAAGACGAC-1,1
pbmc,GATAGAACACTTCATT-1,1
pbmc,GATAGAAGTCTTAGTG-1,1
pbmc,GATAGAAGTGTCTAAC-1,1
pbmc,GATAGAAGTTACGCCG-1,1
pbmc,GATAGAAGTTCCTAAG-1,1
pbmc,GATAGAAGTTTGTTCT-1,1
pbmc,GATAGAATCACAATGC-1,1
pbmc,GATAGAATCCATACAG-1,1
pbmc,GATAGAATCTCGACCT-1,1
pbmc,GATAGAATCTGGCCAG-1,1
pbmc,GATAGCTAGACCCGCT-1,1
pbmc,GATAGCTAGAGCATAT-1,2
pbmc,GATAGCTAGAGGTTAT-1,1
pbmc,GATAGCTAGAGTGAAG-1,2
pbmc,GATAGCTAGCAAGTGC-1,1
pbmc,GATAGCTAGTCGCTAT-1,1
pbmc,GATAGCTCAATGTTGC-1,1
pbmc,GATAGCTCACTGTGTA-1,1
pbmc,GATAGCTCAGCTGTGC-1,1
pbmc,GATAGCTCAGGCATTT-1,1
pbmc,GATAGCTCATCCTAAG-1,1
pbmc,GATAGCTCATGGCACC-1,1
pbmc,GATAGCTCATTCAGCA-1,3
pbmc,GATAGCTGTACTCGTA-1,1
pbmc,GATAGCTGTAGGCAGT-1,1
pbmc,GATAGCTGTCCATACA-1,2
pbmc,GATAGCTGTCCTAAAC-1,1
pbmc,GATAGCTGTCGCATCG-1,1
pbmc,GATAGCTGTCGGAAAC-1,355
pbmc,GATAGCTGTCTGTTAG-1,208
pbmc,GATAGCTGTGGGATTG-1,1
pbmc,GATAGCTGTGGTCTAT-1,1
pbmc,GATAGCTGTTCATCGA-1,1
pbmc,GATAGCTGTTCATCTT-1,1
pbmc,GATAGCTGTTCTATCT-1,1
pbmc,GATAGCTTCACGGACC-1,1
pbmc,GATAGCTTCCTTCTTC-1,1
pbmc,GATAGCTTCGACGAGA-1,1
pbmc,GATAGCTTCGTGCAGC-1,103
pbmc,GATCACAAGACATATG-1,2
pbmc,GATCACAAGATCGCTT-1,1
pbmc,GATCACAAGCGACTGA-1,1
pbmc,GATCACAAGCGTGTCC-1,1
pbmc,GATCACAAGGATGTTA-1,1
pbmc,GATCACACAACCTGTA-1,1
pbmc,GATCACACACATTGTG-1,2
pbmc,GATCACACACCCTGTT-1,1553
pbmc,GATCACACACCTGTTC-1,1
pbmc,GATCACACACGAAGAC-1,1
pbmc,GATCACACACTGTTAG-1,2
pbmc,GATCACACAGTGTACT-1,1
pbmc,GATCACAGTAGCGTCC-1,1
pbmc,GATCACAGTATGACAA-1,1
pbmc,GATCACAGTCTGTGCG-1,1
pbmc,GATCACAGTTCCGCTT-1,2
pbmc,GATCACAGTTGCAAGG-1,1
pbmc,GATCACAGTTGTCAGT-1,1
pbmc,GATCACATCCACAAGT-1,2
pbmc,GATCACATCGGAACTT-1,1
pbmc,GATCACATCTTAATCC-1,1
pbmc,GATCACATCTTCCTAA-1,1
pbmc,GATCAGTAGAGAGCCT-1,1
pbmc,GATCAGTAGAGAGTTC-1,1
pbmc,GATCAGTAGCACTCGC-1,1
pbmc,GATCAGTAGCGTTACT-1,1
pbmc,GATCAGTAGGAACATT-1,195
pbmc,GATCAGTAGGACACTG-1,1
pbmc,GATCAGTAGGATTTGA-1,1
pbmc,GATCAGTAGTATGGAT-1,1
pbmc,GATCAGTAGTCACGAG-1,1
pbmc,GATCAGTAGTGCGCTC-1,286
pbmc,GATCAGTCAACTTCTT-1,1
pbmc,GATCAGTCAAGAGAGA-1,1
pbmc,GATCAGTCAAGCGAAC-1,1
pbmc,GATCAGTCAATGTGGG-1,1
pbmc,GATCAGTCAGAAGTTA-1,2
pbmc,GATCAGTCAGACATCT-1,1
pbmc,GATCAGTCAGGACTTT-1,1
pbmc,GATCAGTCATAGACTC-1,1
pbmc,GATCAGTCATTGCTGA-1,1
pbmc,GATCAGTCATTGTGCA-1,2
pbmc,GATCAGTGTACAGCCC-1,1
pbmc,GATCAGTGTACGAGTG-1,1
pbmc,GATCAGTGTCCTGGGT-1,1
pbmc,GATCAGTGTTACAGCT-1,101
pbmc,GATCAGTGTTCAACCA-1,1
pbmc,GATCAGTGTTGAATCC-1,1
pbmc,GATCAGTGTTGCGGCT-1,1
pbmc,GATCAGTTCAGGCGAA-1,1
pbmc,GATCAGTTCCAGAAAG-1,1
pbmc,GATCAGTTCTAAGCGT-1,1
pbmc,GATCAGTTCTGCGATA-1,1
pbmc,GATCATGAGACATCAA-1,1
pbmc,GATCATGAGCCGCACT-1,1
pbmc,GATCATGAGCGTGCTC-1,1
pbmc,GATCATGAGGACGGAG-1,1
pbmc,GATCATGAGGCCATAG-1,1
pbmc,GATCATGAGGCCTAAG-1,290
pbmc,GATCATGAGGCCTAGG-1,1
pbmc,GATCATGAGGCTTAAG-1,1
pbmc,GATCATGCAAACTCGT-1,1
pbmc,GATCATGCAACACGAG-1,1
pbmc,GATCATGCATATGCGT-1,1
pbmc,GATCATGGTACCGTGC-1,1
pbmc,GATCATGGTAGCTTAC-1,1
pbmc,GATCATGGTAGGCTGA-1,1
pbmc,GATCATGGTCTAGATC-1,1
pbmc,GATCATGGTGGAACAC-1,1
pbmc,GATCATGTCCAATCTT-1,2
pbmc,GATCATGTCCGTTTCG-1,1
pbmc,GATCATGTCCTCTAAT-1,1
pbmc,GATCATGTCTGGGTCG-1,1
pbmc,GATCATGTCTTGAGCA-1,1
pbmc,GATCCCTAGAGAGCAA-1,2
pbmc,GATCCCTAGAGGATGA-1,210
pbmc,GATCCCTAGATGAACT-1,1
pbmc,GATCCCTAGCAAGCCA-1,1
pbmc,GATCCCTAGCTGACCC-1,1
pbmc,GATCCCTAGCTGAGTG-1,1
pbmc,GATCCCTAGGGAGGTG-1,1
pbmc,GATCCCTAGGTACTGG-1,2
pbmc,GATCCCTCAAATTGGA-1,1
pbmc,GATCCCTCAATCGAAA-1,1
pbmc,GATCCCTCACCGTCTT-1,1
pbmc,GATCCCTCAGTGGCTC-1,1
pbmc,GATCCCTCATGTTACG-1,1
pbmc,GATCCCTCATTACTCT-1,2
pbmc,GATCCCTGTAATTAGG-1,288
pbmc,GATCCCTGTAGCTGCC-1,1
pbmc,GATCCCTGTGCAAGAC-1,1
pbmc,GATCCCTGTTAGAAAC-1,1
pbmc,GATCCCTGTTTCTATC-1,1
pbmc,GATCCCTTCCATAGGT-1,1
pbmc,GATCCCTTCGAAATCC-1,1
pbmc,GATCCCTTCTACCTTA-1,1
pbmc,GATCCCTTCTCTATGT-1,1
pbmc,GATCGTAAGCGTTCAT-1,1
pbmc,GATCGTAAGGATGTTA-1,1
pbmc,GATCGTAAGGGAGGGT-1,1
pbmc,GATCGTAAGGGTGAAA-1,1
pbmc,GATCGTAAGTGATCGG-1,1
pbmc,GATCGTACAAATGATG-1,2
pbmc,GATCGTACACCGTCTT-1,1
pbmc,GATCGTACACTACTTT-1,1
pbmc,GATCGTACAGCCGTCA-1,1
pbmc,GATCGTACAGCGCGTT-1,220
pbmc,GATCGTACATCCTAGA-1,1
pbmc,GATCGTACATGCAGGA-1,1
pbmc,GATCGTAGTACAATAG-1,2
pbmc,GATCGTAGTAGCGCTC-1,1
pbmc,GATCGTAGTAGGAGTC-1,1
pbmc,GATCGTAGTCTAACGT-1,1
pbmc,GATCGTAGTCTGTGCG-1,1
pbmc,GATCGTAGTTAGCTAC-1,1
pbmc,GATCGTATCATATGGC-1,1
pbmc,GATCGTATCTCTGGTC-1,178
pbmc,GATCGTATCTTAAGGC-1,1
pbmc,GATGACTAGAGGTTAT-1,51
pbmc,GATGACTAGAGTTGAT-1,1
pbmc,GATGACTAGCCTCCAG-1,1
pbmc,GATGACTAGCGAACTG-1,2
pbmc,GATGACTAGCGCCATC-1,1
pbmc,GATGACTAGGAAAGGT-1,1
pbmc,GATGACTAGGTGATAT-1,1
pbmc,GATGACTAGTAGCATA-1,1
pbmc,GATGACTCAACAGCTT-1,1
pbmc,GATGACTCACACTGGC-1,1
pbmc,GATGACTCACGGGTAA-1,1
pbmc,GATGACTCACTACACA-1,1
pbmc,GATGACTCACTTGAAC-1,1
pbmc,GATGACTCAGACCCGT-1,1
pbmc,GATGACTCAGCCCAGT-1,1
pbmc,GATGACTCAGGACATG-1,1
pbmc,GATGACTCAGGTTCCG-1,1
pbmc,GATGACTGTCTCCTGT-1,1
pbmc,GATGACTGTCTCGCGA-1,1
pbmc,GATGACTGTGAGTCAG-1,1
pbmc,GATGACTGTGATCATC-1,1
pbmc,GATGACTGTTAGGGTG-1,1
pbmc,GATGACTGTTGCCTAA-1,1
pbmc,GATGACTTCACAATGC-1,1
pbmc,GATGACTTCAGATGCT-1,1
pbmc,GATGACTTCGTGGCGT-1,232
pbmc,GATGACTTCTCATTGT-1,1
pbmc,GATGACTTCTCTAGGA-1,232
pbmc,GATGACTTCTTGGCTT-1,1
pbmc,GATGACTTCTTTACAC-1,1
pbmc,GATGAGGAGAACAGGA-1,1
pbmc,GATGAGGAGACTGGGT-1,1
pbmc,GATGAGGAGATGGCGT-1,1
pbmc,GATGAGGAGCAAATCA-1,1
pbmc,GATGAGGAGGAAACGA-1,1
pbmc,GATGAGGAGTCAACAA-1,1
pbmc,GATGAGGAGTGAGGCT-1,1
pbmc,GATGAGGCAAATGCGG-1,187
pbmc,GATGAGGCAAGAATGT-1,1
pbmc,GATGAGGCACAGTCAT-1,1
pbmc,GATGAGGCACCAACAT-1,1
pbmc,GATGAGGCACGGCCAT-1,1
pbmc,GATGAGGCACTAGGCC-1,1
pbmc,GATGAGGCACTGTGTA-1,1
pbmc,GATGAGGCAGAAATTG-1,1
pbmc,GATGAGGCAGAGAATT-1,1
pbmc,GATGAGGCAGATTCGT-1,1
pbmc,GATGAGGCAGTCGGAA-1,1
pbmc,GATGAGGCATACTGAC-1,2
pbmc,GATGAGGCATCCTTGC-1,1
pbmc,GATGAGGCATCGATCA-1,1
pbmc,GATGAGGCATGACGAG-1,1
pbmc,GATGAGGCATGGAGAC-1,1
pbmc,GATGAGGCATGGGTTT-1,1
pbmc,GATGAGGGTATGCTAC-1,1
pbmc,GATGAGGGTCCAATCA-1,1
pbmc,GATGAGGGTCGTATTG-1,1
pbmc,GATGAGGGTCGTTCAA-1,1
pbmc,GATGAGGGTGAGCGAT-1,1
pbmc,GATGAGGGTGGTCTCG-1,1
pbmc,GATGAGGTCACATCAG-1,1
pbmc,GATGAGGTCAGCTCTC-1,1
pbmc,GATGAGGTCATTTCCA-1,2
pbmc,GATGAGGTCCGGACTG-1,1
pbmc,GATGATCAGAAATTCG-1,1
pbmc,GATGATCAGAGCAGTC-1,1
pbmc,GATGATCAGGCTGGAT-1,1
pbmc,GATGATCCACGACAAG-1,1
pbmc,GATGATCCACGCACCA-1,1
pbmc,GATGATCCATAACCCA-1,1
pbmc,GATGATCGTACCAGAG-1,1
pbmc,GATGATCGTATACAGA-1,1
pbmc,GATGATCGTATCAGCT-1,1
pbmc,GATGATCGTATGGAAT-1,157
pbmc,GATGATCGTGTAACGG-1,209
pbmc,GATGATCGTTCCGCAG-1,2
pbmc,GATGATCTCAATGTCG-1,1
pbmc,GATGATCTCACCTCAC-1,1
pbmc,GATGATCTCACTTATC-1,1
pbmc,GATGATCTCGACGACC-1,1
pbmc,GATGATCTCGCTGTCT-1,1
pbmc,GATGATCTCTATCCAT-1,1
pbmc,GATGATCTCTTCTAAC-1,1
pbmc,GATGCTAAGAATTGTG-1,2
pbmc,GATGCTAAGATAGCAT-1,1
pbmc,GATGCTAAGATAGCTA-1,1
pbmc,GATGCTAAGCTCGCAC-1,1
pbmc,GATGCTAAGGATTCCT-1,1
pbmc,GATGCTAAGGTTCCCA-1,1
pbmc,GATGCTACACACTTAG-1,1
pbmc,GATGCTACACCCTGAG-1,1
pbmc,GATGCTACACTGTCCT-1,1
pbmc,GATGCTACAGACAAAT-1,2
pbmc,GATGCTACAGCAGTTT-1,1
pbmc,GATGCTACAGCTATAC-1,1
pbmc,GATGCTACAGGAATCG-1,1
pbmc,GATGCTACAGTTGTTG-1,1
pbmc,GATGCTACATGCGGTC-1,1
pbmc,GATGCTAGTACACGTT-1,1
pbmc,GATGCTAGTACAGGTG-1,210
pbmc,GATGCTAGTACAGTCT-1,1
pbmc,GATGCTAGTACATTGC-1,1
pbmc,GATGCTAGTAGCCAGA-1,1
pbmc,GATGCTAGTAGTAAGT-1,1
pbmc,GATGCTAGTCAAAGTA-1,1
pbmc,GATGCTAGTGTAACGG-1,1
pbmc,GATGCTAGTTCTCCAC-1,1
pbmc,GATGCTATCAACTTTC-1,1
pbmc,GATGCTATCACGACTA-1,1
pbmc,GATGCTATCACGGTCG-1,1
pbmc,GATGCTATCAGTCAGT-1,1
pbmc,GATGCTATCCTACGAA-1,112
pbmc,GATGGAGAGAGAACCC-1,1
pbmc,GATGGAGAGATTCGCT-1,1
pbmc,GATGGAGAGCCAGACA-1,397
pbmc,GATGGAGAGCCGCACT-1,1
pbmc,GATGGAGAGCTACAAA-1,1
pbmc,GATGGAGAGCTCGCAC-1,1
pbmc,GATGGAGAGGAGATAG-1,1
pbmc,GATGGAGAGGCTAAAT-1,1
pbmc,GATGGAGAGGTATCTC-1,1
pbmc,GATGGAGAGGTCTGGA-1,1
pbmc,GATGGAGAGGTTTGAA-1,2
pbmc,GATGGAGAGTCGCCAC-1,1
pbmc,GATGGAGCACACGTGC-1,1
pbmc,GATGGAGCACTTGAAC-1,316
pbmc,GATGGAGCAGAACTAA-1,1
pbmc,GATGGAGCAGTGTACT-1,3
pbmc,GATGGAGCATGTACGT-1,1
pbmc,GATGGAGGTAACGCGA-1,1
pbmc,GATGGAGGTAAGATTG-1,1
pbmc,GATGGAGGTACAAGCG-1,1
pbmc,GATGGAGGTCTTACAG-1,1
pbmc,GATGGAGGTGAATAAC-1,1
pbmc,GATGGAGGTTCGAGCC-1,1
pbmc,GATGGAGGTTGCATGT-1,1
pbmc,GATGGAGGTTTACGTG-1,1
pbmc,GATGGAGTCCCTGGTT-1,2
pbmc,GATGGAGTCCGTGCGA-1,1
pbmc,GATGGAGTCCTTATCA-1,2
pbmc,GATGGAGTCGATGCTA-1,1
pbmc,GATGGAGTCGCAAGAG-1,1
pbmc,GATGGAGTCTACTGCC-1,1
pbmc,GATGGAGTCTCCCAGC-1,1
pbmc,GATGGAGTCTGCGGCA-1,256
pbmc,GATGGAGTCTGGAGAG-1,1
pbmc,GATGGAGTCTTCCAGC-1,188
pbmc,GATGGAGTCTTCTCAA-1,1
pbmc,GATGTTGAGCGATTCT-1,1
pbmc,GATGTTGAGGGCAACT-1,1
pbmc,GATGTTGAGTGTTGTC-1,1
pbmc,GATGTTGCAAACCACT-1,1
pbmc,GATGTTGCAAACGTGG-1,2
pbmc,GATGTTGCAATCGCAT-1,1
pbmc,GATGTTGCACATTACG-1,1
pbmc,GATGTTGCACCTGCAG-1,1
pbmc,GATGTTGCACTCCTTG-1,2
pbmc,GATGTTGCAGAGGCAT-1,1
pbmc,GATGTTGCAGCACAGA-1,1
pbmc,GATGTTGGTAGACGTG-1,1
pbmc,GATGTTGGTCGAATTC-1,1
pbmc,GATGTTGGTTAAGGAT-1,1
pbmc,GATGTTGTCCGAGCTG-1,1
pbmc,GATGTTGTCTGGGTCG-1,1
pbmc,GATTCGAAGCTGGCCT-1,1
pbmc,GATTCGACACCAAATC-1,1
pbmc,GATTCGACATCAGCTA-1,1
pbmc,GATTCGAGTACCATAC-1,1
pbmc,GATTCGAGTACGACAG-1,1
pbmc,GATTCGAGTACGCGTC-1,1
pbmc,GATTCGAGTCGCACGT-1,13
pbmc,GATTCGAGTTCGTACA-1,1
pbmc,GATTCGATCCTCACCA-1,1
pbmc,GATTCGATCCTCGATC-1,1
pbmc,GATTCGATCGATGCAT-1,1
pbmc,GATTCGATCGGCTGTG-1,1
pbmc,GATTCGATCTCAACGA-1,1
pbmc,GATTCTTAGAAAGCGA-1,1
pbmc,GATTCTTAGATACATG-1,1
pbmc,GATTCTTAGCCTATTG-1,1
pbmc,GATTCTTAGGCCCAAA-1,1
pbmc,GATTCTTAGGGTCAAC-1,1
pbmc,GATTCTTAGTACCCTA-1,1
pbmc,GATTCTTAGTGATAGT-1,1
pbmc,GATTCTTCAAGATGTA-1,1
pbmc,GATTCTTCAGAGGACT-1,1
pbmc,GATTCTTCAGCGGTCT-1,1
pbmc,GATTCTTCATAGATCC-1,2
pbmc,GATTCTTGTACAGTCT-1,265
pbmc,GATTCTTGTAGCTTAC-1,1
pbmc,GATTCTTGTCAACCTA-1,1
pbmc,GATTCTTGTCCATAGT-1,1
pbmc,GATTCTTGTGTGACCC-1,1
pbmc,GATTCTTGTTCCCACT-1,1
pbmc,GATTCTTTCAGTCACA-1,1
pbmc,GATTCTTTCCACGTGG-1,1
pbmc,GATTCTTTCCTCTTTC-1,1
pbmc,GATTCTTTCGTTCCTG-1,1
pbmc,GATTCTTTCTACTATC-1,1
pbmc,GATTGGTAGAACAGGA-1,1
pbmc,GATTGGTAGACCGTTT-1,1
pbmc,GATTGGTAGAGGACTC-1,1
pbmc,GATTGGTAGAGTTGAT-1,1
pbmc,GATTGGTAGCTAATGA-1,1
pbmc,GATTGGTAGGCTCCCA-1,1
pbmc,GATTGGTAGGCTGGAT-1,90
pbmc,GATTGGTCAAGGTCGA-1,1
pbmc,GATTGGTCATCCTCAC-1,1
pbmc,GATTGGTCATGCTGCG-1,8
pbmc,GATTGGTGTAACCCGC-1,1
pbmc,GATTGGTGTATCGCAT-1,1
pbmc,GATTGGTGTGCCGAAA-1,1
pbmc,GATTGGTGTTCTCTAT-1,1
pbmc,GATTGGTGTTGAGAGC-1,230
pbmc,GATTGGTTCATAGCAC-1,1
pbmc,GATTGGTTCATGACAC-1,1
pbmc,GATTGGTTCGGAGTAG-1,1
pbmc,GATTGGTTCTAGTCAG-1,1
pbmc,GATTGGTTCTGTCCGT-1,1
pbmc,GATTGGTTCTTCTCAA-1,1
pbmc,GATTTCTAGAAATTGC-1,2
pbmc,GATTTCTAGAACTTCC-1,1
pbmc,GATTTCTAGACCTTTG-1,1
pbmc,GATTTCTCAAGTGGGT-1,230
pbmc,GATTTCTCAGATCATC-1,1
pbmc,GATTTCTCAGGATTTC-1,1
pbmc,GATTTCTCAGGGCTTC-1,1
pbmc,GATTTCTCATGGGATG-1,1
pbmc,GATTTCTGTCGTCGGT-1,53
pbmc,GATTTCTGTCTCAGGC-1,1
pbmc,GATTTCTGTGTATCCA-1,1
pbmc,GATTTCTGTGTGCCTG-1,1
pbmc,GATTTCTTCAGACATC-1,1
pbmc,GATTTCTTCCACATAG-1,1
pbmc,GATTTCTTCCATTGGA-1,1
pbmc,GATTTCTTCCCTGGTT-1,1
pbmc,GATTTCTTCCGTATAG-1,1
pbmc,GATTTCTTCCTCCACA-1,1
pbmc,GATTTCTTCCTTCAGC-1,238
pbmc,GATTTCTTCGAAGTGG-1,1
pbmc,GATTTCTTCGAGATGG-1,2
pbmc,GATTTCTTCGTTCATT-1,1
pbmc,GATTTCTTCTAGTCAG-1,1
pbmc,GATTTCTTCTCTCGCA-1,1
pbmc,GCAACATAGATGTTGA-1,1
pbmc,GCAACATAGCATCAGG-1,1
pbmc,GCAACATAGCTTAGTC-1,1
pbmc,GCAACATAGGAGGTTC-1,1
pbmc,GCAACATAGTGCCAGA-1,1
pbmc,GCAACATCAAATTGCC-1,1
pbmc,GCAACATCAAGAGATT-1,1
pbmc,GCAACATCACAAGTGG-1,1
pbmc,GCAACATCACGTTGCG-1,1
pbmc,GCAACATCACTAGGTT-1,1
pbmc,GCAACATCACTTGAGT-1,1
pbmc,GCAACATCAGACAAAT-1,1
pbmc,GCAACATCATCAGTCA-1,1
pbmc,GCAACATCATGGAGAC-1,1
pbmc,GCAACATGTCCTCCTA-1,1
pbmc,GCAACATGTGATTCAC-1,1
pbmc,GCAACATGTTAACAGA-1,1
pbmc,GCAACATGTTGGTAGG-1,2
pbmc,GCAACATTCAAATGAG-1,1
pbmc,GCAACATTCAAGGCTT-1,1
pbmc,GCAACATTCATGAGGG-1,1
pbmc,GCAACATTCGTTAGTG-1,2
pbmc,GCAACATTCTTTGCTA-1,1
pbmc,GCAACCGAGAAACTAC-1,1
pbmc,GCAACCGAGAAGTCTA-1,1
pbmc,GCAACCGAGACAGCTG-1,1
pbmc,GCAACCGAGACTACCT-1,1
pbmc,GCAACCGAGCGAGAAA-1,1
pbmc,GCAACCGAGCTTTCTT-1,1
pbmc,GCAACCGAGGTGGGTT-1,1
pbmc,GCAACCGAGGTTTACC-1,1
pbmc,GCAACCGAGTCACTCA-1,1
pbmc,GCAACCGAGTCCCGGT-1,1
pbmc,GCAACCGAGTGGCAGT-1,1
pbmc,GCAACCGCAAGTACCT-1,1
pbmc,GCAACCGCAATTTCTC-1,1
pbmc,GCAACCGCATTCAGCA-1,1
pbmc,GCAACCGGTACCAGAG-1,1
pbmc,GCAACCGGTAGCGAGT-1,1
pbmc,GCAACCGGTATAGGGC-1,1
pbmc,GCAACCGGTGTGTACT-1,1
pbmc,GCAACCGGTTTGACAC-1,1
pbmc,GCAACCGTCATTTCCA-1,224
pbmc,GCAACCGTCCCGTTGT-1,1
pbmc,GCAACCGTCCTCGATC-1,1
pbmc,GCAACCGTCGAACGGA-1,185
pbmc,GCAACCGTCGAACTCA-1,1
pbmc,GCAACCGTCGCGTGCA-1,2
pbmc,GCAACCGTCGTCTAAG-1,1
pbmc,GCAACCGTCGTTGTGA-1,1
pbmc,GCAACCGTCTTTGATC-1,1
pbmc,GCACATAAGAAGCGGG-1,1
pbmc,GCACATAAGACTAGAT-1,1
pbmc,GCACATAAGAGCCGAT-1,1
pbmc,GCACATAAGCCAATAG-1,1
pbmc,GCACATAAGGCTAGCA-1,1
pbmc,GCACATAAGTGGAATT-1,1
pbmc,GCACATACAAACTCTG-1,1
pbmc,GCACATACAACGATTC-1,1
pbmc,GCACATACAAGTGCTT-1,1
pbmc,GCACATACACGGAAGT-1,1
pbmc,GCACATACACGGCACT-1,1
pbmc,GCACATACAGCATGAG-1,1
pbmc,GCACATACATAAGCGG-1,1
pbmc,GCACATACATAGACTC-1,1
pbmc,GCACATACATCTCCCA-1,1
pbmc,GCACATAGTACTAACC-1,1
pbmc,GCACATAGTAGCTTGT-1,1
pbmc,GCACATAGTATGAGGC-1,1
pbmc,GCACATAGTCACTCGG-1,1
pbmc,GCACATAGTGACGTCC-1,1
pbmc,GCACATAGTGCAACGA-1,1
pbmc,GCACATAGTTCGTTCC-1,1
pbmc,GCACATATCACCAAGC-1,1
pbmc,GCACATATCAGCGGAA-1,1
pbmc,GCACATATCAGGCGAA-1,1
pbmc,GCACATATCCATTTGT-1,1
pbmc,GCACATATCTATTGTC-1,1
pbmc,GCACATATCTTACGGA-1,1
pbmc,GCACGGTAGACTACCT-1,1
pbmc,GCACGGTAGACTGTTC-1,1
pbmc,GCACGGTAGAGAGTGA-1,1
pbmc,GCACGGTAGCTGCCAC-1,1
pbmc,GCACGGTAGCTGTGCC-1,1
pbmc,GCACGGTAGGGAACAA-1,1
pbmc,GCACGGTAGTAGCATA-1,1
pbmc,GCACGGTAGTAGCCTC-1,1
pbmc,GCACGGTAGTAGTCCT-1,1
pbmc,GCACGGTAGTAGTCTC-1,295
pbmc,GCACGGTAGTTCCGGC-1,1
pbmc,GCACGGTAGTTTGGCT-1,1
pbmc,GCACGGTCAAAGGCGT-1,1
pbmc,GCACGGTCAAGAGATT-1,1
pbmc,GCACGGTCACCCAAAT-1,1
pbmc,GCACGGTCACCCAACG-1,181
pbmc,GCACGGTCACCCAATA-1,1
pbmc,GCACGGTCACTCCGAG-1,1
pbmc,GCACGGTCAGAGGGTT-1,1
pbmc,GCACGGTCAGTAGTTC-1,1
pbmc,GCACGGTCATAGAAAC-1,1
pbmc,GCACGGTCATTCAGGT-1,1
pbmc,GCACGGTGTGAGATAT-1,1
pbmc,GCACGGTGTGTAGCAG-1,1
pbmc,GCACGGTGTGTCTTCC-1,1
pbmc,GCACGGTGTTAGAGAT-1,2
pbmc,GCACGGTGTTATTCCT-1,1
pbmc,GCACGGTTCAAGCTGT-1,1
pbmc,GCACGGTTCGACGATT-1,1
pbmc,GCACGGTTCGGCTATA-1,1
pbmc,GCACGGTTCGGTCATA-1,1
pbmc,GCACGTGAGATGTTCC-1,1
pbmc,GCACGTGAGGTCCCGT-1,1
pbmc,GCACGTGCAATCCTAG-1,1
pbmc,GCACGTGCACAACGTT-1,1
pbmc,GCACGTGCACCAAAGG-1,1
pbmc,GCACGTGCAGAAGTTA-1,2
pbmc,GCACGTGGTAAGGTCG-1,1
pbmc,GCACGTGGTAATGCGG-1,1
pbmc,GCACGTGGTATAGCTC-1,2
pbmc,GCACGTGGTATGGTAA-1,1
pbmc,GCACGTGGTCATCCGG-1,1
pbmc,GCACGTGGTCCATAGT-1,1
pbmc,GCACGTGGTGGTCTCG-1,2
pbmc,GCACGTGGTTTAGACC-1,1
pbmc,GCACGTGTCAGACATC-1,220
pbmc,GCACGTGTCATGCGGC-1,1
pbmc,GCACGTGTCCCACAGG-1,1
pbmc,GCACGTGTCGTCCTTG-1,1
pbmc,GCACGTGTCTAGCCTC-1,1
pbmc,GCACGTGTCTCTTGCG-1,1
pbmc,GCACTAAAGAATCGAT-1,2
pbmc,GCACTAAAGAGAGCAA-1,1
pbmc,GCACTAAAGCAGCACA-1,1
pbmc,GCACTAAAGCGCTGAA-1,1
pbmc,GCACTAAAGCGTACAG-1,1
pbmc,GCACTAAAGGTATCTC-1,1
pbmc,GCACTAAAGGTTTGAA-1,1
pbmc,GCACTAACAAACCATC-1,1
pbmc,GCACTAACAAAGCTAA-1,1
pbmc,GCACTAACAAGCCTGC-1,2
pbmc,GCACTAACACCGGCTA-1,1
pbmc,GCACTAACACGCACCA-1,1
pbmc,GCACTAACACTGCATA-1,1
pbmc,GCACTAACATCTTTCA-1,1
pbmc,GCACTAAGTGGAACCA-1,1
pbmc,GCACTAAGTGGCTGAA-1,1
pbmc,GCACTAAGTGTGCTTA-1,1
pbmc,GCACTAAGTTCTAACG-1,1
pbmc,GCACTAAGTTCTATCT-1,1
pbmc,GCACTAATCCGGTAAT-1,1
pbmc,GCACTAATCGCGTGCA-1,5
pbmc,GCACTAATCGGAAGGT-1,1
pbmc,GCACTAATCGGCTATA-1,1
pbmc,GCACTAATCGGCTGAC-1,1
pbmc,GCACTAATCTCCTACG-1,1
pbmc,GCACTAATCTCTCCGA-1,1
pbmc,GCACTAATCTCTGCCA-1,1
pbmc,GCACTAATCTGCTAGA-1,1
pbmc,GCACTAATCTGGTCAA-1,1
pbmc,GCACTAATCTTGGCTC-1,1
pbmc,GCAGCCAAGAGGTCAC-1,193
pbmc,GCAGCCAAGCAACCAA-1,1
pbmc,GCAGCCAAGCTGATAG-1,1
pbmc,GCAGCCAAGGAGCTGT-1,1
pbmc,GCAGCCAAGGAGTACC-1,1
pbmc,GCAGCCAAGGCGTTGA-1,1
pbmc,GCAGCCAAGGGCAGGA-1,1
pbmc,GCAGCCAAGGTACATA-1,1
pbmc,GCAGCCAAGTATGATG-1,1
pbmc,GCAGCCAAGTCGGGAT-1,1
pbmc,GCAGCCACAACAACAA-1,1
pbmc,GCAGCCACAAGCGTCC-1,1
pbmc,GCAGCCACAAGGGTCA-1,1
pbmc,GCAGCCACAAGGTACG-1,2
pbmc,GCAGCCACAATCGGTT-1,1
pbmc,GCAGCCACACAAATAG-1,3
pbmc,GCAGCCACACATATGC-1,2
pbmc,GCAGCCACACGAAAGC-1,2
pbmc,GCAGCCACAGAGAAAG-1,1
pbmc,GCAGCCACAGCAGACA-1,1
pbmc,GCAGCCACAGCGTTTA-1,1
pbmc,GCAGCCACATACATCG-1,202
pbmc,GCAGCCACATCGATGT-1,1
pbmc,GCAGCCACATTGAGGG-1,2
pbmc,GCAGCCAGTAACGTTC-1,1
pbmc,GCAGCCAGTATGGAAT-1,1
pbmc,GCAGCCAGTCACATTG-1,1
pbmc,GCAGCCAGTCATATGC-1,1
pbmc,GCAGCCAGTTATTCTC-1,1
pbmc,GCAGCCAGTTCCATTT-1,1
pbmc,GCAGCCAGTTCTTCAT-1,1
pbmc,GCAGCCAGTTGCGTAT-1,253
pbmc,GCAGCCAGTTGGCCTG-1,1
pbmc,GCAGCCATCAAAGGAT-1,1
pbmc,GCAGCCATCACCGGGT-1,180
pbmc,GCAGCCATCAGAACCT-1,1
pbmc,GCAGCCATCATGACCG-1,2
pbmc,GCAGCCATCATGCGGC-1,1
pbmc,GCAGCCATCATTACTC-1,1
pbmc,GCAGCCATCCTAGCTC-1,1
pbmc,GCAGCTGAGGGACCAT-1,1
pbmc,GCAGCTGAGTAAGAGG-1,1
pbmc,GCAGCTGAGTCCGTCG-1,1
pbmc,GCAGCTGAGTTAACAG-1,1
pbmc,GCAGCTGCAAAGCTAA-1,1
pbmc,GCAGCTGCAAATAAGC-1,1
pbmc,GCAGCTGCATGTACGT-1,1
pbmc,GCAGCTGGTAAGTTAG-1,443
pbmc,GCAGCTGGTAGTAAGT-1,1
pbmc,GCAGCTGGTCACTACA-1,1
pbmc,GCAGCTGGTCCTGTTC-1,1
pbmc,GCAGCTGGTCGTATTG-1,2
pbmc,GCAGCTGGTGGGTCAA-1,195
pbmc,GCAGCTGGTGGTCAAG-1,1
pbmc,GCAGCTGGTTCCTTGC-1,1
pbmc,GCAGCTGGTTGTTGAC-1,1
pbmc,GCAGCTGTCAAAGCCT-1,437
pbmc,GCAGCTGTCAAAGCGA-1,1
pbmc,GCAGCTGTCCATGAGT-1,1
pbmc,GCAGCTGTCCTAAACG-1,1
pbmc,GCAGCTGTCCTCAGAA-1,1
pbmc,GCAGCTGTCCTTCTGG-1,216
pbmc,GCAGCTGTCGAGTCCG-1,1
pbmc,GCAGCTGTCTATTGTC-1,1
pbmc,GCAGCTGTCTGACAGT-1,1
pbmc,GCAGCTGTCTGACCCT-1,1
pbmc,GCAGCTGTCTTCCCAG-1,1
pbmc,GCAGGCTAGACATGCG-1,1
pbmc,GCAGGCTAGCATGAAT-1,1
pbmc,GCAGGCTAGCTCCGAC-1,1
pbmc,GCAGGCTAGGTTTACC-1,1
pbmc,GCAGGCTCAACCACGC-1,1
pbmc,GCAGGCTCACTCCACT-1,1
pbmc,GCAGGCTCACTCCGGA-1,4
pbmc,GCAGGCTCACTTCAAG-1,1
pbmc,GCAGGCTCATAAGCAA-1,1
pbmc,GCAGGCTGTACCTATG-1,1
pbmc,GCAGGCTGTAGACACG-1,1
pbmc,GCAGGCTGTCAAGGCA-1,1
pbmc,GCAGGCTGTCCACTTC-1,1
pbmc,GCAGGCTGTGCCTGCA-1,1
pbmc,GCAGGCTGTGTCATCA-1,1
pbmc,GCAGGCTGTTGAGAGC-1,1
pbmc,GCAGGCTGTTGTTGCA-1,2
pbmc,GCAGGCTGTTTACCTT-1,1
pbmc,GCAGGCTTCAAGTCTG-1,2
pbmc,GCAGGCTTCCAATGCA-1,1
pbmc,GCAGGCTTCGTTGCCT-1,1
pbmc,GCAGTTAAGATCCAAA-1,1
pbmc,GCAGTTAAGGCGTTGA-1,1
pbmc,GCAGTTAAGGCTGAAC-1,1
pbmc,GCAGTTAAGGGATGTC-1,1
pbmc,GCAGTTAAGTATTAGG-1,1
pbmc,GCAGTTACAAAGCGTG-1,1
pbmc,GCAGTTACACATTCTT-1,114
pbmc,GCAGTTACAGCCTATA-1,1
pbmc,GCAGTTACAGCTGTCG-1,1
pbmc,GCAGTTAGTGCACATT-1,1
pbmc,GCAGTTAGTTAAACAG-1,1
pbmc,GCAGTTAGTTGCCGCA-1,1
pbmc,GCAGTTAGTTGCTGAT-1,1
pbmc,GCAGTTATCAATCAGC-1,1
pbmc,GCAGTTATCCCTCTTC-1,1
pbmc,GCAGTTATCGGAGCAA-1,1
pbmc,GCAGTTATCTATTTCG-1,1
pbmc,GCAGTTATCTCTCTGA-1,1
pbmc,GCAGTTATCTCTCTTC-1,448
pbmc,GCATCGGAGCGTTGTT-1,1
pbmc,GCATCGGAGCTGCCTG-1,1
pbmc,GCATCGGAGGCGATAC-1,1
pbmc,GCATCGGAGGTGCTAG-1,1
pbmc,GCATCGGAGGTTACCT-1,1
pbmc,GCATCGGAGTAAGCAT-1,1
pbmc,GCATCGGCAAATCAGA-1,1
pbmc,GCATCGGCAAGGTCTT-1,1
pbmc,GCATCGGCAATCTGCA-1,1
pbmc,GCATCGGCAATTCACG-1,1
pbmc,GCATCGGCACGACGAA-1,1
pbmc,GCATCGGCACTCAGAT-1,1
pbmc,GCATCGGCACTTCATT-1,1
pbmc,GCATCGGCAGACCTGC-1,1
pbmc,GCATCGGCAGCATACT-1,1
pbmc,GCATCGGCAGGCAATG-1,1
pbmc,GCATCGGCAGTTGAAA-1,2
pbmc,GCATCGGCATTGGGAG-1,1
pbmc,GCATCGGGTAACGATA-1,340
pbmc,GCATCGGGTAAGGCCA-1,1
pbmc,GCATCGGGTGGCGTAA-1,1
pbmc,GCATCGGGTTTACGAC-1,1
pbmc,GCATCGGGTTTACGTG-1,1
pbmc,GCATCGGTCACAATGC-1,1
pbmc,GCATCGGTCACGATAC-1,1
pbmc,GCATCGGTCCGGGACT-1,1
pbmc,GCATCGGTCGAGTTGT-1,1
pbmc,GCATCGGTCGATTCCC-1,2
pbmc,GCATCTCAGACCAAAT-1,1
pbmc,GCATCTCAGATTGATG-1,1
pbmc,GCATCTCAGCTGACAG-1,1
pbmc,GCATCTCAGGAGTCTG-1,1
pbmc,GCATCTCAGTGGGAAA-1,2
pbmc,GCATCTCAGTGTACAA-1,1
pbmc,GCATCTCAGTTTGAGA-1,1
pbmc,GCATCTCCAACCGGAA-1,1
pbmc,GCATCTCCAATACCCA-1,1
pbmc,GCATCTCCAATTCGTG-1,1
pbmc,GCATCTCCAATTGCGT-1,1
pbmc,GCATCTCCACAAGCCC-1,1
pbmc,GCATCTCCACCGGCTA-1,1
pbmc,GCATCTCCACGGTCTG-1,3
pbmc,GCATCTCCAGCTCGGT-1,1
pbmc,GCATCTCCAGTATTCG-1,1
pbmc,GCATCTCGTACAGCGA-1,2
pbmc,GCATCTCGTCGTCTCT-1,1
pbmc,GCATCTCGTCTGTCCT-1,1
pbmc,GCATCTCGTTACCCTC-1,1
pbmc,GCATCTCTCACAGAGG-1,1
pbmc,GCATCTCTCACTTATC-1,1
pbmc,GCATCTCTCCACGTGG-1,1
pbmc,GCATCTCTCCTTCGAC-1,1
pbmc,GCATCTCTCTTCACGC-1,1
pbmc,GCATCTCTCTTCTTCC-1,1
pbmc,GCATGATAGAATTTGG-1,1
pbmc,GCATGATAGAGTTGTA-1,1
pbmc,GCATGATAGCAAATGT-1,3
pbmc,GCATGATAGCTACAAA-1,1
pbmc,GCATGATAGGTTGGTG-1,1
pbmc,GCATGATAGTAACGAT-1,1
pbmc,GCATGATCACTACGGC-1,1
pbmc,GCATGATCAGACCTAT-1,1
pbmc,GCATGATCAGTGGGTA-1,1
pbmc,GCATGATCATGCATGT-1,1
pbmc,GCATGATCATGCCTAA-1,1
pbmc,GCATGATCATGGTGGA-1,1
pbmc,GCATGATGTACGCTTA-1,2
pbmc,GCATGATGTATGGTTC-1,2
pbmc,GCATGATGTCAGCGTC-1,1
pbmc,GCATGATGTCGAGTGA-1,1
pbmc,GCATGATGTCGCCTAG-1,1
pbmc,GCATGATGTCTTTATC-1,1
pbmc,GCATGATGTGCTTATG-1,1
pbmc,GCATGATGTGTTCGAT-1,1
pbmc,GCATGATGTTTACTGG-1,2
pbmc,GCATGATTCAACTCTT-1,1
pbmc,GCATGATTCACTGTCC-1,1
pbmc,GCATGATTCATGGAGG-1,1
pbmc,GCATGATTCCACGTGG-1,2
pbmc,GCATGATTCGTGCAGC-1,1
pbmc,GCATGATTCTAGATCG-1,1
pbmc,GCATGATTCTGTTCAT-1,1
pbmc,GCATTAGAGACCAAGC-1,1
pbmc,GCATTAGAGCTAGCCC-1,1
pbmc,GCATTAGAGTCATTGC-1,1
pbmc,GCATTAGAGTGGTTAA-1,2
pbmc,GCATTAGCACGCGTCA-1,1
pbmc,GCATTAGCAGGTTCCG-1,1
pbmc,GCATTAGCATACTTTC-1,1
pbmc,GCATTAGCATGGCCCA-1,1
pbmc,GCATTAGGTCAAGCGA-1,1
pbmc,GCATTAGGTCGCATGC-1,1
pbmc,GCATTAGGTGCGAGTA-1,1
pbmc,GCATTAGTCAGAGTTC-1,1
pbmc,GCATTAGTCCAAGCAT-1,1
pbmc,GCATTAGTCTAATTCC-1,1
pbmc,GCCAACGAGACCTCCG-1,1
pbmc,GCCAACGAGCATTGAA-1,1
pbmc,GCCAACGAGCTAATGA-1,1
pbmc,GCCAACGAGGAGAATG-1,1
pbmc,GCCAACGAGGCCCGTT-1,1
pbmc,GCCAACGAGGTGGTTG-1,1
pbmc,GCCAACGAGTGGGAAA-1,1
pbmc,GCCAACGCAAGTACCT-1,1
pbmc,GCCAACGCAATGTTGC-1,1
pbmc,GCCAACGCAATTTCCT-1,1
pbmc,GCCAACGCAGAACATA-1,1
pbmc,GCCAACGCAGCCTACG-1,1
pbmc,GCCAACGCATCCAACA-1,1
pbmc,GCCAACGCATGACAAA-1,1
pbmc,GCCAACGGTAAGACCG-1,1
pbmc,GCCAACGGTAATGATG-1,1
pbmc,GCCAACGGTACCAATC-1,1
pbmc,GCCAACGGTACGCGTC-1,4
pbmc,GCCAACGGTAGTACGG-1,1
pbmc,GCCAACGGTCCAACGC-1,1
pbmc,GCCAACGGTGCCGGTT-1,1
pbmc,GCCAACGGTGGGTCAA-1,1
pbmc,GCCAACGTCAACCCGG-1,1
pbmc,GCCAACGTCACTCACC-1,1
pbmc,GCCAACGTCCGGTTCT-1,1
pbmc,GCCAACGTCCGTGCGA-1,1
pbmc,GCCAACGTCCTGATAG-1,1
pbmc,GCCAACGTCGACACTA-1,1
pbmc,GCCAACGTCTAACGCA-1,217
pbmc,GCCAACGTCTCAAAGC-1,1
pbmc,GCCAACGTCTGCATAG-1,309
pbmc,GCCAGCAAGCACTAAA-1,2
pbmc,GCCAGCAAGCGCCTTG-1,1
pbmc,GCCAGCAAGCTGAGTG-1,1
pbmc,GCCAGCAAGGCTTAAA-1,1
pbmc,GCCAGCAAGGTGCCAA-1,1
pbmc,GCCAGCAAGTTCAACC-1,1
pbmc,GCCAGCACAATTTCGG-1,2
pbmc,GCCAGCACAATTTCTC-1,1
pbmc,GCCAGCACACAAGTGG-1,1
pbmc,GCCAGCACACGTTCGG-1,1
pbmc,GCCAGCACAGAGGGTT-1,2
pbmc,GCCAGCACATATTCGG-1,1
pbmc,GCCAGCAGTATCGCAT-1,1
pbmc,GCCAGCAGTCCACAGC-1,1
pbmc,GCCAGCAGTTAAGACA-1,1
pbmc,GCCAGCAGTTGTCCCT-1,1
pbmc,GCCAGCATCGGCTATA-1,1
pbmc,GCCAGCATCGTGCTCT-1,1
pbmc,GCCAGCATCGTTATCT-1,1
pbmc,GCCAGCATCTACTCAT-1,1
pbmc,GCCAGCATCTCATTAC-1,1
pbmc,GCCAGGTAGAAATTGC-1,1
pbmc,GCCAGGTAGGCGTCCT-1,1
pbmc,GCCAGGTCAAAGAACT-1,1
pbmc,GCCAGGTCAACCGTGC-1,1
pbmc,GCCAGGTCAAGCTGCC-1,2
pbmc,GCCAGGTCAAGTCCCG-1,1
pbmc,GCCAGGTCACTAGTAC-1,1
pbmc,GCCAGGTCACTTGTGA-1,1
pbmc,GCCAGGTCAGAGATTA-1,1
pbmc,GCCAGGTCATCAACCA-1,1
pbmc,GCCAGGTGTAACACCT-1,1
pbmc,GCCAGGTGTAGATCCT-1,1
pbmc,GCCAGGTGTCACAATC-1,2
pbmc,GCCAGGTGTCACTCTC-1,1
pbmc,GCCAGGTGTGCAACGA-1,1
pbmc,GCCAGGTGTGCACATT-1,1
pbmc,GCCAGGTGTTAGAAAC-1,326
pbmc,GCCAGGTTCCAAGCTA-1,1
pbmc,GCCAGGTTCGAACCAT-1,1
pbmc,GCCAGGTTCGTTGCCT-1,1
pbmc,GCCAGGTTCTTTACAC-1,1
pbmc,GCCAGTGAGACTTCCA-1,1
pbmc,GCCAGTGAGCACTAAA-1,1
pbmc,GCCAGTGAGCGTGTCC-1,1
pbmc,GCCAGTGAGCTACTGT-1,2
pbmc,GCCAGTGAGCTGACTT-1,1
pbmc,GCCAGTGAGCTGCCAC-1,1
pbmc,GCCAGTGAGTAGTCAA-1,1
pbmc,GCCAGTGAGTCCTACA-1,156
pbmc,GCCAGTGAGTTCATGC-1,1
pbmc,GCCAGTGCAGTTACCA-1,1
pbmc,GCCAGTGCATAGCACT-1,1
pbmc,GCCAGTGCATCAGTGT-1,1
pbmc,GCCAGTGGTCGTCTCT-1,1
pbmc,GCCAGTGGTGGCTACC-1,1
pbmc,GCCAGTGGTTCTCGCT-1,1
pbmc,GCCAGTGGTTGCCGAC-1,1
pbmc,GCCAGTGTCAAACCCA-1,1
pbmc,GCCAGTGTCAAGCTTG-1,1
pbmc,GCCAGTGTCACCATCC-1,1
pbmc,GCCAGTGTCAGATGCT-1,1
pbmc,GCCAGTGTCCTACGAA-1,1
pbmc,GCCAGTGTCCTCTAAT-1,1
pbmc,GCCAGTGTCTAGCAAC-1,1
pbmc,GCCATGGAGACTCATC-1,1
pbmc,GCCATGGAGAGGATCC-1,1
pbmc,GCCATGGAGGATGGCT-1,1
pbmc,GCCATGGAGTGCTAGG-1,1
pbmc,GCCATGGAGTTACTCG-1,1
pbmc,GCCATGGAGTTCATGC-1,1
pbmc,GCCATGGCAATAACCC-1,1
pbmc,GCCATGGCACATGACT-1,1
pbmc,GCCATGGCACGTGTGC-1,1
pbmc,GCCATGGCAGTTAGGG-1,3
pbmc,GCCATGGCAGTTCTAG-1,1
pbmc,GCCATGGCAGTTTCGA-1,1
pbmc,GCCATGGCATCGCTGG-1,1
pbmc,GCCATGGGTAACAGGC-1,1
pbmc,GCCATGGGTCCAGAAG-1,1
pbmc,GCCATGGGTCCGATCG-1,1
pbmc,GCCATGGGTCTCGGAC-1,1
pbmc,GCCATGGGTGGAGGTT-1,1
pbmc,GCCATGGGTGGATGAC-1,1
pbmc,GCCATGGGTGGTCCCA-1,1
pbmc,GCCATGGGTTCCTTGC-1,1
pbmc,GCCATGGGTTCGGGTC-1,1
pbmc,GCCATGGGTTCTAAGC-1,1
pbmc,GCCATGGGTTGAAGTA-1,1
pbmc,GCCATGGTCGATGGAG-1,1
pbmc,GCCATGGTCGCACTCT-1,1
pbmc,GCCATGGTCGCGTTTC-1,5
pbmc,GCCATGGTCGTAACTG-1,1
pbmc,GCCATGGTCTAACGCA-1,2
pbmc,GCCATGGTCTCGGTAA-1,1
pbmc,GCCATTCAGAGTGTTA-1,1
pbmc,GCCATTCAGATCGCCC-1,1
pbmc,GCCATTCAGGGCAGAG-1,1
pbmc,GCCATTCCACCGGTCA-1,1
pbmc,GCCATTCCAGGACGAT-1,1
pbmc,GCCATTCCAGGTATGG-1,1
pbmc,GCCATTCCAGTCGCTG-1,1
pbmc,GCCATTCGTCACAGAG-1,1
pbmc,GCCATTCGTCCCGGTA-1,1
pbmc,GCCATTCGTGTCTTCC-1,3
pbmc,GCCATTCGTTGGAGAC-1,1
pbmc,GCCCAGAAGATTCGCT-1,1
pbmc,GCCCAGAAGTCAATCC-1,1
pbmc,GCCCAGAAGTGCGTCC-1,1
pbmc,GCCCAGACACCGTGGT-1,1
pbmc,GCCCAGACAGCATTGT-1,2
pbmc,GCCCAGACAGCCTATA-1,1
pbmc,GCCCAGACATGGGTCC-1,1
pbmc,GCCCAGAGTCGTAATC-1,1
pbmc,GCCCAGAGTCTTTCAT-1,1
pbmc,GCCCAGAGTGTCTTCC-1,1
pbmc,GCCCAGAGTTACCCAA-1,1
pbmc,GCCCAGAGTTGTTTGG-1,1
pbmc,GCCCAGATCATTGCCC-1,1
pbmc,GCCCAGATCGCGTTTC-1,1
pbmc,GCCCAGATCTGTCGTC-1,1
pbmc,GCCCAGATCTTCCACG-1,2
pbmc,GCCCGAAAGAGCACTG-1,1
pbmc,GCCCGAAAGAGCCCAA-1,1
pbmc,GCCCGAAAGCCTGACC-1,1
pbmc,GCCCGAAAGGTAATCA-1,2
pbmc,GCCCGAAAGGTATAGT-1,1
pbmc,GCCCGAAAGTAAGAGG-1,1
pbmc,GCCCGAAAGTACGAGC-1,1
pbmc,GCCCGAAAGTCCTGTA-1,1
pbmc,GCCCGAAAGTGTACCT-1,1
pbmc,GCCCGAACAAGCGAGT-1,1
pbmc,GCCCGAACAATCTCGA-1,1
pbmc,GCCCGAACAGGCTACC-1,1
pbmc,GCCCGAACATCCGTGG-1,1
pbmc,GCCCGAACATGAGAAT-1,1
pbmc,GCCCGAACATTCAGGT-1,1
pbmc,GCCCGAAGTACCTATG-1,2
pbmc,GCCCGAAGTCCAAATC-1,1
pbmc,GCCCGAAGTCTCACAA-1,2
pbmc,GCCCGAAGTGACTGTT-1,1
pbmc,GCCCGAAGTGTCATCA-1,1
pbmc,GCCCGAAGTTCGGCCA-1,1
pbmc,GCCCGAATCATAGGCT-1,1
pbmc,GCCCGAATCCACGTAA-1,1
pbmc,GCCCGAATCCGTAATG-1,1
pbmc,GCCCGAATCCTGTTAT-1,1
pbmc,GCCCGAATCGTTGCCT-1,1
pbmc,GCCGATGAGAAGTCTA-1,1
pbmc,GCCGATGAGATCCGAG-1,1
pbmc,GCCGATGAGGACAGCT-1,2
pbmc,GCCGATGAGGCGAAGG-1,19
pbmc,GCCGATGAGGTAAGTT-1,1
pbmc,GCCGATGAGTAACCTC-1,211
pbmc,GCCGATGAGTAGCCTC-1,2
pbmc,GCCGATGAGTCACTCA-1,1
pbmc,GCCGATGCAAAGGGTC-1,1
pbmc,GCCGATGCACAAGCTT-1,1
pbmc,GCCGATGCACGTAGAG-1,1
pbmc,GCCGATGCAGAAGTGC-1,1
pbmc,GCCGATGCAGAGTTGG-1,1
pbmc,GCCGATGCAGGATTCT-1,1
pbmc,GCCGATGCAGTTGTTG-1,1
pbmc,GCCGATGCATCTTTCA-1,187
pbmc,GCCGATGCATTGTACG-1,2
pbmc,GCCGATGGTACCGTCG-1,1
pbmc,GCCGATGGTCATGCAT-1,1
pbmc,GCCGTGAAGACTCCGC-1,1
pbmc,GCCGTGAAGAGGGTCT-1,1
pbmc,GCCGTGAAGATAGTGT-1,1
pbmc,GCCGTGAAGATCCCGC-1,1
pbmc,GCCGTGAAGGACTATA-1,1
pbmc,GCCGTGACAAAGACTA-1,5
pbmc,GCCGTGACAACCCGCA-1,1
pbmc,GCCGTGACAACGACTT-1,179
pbmc,GCCGTGACAATTCACG-1,1
pbmc,GCCGTGACACATTCTT-1,1
pbmc,GCCGTGACACCTCGTT-1,1
pbmc,GCCGTGACACTCGATA-1,1
pbmc,GCCGTGACAGGTTCGC-1,2
pbmc,GCCGTGACATCATTTC-1,1
pbmc,GCCGTGACATGCCGGT-1,209
pbmc,GCCGTGACATTAAGCC-1,1
pbmc,GCCGTGAGTCAACCTA-1,1
pbmc,GCCGTGAGTCAGTCCG-1,29
pbmc,GCCGTGAGTCCTGGTG-1,1
pbmc,GCCGTGAGTTAAACAG-1,1
pbmc,GCCGTGAGTTGCACGC-1,1
pbmc,GCCGTGATCACCTACC-1,1
pbmc,GCCGTGATCACGAACT-1,1
pbmc,GCCGTGATCACTGGGC-1,1
pbmc,GCCGTGATCCATTTAC-1,1
pbmc,GCCGTGATCCCTCAAC-1,1
pbmc,GCCGTGATCGACGAGA-1,1
pbmc,GCCTGTTAGCGCCTTG-1,1
pbmc,GCCTGTTAGGCAATGC-1,1
pbmc,GCCTGTTAGGGCAATC-1,1
pbmc,GCCTGTTAGGGCAGAG-1,1
pbmc,GCCTGTTAGGTTCACT-1,1
pbmc,GCCTGTTAGGTTCATC-1,1
pbmc,GCCTGTTCAAATGGTA-1,1
pbmc,GCCTGTTCAACCGACC-1,1
pbmc,GCCTGTTCACAGTCAT-1,366
pbmc,GCCTGTTCAGCATGCC-1,1
pbmc,GCCTGTTGTATCGTAC-1,1
pbmc,GCCTGTTGTATGGGAC-1,1
pbmc,GCCTGTTGTCACGCTG-1,1
pbmc,GCCTGTTGTCTCGGAC-1,1
pbmc,GCCTGTTGTGCCTTTC-1,1
pbmc,GCCTGTTGTGGGCTTC-1,1
pbmc,GCCTGTTGTGTTGAGG-1,1
pbmc,GCCTGTTGTTCGATTG-1,1
pbmc,GCCTGTTTCATGGATC-1,1
pbmc,GCCTGTTTCGTTCTAT-1,3
pbmc,GCCTGTTTCTTCTTCC-1,1
pbmc,GCCTGTTTCTTGGTCC-1,1
pbmc,GCGAGAAAGACCAAAT-1,1
pbmc,GCGAGAAAGAGTGTTA-1,1
pbmc,GCGAGAAAGCACGATG-1,1
pbmc,GCGAGAAAGGGAGGGT-1,1
pbmc,GCGAGAAAGGGAGTGG-1,1
pbmc,GCGAGAAAGGTCACTT-1,1
pbmc,GCGAGAAAGTGATAAC-1,2
pbmc,GCGAGAAAGTTGTAGA-1,359
pbmc,GCGAGAACAAAGCGTG-1,1
pbmc,GCGAGAACAAGTATAG-1,1
pbmc,GCGAGAACACATGGTT-1,1
pbmc,GCGAGAACACGTCTCT-1,1
pbmc,GCGAGAACAGTCAGTT-1,1
pbmc,GCGAGAAGTAGAGCTG-1,1
pbmc,GCGAGAAGTTAAGAAC-1,1
pbmc,GCGAGAAGTTCATCTT-1,1
pbmc,GCGAGAATCATGAGAA-1,1
pbmc,GCGAGAATCCATTGCC-1,1
pbmc,GCGAGAATCCTCAGAA-1,217
pbmc,GCGAGAATCTTAGCCC-1,1
pbmc,GCGATCGAGAATTCAG-1,1
pbmc,GCGATCGAGCCAAGTG-1,1
pbmc,GCGATCGAGCTAAACA-1,1
pbmc,GCGATCGAGTACAACA-1,1
pbmc,GCGATCGCACAAGCAG-1,1
pbmc,GCGATCGGTAATGATG-1,1
pbmc,GCGATCGGTCGCACGT-1,1
pbmc,GCGATCGTCAACGAGG-1,1
pbmc,GCGATCGTCGCTCTCA-1,1
pbmc,GCGATCGTCTCCTGCA-1,1
pbmc,GCGGAAAAGATTAGAC-1,2
pbmc,GCGGAAAAGCCTTGAT-1,1
pbmc,GCGGAAAAGGTGCCTC-1,1
pbmc,GCGGAAAAGTCCCAGC-1,1
pbmc,GCGGAAACACAACGTT-1,2
pbmc,GCGGAAACACAGACGA-1,1
pbmc,GCGGAAACACATCCCT-1,1
pbmc,GCGGAAACACGGTGCT-1,3
pbmc,GCGGAAACAGCACACC-1,1
pbmc,GCGGAAACAGGTCAGA-1,1
pbmc,GCGGAAACAGTCTTCC-1,1
pbmc,GCGGAAACATGGGTTT-1,1
pbmc,GCGGAAAGTACATACC-1,1
pbmc,GCGGAAAGTACTGAGG-1,2
pbmc,GCGGAAAGTCTGTTAG-1,1
pbmc,GCGGAAAGTCTTGTCC-1,1
pbmc,GCGGAAAGTGTGTCCG-1,189
pbmc,GCGGAAAGTGTTTACG-1,1
pbmc,GCGGAAAGTTAAGGAT-1,2
pbmc,GCGGAAAGTTATGTCG-1,1
pbmc,GCGGAAAGTTGAAGTA-1,4
pbmc,GCGGAAATCCATCGTC-1,1
pbmc,GCGGAAATCCATTTAC-1,1
pbmc,GCGGAAATCGAAACAA-1,1
pbmc,GCGGAAATCGGACTGC-1,1
pbmc,GCGGAAATCTACGCAA-1,1
pbmc,GCGGATCAGCAACTTC-1,140
pbmc,GCGGATCAGGACGCTA-1,1
pbmc,GCGGATCAGGATGAGA-1,3
pbmc,GCGGATCAGTACCATC-1,1
pbmc,GCGGATCAGTGAACAT-1,1
pbmc,GCGGATCCAATACAGA-1,1
pbmc,GCGGATCCACATTACG-1,1
pbmc,GCGGATCCACCCTATC-1,1
pbmc,GCGGATCCACGCGTGT-1,2
pbmc,GCGGATCCAGGCTATT-1,1
pbmc,GCGGATCCATCCGTGG-1,1
pbmc,GCGGATCGTACAGGTG-1,1
pbmc,GCGGATCGTACTAACC-1,1
pbmc,GCGGATCGTACTGCGC-1,1
pbmc,GCGGATCGTATCGTTG-1,1
pbmc,GCGGATCGTCAGGAGT-1,1
pbmc,GCGGATCGTCCTATAG-1,2
pbmc,GCGGATCGTGAACCGA-1,1
pbmc,GCGGATCGTGAGCAGT-1,1
pbmc,GCGGATCGTGCGGATA-1,1
pbmc,GCGGATCGTTCTCCAC-1,1
pbmc,GCGGATCTCAATGTCG-1,2
pbmc,GCGGATCTCCATAAGC-1,1
pbmc,GCGGATCTCCGCCTAT-1,1
pbmc,GCGGATCTCGGTTAGT-1,1
pbmc,GCGTGCAAGCATGTTC-1,1
pbmc,GCGTGCAAGCCGGATA-1,1
pbmc,GCGTGCAAGCCGTAAG-1,1
pbmc,GCGTGCAAGTGCGCTC-1,1
pbmc,GCGTGCACAACCACGC-1,1
pbmc,GCGTGCACAGTCGCTG-1,1
pbmc,GCGTGCACAGTCTTCC-1,1
pbmc,GCGTGCACATACAGGG-1,1
pbmc,GCGTGCACATCGAAGG-1,1
pbmc,GCGTGCAGTAGGAGTC-1,1
pbmc,GCGTGCAGTCACAGTT-1,1
pbmc,GCGTGCAGTTCGGTAT-1,1
pbmc,GCGTGCATCAAGCCTA-1,1
pbmc,GCGTGCATCCACCCTA-1,1
pbmc,GCGTGCATCCTACGAA-1,1
pbmc,GCGTGCATCGGAACTT-1,1
pbmc,GCGTGCATCTGTCGTC-1,1
pbmc,GCGTGCATCTTGATTC-1,1
pbmc,GCGTTTCAGAGAGGGC-1,1
pbmc,GCGTTTCAGCGGGTTA-1,1
pbmc,GCGTTTCAGGCAGGTT-1,1
pbmc,GCGTTTCAGGGCAGGA-1,1
pbmc,GCGTTTCAGGGTAGCT-1,1
pbmc,GCGTTTCAGGTAAGGA-1,1
pbmc,GCGTTTCAGGTCACTT-1,1
pbmc,GCGTTTCAGTCTAGCT-1,74
pbmc,GCGTTTCCAAACCGGA-1,1
pbmc,GCGTTTCCAACAGCTT-1,1
pbmc,GCGTTTCCAAGTGCAG-1,1
pbmc,GCGTTTCCAATCTCTT-1,1
pbmc,GCGTTTCCACGGCCAT-1,1
pbmc,GCGTTTCCATCGCTGG-1,1
pbmc,GCGTTTCCATTGACCA-1,1
pbmc,GCGTTTCGTACGAGCA-1,1
pbmc,GCGTTTCGTTCGGTCG-1,1
pbmc,GCGTTTCTCGGCGATC-1,1
pbmc,GCGTTTCTCTGTCGTC-1,1
pbmc,GCTACAAAGCCTTGAT-1,2
pbmc,GCTACAAAGGAGCTGT-1,2
pbmc,GCTACAAAGGTACAAT-1,1
pbmc,GCTACAAAGTCACTCA-1,1
pbmc,GCTACAAAGTTTCGAC-1,1
pbmc,GCTACAACAACTCGAT-1,1
pbmc,GCTACAACAACTTGGT-1,1
pbmc,GCTACAACAAGACGGT-1,1
pbmc,GCTACAACAAGAGGCT-1,1
pbmc,GCTACAACAAGGGTCA-1,1
pbmc,GCTACAACACTGTGAT-1,2
pbmc,GCTACAACAGCCGGTT-1,1
pbmc,GCTACAACATGACAAA-1,1
pbmc,GCTACAAGTAGACGGT-1,1
pbmc,GCTACAAGTAGACGTG-1,1
pbmc,GCTACAAGTCAGCTTA-1,70
pbmc,GCTACAAGTGGTCTAT-1,1
pbmc,GCTACAAGTTCGGTCG-1,1
pbmc,GCTACAAGTTGGGCCT-1,1
pbmc,GCTACAATCCACATAG-1,1
pbmc,GCTACAATCCACGTAA-1,1
pbmc,GCTACAATCGAGCCAC-1,1
pbmc,GCTACAATCGTAGTGT-1,1
pbmc,GCTACAATCGTCCTCA-1,1
pbmc,GCTACAATCGTCGGGT-1,1
pbmc,GCTACAATCTGGCCTT-1,1
pbmc,GCTACCTAGAAAGCGA-1,1
pbmc,GCTACCTAGGCCTGAA-1,1
pbmc,GCTACCTAGTACCGGA-1,1
pbmc,GCTACCTAGTCTGACC-1,1
pbmc,GCTACCTCAACCCTAA-1,1
pbmc,GCTACCTCACGCACCA-1,357
pbmc,GCTACCTCACTTCAAG-1,1
pbmc,GCTACCTCAGAGGAAA-1,1
pbmc,GCTACCTCAGGCACAA-1,1
pbmc,GCTACCTCAGGTCAGA-1,1
pbmc,GCTACCTCATCCGTGG-1,1
pbmc,GCTACCTGTAACCCGC-1,2
pbmc,GCTACCTGTAAGTAGT-1,1
pbmc,GCTACCTGTATGATCC-1,1
pbmc,GCTACCTGTCACAATC-1,1
pbmc,GCTACCTGTCATGACT-1,1
pbmc,GCTACCTGTCCTACAA-1,451
pbmc,GCTACCTGTCGAATTC-1,1
pbmc,GCTACCTGTCGTCATA-1,1
pbmc,GCTACCTGTCTGCAAT-1,1
pbmc,GCTACCTGTGAATAAC-1,1
pbmc,GCTACCTGTGAGACGT-1,1
pbmc,GCTACCTGTGATACCT-1,1
pbmc,GCTACCTGTGGCGTAA-1,1
pbmc,GCTACCTGTTCTTGTT-1,1
pbmc,GCTACCTGTTGAAGTA-1,1
pbmc,GCTACCTTCAGAACCT-1,2
pbmc,GCTACCTTCATTTGTC-1,1
pbmc,GCTACCTTCCACTGGG-1,1
pbmc,GCTACCTTCGCTCCTA-1,1
pbmc,GCTACCTTCGCTCTCA-1,1
pbmc,GCTACCTTCGTCTCAC-1,1
pbmc,GCTACCTTCTACTGAG-1,1
pbmc,GCTACCTTCTAGCTCT-1,1
pbmc,GCTACCTTCTAGTTCT-1,1
pbmc,GCTACCTTCTTCGCTG-1,1
pbmc,GCTACCTTCTTGATTC-1,1
pbmc,GCTCAAAAGACCGTTT-1,1
pbmc,GCTCAAAAGCATGGGT-1,1
pbmc,GCTCAAAAGCGACTAG-1,1
pbmc,GCTCAAAAGCGTGCTC-1,1
pbmc,GCTCAAAAGCTCGGCT-1,1
pbmc,GCTCAAAAGGTAGCAC-1,1
pbmc,GCTCAAAAGTTACGAA-1,1
pbmc,GCTCAAACAACCCTCT-1,1
pbmc,GCTCAAACAAGGTTGG-1,1
pbmc,GCTCAAACAAGTGGAC-1,1
pbmc,GCTCAAACACATACTG-1,1
pbmc,GCTCAAACAGACCAGA-1,1
pbmc,GCTCAAACATGCAGCC-1,1
pbmc,GCTCAAAGTACAAGCG-1,1
pbmc,GCTCAAAGTATGGAGC-1,2
pbmc,GCTCAAAGTCAGTCGC-1,1
pbmc,GCTCAAAGTGTGCCTG-1,1
pbmc,GCTCAAAGTGTTCCAA-1,1
pbmc,GCTCAAATCAAGGTGG-1,1
pbmc,GCTCAAATCACAATGC-1,1
pbmc,GCTCAAATCGAAACAA-1,2
pbmc,GCTCAAATCTGCGGGT-1,1
pbmc,GCTGAATAGACTGAGC-1,1
pbmc,GCTGAATAGATAACGT-1,1
pbmc,GCTGAATAGCACCCTA-1,1
pbmc,GCTGAATAGCACTCAT-1,1
pbmc,GCTGAATAGCACTCTA-1,292
pbmc,GCTGAATAGGGACACT-1,1
pbmc,GCTGAATAGGGCAGGA-1,1
pbmc,GCTGAATCAATTGAAG-1,1
pbmc,GCTGAATCACACGGAA-1,265
pbmc,GCTGAATCAGATACCT-1,1
pbmc,GCTGAATCAGGACAGT-1,1
pbmc,GCTGAATCAGGACGAT-1,1
pbmc,GCTGAATCAGTATTCG-1,1
pbmc,GCTGAATCATATGCGT-1,2
pbmc,GCTGAATGTGAGCAGT-1,2
pbmc,GCTGAATGTGCGCTCA-1,1
pbmc,GCTGAATTCAAGTGGG-1,1
pbmc,GCTGAATTCACTCTAC-1,1
pbmc,GCTGAATTCATTAGTG-1,1
pbmc,GCTGAATTCCGATCTC-1,1
pbmc,GCTGAATTCCGTGTGG-1,1
pbmc,GCTGAATTCGTCAACA-1,2
pbmc,GCTGAATTCGTTAGTG-1,304
pbmc,GCTGAATTCTCGACGG-1,1
pbmc,GCTGAATTCTGCTCTG-1,1
pbmc,GCTGAATTCTGTCGCT-1,1
pbmc,GCTGAATTCTTACCGC-1,1
pbmc,GCTGAATTCTTGGTCC-1,2
pbmc,GCTGCAGAGCATGTTC-1,1
pbmc,GCTGCAGAGCTCTAAT-1,1
pbmc,GCTGCAGAGGACTAAT-1,1
pbmc,GCTGCAGAGGCCCAAA-1,1
pbmc,GCTGCAGAGGGCAGAG-1,347
pbmc,GCTGCAGAGGTAAACT-1,1
pbmc,GCTGCAGAGGTCACCC-1,2
pbmc,GCTGCAGAGGTTATAG-1,2
pbmc,GCTGCAGAGGTTGTAG-1,1
pbmc,GCTGCAGAGTTGAATG-1,1
pbmc,GCTGCAGCAATAGAGT-1,1
pbmc,GCTGCAGCACACACGC-1,2
pbmc,GCTGCAGCACACGGTC-1,2
pbmc,GCTGCAGCACGGCTAC-1,1
pbmc,GCTGCAGCATGGGCAA-1,1
pbmc,GCTGCAGGTAACATCC-1,1
pbmc,GCTGCAGGTAAGTTGA-1,1
pbmc,GCTGCAGGTCCAAATC-1,1
pbmc,GCTGCAGGTGCTGATT-1,240
pbmc,GCTGCAGGTGTTAGCT-1,1
pbmc,GCTGCAGGTTATGGTC-1,1
pbmc,GCTGCAGGTTGACGGA-1,267
pbmc,GCTGCAGTCACCGCTT-1,1
pbmc,GCTGCAGTCATAGGCT-1,1
pbmc,GCTGCAGTCCGATCTC-1,1
pbmc,GCTGCAGTCCGCACAA-1,1
pbmc,GCTGCAGTCCTTCACG-1,1
pbmc,GCTGCAGTCTCCGATC-1,1
pbmc,GCTGCAGTCTGAGTGC-1,1
pbmc,GCTGGGTAGCTATCCA-1,1
pbmc,GCTGGGTAGGCGCTCT-1,1
pbmc,GCTGGGTAGTACAACA-1,161
pbmc,GCTGGGTAGTTGGCTT-1,1
pbmc,GCTGGGTCAAGAATAC-1,1
pbmc,GCTGGGTCACAGAGAC-1,1
pbmc,GCTGGGTCAGCTCGGT-1,1
pbmc,GCTGGGTCAGGCGTTC-1,1
pbmc,GCTGGGTCATAAGCAA-1,1
pbmc,GCTGGGTGTAATCAAG-1,1
pbmc,GCTGGGTGTAGCGCTC-1,1
pbmc,GCTGGGTGTCGTTATG-1,1
pbmc,GCTGGGTGTCTAAACC-1,1
pbmc,GCTGGGTGTGCGTGCT-1,2
pbmc,GCTGGGTGTTCTCCTG-1,1
pbmc,GCTGGGTGTTGTTGCA-1,2
pbmc,GCTGGGTTCAACGAGG-1,1
pbmc,GCTGGGTTCACCCTCA-1,1
pbmc,GCTGGGTTCGTTGTGA-1,1
pbmc,GCTGGGTTCTATGTGG-1,1
pbmc,GCTGGGTTCTCGCTTG-1,1
pbmc,GCTTCACAGACCTTTG-1,1
pbmc,GCTTCACAGCGTCTGC-1,1
pbmc,GCTTCACAGGTCGACA-1,2
pbmc,GCTTCACAGTCACGAG-1,1
pbmc,GCTTCACCAAACGAGC-1,2
pbmc,GCTTCACCAACACGAG-1,577
pbmc,GCTTCACCAACCCGCA-1,1
pbmc,GCTTCACCACAAAGTA-1,1
pbmc,GCTTCACCAGCAGGAT-1,1
pbmc,GCTTCACGTAGTACGG-1,1
pbmc,GCTTCACGTCAAGGCA-1,1
pbmc,GCTTCACGTCATCCCT-1,1
pbmc,GCTTCACGTGCCGGTT-1,1
pbmc,GCTTCACGTTCCATTT-1,1
pbmc,GCTTCACGTTCCCAAA-1,1
pbmc,GCTTCACGTTCGGACC-1,1
pbmc,GCTTCACTCACATACG-1,1
pbmc,GCTTCACTCATATGGC-1,1
pbmc,GCTTCACTCATCTGTT-1,1
pbmc,GCTTCACTCCGATGCG-1,1
pbmc,GCTTCACTCCGTACGG-1,1
pbmc,GCTTCACTCCTGTTAT-1,1
pbmc,GCTTCACTCGCGCCAA-1,2
pbmc,GCTTCACTCTTACCAT-1,1
pbmc,GCTTGGGAGAAGGGAT-1,1
pbmc,GCTTGGGAGAAGGTAG-1,475
pbmc,GCTTGGGAGACATCCT-1,2
pbmc,GCTTGGGAGGCTGTAG-1,1
pbmc,GCTTGGGAGGTGTGAC-1,1
pbmc,GCTTGGGCAAACTGCT-1,1
pbmc,GCTTGGGCACACAGCC-1,1
pbmc,GCTTGGGCAGGATTCT-1,1
pbmc,GCTTGGGGTAATGTGA-1,1
pbmc,GCTTGGGGTAGCTTAC-1,1
pbmc,GCTTGGGGTAGTCCTA-1,1
pbmc,GCTTGGGGTCCGGTGT-1,1
pbmc,GCTTGGGGTGACATCT-1,1
pbmc,GCTTGGGGTTCCTAGA-1,1
pbmc,GCTTGGGGTTGACTAC-1,1
pbmc,GCTTGGGGTTGCAACT-1,1
pbmc,GCTTGGGTCCTATTTG-1,1
pbmc,GCTTGGGTCGCCTATC-1,1
pbmc,GCTTGGGTCTAGATCG-1,1
pbmc,GCTTTCGAGAATCGTA-1,1
pbmc,GCTTTCGAGACCAAGC-1,1
pbmc,GCTTTCGAGATGAAGG-1,1
pbmc,GCTTTCGAGCGACTGA-1,1
pbmc,GCTTTCGAGTGCAAAT-1,265
pbmc,GCTTTCGCAAAGGCGT-1,1
pbmc,GCTTTCGCAATTTCTC-1,1
pbmc,GCTTTCGCAGTGGGTA-1,1
pbmc,GCTTTCGGTACGAAAT-1,1
pbmc,GCTTTCGGTGGCAACA-1,1
pbmc,GCTTTCGGTGTTCGTA-1,1
pbmc,GCTTTCGGTTCGGGTC-1,172
pbmc,GCTTTCGTCAGGTAAA-1,1
pbmc,GCTTTCGTCATCGCTC-1,1
pbmc,GCTTTCGTCCATATGG-1,1
pbmc,GCTTTCGTCCGGTAAC-1,1
pbmc,GCTTTCGTCCGGTAGC-1,244
pbmc,GCTTTCGTCTGGGTCG-1,479
pbmc,GGAACCCAGAGGCTGT-1,1
pbmc,GGAACCCAGCACGATG-1,1
pbmc,GGAACCCAGCCATTTG-1,399
pbmc,GGAACCCAGCTATCTG-1,1
pbmc,GGAACCCAGTAAGAGG-1,1
pbmc,GGAACCCAGTCATTTG-1,1
pbmc,GGAACCCAGTGGATAT-1,1
pbmc,GGAACCCCAAACTGCT-1,1
pbmc,GGAACCCCACAATGAA-1,1
pbmc,GGAACCCCAGCTCATA-1,1
pbmc,GGAACCCCAGTCAGTT-1,1
pbmc,GGAACCCCATAGTCAC-1,1
pbmc,GGAACCCCATATTCGG-1,1
pbmc,GGAACCCCATCGATCA-1,2
pbmc,GGAACCCGTAGGGAGG-1,1
pbmc,GGAACCCGTCCCTCAT-1,1
pbmc,GGAACCCGTCTTTATC-1,1
pbmc,GGAACCCGTTGCTCAA-1,1
pbmc,GGAACCCGTTGCTCGG-1,1
pbmc,GGAACCCTCAAGTAAG-1,1
pbmc,GGAACCCTCATGGATC-1,1
pbmc,GGAACCCTCCTGTAAG-1,1
pbmc,GGAACCCTCGATGCTA-1,1
pbmc,GGAACCCTCTAATTCC-1,235
pbmc,GGAACCCTCTGCTGAA-1,1
pbmc,GGAACCCTCTGGTGGC-1,2
pbmc,GGAACCCTCTGTCGTC-1,1
pbmc,GGAAGTGAGAACGCGT-1,1
pbmc,GGAAGTGAGCCTCTTC-1,1
pbmc,GGAAGTGAGCGTGAGT-1,1
pbmc,GGAAGTGAGGCCCGTT-1,1
pbmc,GGAAGTGCAACCCTCT-1,172
pbmc,GGAAGTGCAACGTTAC-1,1
pbmc,GGAAGTGCAAGTGTCT-1,1
pbmc,GGAAGTGCACACCTTC-1,1
pbmc,GGAAGTGGTACGCTTA-1,1
pbmc,GGAAGTGGTGCAATGG-1,1
pbmc,GGAAGTGGTGCCGTTG-1,1
pbmc,GGAAGTGGTGTTGACT-1,1
pbmc,GGAAGTGGTTCTCCTG-1,1
pbmc,GGAAGTGGTTGTGGAG-1,2
pbmc,GGAAGTGTCATGCCAA-1,1
pbmc,GGAAGTGTCCATTCAT-1,1
pbmc,GGAAGTGTCGGAGTAG-1,1
pbmc,GGAAGTGTCGTTATCT-1,1
pbmc,GGAAGTGTCTCCAATT-1,1
pbmc,GGAATCTAGCAGCCTC-1,1
pbmc,GGAATCTAGCGGGTAT-1,1
pbmc,GGAATCTAGCTAGCCC-1,1
pbmc,GGAATCTAGGTATTGA-1,1
pbmc,GGAATCTCAAACTGCT-1,290
pbmc,GGAATCTCAATACGCT-1,1
pbmc,GGAATCTCACCCTGAG-1,1
pbmc,GGAATCTCAGATCCTA-1,1
pbmc,GGAATCTCAGGACATG-1,1
pbmc,GGAATCTCATCAGCGC-1,1
pbmc,GGAATCTCATTACGGT-1,1
pbmc,GGAATCTGTAGGTGCA-1,1
pbmc,GGAATCTGTCCCAAAT-1,1
pbmc,GGAATCTGTTAGGCTT-1,2
pbmc,GGAATCTTCAATCCCT-1,2
pbmc,GGAATCTTCAATCTCT-1,352
pbmc,GGAATCTTCATCTCTA-1,1
pbmc,GGAATCTTCCTACTGC-1,1
pbmc,GGAATCTTCCTCTTTC-1,1
pbmc,GGAATCTTCGCCACTT-1,2
pbmc,GGAATCTTCGCGGACT-1,1
pbmc,GGAATGGAGGACCAAT-1,1
pbmc,GGAATGGAGGACTAAT-1,339
pbmc,GGAATGGAGGAGAGGC-1,1
pbmc,GGAATGGAGGCAGTCA-1,1
pbmc,GGAATGGCAACAGATA-1,1
pbmc,GGAATGGCAAGACCGA-1,1
pbmc,GGAATGGCACGACGAA-1,1
pbmc,GGAATGGCACGACGCT-1,107
pbmc,GGAATGGCACGTACTA-1,1
pbmc,GGAATGGCAGATACTC-1,1
pbmc,GGAATGGCAGTGTACT-1,1
pbmc,GGAATGGCATACTTTC-1,1
pbmc,GGAATGGCATCGCTCT-1,1
pbmc,GGAATGGCATCTAGAC-1,1
pbmc,GGAATGGGTACACGCC-1,1
pbmc,GGAATGGGTCACTTCC-1,1
pbmc,GGAATGGGTGCACATT-1,2
pbmc,GGAATGGGTGGTAATA-1,1
pbmc,GGAATGGTCCCATTCG-1,1
pbmc,GGAATGGTCGCTTGAA-1,1
pbmc,GGAATGGTCTTACCGC-1,1
pbmc,GGACGTCAGCAAATGT-1,1
pbmc,GGACGTCAGCAAGTGC-1,1
pbmc,GGACGTCAGCACTCAT-1,1
pbmc,GGACGTCAGGGTCTTT-1,1
pbmc,GGACGTCAGGTCCGAA-1,1
pbmc,GGACGTCAGTAGCCAG-1,1
pbmc,GGACGTCCAATAGGGC-1,1
pbmc,GGACGTCCACAACGTT-1,1
pbmc,GGACGTCCACGTAACT-1,1
pbmc,GGACGTCCACTTGAGT-1,1
pbmc,GGACGTCCAGACCAGA-1,1
pbmc,GGACGTCCATCGATGT-1,2
pbmc,GGACGTCCATGAGATA-1,2
pbmc,GGACGTCGTCTGCCTT-1,1
pbmc,GGACGTCGTTATTCCT-1,1
pbmc,GGACGTCGTTCAACGT-1,314
pbmc,GGACGTCGTTCGAACT-1,1
pbmc,GGACGTCGTTGCAAGG-1,1
pbmc,GGACGTCTCACGACTA-1,1
pbmc,GGACGTCTCATTATCC-1,1
pbmc,GGACGTCTCCCTCGAT-1,1
pbmc,GGACGTCTCTCGCAGG-1,1
pbmc,GGAGAACAGGAGTACC-1,1
pbmc,GGAGAACAGGATCACG-1,1
pbmc,GGAGAACAGTCCTACA-1,1
pbmc,GGAGAACCACGACGCT-1,1
pbmc,GGAGAACCAGTGTGGA-1,1
pbmc,GGAGAACCATTCTCCG-1,1
pbmc,GGAGAACGTATTGCCA-1,1
pbmc,GGAGAACGTGCCCACA-1,62
pbmc,GGAGAACGTGTTTGCA-1,1
pbmc,GGAGAACGTTTACTTC-1,2
pbmc,GGAGAACTCCTAGCTC-1,1
pbmc,GGAGAACTCGACCATA-1,1
pbmc,GGAGAACTCGGTTAGT-1,1
pbmc,GGAGAACTCTGAACGT-1,1
pbmc,GGAGAACTCTGAGGCC-1,1
pbmc,GGAGATGAGAAACTAC-1,1
pbmc,GGAGATGAGATAACGT-1,1
pbmc,GGAGATGAGGTCCCTG-1,1
pbmc,GGAGATGCAGCGCGTT-1,1
pbmc,GGAGATGCAGCTGTTA-1,1
pbmc,GGAGATGCAGTTGTCA-1,1
pbmc,GGAGATGCATATCTCT-1,1
pbmc,GGAGATGGTAGTCGTT-1,1
pbmc,GGAGATGGTCCCTAAA-1,1
pbmc,GGAGATGGTCGCCTAG-1,1
pbmc,GGAGATGGTCTAACGT-1,1
pbmc,GGAGATGGTTCCGCTT-1,1
pbmc,GGAGATGTCAAAGGTA-1,1
pbmc,GGAGATGTCACCTGTC-1,1
pbmc,GGAGATGTCCTCTCTT-1,1
pbmc,GGAGATGTCTCGTTTA-1,1
pbmc,GGAGCAAAGGCAGTCA-1,1
pbmc,GGAGCAAAGGGCATGT-1,1
pbmc,GGAGCAAAGGTGCTTT-1,2
pbmc,GGAGCAAAGTACGAGC-1,1
pbmc,GGAGCAACAACCACAT-1,1
pbmc,GGAGCAACAAGAGTGC-1,1
pbmc,GGAGCAACACAACGCC-1,1
pbmc,GGAGCAACACGGAAGT-1,1
pbmc,GGAGCAACATATCTGG-1,1
pbmc,GGAGCAACATCTGCGG-1,1
pbmc,GGAGCAACATGACAGG-1,1
pbmc,GGAGCAACATTACGAC-1,1
pbmc,GGAGCAAGTACCCACG-1,1
pbmc,GGAGCAAGTAGATCGG-1,1
pbmc,GGAGCAAGTATGCGGA-1,2
pbmc,GGAGCAAGTCCCTCAT-1,1
pbmc,GGAGCAAGTCTACAAC-1,1
pbmc,GGAGCAAGTGTTCGAT-1,1
pbmc,GGAGCAAGTTGTTGCA-1,1
pbmc,GGAGCAATCACAACCA-1,1
pbmc,GGAGCAATCCAATGCA-1,1
pbmc,GGAGCAATCCCGAACG-1,1
pbmc,GGAGCAATCCGTAGTA-1,1
pbmc,GGAGCAATCCGTCAAA-1,1
pbmc,GGAGCAATCGAACACT-1,1
pbmc,GGAGCAATCTATGTGG-1,2
pbmc,GGAGGATAGACTAAGT-1,1
pbmc,GGAGGATAGCAACTCT-1,1
pbmc,GGAGGATAGCCTATCA-1,1
pbmc,GGAGGATAGGACAAGA-1,3
pbmc,GGAGGATAGGGCAGGA-1,1
pbmc,GGAGGATAGTCCTACA-1,1
pbmc,GGAGGATCACGCGCAT-1,2
pbmc,GGAGGATCAGATAAAC-1,1
pbmc,GGAGGATCAGCACAAG-1,1
pbmc,GGAGGATCAGTGACCC-1,1
pbmc,GGAGGATCATCATGAC-1,1
pbmc,GGAGGATGTAAGTCAA-1,1
pbmc,GGAGGATGTAGGTGCA-1,1
pbmc,GGAGGATGTATGAAAC-1,247
pbmc,GGAGGATGTCAACACT-1,3
pbmc,GGAGGATGTGGCCTCA-1,2
pbmc,GGAGGATTCACTCTTA-1,2
pbmc,GGAGGATTCATAGCAC-1,1
pbmc,GGAGGATTCATTTACC-1,2
pbmc,GGAGGATTCCACGTAA-1,1
pbmc,GGAGGATTCCCATACC-1,1
pbmc,GGAGGATTCCGATCGG-1,1
pbmc,GGAGGATTCCGTATGA-1,1
pbmc,GGAGGATTCCTACACC-1,1
pbmc,GGAGGATTCCTAGCTC-1,2
pbmc,GGAGGATTCGATTGAC-1,1
pbmc,GGAGGTAAGCAGCACA-1,1
pbmc,GGAGGTAAGCTACAAA-1,1
pbmc,GGAGGTAAGGAAAGGT-1,1
pbmc,GGAGGTAAGGCATTGA-1,1
pbmc,GGAGGTAAGGCGTTGA-1,246
pbmc,GGAGGTAAGGGACACT-1,1
pbmc,GGAGGTAAGGGCTAAC-1,1
pbmc,GGAGGTAAGTCGAAAT-1,1
pbmc,GGAGGTAAGTGATGGC-1,1
pbmc,GGAGGTAAGTTGCGAG-1,1
pbmc,GGAGGTACAAAGCAAT-1,1
pbmc,GGAGGTACAACAACAA-1,1
pbmc,GGAGGTACAACCCTCT-1,1
pbmc,GGAGGTACAAGTCGTT-1,1
pbmc,GGAGGTACACAAATAG-1,1
pbmc,GGAGGTACACAACGCC-1,1
pbmc,GGAGGTACACACACGC-1,1
pbmc,GGAGGTACACCCAACG-1,1
pbmc,GGAGGTACATAGAGGC-1,2
pbmc,GGAGGTACATCATCCC-1,1
pbmc,GGAGGTACATGGCCAC-1,1
pbmc,GGAGGTACATTCATCT-1,1
pbmc,GGAGGTAGTATCAGCT-1,1
pbmc,GGAGGTAGTATCTTCT-1,1
pbmc,GGAGGTAGTATGGAAT-1,1
pbmc,GGAGGTAGTCACTCTC-1,1
pbmc,GGAGGTAGTCACTTCC-1,1
pbmc,GGAGGTATCACGGTCG-1,1
pbmc,GGAGGTATCCAATGCA-1,1
pbmc,GGAGGTATCTGGTGCG-1,95
pbmc,GGATCTAAGACATACA-1,1
pbmc,GGATCTAAGATGCTTC-1,1
pbmc,GGATCTAAGCAATGCA-1,1
pbmc,GGATCTAAGCAATTCC-1,19
pbmc,GGATCTAAGCACTCTA-1,1
pbmc,GGATCTAAGCCTCACG-1,1
pbmc,GGATCTAAGGGTCAAC-1,1
pbmc,GGATCTAAGTATAACG-1,1
pbmc,GGATCTAAGTATGACA-1,1
pbmc,GGATCTAAGTGCAGGT-1,2
pbmc,GGATCTACAAATGGCG-1,1
pbmc,GGATCTACAAGCGCTC-1,1
pbmc,GGATCTACACACTGGC-1,1
pbmc,GGATCTACACTGAGTT-1,2
pbmc,GGATCTACAGAAACCG-1,1
pbmc,GGATCTAGTAACAAGT-1,1
pbmc,GGATCTAGTATAGCTC-1,1
pbmc,GGATCTAGTCAGTTTG-1,1
pbmc,GGATCTAGTCGATTAC-1,1
pbmc,GGATCTAGTCGATTCA-1,3
pbmc,GGATCTAGTGCAGGAT-1,1
pbmc,GGATCTAGTGCCTGCA-1,17
pbmc,GGATCTAGTTGACGGA-1,1
pbmc,GGATCTAGTTGCCTAA-1,1
pbmc,GGATCTATCACATACA-1,1
pbmc,GGATCTATCACCCTCA-1,1
pbmc,GGATCTATCACCTACC-1,228
pbmc,GGATCTATCATAAGGA-1,223
pbmc,GGATCTATCATGGGAG-1,1
pbmc,GGATCTATCCGCCTAT-1,2
pbmc,GGATCTATCGACATCA-1,1
pbmc,GGATCTATCGGCCTTT-1,1
pbmc,GGATCTATCTGACCCT-1,1
pbmc,GGATGTTAGAGCCATG-1,1
pbmc,GGATGTTAGCAGCCTC-1,1
pbmc,GGATGTTAGCCACTCG-1,1
pbmc,GGATGTTAGCCGGATA-1,180
pbmc,GGATGTTAGCCTTGAT-1,1
pbmc,GGATGTTAGCGCCGTT-1,1
pbmc,GGATGTTAGGAATCGC-1,2
pbmc,GGATGTTAGGTTCCGC-1,1
pbmc,GGATGTTAGTCGCCCA-1,1
pbmc,GGATGTTAGTTGCCTA-1,1
pbmc,GGATGTTCAAGGATGC-1,1
pbmc,GGATGTTCACAGAGAC-1,1
pbmc,GGATGTTCACCAGGTC-1,1
pbmc,GGATGTTCAGCTGTTA-1,1
pbmc,GGATGTTCAGGGACTA-1,1
pbmc,GGATGTTCATAATCCG-1,1
pbmc,GGATGTTCATGACGAG-1,1
pbmc,GGATGTTCATGGGATG-1,1
pbmc,GGATGTTGTAACAAGT-1,1
pbmc,GGATGTTGTCAGGTAG-1,2
pbmc,GGATGTTGTTGGGTTT-1,1
pbmc,GGATGTTGTTTCGCTC-1,1
pbmc,GGATGTTTCACTGAAC-1,1
pbmc,GGATGTTTCAGCAATC-1,2
pbmc,GGATGTTTCCAAGCTA-1,1
pbmc,GGCACGTAGAAGGTAG-1,1
pbmc,GGCACGTAGCGAATGC-1,1
pbmc,GGCACGTAGCGTCAAG-1,1
pbmc,GGCACGTAGGCATGCA-1,1
pbmc,GGCACGTAGGCCCGTT-1,18
pbmc,GGCACGTAGGTAATCA-1,1
pbmc,GGCACGTAGTAGGGTC-1,1
pbmc,GGCACGTAGTAGTCCT-1,1
pbmc,GGCACGTCAATCCTTT-1,1
pbmc,GGCACGTCACTGAGGA-1,1
pbmc,GGCACGTCAGTCCGTG-1,1
pbmc,GGCACGTGTATCAAGA-1,1
pbmc,GGCACGTGTATCCCAA-1,1
pbmc,GGCACGTGTCAAGGCA-1,1
pbmc,GGCACGTGTCCAGGTC-1,1
pbmc,GGCACGTGTCCCTAAA-1,2
pbmc,GGCACGTGTCGTAATC-1,1
pbmc,GGCACGTGTGAGTGAC-1,1
pbmc,GGCACGTGTTGGTACT-1,1
pbmc,GGCACGTTCAGCTTGA-1,1
pbmc,GGCACGTTCCATACTT-1,1
pbmc,GGCACGTTCCGGGACT-1,1
pbmc,GGCACGTTCGAAGCCC-1,1
pbmc,GGCACGTTCGATACGT-1,1
pbmc,GGCACGTTCTACTTCA-1,1
pbmc,GGCAGTCAGACGCTCC-1,1
pbmc,GGCAGTCAGAGCCATG-1,1
pbmc,GGCAGTCAGCTCCATA-1,1
pbmc,GGCAGTCAGCTGAGCA-1,1
pbmc,GGCAGTCAGGGTTGCA-1,1
pbmc,GGCAGTCAGGTCGTGA-1,1
pbmc,GGCAGTCAGGTTCTTG-1,1
pbmc,GGCAGTCCAACCGATT-1,1
pbmc,GGCAGTCCAATTAGGA-1,1
pbmc,GGCAGTCCACCTTCCA-1,1
pbmc,GGCAGTCCACCTTCGT-1,2
pbmc,GGCAGTCCAGGTGACA-1,1
pbmc,GGCAGTCCAGTTAAAG-1,3
pbmc,GGCAGTCCATCACGGC-1,1
pbmc,GGCAGTCGTATAATGG-1,1
pbmc,GGCAGTCGTGACCGTC-1,1
pbmc,GGCAGTCGTGAGATAT-1,1
pbmc,GGCAGTCGTTCGAGCC-1,1
pbmc,GGCAGTCTCCAAGAGG-1,1
pbmc,GGCAGTCTCCCATAGA-1,1
pbmc,GGCAGTCTCTCCTGAC-1,2
pbmc,GGCAGTCTCTCGCGTT-1,1
pbmc,GGCGTCAAGAATTGTG-1,1
pbmc,GGCGTCAAGCGCTTCG-1,1
pbmc,GGCGTCAAGGCTCCCA-1,2
pbmc,GGCGTCAAGGGAGAAT-1,1
pbmc,GGCGTCACAAGGATGC-1,1
pbmc,GGCGTCACAATGTTGC-1,1
pbmc,GGCGTCACACATTCGA-1,1
pbmc,GGCGTCACACTGGCGT-1,1
pbmc,GGCGTCACAGCGGTTC-1,2
pbmc,GGCGTCACAGGTGTTT-1,1
pbmc,GGCGTCACAGTATGAA-1,1
pbmc,GGCGTCACAGTGTGGA-1,1
pbmc,GGCGTCACATACTGAC-1,1
pbmc,GGCGTCACATCTAGAC-1,1
pbmc,GGCGTCACATTGTGCA-1,138
pbmc,GGCGTCAGTATGAAAC-1,1
pbmc,GGCGTCAGTCTCACGG-1,1
pbmc,GGCGTCAGTGCATCTA-1,1
pbmc,GGCGTCAGTGGACCAA-1,1
pbmc,GGCGTCAGTGGGTCAA-1,1
pbmc,GGCGTCAGTTCCAGGC-1,1
pbmc,GGCGTCAGTTCTCTCG-1,1
pbmc,GGCGTCAGTTGGGAAC-1,1
pbmc,GGCGTCATCGCCCAGA-1,1
pbmc,GGCGTCATCTCGAGTA-1,1
pbmc,GGCGTCATCTCTAAGG-1,1
pbmc,GGCTGTGAGCAGGGAG-1,1
pbmc,GGCTGTGAGCCATTGT-1,2
pbmc,GGCTGTGCAAAGCTAA-1,78
pbmc,GGCTGTGCAATACCCA-1,1
pbmc,GGCTGTGCACCCAAGC-1,1
pbmc,GGCTGTGCACGGTGAA-1,183
pbmc,GGCTGTGCACTTCATT-1,1
pbmc,GGCTGTGCATTGCTGA-1,1
pbmc,GGCTGTGGTACCTAGT-1,1
pbmc,GGCTGTGGTACTGCGC-1,1
pbmc,GGCTGTGGTCAGGTGA-1,1
pbmc,GGCTGTGGTCCACATA-1,143
pbmc,GGCTGTGGTTCTAACG-1,1
pbmc,GGCTGTGGTTGGGTTT-1,1
pbmc,GGCTGTGGTTTCCATT-1,1
pbmc,GGCTGTGTCACCGCTT-1,1
pbmc,GGCTGTGTCAGAGTTC-1,1
pbmc,GGCTGTGTCCACATAG-1,1
pbmc,GGCTGTGTCCAGTACA-1,1
pbmc,GGCTGTGTCCTATTTG-1,1
pbmc,GGCTGTGTCGCGTCGA-1,1
pbmc,GGCTGTGTCGCTAAAC-1,1
pbmc,GGCTGTGTCGGACCAC-1,1
pbmc,GGCTGTGTCGTTGCCT-1,1
pbmc,GGCTGTGTCTGAGCAT-1,1
pbmc,GGCTGTGTCTGTCGTC-1,1
pbmc,GGCTGTGTCTTGCAGA-1,1
pbmc,GGCTTGGAGCATCCCG-1,1
pbmc,GGCTTGGAGCGATTCT-1,1
pbmc,GGCTTGGAGGTTACAA-1,1
pbmc,GGCTTGGAGTAGATCA-1,1
pbmc,GGCTTGGAGTGGACTG-1,1
pbmc,GGCTTGGAGTTGAAGT-1,1
pbmc,GGCTTGGCAACGCCCA-1,1
pbmc,GGCTTGGCAATTGTGC-1,1
pbmc,GGCTTGGCACCGAATT-1,182
pbmc,GGCTTGGCACCGTACG-1,1
pbmc,GGCTTGGCAGCTTTCC-1,1
pbmc,GGCTTGGCATCCGTTC-1,1
pbmc,GGCTTGGCATCCTAAG-1,1
pbmc,GGCTTGGGTAGATCGG-1,206
pbmc,GGCTTGGGTCTAGATC-1,1
pbmc,GGCTTGGGTGCAACAG-1,1
pbmc,GGCTTGGGTTGCGAAG-1,1
pbmc,GGCTTGGGTTGGACTT-1,1
pbmc,GGCTTGGGTTTCCATT-1,1
pbmc,GGCTTGGTCACTCACC-1,1
pbmc,GGCTTGGTCAGGACAG-1,1
pbmc,GGCTTGGTCATTACTC-1,1
pbmc,GGCTTGGTCCAACTGA-1,1
pbmc,GGCTTGGTCCACATAG-1,1
pbmc,GGCTTGGTCCACGAAT-1,1
pbmc,GGCTTGGTCCTCTGCA-1,1
pbmc,GGCTTGGTCGAAGCAG-1,1
pbmc,GGCTTGGTCGTCAAAC-1,2
pbmc,GGCTTGGTCGTCAGAT-1,1
pbmc,GGCTTGGTCTAACACG-1,1
pbmc,GGCTTGGTCTCATGCC-1,1
pbmc,GGCTTGGTCTCTAAGG-1,1
pbmc,GGCTTGGTCTTCTTCC-1,82
pbmc,GGCTTTCAGAAACTCA-1,1
pbmc,GGCTTTCAGACGCAGT-1,1
pbmc,GGCTTTCAGCCTGAGA-1,1
pbmc,GGCTTTCAGGCGATAC-1,1
pbmc,GGCTTTCAGGGTAATT-1,1
pbmc,GGCTTTCAGTATCCTG-1,1
pbmc,GGCTTTCAGTCATGGG-1,1
pbmc,GGCTTTCCAAATCAGA-1,1
pbmc,GGCTTTCCAACATACC-1,1
pbmc,GGCTTTCCAAGTTGGG-1,1
pbmc,GGCTTTCCAGATCACT-1,1
pbmc,GGCTTTCCAGTAGGAC-1,1
pbmc,GGCTTTCGTCATTGCA-1,1
pbmc,GGCTTTCGTCGTATGT-1,1
pbmc,GGCTTTCGTGTTCCAA-1,1
pbmc,GGCTTTCGTTGGAGGT-1,1
pbmc,GGCTTTCTCATTTCGT-1,1
pbmc,GGCTTTCTCCGCAAAT-1,1
pbmc,GGCTTTCTCTAGTTCT-1,3
pbmc,GGCTTTCTCTCGACCT-1,1
pbmc,GGGAAGTAGGAAAGTG-1,1
pbmc,GGGAAGTAGGCACAAC-1,1
pbmc,GGGAAGTAGGTCGTCC-1,1
pbmc,GGGAAGTCAATTGGTC-1,1
pbmc,GGGAAGTCAATTGTGC-1,1
pbmc,GGGAAGTCACCTCAGG-1,1
pbmc,GGGAAGTCACGACAGA-1,1
pbmc,GGGAAGTCAGAAGCTG-1,1
pbmc,GGGAAGTCAGAGACTG-1,1
pbmc,GGGAAGTCATCTCCCA-1,1
pbmc,GGGAAGTCATGGTGGA-1,1
pbmc,GGGAAGTCATTGAGGG-1,1
pbmc,GGGAAGTGTAACTAAG-1,1
pbmc,GGGAAGTGTCACCTAA-1,1
pbmc,GGGAAGTGTCTCACGG-1,1
pbmc,GGGAAGTGTGTCTTAG-1,1
pbmc,GGGAAGTGTTACACTG-1,1
pbmc,GGGAAGTGTTCAAACC-1,1
pbmc,GGGAAGTGTTGCCTAA-1,1
pbmc,GGGAAGTTCGAGCCTG-1,1
pbmc,GGGAAGTTCTGGGATT-1,2
pbmc,GGGACAAAGAATCTAG-1,1
pbmc,GGGACAAAGGAATCGC-1,1
pbmc,GGGACAAAGTACGTCT-1,1
pbmc,GGGACAAAGTAGAGTT-1,1
pbmc,GGGACAAAGTGCAGCA-1,1
pbmc,GGGACAACAGCGTTGC-1,1
pbmc,GGGACAACATGACTGT-1,1
pbmc,GGGACAACATGTGGTT-1,1
pbmc,GGGACAACATTAAAGG-1,1
pbmc,GGGACAAGTAGCACAG-1,1
pbmc,GGGACAAGTTGTGCAT-1,1
pbmc,GGGACAATCAAACGAA-1,1
pbmc,GGGACAATCAAGTTGC-1,1
pbmc,GGGACAATCATAGGCT-1,1
pbmc,GGGACAATCCATTGTT-1,2
pbmc,GGGACAATCCGATCTC-1,438
pbmc,GGGACAATCCGTGGGT-1,1
pbmc,GGGACAATCGACCCAG-1,1
pbmc,GGGACAATCGGACAAG-1,1
pbmc,GGGACAATCTCTAGGA-1,1
pbmc,GGGACCTAGAATCGTA-1,1
pbmc,GGGACCTAGAGTATAC-1,1
pbmc,GGGACCTAGCATTTGC-1,1
pbmc,GGGACCTAGGTAGCAC-1,1
pbmc,GGGACCTCAACTCATG-1,1
pbmc,GGGACCTCAATAGTGA-1,1
pbmc,GGGACCTCACGCGCTA-1,1
pbmc,GGGACCTCAGATGCGA-1,1
pbmc,GGGACCTCATCGAACT-1,1
pbmc,GGGACCTCATCGTCCT-1,1
pbmc,GGGACCTCATGTGTCA-1,1
pbmc,GGGACCTGTACGCTTA-1,1
pbmc,GGGACCTGTATCAAGA-1,1
pbmc,GGGACCTGTCAGTCCG-1,1
pbmc,GGGACCTGTCCGACGT-1,3
pbmc,GGGACCTGTTAGGGAC-1,92
pbmc,GGGACCTGTTCTTGTT-1,299
pbmc,GGGACCTTCAGTCAGT-1,1
pbmc,GGGACCTTCCGGCAAC-1,1
pbmc,GGGACCTTCTGTACAA-1,1
pbmc,GGGACCTTCTGTCGTC-1,1
pbmc,GGGACCTTCTTAGTTC-1,1
pbmc,GGGACTCAGAATCGTA-1,1
pbmc,GGGACTCAGACGTCCC-1,1
pbmc,GGGACTCAGCATGTTC-1,1
pbmc,GGGACTCAGTAGCCAG-1,1
pbmc,GGGACTCAGTTGGACG-1,1
pbmc,GGGACTCAGTTTCGAC-1,1
pbmc,GGGACTCCAATCTCTT-1,1
pbmc,GGGACTCCACATATCG-1,213
pbmc,GGGACTCCACATCGCG-1,1
pbmc,GGGACTCCACCACATA-1,1
pbmc,GGGACTCCACGGGCTT-1,426
pbmc,GGGACTCCACTCATAG-1,1
pbmc,GGGACTCCATACTGTG-1,1
pbmc,GGGACTCCATGACACT-1,1
pbmc,GGGACTCCATTGGATC-1,2
pbmc,GGGACTCGTAACATAG-1,1
pbmc,GGGACTCGTAAGGAGA-1,1
pbmc,GGGACTCGTAGGACCA-1,1
pbmc,GGGACTCGTCACCGCA-1,1
pbmc,GGGACTCGTCATACCA-1,1
pbmc,GGGACTCGTGCCCACA-1,1
pbmc,GGGACTCGTGCTCCGA-1,1
pbmc,GGGACTCGTGGGTTGA-1,1
pbmc,GGGACTCGTTACGATC-1,1
pbmc,GGGACTCGTTAGGCCC-1,1
pbmc,GGGACTCTCAGAACCT-1,2
pbmc,GGGACTCTCATAGGCT-1,1
pbmc,GGGACTCTCCCGAAAT-1,1
pbmc,GGGACTCTCCCGGTAG-1,1
pbmc,GGGACTCTCCGACAGC-1,1
pbmc,GGGACTCTCCGATGTA-1,1
pbmc,GGGACTCTCCGGGACT-1,1
pbmc,GGGACTCTCGTTTACT-1,1
pbmc,GGGACTCTCTACTATC-1,1
pbmc,GGGACTCTCTGAACGT-1,1
pbmc,GGGACTCTCTGCTTAT-1,1
pbmc,GGGACTCTCTTGAACG-1,1
pbmc,GGGAGATAGATACATG-1,1
pbmc,GGGAGATAGATCCGAG-1,1
pbmc,GGGAGATAGGACGCTA-1,1
pbmc,GGGAGATAGGATTCCT-1,1
pbmc,GGGAGATCAATCGTCA-1,1
pbmc,GGGAGATCACGGGTAA-1,191
pbmc,GGGAGATCACTTACAG-1,1
pbmc,GGGAGATCAGCTGTAT-1,2
pbmc,GGGAGATCATGCAGGA-1,28
pbmc,GGGAGATGTAACTGCT-1,1
pbmc,GGGAGATGTATGTCAC-1,1
pbmc,GGGAGATGTCAACATC-1,1
pbmc,GGGAGATGTGGATACG-1,1
pbmc,GGGAGATGTGGTCTCG-1,1
pbmc,GGGAGATGTGGTTTAC-1,1
pbmc,GGGAGATTCAAGCTGT-1,1
pbmc,GGGAGATTCACGGAAA-1,1
pbmc,GGGAGATTCACGGACC-1,145
pbmc,GGGAGATTCAGGACGA-1,1
pbmc,GGGAGATTCCGACATA-1,1
pbmc,GGGAGATTCGGCTGAC-1,1
pbmc,GGGAGATTCGGCTGGT-1,1
pbmc,GGGAGATTCGGTCAGC-1,1
pbmc,GGGAGATTCGTGGTAT-1,1
pbmc,GGGAGATTCTGTCCGT-1,1
pbmc,GGGAGTAAGCAGGCAT-1,227
pbmc,GGGAGTAAGGATACCG-1,1
pbmc,GGGAGTAAGGTGAGCT-1,1
pbmc,GGGAGTAAGTACAACA-1,1
pbmc,GGGAGTACAACTTGGT-1,1
pbmc,GGGAGTACACATCATG-1,1
pbmc,GGGAGTACAGACGATG-1,1
pbmc,GGGAGTACAGAGGCTA-1,1
pbmc,GGGAGTACATAGAATG-1,1
pbmc,GGGAGTAGTCCGTTTC-1,1
pbmc,GGGAGTAGTGTAGGAC-1,1
pbmc,GGGAGTAGTTAGGGTG-1,1
pbmc,GGGAGTAGTTCCGCTT-1,1
pbmc,GGGAGTAGTTGTAAAG-1,1
pbmc,GGGAGTATCACCTCGT-1,81
pbmc,GGGAGTATCCGATGCG-1,1
pbmc,GGGAGTATCGACACCG-1,1
pbmc,GGGAGTATCGGATAAA-1,1
pbmc,GGGAGTATCGTGGACC-1,1
pbmc,GGGAGTATCTCAGCCC-1,1
pbmc,GGGAGTATCTGCATAG-1,1
pbmc,GGGAGTATCTGTCAGA-1,1
pbmc,GGGAGTATCTTAGCCC-1,199
pbmc,GGGATCCAGAGGCGTT-1,1
pbmc,GGGATCCAGATCGGTG-1,2
pbmc,GGGATCCAGATGGTAT-1,1
pbmc,GGGATCCAGCAGTCTT-1,1
pbmc,GGGATCCAGCCTGAGA-1,1
pbmc,GGGATCCAGCGCTGCT-1,1
pbmc,GGGATCCAGGAACATT-1,1
pbmc,GGGATCCAGGGCAATC-1,155
pbmc,GGGATCCAGGTCGTGA-1,1
pbmc,GGGATCCAGGTTTGAA-1,1
pbmc,GGGATCCAGTATGGAT-1,1
pbmc,GGGATCCCAACATACC-1,2
pbmc,GGGATCCCACAGTACT-1,1
pbmc,GGGATCCCACTCATAG-1,1
pbmc,GGGATCCCAGGAATCG-1,1
pbmc,GGGATCCCATCGCTCT-1,1
pbmc,GGGATCCCATTGCAAC-1,1
pbmc,GGGATCCGTAGGCTCC-1,1
pbmc,GGGATCCGTGCATTTG-1,1
pbmc,GGGATCCGTGCCCGTA-1,1
pbmc,GGGATCCGTGTTAACC-1,1
pbmc,GGGATCCTCATCGACA-1,1
pbmc,GGGATCCTCCGACGGT-1,1
pbmc,GGGATCCTCCTCTAGC-1,1
pbmc,GGGATCCTCTTTACAC-1,1
pbmc,GGGATGAAGAGTCAGC-1,1
pbmc,GGGATGAAGATAGTCA-1,1
pbmc,GGGATGAAGCATTGCC-1,1
pbmc,GGGATGAAGCTGCGAA-1,1
pbmc,GGGATGAAGGAACATT-1,1
pbmc,GGGATGAAGGAACTCG-1,1
pbmc,GGGATGAAGGGAGGGT-1,233
pbmc,GGGATGAAGGTCACTT-1,1
pbmc,GGGATGAAGGTCCGAA-1,1
pbmc,GGGATGAAGGTCGTCC-1,1
pbmc,GGGATGAAGTAACGAT-1,1
pbmc,GGGATGAAGTCCCGAC-1,369
pbmc,GGGATGACAAACACGG-1,1
pbmc,GGGATGACACACCAGC-1,1
pbmc,GGGATGACACACGCTG-1,1
pbmc,GGGATGACACAGTGTT-1,1
pbmc,GGGATGACACGCTATA-1,1
pbmc,GGGATGACACGTCTCT-1,1
pbmc,GGGATGACAGAAATCA-1,1
pbmc,GGGATGACATAGGAGC-1,1
pbmc,GGGATGACATCATGAC-1,1
pbmc,GGGATGAGTCAAAGAT-1,1
pbmc,GGGATGAGTCCGGCAT-1,1
pbmc,GGGATGAGTGCTGATT-1,1
pbmc,GGGATGAGTGGACTGA-1,1
pbmc,GGGATGAGTTCCACAA-1,1
pbmc,GGGATGATCACCTTAT-1,1
pbmc,GGGATGATCACGGATC-1,1
pbmc,GGGATGATCCTGATAG-1,1
pbmc,GGGATGATCGTAGCTA-1,1
pbmc,GGGATGATCTCTAGGA-1,1
pbmc,GGGCCATAGACGGTCA-1,1
pbmc,GGGCCATAGAGGTCAC-1,1
pbmc,GGGCCATAGGAAGTGA-1,1
pbmc,GGGCCATAGGGTCTTT-1,1
pbmc,GGGCCATAGGTAGTAT-1,1
pbmc,GGGCCATAGTCATACC-1,1
pbmc,GGGCCATAGTTGCATC-1,1
pbmc,GGGCCATCAAGCACAG-1,2
pbmc,GGGCCATCAAGCGCTC-1,1
pbmc,GGGCCATCACAGCATT-1,1
pbmc,GGGCCATCACAGGATG-1,1
pbmc,GGGCCATCACGACCTG-1,2
pbmc,GGGCCATCAGTTTCAG-1,1
pbmc,GGGCCATGTATGAGGC-1,1
pbmc,GGGCCATGTCAGGTGA-1,1
pbmc,GGGCCATGTCTGTAGT-1,1
pbmc,GGGCCATGTGCATCTA-1,1
pbmc,GGGCCATGTTGCACGC-1,1
pbmc,GGGCCATTCAGACCGC-1,346
pbmc,GGGCCATTCCCAGGAC-1,1
pbmc,GGGCCATTCGATACAC-1,1
pbmc,GGGCCATTCTTAGCTT-1,1
pbmc,GGGCCATTCTTAGGAC-1,2
pbmc,GGGCGTTAGAGCAGTC-1,3
pbmc,GGGCGTTAGCAGCCTC-1,1
pbmc,GGGCGTTAGCTCGCAC-1,1
pbmc,GGGCGTTCAAAGCACG-1,1
pbmc,GGGCGTTCAACTGCCG-1,1
pbmc,GGGCGTTCAAGACCTT-1,1
pbmc,GGGCGTTCAGCAATTC-1,1
pbmc,GGGCGTTCAGCAGTGA-1,1
pbmc,GGGCGTTCAGTTGCGC-1,1
pbmc,GGGCGTTCATCCGGTG-1,1
pbmc,GGGCGTTGTGTGGACA-1,1
pbmc,GGGCGTTGTTCCTTGC-1,1
pbmc,GGGCGTTTCACTCTTA-1,1
pbmc,GGGCGTTTCATCAGTG-1,1
pbmc,GGGCGTTTCGTCCTCA-1,1
pbmc,GGGCGTTTCTACAGGT-1,1
pbmc,GGGCGTTTCTATTGTC-1,1
pbmc,GGGCTACAGACCAAAT-1,254
pbmc,GGGCTACAGACCAACG-1,1
pbmc,GGGCTACAGAGCAACC-1,1
pbmc,GGGCTACAGAGCAAGA-1,1
pbmc,GGGCTACAGGCAGTCA-1,236
pbmc,GGGCTACAGGCCAATA-1,1
pbmc,GGGCTACAGGGTCAAC-1,1
pbmc,GGGCTACAGTATGACA-1,1
pbmc,GGGCTACCACGCACCA-1,1
pbmc,GGGCTACCATGAGATA-1,1
pbmc,GGGCTACGTCTACAAC-1,1
pbmc,GGGCTACGTGGACTGA-1,1
pbmc,GGGCTACGTTACCGTA-1,1
pbmc,GGGCTACGTTCATCGA-1,1
pbmc,GGGCTACGTTCGGTTA-1,1
pbmc,GGGCTACTCCACAGCG-1,1
pbmc,GGGCTACTCCTACGGG-1,1
pbmc,GGGCTACTCGGAAGGT-1,1
pbmc,GGGCTACTCTCATGGA-1,1
pbmc,GGGCTACTCTCCTACG-1,1
pbmc,GGGCTACTCTTCTTCC-1,1
pbmc,GGGCTACTCTTTCCGG-1,1
pbmc,GGGCTCAAGAGAACCC-1,1
pbmc,GGGCTCAAGATCGCCC-1,1
pbmc,GGGCTCAAGCTGGAGT-1,1
pbmc,GGGCTCAAGCTGTGCC-1,2
pbmc,GGGCTCAAGTCACTGT-1,1
pbmc,GGGCTCAAGTCCGTCG-1,1
pbmc,GGGCTCACAAATAAGC-1,1
pbmc,GGGCTCACAAATGGTA-1,1
pbmc,GGGCTCACAAGAATGT-1,1
pbmc,GGGCTCACAATGAGCG-1,1
pbmc,GGGCTCACACACGGTC-1,1
pbmc,GGGCTCACACATACTG-1,1
pbmc,GGGCTCACACCCTGTT-1,1
pbmc,GGGCTCACACGTATAC-1,1
pbmc,GGGCTCACAGCCTACG-1,1
pbmc,GGGCTCAGTACTCCCT-1,1
pbmc,GGGCTCAGTAGCTGCC-1,1
pbmc,GGGCTCAGTAGGACCA-1,1
pbmc,GGGCTCAGTCGGTGTC-1,1
pbmc,GGGCTCAGTCTACTGA-1,1
pbmc,GGGCTCAGTGCCTAAT-1,1
pbmc,GGGCTCAGTGTTTACG-1,1
pbmc,GGGCTCAGTTCTCTCG-1,1
pbmc,GGGCTCATCCAACTGA-1,1
pbmc,GGGCTCATCCACCTCA-1,1
pbmc,GGGCTCATCCGACAGC-1,1
pbmc,GGGCTCATCGCAATTG-1,264
pbmc,GGGCTCATCGTAGAGG-1,1
pbmc,GGGCTCATCTCGTCAC-1,1
pbmc,GGGTAGAAGCAGCAGT-1,1
pbmc,GGGTAGAAGGTGCCAA-1,1
pbmc,GGGTAGAAGTAGGGTC-1,253
pbmc,GGGTAGACAAACAGGC-1,1
pbmc,GGGTAGACAAAGTCAA-1,1
pbmc,GGGTAGACAACCGCTG-1,1
pbmc,GGGTAGACAATACCCA-1,1
pbmc,GGGTAGACAATGGCAG-1,1
pbmc,GGGTAGACACGTGAGA-1,1
pbmc,GGGTAGACAGCAGGAT-1,1
pbmc,GGGTAGACAGGCAATG-1,1
pbmc,GGGTAGACATACCGTA-1,1
pbmc,GGGTAGACATCAGTGT-1,1
pbmc,GGGTAGAGTTGCAACT-1,1
pbmc,GGGTAGAGTTTGGGTT-1,1
pbmc,GGGTAGATCACAAGGG-1,2
pbmc,GGGTAGATCACCTTGC-1,2
pbmc,GGGTAGATCCGATCGG-1,1
pbmc,GGGTAGATCCTAAGTG-1,1
pbmc,GGGTATTAGAACCGCA-1,1
pbmc,GGGTATTAGACACACG-1,1
pbmc,GGGTATTAGGTGCCTC-1,1
pbmc,GGGTATTAGTAACCGG-1,2
pbmc,GGGTATTAGTACAGAT-1,1
pbmc,GGGTATTCAAGTGCTT-1,1
pbmc,GGGTATTCACTACCGG-1,1
pbmc,GGGTATTCAGCGTTGC-1,1
pbmc,GGGTATTCATTGTGCA-1,1
pbmc,GGGTATTGTCATCACA-1,1
pbmc,GGGTATTGTGCAATAA-1,2
pbmc,GGGTATTGTGCACGCT-1,1
pbmc,GGGTATTGTTGCCTAA-1,1
pbmc,GGGTATTGTTGTGCCG-1,1
pbmc,GGGTATTTCCTGCTAC-1,1
pbmc,GGGTATTTCCTTCGAC-1,1
pbmc,GGGTATTTCGTGGGTC-1,1
pbmc,GGGTATTTCGTTGTTT-1,1
pbmc,GGGTATTTCTGAGAGG-1,1
pbmc,GGGTCACAGATACTGA-1,1
pbmc,GGGTCACAGATCGGTG-1,1
pbmc,GGGTCACAGCACTTTG-1,1
pbmc,GGGTCACAGGCGCCAA-1,1
pbmc,GGGTCACAGGTTACAA-1,1
pbmc,GGGTCACAGTATAACG-1,1
pbmc,GGGTCACCAACCGATT-1,1
pbmc,GGGTCACCACACTGGC-1,2
pbmc,GGGTCACCAGAGCGTA-1,1
pbmc,GGGTCACCAGCATCTA-1,1
pbmc,GGGTCACCAGCTGCCA-1,1
pbmc,GGGTCACCAGGAGGTT-1,235
pbmc,GGGTCACCAGGTCTCG-1,2
pbmc,GGGTCACCATGGGTTT-1,1
pbmc,GGGTCACGTAACGATA-1,1
pbmc,GGGTCACGTCCTGAAT-1,1
pbmc,GGGTCACGTCCTTAAG-1,425
pbmc,GGGTCACGTCTTCAGA-1,1
pbmc,GGGTCACGTGATTAAG-1,1
pbmc,GGGTCACGTGCACAAG-1,1
pbmc,GGGTCACGTGCCCTTT-1,1
pbmc,GGGTCACGTGCCTTTC-1,1
pbmc,GGGTCACGTTCTTCAT-1,1
pbmc,GGGTCACGTTGCAACT-1,1
pbmc,GGGTCACTCAATCTCT-1,35
pbmc,GGGTCACTCACAAGGG-1,264
pbmc,GGGTCACTCACCATGG-1,1
pbmc,GGGTCACTCAGGTGTT-1,1
pbmc,GGGTCACTCGCCAGAC-1,1
pbmc,GGGTCACTCTCTGCCA-1,1
pbmc,GGGTCACTCTTTGCTA-1,1
pbmc,GGGTCTGAGATGTTAG-1,1
pbmc,GGGTCTGAGCGCCTTG-1,1
pbmc,GGGTCTGAGGACGAGA-1,1
pbmc,GGGTCTGAGTCAACAA-1,23
pbmc,GGGTCTGAGTCTTCGA-1,1
pbmc,GGGTCTGAGTGGGAAA-1,1
pbmc,GGGTCTGCAAATGCTC-1,1
pbmc,GGGTCTGCAAGCAGGT-1,2
pbmc,GGGTCTGCACAAACGG-1,1
pbmc,GGGTCTGCAGCGCTTG-1,1
pbmc,GGGTCTGCAGTCTTCC-1,1
pbmc,GGGTCTGGTAACATCC-1,2
pbmc,GGGTCTGGTCACACGC-1,1
pbmc,GGGTCTGGTCAGTCGC-1,1
pbmc,GGGTCTGGTCCTGTTC-1,1
pbmc,GGGTCTGGTGGAACAC-1,1
pbmc,GGGTCTGGTTTGAAAG-1,188
pbmc,GGGTCTGTCAAGCTGT-1,1
pbmc,GGGTCTGTCATGAAAG-1,1
pbmc,GGGTCTGTCCCGTTCA-1,160
pbmc,GGGTCTGTCGTTGCCT-1,1
pbmc,GGGTCTGTCTCCTGAC-1,1
pbmc,GGGTCTGTCTTCTAAC-1,1
pbmc,GGGTGAAAGACCATGG-1,1
pbmc,GGGTGAAAGACTAGAT-1,1
pbmc,GGGTGAAAGAGAGAAC-1,1
pbmc,GGGTGAAAGATGCTTC-1,1
pbmc,GGGTGAAAGGAGACCT-1,1
pbmc,GGGTGAAAGGGTAGCT-1,1
pbmc,GGGTGAAAGGTAGGCT-1,1
pbmc,GGGTGAAAGTGCTACT-1,1
pbmc,GGGTGAAAGTTCCTGA-1,1
pbmc,GGGTGAACAAGTTCGT-1,1
pbmc,GGGTGAACACGCTGCA-1,1
pbmc,GGGTGAACACGGGTAA-1,1
pbmc,GGGTGAACATAAGCAA-1,269
pbmc,GGGTGAACATTCAGCA-1,1
pbmc,GGGTGAAGTGAGGGTT-1,1
pbmc,GGGTGAAGTGGCTTAT-1,1
pbmc,GGGTGAAGTTCTCTAT-1,1
pbmc,GGGTGAATCAATCGGT-1,1
pbmc,GGGTGAATCCGAGATT-1,1
pbmc,GGGTGTCAGGATACAT-1,1
pbmc,GGGTGTCAGGGTACGT-1,1
pbmc,GGGTGTCAGTCTAGAA-1,1
pbmc,GGGTGTCAGTTACGAA-1,1
pbmc,GGGTGTCCAACCAGAG-1,1
pbmc,GGGTGTCCACAGAGAC-1,2
pbmc,GGGTGTCCACCAATTG-1,1
pbmc,GGGTGTCCACCGGAAA-1,2
pbmc,GGGTGTCCACTACGGC-1,2
pbmc,GGGTGTCCATGAATAG-1,1
pbmc,GGGTGTCGTACCGTGC-1,1
pbmc,GGGTGTCGTACGCGTC-1,1
pbmc,GGGTGTCGTCGTTTCC-1,2
pbmc,GGGTGTCGTTACACTG-1,1
pbmc,GGGTGTCGTTCGAGCC-1,1
pbmc,GGGTGTCGTTGCTCCT-1,1
pbmc,GGGTGTCTCCAACCGG-1,1
pbmc,GGGTGTCTCCTGTAAG-1,2
pbmc,GGGTGTCTCGAAGGAC-1,1
pbmc,GGGTGTCTCTCGCCTA-1,1
pbmc,GGGTTATAGACAAGCC-1,1
pbmc,GGGTTATAGAGGTTTA-1,1
pbmc,GGGTTATAGCAAACAT-1,1
pbmc,GGGTTATAGCCTCGTG-1,1
pbmc,GGGTTATAGCTAATCC-1,1
pbmc,GGGTTATAGGAATTAC-1,1
pbmc,GGGTTATAGGTAGCAC-1,1
pbmc,GGGTTATAGTAGGTTA-1,1
pbmc,GGGTTATAGTTCCGTA-1,1
pbmc,GGGTTATAGTTGCTGT-1,1
pbmc,GGGTTATCAACAGTGG-1,1
pbmc,GGGTTATCAAGTGGTG-1,1
pbmc,GGGTTATCAATAGTCC-1,1
pbmc,GGGTTATCAGAGAAAG-1,1
pbmc,GGGTTATCAGCCATTA-1,285
pbmc,GGGTTATCAGTAGGAC-1,1
pbmc,GGGTTATCATCTAGAC-1,1
pbmc,GGGTTATCATGGTACT-1,1
pbmc,GGGTTATGTCCCGTGA-1,1
pbmc,GGGTTATGTGTGATGG-1,1
pbmc,GGGTTATGTGTTAACC-1,1
pbmc,GGGTTATTCACTGTTT-1,1
pbmc,GGGTTATTCATCCTAT-1,1
pbmc,GGGTTATTCCGTGACG-1,1
pbmc,GGGTTATTCCTTCAGC-1,1
pbmc,GGGTTATTCGACGAGA-1,1
pbmc,GGGTTATTCTGACGCG-1,1
pbmc,GGGTTATTCTGGCCTT-1,1
pbmc,GGGTTTAAGGCCCGTT-1,1
pbmc,GGGTTTAAGGTGCATG-1,1
pbmc,GGGTTTACACAGAGCA-1,248
pbmc,GGGTTTACACCCTCTA-1,1
pbmc,GGGTTTACACTAAACC-1,194
pbmc,GGGTTTACAGCCTACG-1,1
pbmc,GGGTTTACAGGTGACA-1,1
pbmc,GGGTTTAGTATGCTTG-1,1
pbmc,GGGTTTAGTGCTAGCC-1,1
pbmc,GGGTTTAGTGGAAATT-1,1
pbmc,GGGTTTAGTGTTAACC-1,1
pbmc,GGGTTTAGTTCGGCTG-1,1
pbmc,GGGTTTAGTTTGGCTA-1,1
pbmc,GGGTTTATCACCCTTG-1,1
pbmc,GGGTTTATCATCGCAA-1,1
pbmc,GGGTTTATCCGTGACG-1,1
pbmc,GGGTTTATCCTTCTGG-1,1
pbmc,GGGTTTATCTCACGAA-1,1
pbmc,GGGTTTATCTTTACAC-1,1
pbmc,GGTAACTAGACTAAGT-1,1
pbmc,GGTAACTAGGAGGCAG-1,3
pbmc,GGTAACTAGGCGATAC-1,1
pbmc,GGTAACTAGTATGAAC-1,1
pbmc,GGTAACTAGTATGCAA-1,1
pbmc,GGTAACTAGTCATAGA-1,1
pbmc,GGTAACTAGTTGCCCG-1,1
pbmc,GGTAACTCAAGACCGA-1,1
pbmc,GGTAACTCAGCGAGTA-1,1
pbmc,GGTAACTGTAACAGGC-1,1
pbmc,GGTAACTGTACCTAGT-1,1
pbmc,GGTAACTGTCACTCAA-1,1
pbmc,GGTAACTGTCTACAGT-1,1
pbmc,GGTAACTGTTCCGGTG-1,1
pbmc,GGTAACTGTTCTAACG-1,1
pbmc,GGTAACTGTTGACGGA-1,1
pbmc,GGTAACTTCAAACGTC-1,1
pbmc,GGTAACTTCATCTGTT-1,1
pbmc,GGTAACTTCCACGTCT-1,1
pbmc,GGTAACTTCGGAGTGA-1,1
pbmc,GGTAACTTCTATGTGG-1,1
pbmc,GGTAACTTCTCCTACG-1,1
pbmc,GGTAACTTCTGTTGGA-1,1
pbmc,GGTAATCAGAGCAGAA-1,1
pbmc,GGTAATCAGCCGCACT-1,1
pbmc,GGTAATCAGCTACGTT-1,1
pbmc,GGTAATCAGGTCGACA-1,1
pbmc,GGTAATCAGTGATAGT-1,1
pbmc,GGTAATCCAAAGCAAT-1,1
pbmc,GGTAATCCAAAGGAGA-1,121
pbmc,GGTAATCCAAATGGAT-1,2
pbmc,GGTAATCCACAGCATT-1,238
pbmc,GGTAATCCACCCTTAC-1,1
pbmc,GGTAATCCAGACCTAT-1,1
pbmc,GGTAATCCAGAGTGAC-1,1
pbmc,GGTAATCCAGCTCCTT-1,1
pbmc,GGTAATCCATACCACA-1,204
pbmc,GGTAATCGTACTGAGG-1,1
pbmc,GGTAATCGTGCGTTTA-1,1
pbmc,GGTAATCGTGTAGCAG-1,1
pbmc,GGTAATCTCAACACCA-1,3
pbmc,GGTAATCTCAAGTTGC-1,380
pbmc,GGTAATCTCAATGCAC-1,2
pbmc,GGTAATCTCACGGACC-1,2
pbmc,GGTAATCTCAGAATAG-1,1
pbmc,GGTAATCTCATCGCCT-1,1
pbmc,GGTAATCTCCTGTAAG-1,1
pbmc,GGTAATCTCGGCTTCT-1,1
pbmc,GGTAGAGAGACCAGCA-1,205
pbmc,GGTAGAGAGAGTCAGC-1,1
pbmc,GGTAGAGAGGTAGCCA-1,1
pbmc,GGTAGAGAGTATAACG-1,1
pbmc,GGTAGAGCACTGGCCA-1,1
pbmc,GGTAGAGCATCCTTGC-1,1
pbmc,GGTAGAGCATCGGATT-1,1
pbmc,GGTAGAGGTCCTCCTA-1,1
pbmc,GGTAGAGGTCTCGGGT-1,1
pbmc,GGTAGAGGTGTGCCTG-1,1
pbmc,GGTAGAGGTTAATCGC-1,1
pbmc,GGTAGAGGTTCAAACC-1,1
pbmc,GGTAGAGGTTGTATGC-1,1
pbmc,GGTAGAGTCATCCTAT-1,1
pbmc,GGTAGAGTCCTTATCA-1,2
pbmc,GGTAGAGTCGACACCG-1,1
pbmc,GGTAGAGTCGACCTAA-1,2
pbmc,GGTCACGAGACTCTTG-1,1
pbmc,GGTCACGAGCAACCAG-1,1
pbmc,GGTCACGAGCAAGGAA-1,1
pbmc,GGTCACGAGGTGCTAG-1,1
pbmc,GGTCACGCAATGGCCC-1,292
pbmc,GGTCACGCAATTGACC-1,1
pbmc,GGTCACGCACAGTATC-1,1
pbmc,GGTCACGCACCAGCGT-1,1
pbmc,GGTCACGCACCAGTTA-1,1
pbmc,GGTCACGCACCTTCCA-1,1
pbmc,GGTCACGCAGAGACTG-1,1
pbmc,GGTCACGCATCCCGTT-1,1
pbmc,GGTCACGGTAAGTTAG-1,1
pbmc,GGTCACGGTACAGAAT-1,1
pbmc,GGTCACGGTACTCGAT-1,2
pbmc,GGTCACGGTAGAGTTA-1,1
pbmc,GGTCACGGTAGATTAG-1,1
pbmc,GGTCACGGTATGCTTG-1,1
pbmc,GGTCACGGTATGTCTG-1,1
pbmc,GGTCACGGTCGCAGTC-1,1
pbmc,GGTCACGGTCGCTGCA-1,1
pbmc,GGTCACGGTCGTGATT-1,228
pbmc,GGTCACGGTGCTATTG-1,1
pbmc,GGTCACGGTGGCTGCT-1,1
pbmc,GGTCACGGTTCGCGTG-1,1
pbmc,GGTCACGTCAAAGCCT-1,1
pbmc,GGTCACGTCCCAGGCA-1,1
pbmc,GGTCACGTCCCGAATA-1,1
pbmc,GGTCACGTCCTCTTTC-1,1
pbmc,GGTCACGTCCTTAAGA-1,5
pbmc,GGTCACGTCGTTGCCT-1,1
pbmc,GGTCACGTCTGTTCAT-1,1
pbmc,GGTCACGTCTTGGATG-1,1
pbmc,GGTCTGGAGACTCTTG-1,2
pbmc,GGTCTGGAGATGAACT-1,1
pbmc,GGTCTGGAGATGCGAC-1,2
pbmc,GGTCTGGAGCGTGAAC-1,1
pbmc,GGTCTGGAGCTGGTGA-1,1
pbmc,GGTCTGGAGGCATCGA-1,1
pbmc,GGTCTGGCACAACCGC-1,1
pbmc,GGTCTGGCAGGTTCAT-1,1
pbmc,GGTCTGGCAGTATTCG-1,1
pbmc,GGTCTGGGTATCGTAC-1,1
pbmc,GGTCTGGGTCAATGGG-1,1
pbmc,GGTCTGGGTCCCGTGA-1,1
pbmc,GGTCTGGGTGACTCTA-1,1
pbmc,GGTCTGGGTTAGTTCG-1,1
pbmc,GGTCTGGGTTGAAAGT-1,2
pbmc,GGTCTGGGTTGCCAAT-1,1
pbmc,GGTCTGGGTTTACACG-1,1
pbmc,GGTCTGGTCAGACATC-1,221
pbmc,GGTCTGGTCAGAGCGA-1,1
pbmc,GGTCTGGTCATGAGTC-1,1
pbmc,GGTCTGGTCCGAGCTG-1,1
pbmc,GGTCTGGTCGAAGGAC-1,1
pbmc,GGTCTGGTCTAGCAAC-1,1
pbmc,GGTCTGGTCTCCCAAC-1,255
pbmc,GGTGAAGAGACTCGAG-1,1
pbmc,GGTGAAGAGAGCTGCA-1,1
pbmc,GGTGAAGAGGCAGTCA-1,2
pbmc,GGTGAAGAGGCTCTAT-1,1
pbmc,GGTGAAGAGTAACGAT-1,1
pbmc,GGTGAAGAGTTAACGA-1,1
pbmc,GGTGAAGCAAGCTCTA-1,1
pbmc,GGTGAAGCACAAAGCG-1,1
pbmc,GGTGAAGCACAAGCAG-1,2
pbmc,GGTGAAGCACTACCGG-1,2
pbmc,GGTGAAGCAGCCATTA-1,1
pbmc,GGTGAAGCATCATCCC-1,1
pbmc,GGTGAAGCATGTTGAC-1,1
pbmc,GGTGAAGCATTAGGCT-1,1
pbmc,GGTGAAGGTACCTTCC-1,1
pbmc,GGTGAAGGTACGAAAT-1,1
pbmc,GGTGAAGGTATATGGA-1,1
pbmc,GGTGAAGGTGGACTGA-1,2
pbmc,GGTGAAGGTGGCTGCT-1,1
pbmc,GGTGAAGGTGTCCAAT-1,1
pbmc,GGTGAAGGTTCATCTT-1,2
pbmc,GGTGAAGGTTGACTAC-1,1
pbmc,GGTGAAGGTTGCCGAC-1,1
pbmc,GGTGAAGTCAAATGCC-1,1
pbmc,GGTGAAGTCAAGCCTA-1,1
pbmc,GGTGAAGTCACGATAC-1,2
pbmc,GGTGAAGTCACTGGTA-1,1
pbmc,GGTGAAGTCCCTTGGT-1,1
pbmc,GGTGAAGTCGTAACAC-1,1
pbmc,GGTGAAGTCGTGTTCC-1,1
pbmc,GGTGAAGTCTTACTGT-1,1
pbmc,GGTGATTAGATACCAA-1,1
pbmc,GGTGATTAGCCTTGAT-1,1
pbmc,GGTGATTAGCTGTAAG-1,1
pbmc,GGTGATTAGCTGTACT-1,178
pbmc,GGTGATTAGGAGTACC-1,1
pbmc,GGTGATTAGGTTTGAA-1,1
pbmc,GGTGATTAGTTTCTTC-1,1
pbmc,GGTGATTCACGGCACT-1,2
pbmc,GGTGATTCAGCTCGGT-1,321
pbmc,GGTGATTCAGGGCTTC-1,1
pbmc,GGTGATTCATAGCACT-1,1
pbmc,GGTGATTGTAACTGCT-1,1
pbmc,GGTGATTGTAAGATAC-1,1
pbmc,GGTGATTGTACAGGTG-1,2
pbmc,GGTGATTGTACCAATC-1,1
pbmc,GGTGATTGTCCTGTCT-1,1
pbmc,GGTGATTGTCTCAAGT-1,1
pbmc,GGTGATTGTGCACGCT-1,1
pbmc,GGTGATTGTGCATTAC-1,2
pbmc,GGTGATTGTGTTTCTT-1,1
pbmc,GGTGATTGTTCGGCCA-1,1
pbmc,GGTGATTGTTTACGTG-1,1
pbmc,GGTGATTTCACCATCC-1,1
pbmc,GGTGATTTCACCTACC-1,1
pbmc,GGTGATTTCAGACAAA-1,1
pbmc,GGTGATTTCCTTCTAA-1,1
pbmc,GGTGATTTCCTTGGAA-1,2
pbmc,GGTGATTTCTCATTTG-1,1
pbmc,GGTGGCTAGAAGTGTT-1,1
pbmc,GGTGGCTAGAGTCAAT-1,1
pbmc,GGTGGCTAGCAAATGT-1,3
pbmc,GGTGGCTAGCCTCAAT-1,1
pbmc,GGTGGCTAGCGCTGAA-1,2
pbmc,GGTGGCTAGGGACAGG-1,1
pbmc,GGTGGCTAGTGATTCC-1,1
pbmc,GGTGGCTCATTCCTAT-1,1
pbmc,GGTGGCTGTAAGATAC-1,1
pbmc,GGTGGCTGTAGAATAC-1,1
pbmc,GGTGGCTGTAGACACG-1,1
pbmc,GGTGGCTGTATCCCTC-1,1
pbmc,GGTGGCTGTCGGTAAG-1,1
pbmc,GGTGGCTGTCGGTGAA-1,1
pbmc,GGTGGCTGTGCGCTCA-1,175
pbmc,GGTGGCTGTGTGGTCC-1,1
pbmc,GGTGGCTGTTTCCAAG-1,1
pbmc,GGTGGCTTCCAACCAA-1,1
pbmc,GGTGGCTTCCCGATTT-1,1
pbmc,GGTGGCTTCCCTCATG-1,1
pbmc,GGTGGCTTCCGCACTT-1,1
pbmc,GGTGGCTTCCGTGTAA-1,2
pbmc,GGTGGCTTCCTATGGA-1,1
pbmc,GGTGGCTTCGACATCA-1,1
pbmc,GGTGGCTTCGGTAAGG-1,1
pbmc,GGTGGCTTCGTGGCTG-1,1
pbmc,GGTGGCTTCTACTGAG-1,1
pbmc,GGTGTCGAGCACGATG-1,2
pbmc,GGTGTCGAGCATGCGA-1,1
pbmc,GGTGTCGAGCGGGTTA-1,1
pbmc,GGTGTCGCAACGATCT-1,324
pbmc,GGTGTCGCACGGTGCT-1,2
pbmc,GGTGTCGCAGAAACCG-1,1
pbmc,GGTGTCGCAGCGTTTA-1,1
pbmc,GGTGTCGCATCACGGC-1,1
pbmc,GGTGTCGCATCCCACT-1,1
pbmc,GGTGTCGCATTCACCC-1,1
pbmc,GGTGTCGGTGGTCTCG-1,1
pbmc,GGTGTCGGTGTTATCG-1,188
pbmc,GGTGTCGGTTATGTGC-1,1
pbmc,GGTGTCGGTTCAGCTA-1,1
pbmc,GGTGTCGGTTCTATCT-1,1
pbmc,GGTGTCGGTTCTTGTT-1,1
pbmc,GGTGTCGTCAGGGTAG-1,2
pbmc,GGTGTCGTCCTTCACG-1,1
pbmc,GGTGTCGTCGTTCGCT-1,1
pbmc,GGTGTCGTCTCAGGCG-1,1
pbmc,GGTGTCGTCTGTCAGA-1,1
pbmc,GGTGTCGTCTTAGCAG-1,1
pbmc,GGTGTTAAGCACGTCC-1,1
pbmc,GGTGTTAAGCGAGAAA-1,1
pbmc,GGTGTTAAGCGGATCA-1,1
pbmc,GGTGTTAAGGGATCGT-1,1
pbmc,GGTGTTAAGGTCATCT-1,1
pbmc,GGTGTTAAGTTGCTCA-1,1
pbmc,GGTGTTAAGTTGCTGT-1,1
pbmc,GGTGTTACAACACTAC-1,1
pbmc,GGTGTTACAATAGAGT-1,1
pbmc,GGTGTTACAATCCTTT-1,1
pbmc,GGTGTTACAATTGGTC-1,1
pbmc,GGTGTTACACACGCTG-1,1
pbmc,GGTGTTACACGTGAGA-1,1
pbmc,GGTGTTACAGAACATA-1,1
pbmc,GGTGTTACAGCTATTG-1,1
pbmc,GGTGTTACAGGATCTT-1,1
pbmc,GGTGTTACAGTTTACG-1,1
pbmc,GGTGTTACATGAATAG-1,1
pbmc,GGTGTTACATTGAAAG-1,1
pbmc,GGTGTTAGTCCGACGT-1,1
pbmc,GGTGTTAGTCCTGGGT-1,1
pbmc,GGTGTTAGTGGATTTC-1,597
pbmc,GGTGTTATCACCCATC-1,1
pbmc,GGTGTTATCAGTCAGT-1,1
pbmc,GGTGTTATCATAGCAC-1,1
pbmc,GGTGTTATCCGTCAAA-1,1
pbmc,GGTGTTATCGAATGCT-1,1
pbmc,GGTGTTATCGGACTTA-1,1
pbmc,GGTGTTATCGGCTTGG-1,1
pbmc,GGTGTTATCTCTCTTC-1,2
pbmc,GGTGTTATCTGTCGCT-1,1
pbmc,GGTGTTATCTTACGTT-1,1
pbmc,GGTTAACAGCGGTATG-1,1
pbmc,GGTTAACAGGTACATA-1,1
pbmc,GGTTAACAGGTCACCC-1,1
pbmc,GGTTAACCAGCTACAT-1,1
pbmc,GGTTAACCAGTCAGCC-1,1
pbmc,GGTTAACCATCGGTTA-1,1
pbmc,GGTTAACCATGCGTGC-1,1
pbmc,GGTTAACGTGGTCCGT-1,1
pbmc,GGTTAACGTGTAACGG-1,1
pbmc,GGTTAACGTTACGCCG-1,1
pbmc,GGTTAACGTTTCTTAC-1,2
pbmc,GGTTAACTCACTCACC-1,30
pbmc,GGTTAACTCACTTATC-1,1
pbmc,GGTTAACTCCATACAG-1,1
pbmc,GGTTAACTCCCGAGAC-1,5
pbmc,GGTTAACTCCGGCAAC-1,2
pbmc,GGTTAACTCCTTTAGT-1,1
pbmc,GGTTAACTCGTTGCCT-1,1
pbmc,GGTTCTCAGACCATTC-1,1
pbmc,GGTTCTCAGCCGAACA-1,2
pbmc,GGTTCTCAGGACAGCT-1,3
pbmc,GGTTCTCAGGTGCCTC-1,1
pbmc,GGTTCTCAGTATGAGT-1,1
pbmc,GGTTCTCAGTTACGTC-1,1
pbmc,GGTTCTCAGTTTGGCT-1,1
pbmc,GGTTCTCCAAGACAAT-1,3
pbmc,GGTTCTCCACGGTGAA-1,1
pbmc,GGTTCTCCAGGGAGAG-1,1
pbmc,GGTTCTCCAGGTACGA-1,1
pbmc,GGTTCTCCAGGTTCCG-1,113
pbmc,GGTTCTCGTACAGTTC-1,2
pbmc,GGTTCTCGTAGTCGGA-1,1
pbmc,GGTTCTCGTATACCCA-1,1
pbmc,GGTTCTCGTCAACCTA-1,1
pbmc,GGTTCTCGTCATCGGC-1,1
pbmc,GGTTCTCGTCCGGTCA-1,1
pbmc,GGTTCTCGTGATAGAT-1,1
pbmc,GGTTCTCGTTTCGCTC-1,1
pbmc,GGTTCTCGTTTGACAC-1,2
pbmc,GGTTCTCTCAAACCTG-1,1
pbmc,GGTTCTCTCATTATCC-1,1
pbmc,GGTTCTCTCGGTCAGC-1,1
pbmc,GGTTCTCTCGTGCAGC-1,1
pbmc,GGTTCTCTCGTGCTCT-1,1
pbmc,GGTTCTCTCTCTTGCG-1,1
pbmc,GGTTGTAAGCTAATGA-1,1
pbmc,GGTTGTAAGGTTCAGG-1,1
pbmc,GGTTGTAAGTAGGTTA-1,1
pbmc,GGTTGTACAAGAGAGA-1,1
pbmc,GGTTGTACACCTGCGA-1,1
pbmc,GGTTGTACACTACACA-1,2
pbmc,GGTTGTACAGGCTACC-1,1
pbmc,GGTTGTACATAAGCGG-1,1
pbmc,GGTTGTAGTAGGCAAC-1,1
pbmc,GGTTGTAGTCCAAAGG-1,1
pbmc,GGTTGTATCCAGTGCG-1,1
pbmc,GGTTGTATCGAACGAA-1,1
pbmc,GGTTGTATCGAAGGAC-1,655
pbmc,GGTTGTATCGGTCAGC-1,2
pbmc,GGTTGTATCGTTGAGC-1,1
pbmc,GGTTGTATCTACCAGA-1,1
pbmc,GGTTGTATCTCCCATG-1,1
pbmc,GGTTGTATCTCTGGTC-1,1
pbmc,GGTTGTATCTCTTGCG-1,1
pbmc,GTAACACAGAAAGCGA-1,181
pbmc,GTAACACAGACATCCT-1,1
pbmc,GTAACACAGAGCCGTA-1,22
pbmc,GTAACACAGAGGTCAC-1,1
pbmc,GTAACACAGATGGTCG-1,1
pbmc,GTAACACAGCTCCGAC-1,437
pbmc,GTAACACAGGCCACTC-1,1
pbmc,GTAACACAGTCACGAG-1,1
pbmc,GTAACACAGTGTAGAT-1,1
pbmc,GTAACACCAAGTTCGT-1,1
pbmc,GTAACACCACCCAAGC-1,1
pbmc,GTAACACCACTCGATA-1,1
pbmc,GTAACACCAGTAGATA-1,1
pbmc,GTAACACCATCCTATT-1,2
pbmc,GTAACACCATTCAGGT-1,1
pbmc,GTAACACGTAATGAAC-1,1
pbmc,GTAACACGTAGATGTA-1,189
pbmc,GTAACACGTAGGCTGA-1,1
pbmc,GTAACACGTCAGGTGA-1,1
pbmc,GTAACACGTCATCTAG-1,2
pbmc,GTAACACGTCATTCCC-1,1
pbmc,GTAACACGTCCTCCTA-1,1
pbmc,GTAACACGTCGCATGC-1,1
pbmc,GTAACACGTCTGTGGC-1,1
pbmc,GTAACACGTGGCGTAA-1,51
pbmc,GTAACACGTTCGAAGG-1,1
pbmc,GTAACACTCAAACTGC-1,1
pbmc,GTAACACTCACCCTGT-1,1
pbmc,GTAACACTCCATCTGC-1,1
pbmc,GTAACACTCGCTAAAC-1,1
pbmc,GTAACACTCGTGGAAG-1,1
pbmc,GTAACACTCGTTCCTG-1,1
pbmc,GTAACACTCTCTCCGA-1,1
pbmc,GTAACACTCTGGACCG-1,1
pbmc,GTAACCAAGAGGTTTA-1,1
pbmc,GTAACCAAGCCTCGTG-1,1
pbmc,GTAACCAAGCTCGACC-1,1
pbmc,GTAACCAAGTCTCGTA-1,1
pbmc,GTAACCAAGTCTGGAG-1,1
pbmc,GTAACCAAGTTTAGGA-1,1
pbmc,GTAACCACAAATCAGA-1,1
pbmc,GTAACCACACTGCATA-1,1
pbmc,GTAACCACAGAGTAAT-1,1
pbmc,GTAACCACATCCTAAG-1,1
pbmc,GTAACCACATGCACTA-1,2
pbmc,GTAACCACATGGTACT-1,1
pbmc,GTAACCAGTATTCTCT-1,1
pbmc,GTAACCAGTGAGAACC-1,1
pbmc,GTAACCAGTGGGCTTC-1,1
pbmc,GTAACCAGTGTTCGTA-1,1
pbmc,GTAACCAGTTCTCTAT-1,1
pbmc,GTAACCAGTTGCCATA-1,1
pbmc,GTAACCATCACTTTGT-1,1
pbmc,GTAACCATCATACGAC-1,1
pbmc,GTAACCATCATTGTTC-1,1
pbmc,GTAACCATCGGATACT-1,1
pbmc,GTAACCATCGTTGCCT-1,1
pbmc,GTAACCATCTACGGGC-1,1
pbmc,GTAACCATCTGTGTGA-1,1
pbmc,GTAACCATCTTCGTAT-1,1
pbmc,GTAACCATCTTGTGCC-1,1
pbmc,GTAAGTCAGACCATGG-1,1
pbmc,GTAAGTCAGAGGGTAA-1,1
pbmc,GTAAGTCAGATTACCC-1,1
pbmc,GTAAGTCAGCCGAACA-1,1
pbmc,GTAAGTCAGCTCTATG-1,1
pbmc,GTAAGTCAGGTCTACT-1,1
pbmc,GTAAGTCAGTGTAGTA-1,2
pbmc,GTAAGTCCAAACTGCT-1,1
pbmc,GTAAGTCCAAGGCAAC-1,2
pbmc,GTAAGTCCACACACGC-1,2
pbmc,GTAAGTCCAGCGGATA-1,1
pbmc,GTAAGTCCAGTCGGAA-1,1
pbmc,GTAAGTCCATATGGCT-1,1
pbmc,GTAAGTCCATTCACAG-1,1
pbmc,GTAAGTCGTAGCTCGC-1,1
pbmc,GTAAGTCGTCCTCCTA-1,1
pbmc,GTAAGTCTCAACCCGG-1,1
pbmc,GTAAGTCTCAACTTTC-1,1
pbmc,GTAAGTCTCGATTGGT-1,239
pbmc,GTAAGTCTCTGGCCTT-1,1
pbmc,GTAAGTCTCTTACCGC-1,1
pbmc,GTAATCGAGACAGCGT-1,1
pbmc,GTAATCGAGCGTTACT-1,1
pbmc,GTAATCGCAAATGAGT-1,1
pbmc,GTAATCGCAATGTCAC-1,1
pbmc,GTAATCGCACAGAGCA-1,2
pbmc,GTAATCGCACCGGTCA-1,1
pbmc,GTAATCGCACTTACAG-1,1
pbmc,GTAATCGCAGCGAGTA-1,2
pbmc,GTAATCGCAGTTTCGA-1,279
pbmc,GTAATCGGTATGTCTG-1,1
pbmc,GTAATCGGTGGACCTC-1,1
pbmc,GTAATCGGTTGACTAC-1,1
pbmc,GTAATCGGTTGCGAAG-1,235
pbmc,GTAATCGGTTGGCTAT-1,1
pbmc,GTAATCGTCACCATCC-1,1
pbmc,GTAATCGTCACTGTCC-1,1
pbmc,GTAATCGTCAGATGCT-1,1
pbmc,GTAATCGTCCAAATGC-1,3
pbmc,GTAATCGTCGCCGAAC-1,1
pbmc,GTAATCGTCTGGCCGA-1,1
pbmc,GTAATCGTCTTACGTT-1,1
pbmc,GTAATGCAGAAGCCTG-1,1
pbmc,GTAATGCAGAAGTCTA-1,1
pbmc,GTAATGCAGACCTGGA-1,1
pbmc,GTAATGCAGCACCGTC-1,1
pbmc,GTAATGCAGCATTTCG-1,1
pbmc,GTAATGCAGCGAATGC-1,1
pbmc,GTAATGCAGGTTGGTG-1,1
pbmc,GTAATGCAGTGGTTAA-1,1
pbmc,GTAATGCAGTTGCCTA-1,2
pbmc,GTAATGCCAAATGCGG-1,1
pbmc,GTAATGCCAACAACAA-1,1
pbmc,GTAATGCCAATCGCGC-1,17
pbmc,GTAATGCCACCAGTAT-1,319
pbmc,GTAATGCCACTATCGA-1,1
pbmc,GTAATGCCATAGAATG-1,1
pbmc,GTAATGCGTACGTGAG-1,1
pbmc,GTAATGCGTAGCGTAG-1,1
pbmc,GTAATGCGTAGGAGGG-1,5
pbmc,GTAATGCGTCCTGTTC-1,1
pbmc,GTAATGCGTCGCAACC-1,1
pbmc,GTAATGCGTGCACAAG-1,1
pbmc,GTAATGCGTGGCTTAT-1,1
pbmc,GTAATGCTCCAGTGTA-1,1
pbmc,GTAATGCTCGACGAGA-1,1
pbmc,GTAATGCTCGCTGTCT-1,1
pbmc,GTAATGCTCGTCTCAC-1,1
pbmc,GTAATGCTCGTTCATT-1,1
pbmc,GTAATGCTCTATCCAT-1,1
pbmc,GTACAACAGAACAAGG-1,1
pbmc,GTACAACAGAACTGAT-1,1
pbmc,GTACAACAGATAGCTA-1,202
pbmc,GTACAACAGCGACATG-1,1
pbmc,GTACAACCAAGACAAT-1,3
pbmc,GTACAACCACAATGTC-1,1
pbmc,GTACAACCATCCGAGC-1,1
pbmc,GTACAACCATGGCTAT-1,1
pbmc,GTACAACGTATGTCTG-1,1
pbmc,GTACAACGTCATGCAT-1,3
pbmc,GTACAACGTGTAACGG-1,1
pbmc,GTACAACGTTCGTAAC-1,2
pbmc,GTACAACGTTGCATAC-1,1
pbmc,GTACAACTCAAAGGAT-1,1
pbmc,GTACAACTCACTGAAC-1,2
pbmc,GTACAACTCAGACCTA-1,1
pbmc,GTACAACTCCTGGGAC-1,1
pbmc,GTACAACTCGAAACAA-1,1
pbmc,GTACAACTCGTTCCCA-1,1
pbmc,GTACAGTAGCTGGTGA-1,1
pbmc,GTACAGTAGGCTCTCG-1,1
pbmc,GTACAGTAGGTCCTGC-1,1
pbmc,GTACAGTAGTACCCTA-1,1
pbmc,GTACAGTCAAACTGCT-1,1
pbmc,GTACAGTCAAAGCTCT-1,1
pbmc,GTACAGTCACATATGC-1,2
pbmc,GTACAGTCACCTGAAT-1,1
pbmc,GTACAGTCAGTGCGCT-1,1
pbmc,GTACAGTCATAGACTC-1,1
pbmc,GTACAGTCATCTCCCA-1,1
pbmc,GTACAGTCATGCAGCC-1,1
pbmc,GTACAGTGTACAAGCG-1,1
pbmc,GTACAGTGTAGATCCT-1,1
pbmc,GTACAGTGTCCATAGT-1,1
pbmc,GTACAGTGTCGCATGC-1,1
pbmc,GTACAGTGTCTCACAA-1,1
pbmc,GTACAGTGTGCCTGCA-1,1
pbmc,GTACAGTGTTCGCGTG-1,1
pbmc,GTACAGTTCACATACG-1,1
pbmc,GTACAGTTCACTCGAA-1,1
pbmc,GTACAGTTCATGAGGG-1,2
pbmc,GTACAGTTCCACTGAA-1,1
pbmc,GTACAGTTCGACGCGT-1,1
pbmc,GTACAGTTCGTAATGC-1,1
pbmc,GTACAGTTCTCTGCTG-1,1
pbmc,GTACAGTTCTGGGCAC-1,1
pbmc,GTAGAAAAGACCCGCT-1,1
pbmc,GTAGAAAAGCTTTCTT-1,1
pbmc,GTAGAAAAGGGCGAGA-1,1
pbmc,GTAGAAAAGGTGTGAC-1,2
pbmc,GTAGAAAAGTCACACT-1,1
pbmc,GTAGAAACAGAATCGG-1,1
pbmc,GTAGAAACAGGGACTA-1,1
pbmc,GTAGAAACATGGACAG-1,193
pbmc,GTAGAAAGTACAGTCT-1,1
pbmc,GTAGAAAGTAGCGTTT-1,1
pbmc,GTAGAAAGTAGGTGCA-1,1
pbmc,GTAGAAAGTCACTCTC-1,2
pbmc,GTAGAAAGTCTATGAC-1,1
pbmc,GTAGAAAGTGAACCGA-1,3
pbmc,GTAGAAAGTGGCCACT-1,1
pbmc,GTAGAAAGTGGGACAT-1,1
pbmc,GTAGAAATCAAGAATG-1,1
pbmc,GTAGAAATCAGTGCGC-1,1
pbmc,GTAGAAATCCGCGGAT-1,1
pbmc,GTAGAAATCGGCTGGT-1,1
pbmc,GTAGAAATCTGAGATC-1,405
pbmc,GTAGAGGAGATCCGAG-1,1
pbmc,GTAGAGGAGATGGTAT-1,1
pbmc,GTAGAGGAGCGAGTCA-1,1
pbmc,GTAGAGGCAACTTCTT-1,155
pbmc,GTAGAGGCACACCAGC-1,1
pbmc,GTAGAGGCACACCTAA-1,1
pbmc,GTAGAGGCACCCAATA-1,1
pbmc,GTAGAGGCACGCGCTA-1,1
pbmc,GTAGAGGCAGACCATT-1,1
pbmc,GTAGAGGCAGCTCATA-1,1
pbmc,GTAGAGGCAGTGGTGA-1,1
pbmc,GTAGAGGGTCGGAAAC-1,1
pbmc,GTAGAGGGTGGAACAC-1,1
pbmc,GTAGAGGGTTACACTG-1,1
pbmc,GTAGAGGGTTCTAACG-1,1
pbmc,GTAGAGGGTTGTCATG-1,1
pbmc,GTAGAGGGTTGTGCCG-1,2
pbmc,GTAGAGGTCACGATCA-1,1
pbmc,GTAGAGGTCCACGTCT-1,1
pbmc,GTAGAGGTCGCTCTCA-1,1
pbmc,GTAGAGGTCTGTCGTC-1,2
pbmc,GTAGATCAGCACTCGC-1,1
pbmc,GTAGATCAGCCGCTTG-1,1
pbmc,GTAGATCAGCCTGAGA-1,1
pbmc,GTAGATCAGCGGACAT-1,1
pbmc,GTAGATCAGCTGTCCG-1,1
pbmc,GTAGATCAGGGAGTGG-1,1
pbmc,GTAGATCAGGTGCCAA-1,1
pbmc,GTAGATCAGTAGTGCG-1,1
pbmc,GTAGATCAGTATTAGG-1,1
pbmc,GTAGATCAGTGGTGGT-1,1
pbmc,GTAGATCAGTTGTCAC-1,1
pbmc,GTAGATCCAACCGCTG-1,1
pbmc,GTAGATCCACGCACCA-1,1
pbmc,GTAGATCCAGATGCGA-1,1
pbmc,GTAGATCCATCCCGTT-1,277
pbmc,GTAGATCGTATCGAAA-1,1
pbmc,GTAGATCGTCATTCCC-1,1
pbmc,GTAGATCGTCCTCCAT-1,1
pbmc,GTAGATCGTGCTTCAA-1,1
pbmc,GTAGATCGTGGATCAG-1,1
pbmc,GTAGATCTCAAGAGGC-1,1
pbmc,GTAGATCTCACTACGA-1,1
pbmc,GTAGATCTCCCATAGA-1,1
pbmc,GTAGATCTCCCGAAAT-1,45
pbmc,GTAGATCTCGAGAAAT-1,1
pbmc,GTAGATCTCGCCGAAC-1,1
pbmc,GTAGATCTCTGTCGTC-1,1
pbmc,GTAGATCTCTTCCTAA-1,1
pbmc,GTAGCTAAGACTGGGT-1,1
pbmc,GTAGCTAAGCAATTAG-1,1
pbmc,GTAGCTAAGTAAACTG-1,1
pbmc,GTAGCTAAGTCATGAA-1,1
pbmc,GTAGCTAAGTGCAACG-1,1
pbmc,GTAGCTAAGTGGAATT-1,1
pbmc,GTAGCTACAAGACTGG-1,1
pbmc,GTAGCTACAATAGGGC-1,1
pbmc,GTAGCTACACAGTCGC-1,1
pbmc,GTAGCTACAGCTGTAT-1,1
pbmc,GTAGCTACAGCTTCCT-1,1
pbmc,GTAGCTACATGGACAG-1,2
pbmc,GTAGCTAGTAGTACCT-1,1
pbmc,GTAGCTAGTATGAGGC-1,1
pbmc,GTAGCTAGTCACAGTT-1,1
pbmc,GTAGCTAGTCACGACC-1,1
pbmc,GTAGCTAGTCCGGCAT-1,1
pbmc,GTAGCTAGTGTATTGC-1,1
pbmc,GTAGCTAGTTGGTAGG-1,1
pbmc,GTAGCTATCATAGGCT-1,1
pbmc,GTAGCTATCCATTGTT-1,1
pbmc,GTAGCTATCCTGTAAG-1,1
pbmc,GTAGCTATCGTAGCCG-1,1
pbmc,GTAGCTATCGTCCTTG-1,1
pbmc,GTAGCTATCTCATGGA-1,299
pbmc,GTAGGAGAGAATTGCA-1,1
pbmc,GTAGGAGAGATTGGGC-1,1
pbmc,GTAGGAGAGTTCATGC-1,1
pbmc,GTAGGAGCAAGCTGTT-1,1
pbmc,GTAGGAGCAATAGGAT-1,1
pbmc,GTAGGAGCACTGCTTC-1,1
pbmc,GTAGGAGCAGACCAAG-1,1
pbmc,GTAGGAGCAGCGTATT-1,1
pbmc,GTAGGAGCAGGACATG-1,1
pbmc,GTAGGAGCAGGATCTT-1,1
pbmc,GTAGGAGCAGGCGTTC-1,1
pbmc,GTAGGAGCATAGAATG-1,1
pbmc,GTAGGAGGTACTGTTG-1,1
pbmc,GTAGGAGGTCAACCTA-1,3
pbmc,GTAGGAGGTGCTAGCC-1,1
pbmc,GTAGGAGGTGCTCCGA-1,1
pbmc,GTAGGAGGTTTCAGAC-1,2
pbmc,GTAGGAGGTTTGCCGG-1,1
pbmc,GTAGGAGTCATCCTAT-1,1
pbmc,GTAGGAGTCCATCACC-1,1
pbmc,GTAGGAGTCCGTCACT-1,141
pbmc,GTAGGAGTCGACGCTG-1,1
pbmc,GTAGGAGTCTCGGGAC-1,1
pbmc,GTAGGTTAGGGTACAC-1,1
pbmc,GTAGGTTCAACGACAG-1,1
pbmc,GTAGGTTCAAGACGGT-1,1
pbmc,GTAGGTTCACAAGCTT-1,1
pbmc,GTAGGTTCAGAAGCGT-1,174
pbmc,GTAGGTTCAGAGGAAA-1,1
pbmc,GTAGGTTCAGCTGTGC-1,1
pbmc,GTAGGTTCAGGTGACA-1,1
pbmc,GTAGGTTCAGTAGTGG-1,1
pbmc,GTAGGTTCATTGAAGA-1,1
pbmc,GTAGGTTGTCATGACT-1,2
pbmc,GTAGGTTGTGAGTTTC-1,1
pbmc,GTAGGTTGTGCTGATT-1,1
pbmc,GTAGGTTGTGTTCGTA-1,174
pbmc,GTAGGTTTCAACTCTT-1,1
pbmc,GTAGGTTTCCATTTAC-1,2
pbmc,GTAGGTTTCGTGGGAA-1,2
pbmc,GTAGGTTTCTCTTGCG-1,1
pbmc,GTAGGTTTCTGTTGGA-1,1
pbmc,GTAGTACAGACCATTC-1,1
pbmc,GTAGTACAGAGCGACT-1,1
pbmc,GTAGTACAGAGGCCAT-1,1
pbmc,GTAGTACAGATGATTG-1,1
pbmc,GTAGTACAGCTGGAGT-1,1
pbmc,GTAGTACCACACCAGC-1,1
pbmc,GTAGTACCACCCTATC-1,355
pbmc,GTAGTACCACGTCATA-1,1
pbmc,GTAGTACCACTTACAG-1,1
pbmc,GTAGTACCAGATCACT-1,1
pbmc,GTAGTACCAGCATTGT-1,1
pbmc,GTAGTACCATCATCTT-1,2
pbmc,GTAGTACCATCGTCCT-1,1
pbmc,GTAGTACGTATCTTCT-1,1
pbmc,GTAGTACGTCGCTTGG-1,1
pbmc,GTAGTACGTCTTTATC-1,1
pbmc,GTAGTACGTGAGTAGC-1,1
pbmc,GTAGTACGTGTTCAGT-1,1
pbmc,GTAGTACTCACCTTAT-1,1
pbmc,GTAGTACTCATGGCCG-1,1
pbmc,GTAGTACTCCATAGAC-1,1
pbmc,GTAGTACTCCCTTTGG-1,1
pbmc,GTAGTACTCTGCAGCG-1,1
pbmc,GTAGTACTCTGTAGTA-1,1
pbmc,GTAGTACTCTGTGTGA-1,519
pbmc,GTAGTACTCTTTCGAT-1,1
pbmc,GTATTGGAGCATGCAG-1,2
pbmc,GTATTGGAGTCGTTAC-1,2
pbmc,GTATTGGCAAGCACAG-1,1
pbmc,GTATTGGGTACCATAC-1,1
pbmc,GTATTGGGTATGTCCA-1,1
pbmc,GTATTGGGTCAAAGAT-1,1
pbmc,GTATTGGGTGCCTAAT-1,1
pbmc,GTATTGGGTGCTATTG-1,1
pbmc,GTATTGGGTGTCGATT-1,1
pbmc,GTATTGGGTTCTTGTT-1,1
pbmc,GTATTGGGTTTCGTGA-1,1
pbmc,GTATTGGTCAACTGAC-1,1
pbmc,GTATTGGTCCATGATG-1,1
pbmc,GTATTGGTCCGCTAGG-1,1
pbmc,GTATTGGTCCTCAGGG-1,1
pbmc,GTATTGGTCGACCCAG-1,1
pbmc,GTATTGGTCGGCTGGT-1,1
pbmc,GTATTGGTCTAAGAAG-1,1
pbmc,GTATTGGTCTCATTAC-1,1
pbmc,GTATTTCAGAAGAGCA-1,225
pbmc,GTATTTCAGAGACAAG-1,1
pbmc,GTATTTCAGAGAGCAA-1,2
pbmc,GTATTTCAGAGTGAAG-1,1
pbmc,GTATTTCAGATAGCAT-1,1
pbmc,GTATTTCAGCAACTCT-1,1
pbmc,GTATTTCAGCCATTGT-1,1
pbmc,GTATTTCAGGAGAGCA-1,1
pbmc,GTATTTCAGGCAATGC-1,1
pbmc,GTATTTCAGGTTATAG-1,1
pbmc,GTATTTCAGTGCGCTC-1,1
pbmc,GTATTTCCAACAGCTT-1,2
pbmc,GTATTTCCACCAGCCA-1,2
pbmc,GTATTTCCACTTGTCC-1,1
pbmc,GTATTTCCAGCTTCGG-1,1
pbmc,GTATTTCCAGGACAGT-1,1
pbmc,GTATTTCCAGGCGATA-1,1
pbmc,GTATTTCCATCAACCA-1,1
pbmc,GTATTTCGTGTCCATA-1,1
pbmc,GTATTTCTCCCGAACG-1,1
pbmc,GTATTTCTCCGATAGT-1,1
pbmc,GTATTTCTCCTTGACC-1,1
pbmc,GTATTTCTCGCAACAT-1,1
pbmc,GTATTTCTCTCCGTGT-1,1
pbmc,GTCAAACAGACGGTTG-1,1
pbmc,GTCAAACAGAGAACCC-1,1
pbmc,GTCAAACAGCATCGAG-1,1
pbmc,GTCAAACAGCGTTCAT-1,1
pbmc,GTCAAACAGGCTGAAC-1,1
pbmc,GTCAAACAGGTCCCTG-1,1
pbmc,GTCAAACAGGTCTGGA-1,2
pbmc,GTCAAACAGTCTTCCC-1,2
pbmc,GTCAAACCAAGCACCC-1,256
pbmc,GTCAAACCAAGTGACG-1,1
pbmc,GTCAAACCACAAGTTC-1,1
pbmc,GTCAAACCACGATTCA-1,1
pbmc,GTCAAACCAGAACTAA-1,1
pbmc,GTCAAACCAGATTTCG-1,1
pbmc,GTCAAACCATGTCGTA-1,1
pbmc,GTCAAACGTAATGATG-1,2
pbmc,GTCAAACGTACGACAG-1,1
pbmc,GTCAAACGTACGGTTT-1,1
pbmc,GTCAAACGTCGTGTTA-1,1
pbmc,GTCAAACGTGAATTGA-1,1
pbmc,GTCAAACGTGGGCTTC-1,2
pbmc,GTCAAACGTTTGGAGG-1,2
pbmc,GTCAAACGTTTGTGGT-1,1
pbmc,GTCAAACTCAATGCAC-1,43
pbmc,GTCAAACTCACGGGAA-1,1
pbmc,GTCAAACTCCATAAGC-1,1
pbmc,GTCAAACTCCCGATCT-1,1
pbmc,GTCAAACTCCCTCATG-1,1
pbmc,GTCAAACTCGAAGTGG-1,1
pbmc,GTCAAACTCGCCTTTG-1,1
pbmc,GTCAAACTCGTTGCCT-1,1
pbmc,GTCAAACTCTAGCATG-1,1
pbmc,GTCAAACTCTTCACGC-1,1
pbmc,GTCAAGTAGGAGTCTG-1,1
pbmc,GTCAAGTAGGCGATAC-1,1
pbmc,GTCAAGTAGGTTGGTG-1,1
pbmc,GTCAAGTAGTATGACA-1,1
pbmc,GTCAAGTCAAAGCAAT-1,1
pbmc,GTCAAGTCAACTGCTA-1,1
pbmc,GTCAAGTCAATACCTG-1,124
pbmc,GTCAAGTCAATCTGCA-1,1
pbmc,GTCAAGTCACGAAACG-1,1
pbmc,GTCAAGTCAGTTTACG-1,1
pbmc,GTCAAGTTCAACGAGG-1,3
pbmc,GTCAAGTTCATTGTTC-1,1
pbmc,GTCAAGTTCATTTGTC-1,1
pbmc,GTCAAGTTCCCATGGG-1,1
pbmc,GTCAAGTTCCGCAGTG-1,1
pbmc,GTCAAGTTCCTGTTAT-1,1
pbmc,GTCAAGTTCGACATTG-1,1
pbmc,GTCAAGTTCGATCCAA-1,1
pbmc,GTCAAGTTCGTAATGC-1,1
pbmc,GTCAAGTTCGTGTGAT-1,1
pbmc,GTCAAGTTCGTTCGCT-1,1
pbmc,GTCACGGAGAAGCTGC-1,1
pbmc,GTCACGGAGAGTGTTA-1,1
pbmc,GTCACGGAGATTCGAA-1,1
pbmc,GTCACGGAGCGGGTTA-1,249
pbmc,GTCACGGAGTCACGAG-1,1
pbmc,GTCACGGCAAGCCCAC-1,1
pbmc,GTCACGGCACAGAGCA-1,1
pbmc,GTCACGGCACCGTACG-1,293
pbmc,GTCACGGCAGATAAAC-1,1
pbmc,GTCACGGCAGTAACGG-1,1
pbmc,GTCACGGGTCATGGCC-1,1
pbmc,GTCACGGGTCTGATTG-1,1
pbmc,GTCACGGGTTAGGCTT-1,2
pbmc,GTCACGGGTTAGTCGT-1,1
pbmc,GTCACGGGTTGCAAGG-1,1
pbmc,GTCACGGGTTGGTAGG-1,1
pbmc,GTCACGGTCAGTGTTG-1,1
pbmc,GTCACGGTCCTATTTG-1,1
pbmc,GTCACGGTCGCGAAGA-1,1
pbmc,GTCACGGTCGTGACTA-1,1
pbmc,GTCACGGTCTACTCAT-1,1
pbmc,GTCACGGTCTGTCGTC-1,1
pbmc,GTCACTCAGCGCGTTC-1,3
pbmc,GTCACTCAGGTTGGAC-1,1
pbmc,GTCACTCAGTACGTCT-1,1
pbmc,GTCACTCAGTGCTAGG-1,1
pbmc,GTCACTCCAAGAATAC-1,1
pbmc,GTCACTCCAATGACCT-1,1
pbmc,GTCACTCCACGTACAT-1,1
pbmc,GTCACTCCAGAGGCAT-1,1
pbmc,GTCACTCCAGCTGTCG-1,1
pbmc,GTCACTCCATTGGGAG-1,1
pbmc,GTCACTCGTATCCTCC-1,1
pbmc,GTCACTCGTCAGGCAA-1,1
pbmc,GTCACTCGTCCCTCAT-1,2
pbmc,GTCACTCGTCTGTGTA-1,1
pbmc,GTCACTCGTGGATACG-1,1
pbmc,GTCACTCGTTAAACCC-1,1
pbmc,GTCACTCTCAACCTTT-1,2
pbmc,GTCACTCTCCTAAACG-1,1
pbmc,GTCACTCTCGACCAAT-1,1
pbmc,GTCACTCTCGATGGAG-1,1
pbmc,GTCACTCTCGCTACAA-1,1
pbmc,GTCACTCTCGCTGCGA-1,1
pbmc,GTCACTCTCTGCCCTA-1,1
pbmc,GTCACTCTCTTGAACG-1,262
pbmc,GTCACTCTCTTGAATG-1,1
pbmc,GTCACTCTCTTGGAAC-1,1
pbmc,GTCAGCGAGACGACTG-1,1
pbmc,GTCAGCGAGCCATTCA-1,1
pbmc,GTCAGCGAGCCGATCC-1,1
pbmc,GTCAGCGAGTCCCGGT-1,1
pbmc,GTCAGCGAGTGGTTAA-1,1
pbmc,GTCAGCGAGTTCATGC-1,1
pbmc,GTCAGCGCACTAAACC-1,1
pbmc,GTCAGCGCAGTCGCTG-1,1
pbmc,GTCAGCGCAGTTGGTT-1,1
pbmc,GTCAGCGCATGGCACC-1,1
pbmc,GTCAGCGGTAAGTAGT-1,1
pbmc,GTCAGCGGTAGCTTGT-1,1
pbmc,GTCAGCGGTTGTGTAC-1,1
pbmc,GTCAGCGTCCATTTCA-1,1
pbmc,GTCAGCGTCCGTCCTA-1,1
pbmc,GTCAGCGTCCTACCGT-1,1
pbmc,GTCAGCGTCCTTCTGG-1,1
pbmc,GTCAGCGTCGCCGAGT-1,1
pbmc,GTCAGCGTCTACCCAC-1,1
pbmc,GTCAGCGTCTCACTCG-1,1
pbmc,GTCATCCAGACCCTTA-1,1
pbmc,GTCATCCAGCCTCAAT-1,1
pbmc,GTCATCCAGGATTACA-1,1
pbmc,GTCATCCAGGTAAGGA-1,1
pbmc,GTCATCCAGGTATTGA-1,1
pbmc,GTCATCCAGTATGAGT-1,2
pbmc,GTCATCCAGTGATGGC-1,1
pbmc,GTCATCCCAATCGAAA-1,1
pbmc,GTCATCCCACATGTTG-1,1
pbmc,GTCATCCCAGAACTAA-1,1
pbmc,GTCATCCCAGAGGACT-1,1
pbmc,GTCATCCCAGGTGGAT-1,1
pbmc,GTCATCCCATGACAAA-1,1
pbmc,GTCATCCCATGCGTGC-1,1
pbmc,GTCATCCGTCTTAGTG-1,2
pbmc,GTCATCCGTGCTGTCG-1,1
pbmc,GTCATCCTCCAAATGC-1,1
pbmc,GTCATCCTCGATACTG-1,2
pbmc,GTCATCCTCTGCACCT-1,1
pbmc,GTCATGAAGACCAAGC-1,1
pbmc,GTCATGAAGACTCATC-1,29
pbmc,GTCATGAAGTAAACGT-1,1
pbmc,GTCATGAAGTGCACAG-1,1
pbmc,GTCATGAAGTGGTGAC-1,1
pbmc,GTCATGAAGTTTGCAT-1,1
pbmc,GTCATGAAGTTTGGCT-1,343
pbmc,GTCATGACAATAACGA-1,2
pbmc,GTCATGACACATAGCT-1,1
pbmc,GTCATGACACCCTATC-1,1
pbmc,GTCATGACAGGCGTTC-1,1
pbmc,GTCATGACATATCTCT-1,1
pbmc,GTCATGACATGCAGCC-1,1
pbmc,GTCATGACATGGGATG-1,1
pbmc,GTCATGACATTGGATC-1,174
pbmc,GTCATGACATTGGCAT-1,1
pbmc,GTCATGAGTAATGTGA-1,1
pbmc,GTCATGAGTAGACGTG-1,1
pbmc,GTCATGAGTATCGTAC-1,1
pbmc,GTCATGAGTCCAAGAG-1,1
pbmc,GTCATGAGTCGTCGGT-1,1
pbmc,GTCATGAGTGATTCTG-1,2
pbmc,GTCATGATCACTGGGC-1,1
pbmc,GTCATGATCCCTATTA-1,1
pbmc,GTCATTTAGAAGGCTT-1,1
pbmc,GTCATTTAGAGCAGAA-1,1
pbmc,GTCATTTAGATCCGAG-1,1
pbmc,GTCATTTAGCAACAAT-1,1
pbmc,GTCATTTAGCGCCATC-1,1
pbmc,GTCATTTAGGACTAAT-1,1
pbmc,GTCATTTAGGTCCCGT-1,2
pbmc,GTCATTTCAAATCAGA-1,1
pbmc,GTCATTTCAACACAAA-1,1
pbmc,GTCATTTCAAGAGAGA-1,211
pbmc,GTCATTTCACGACAAG-1,1
pbmc,GTCATTTCACGGTGAA-1,1
pbmc,GTCATTTGTACGACTT-1,57
pbmc,GTCATTTGTAGCGTCC-1,1
pbmc,GTCATTTGTCCGACGT-1,1
pbmc,GTCATTTGTCGAGTTT-1,1
pbmc,GTCATTTGTCTTGGTA-1,1
pbmc,GTCATTTGTGAGACCA-1,1
pbmc,GTCATTTGTGAGCGAT-1,1
pbmc,GTCATTTGTGTGGTCC-1,1
pbmc,GTCATTTGTTACCTGA-1,1
pbmc,GTCATTTTCAAGAAAC-1,1
pbmc,GTCATTTTCACATCAG-1,1
pbmc,GTCATTTTCCATCTGC-1,1
pbmc,GTCATTTTCCTAGAGT-1,146
pbmc,GTCATTTTCGTTAGTG-1,1
pbmc,GTCATTTTCTCTCTAA-1,1
pbmc,GTCATTTTCTGCGGGT-1,1
pbmc,GTCATTTTCTGGAGAG-1,1
pbmc,GTCATTTTCTTGCATC-1,1
pbmc,GTCCACTAGAACAAGG-1,1
pbmc,GTCCACTAGCTGCCTG-1,1
pbmc,GTCCACTAGCTTACCG-1,1
pbmc,GTCCACTAGTAGGTTA-1,1
pbmc,GTCCACTAGTTGCGAG-1,1
pbmc,GTCCACTCACAAAGTA-1,1
pbmc,GTCCACTCAGTAGAAT-1,1
pbmc,GTCCACTCATCCGCGA-1,1
pbmc,GTCCACTCATTGGCAT-1,1
pbmc,GTCCACTGTAGAATGT-1,1
pbmc,GTCCACTGTCTGATCA-1,1
pbmc,GTCCACTGTGAGAGGG-1,1
pbmc,GTCCACTGTGCCCGTA-1,1
pbmc,GTCCACTGTGTATACC-1,1
pbmc,GTCCACTGTTAGGGAC-1,1
pbmc,GTCCACTTCAATCAGC-1,2
pbmc,GTCCACTTCGAACACT-1,1
pbmc,GTCCACTTCGACCACG-1,1
pbmc,GTCCACTTCTGCACCT-1,1
pbmc,GTCCACTTCTGTCGTC-1,1
pbmc,GTCCACTTCTTCTCAA-1,1
pbmc,GTCCCATAGACCAACG-1,1
pbmc,GTCCCATAGCCTCCAG-1,1
pbmc,GTCCCATAGCGCCTCA-1,3
pbmc,GTCCCATAGGGTTTCT-1,1
pbmc,GTCCCATAGGTCGACA-1,1
pbmc,GTCCCATCAAGCAATA-1,2
pbmc,GTCCCATCACTAGGTT-1,1
pbmc,GTCCCATCACTCCGAG-1,1
pbmc,GTCCCATCATGCCGAC-1,182
pbmc,GTCCCATGTCTCGGAC-1,1
pbmc,GTCCCATGTCTTCAAG-1,1
pbmc,GTCCCATGTGCCTGCA-1,1
pbmc,GTCCCATGTTAACCTG-1,1
pbmc,GTCCCATGTTTCAGAC-1,1
pbmc,GTCCCATTCAGCACCG-1,1
pbmc,GTCCCATTCCCGTGAG-1,1
pbmc,GTCCCATTCGCGTTTC-1,1
pbmc,GTCCCATTCGTGGCTG-1,1
pbmc,GTCCCATTCTCACTCG-1,1
pbmc,GTCCCATTCTTGGCTC-1,1
pbmc,GTCCTCAAGACCTGGA-1,1
pbmc,GTCCTCAAGACGGATC-1,2
pbmc,GTCCTCAAGAGCACTG-1,1
pbmc,GTCCTCAAGCTCGTGC-1,1
pbmc,GTCCTCAAGGACAGTC-1,1
pbmc,GTCCTCAAGTCACGAG-1,337
pbmc,GTCCTCAAGTCATTGT-1,1
pbmc,GTCCTCAAGTTCCCAG-1,1
pbmc,GTCCTCACAAATTAGG-1,1
pbmc,GTCCTCACAACTTGCA-1,1
pbmc,GTCCTCACAAGCGGAT-1,1
pbmc,GTCCTCACACTGGAAG-1,2
pbmc,GTCCTCACAGGTCCCA-1,3
pbmc,GTCCTCAGTAAGATAC-1,1
pbmc,GTCCTCAGTTACCCTC-1,1
pbmc,GTCCTCAGTTCCACAA-1,2
pbmc,GTCCTCATCAAACCCA-1,1
pbmc,GTCCTCATCAACGCTA-1,1
pbmc,GTCCTCATCATACAGC-1,1
pbmc,GTCCTCATCATTTCCA-1,1
pbmc,GTCCTCATCATTTGGG-1,1
pbmc,GTCCTCATCCGACGGT-1,1
pbmc,GTCCTCATCCGATCGG-1,1
pbmc,GTCCTCATCCGATGCG-1,1
pbmc,GTCCTCATCGAGGCAA-1,1
pbmc,GTCCTCATCGATACTG-1,2
pbmc,GTCCTCATCTCCTGTG-1,1
pbmc,GTCCTCATCTGCTCTG-1,1
pbmc,GTCGAATAGACCACGA-1,1
pbmc,GTCGAATAGACCAGCA-1,1
pbmc,GTCGAATAGCTTGTTG-1,1
pbmc,GTCGAATAGGAGTATT-1,138
pbmc,GTCGAATAGTCTGCGC-1,1
pbmc,GTCGAATCAAGATTGA-1,1
pbmc,GTCGAATCACGGCCAT-1,1
pbmc,GTCGAATCACTCCGAG-1,1
pbmc,GTCGAATCACTTGTGA-1,1
pbmc,GTCGAATCAGAACCGA-1,152
pbmc,GTCGAATCATAGATGA-1,1
pbmc,GTCGAATCATGAAGGC-1,1
pbmc,GTCGAATGTACGACTT-1,1
pbmc,GTCGAATGTATCCCTC-1,2
pbmc,GTCGAATGTCAAGCGA-1,114
pbmc,GTCGAATGTTACCCTC-1,1
pbmc,GTCGAATGTTATGGTC-1,1
pbmc,GTCGAATGTTATGTGC-1,1
pbmc,GTCGAATTCAAATAGG-1,1
pbmc,GTCGAATTCCACTTCG-1,1
pbmc,GTCGAATTCCTTGGAA-1,1
pbmc,GTCGAATTCGAAACAA-1,1
pbmc,GTCGAATTCGCACGAC-1,1
pbmc,GTCGAATTCGCTAATG-1,1
pbmc,GTCGCGAAGCAGCGAT-1,151
pbmc,GTCGCGAAGGAACTCG-1,1
pbmc,GTCGCGACAGATCCTA-1,1
pbmc,GTCGCGACATTAGGAA-1,1
pbmc,GTCGCGAGTCTACAAC-1,1
pbmc,GTCGCGAGTGCATGTT-1,1
pbmc,GTCGCGAGTGTAAACA-1,3
pbmc,GTCGCGAGTTACCTTT-1,1
pbmc,GTCGCGAGTTTACCTT-1,183
pbmc,GTCGCGATCGATTCCC-1,1
pbmc,GTCGCGATCGCCGAAC-1,1
pbmc,GTCGCGATCTGGAGAG-1,1
pbmc,GTCGTAAAGACTTCCA-1,2
pbmc,GTCGTAAAGCGACTTT-1,1
pbmc,GTCGTAAAGCTACTAC-1,1
pbmc,GTCGTAAAGCTGTACT-1,1
pbmc,GTCGTAACAAATACAG-1,1
pbmc,GTCGTAACACAGTCGC-1,1
pbmc,GTCGTAACAGGCATTT-1,1
pbmc,GTCGTAACAGGGCTTC-1,1
pbmc,GTCGTAACATCGTGGC-1,1
pbmc,GTCGTAAGTATATGGA-1,1
pbmc,GTCGTAAGTGGGTTGA-1,1
pbmc,GTCGTAAGTTAAAGTG-1,2
pbmc,GTCGTAAGTTGCAACT-1,1
pbmc,GTCGTAATCACCATGA-1,1
pbmc,GTCGTAATCCTAGAGT-1,1
pbmc,GTCGTAATCTCTGACC-1,1
pbmc,GTCGTTCAGACGAGCT-1,1
pbmc,GTCGTTCAGTGCGCTC-1,1
pbmc,GTCGTTCCAATCCTTT-1,1
pbmc,GTCGTTCCACGGCACT-1,1
pbmc,GTCGTTCCAGACCTAT-1,1
pbmc,GTCGTTCGTACCGCGT-1,1
pbmc,GTCGTTCGTCACGTGC-1,1
pbmc,GTCGTTCGTGAGTGAC-1,1
pbmc,GTCGTTCGTTCAAACC-1,1
pbmc,GTCGTTCGTTCCACAA-1,1
pbmc,GTCGTTCTCGTCAACA-1,1
pbmc,GTCGTTCTCGTTGCCT-1,1
pbmc,GTCGTTCTCTCCATAT-1,1
pbmc,GTCGTTCTCTCTCTTC-1,1
pbmc,GTCGTTCTCTGAGCAT-1,1
pbmc,GTCGTTCTCTGCGGAC-1,1
pbmc,GTCTACCAGACACACG-1,1
pbmc,GTCTACCAGACTAAGT-1,1
pbmc,GTCTACCAGCAAACAT-1,1
pbmc,GTCTACCAGCCTCAAT-1,2
pbmc,GTCTACCAGCTGTGCC-1,1
pbmc,GTCTACCAGGAAGTCC-1,1
pbmc,GTCTACCAGGGCGAAG-1,1
pbmc,GTCTACCAGGTAGTCG-1,1
pbmc,GTCTACCAGTACTCGT-1,1
pbmc,GTCTACCCAACCGATT-1,1
pbmc,GTCTACCCAAGAGTTA-1,2
pbmc,GTCTACCCAAGTGCAG-1,2
pbmc,GTCTACCCACACCGAC-1,1
pbmc,GTCTACCCACCACTGG-1,1
pbmc,GTCTACCCACTGCGAC-1,1
pbmc,GTCTACCCAGAGCGTA-1,1
pbmc,GTCTACCCAGGAAGTC-1,203
pbmc,GTCTACCCATCCGTTC-1,1
pbmc,GTCTACCCATCTCATT-1,1
pbmc,GTCTACCCATGGAAGC-1,1
pbmc,GTCTACCGTCTCCCTA-1,1
pbmc,GTCTACCGTCTTCCGT-1,1
pbmc,GTCTACCGTGGCTGAA-1,1
pbmc,GTCTACCGTTCGATTG-1,1
pbmc,GTCTACCGTTGGACCC-1,1
pbmc,GTCTACCGTTGTTTGG-1,1
pbmc,GTCTACCTCACCTCAC-1,2
pbmc,GTCTACCTCACTAGCA-1,1
pbmc,GTCTACCTCATCACTT-1,1
pbmc,GTCTACCTCCGAGGCT-1,1
pbmc,GTCTAGAAGAGGTTTA-1,1
pbmc,GTCTAGAAGCCGTCGT-1,1
pbmc,GTCTAGAAGTAACAGT-1,1
pbmc,GTCTAGAAGTATGACA-1,1
pbmc,GTCTAGAAGTTGTCAC-1,1
pbmc,GTCTAGACAAATCCCA-1,1
pbmc,GTCTAGACAATGCAGG-1,11
pbmc,GTCTAGACACATCATG-1,1
pbmc,GTCTAGACAGCCTTCT-1,1
pbmc,GTCTAGACAGGAATCG-1,3
pbmc,GTCTAGACATCCCACT-1,1
pbmc,GTCTAGAGTAGTACGG-1,2
pbmc,GTCTAGAGTATGTCAC-1,549
pbmc,GTCTAGAGTCCAGAAG-1,1
pbmc,GTCTAGAGTCGAGTGA-1,1
pbmc,GTCTAGAGTGAATGAT-1,1
pbmc,GTCTAGAGTGATACCT-1,1
pbmc,GTCTAGAGTTTCTATC-1,1
pbmc,GTCTAGATCAGACCGC-1,1
pbmc,GTCTAGATCCTTTAGT-1,1
pbmc,GTCTAGATCGAGAGAC-1,318
pbmc,GTCTAGATCGAGAGGC-1,1
pbmc,GTCTAGATCGTACCTC-1,1
pbmc,GTCTAGATCTTCCGTG-1,1
pbmc,GTCTCACAGAAATGGG-1,1
pbmc,GTCTCACAGAGTCTTC-1,2
pbmc,GTCTCACAGCAACCAG-1,1
pbmc,GTCTCACAGCTACTAC-1,1
pbmc,GTCTCACAGCTGTTAC-1,1
pbmc,GTCTCACAGGATGCGT-1,1
pbmc,GTCTCACAGTAAACTG-1,2
pbmc,GTCTCACCAGGTTCGC-1,1
pbmc,GTCTCACCAGTGGGTA-1,1
pbmc,GTCTCACCATACAGAA-1,1
pbmc,GTCTCACCATGACACT-1,1
pbmc,GTCTCACCATTGTGCA-1,1
pbmc,GTCTCACGTAGCGTCC-1,1
pbmc,GTCTCACGTCCGAAGA-1,1
pbmc,GTCTCACGTGAGCGAT-1,1
pbmc,GTCTCACTCATGAAAG-1,1
pbmc,GTCTCACTCCATTCGC-1,1
pbmc,GTCTCACTCCATTGGA-1,1
pbmc,GTCTCACTCGGTGCAC-1,1
pbmc,GTCTCACTCTCGCCTA-1,1
pbmc,GTCTCACTCTGCTCTG-1,1
pbmc,GTCTGTCAGATACGAT-1,290
pbmc,GTCTGTCAGCTGAAAT-1,1
pbmc,GTCTGTCAGGAATTAC-1,1
pbmc,GTCTGTCCAAGTGCTT-1,1
pbmc,GTCTGTCCACGTGAGA-1,1
pbmc,GTCTGTCCATCACAGT-1,1
pbmc,GTCTGTCCATCTGCGG-1,1
pbmc,GTCTGTCCATGGGATG-1,1
pbmc,GTCTGTCCATGTGTCA-1,1
pbmc,GTCTGTCGTAAGTAGT-1,1
pbmc,GTCTGTCGTAGACACG-1,1
pbmc,GTCTGTCGTAGCGATG-1,1
pbmc,GTCTGTCGTGGATACG-1,2
pbmc,GTCTGTCGTGTTGATC-1,1
pbmc,GTCTGTCGTTACAGCT-1,1
pbmc,GTCTGTCGTTCCGCGA-1,1
pbmc,GTCTGTCGTTTAGAGA-1,1
pbmc,GTCTGTCTCAGGCGAA-1,1
pbmc,GTCTGTCTCATGGATC-1,1
pbmc,GTCTGTCTCATTTGGG-1,1
pbmc,GTCTGTCTCGAAATCC-1,1
pbmc,GTCTGTCTCGAGCCTG-1,184
pbmc,GTCTGTCTCGATTTCC-1,1
pbmc,GTCTGTCTCTCATTTG-1,1
pbmc,GTCTGTCTCTTGCAAG-1,1
pbmc,GTCTTTAAGCCGTTAT-1,1
pbmc,GTCTTTAAGCTCATAC-1,1
pbmc,GTCTTTAAGGATACAT-1,2
pbmc,GTCTTTAAGGATGTTA-1,1
pbmc,GTCTTTAAGGCGCTTC-1,1
pbmc,GTCTTTACAAGTATCC-1,1
pbmc,GTCTTTACAATGTCAC-1,1
pbmc,GTCTTTACACTAGGCC-1,1
pbmc,GTCTTTACAGTACTAC-1,1
pbmc,GTCTTTACAGTTAGAA-1,1
pbmc,GTCTTTACATAGAAAC-1,1
pbmc,GTCTTTAGTAGCGCTC-1,1
pbmc,GTCTTTAGTCCAGCGT-1,1
pbmc,GTCTTTAGTCGGCCTA-1,1
pbmc,GTCTTTAGTCGTACTA-1,1
pbmc,GTCTTTAGTGTGAATA-1,1
pbmc,GTCTTTAGTTAGGGAC-1,1
pbmc,GTCTTTATCATCACCC-1,1
pbmc,GTCTTTATCCTACGAA-1,1
pbmc,GTGACGCAGATTGTGA-1,1
pbmc,GTGACGCAGCGTGCCT-1,1
pbmc,GTGACGCAGCTACTGT-1,1
pbmc,GTGACGCAGGCATGGT-1,1
pbmc,GTGACGCCAATTGCAC-1,1
pbmc,GTGACGCCACCCTAAA-1,1
pbmc,GTGACGCCAGAACGCA-1,1
pbmc,GTGACGCCAGAGTGAC-1,1
pbmc,GTGACGCCAGTTTGGT-1,1
pbmc,GTGACGCCATGACAGG-1,1
pbmc,GTGACGCGTAGGCTGA-1,1
pbmc,GTGACGCGTATACCCA-1,1
pbmc,GTGACGCGTGCTCGTG-1,1
pbmc,GTGACGCGTTAAAGTG-1,1
pbmc,GTGACGCGTTGCCAAT-1,1
pbmc,GTGACGCGTTTACTGG-1,1
pbmc,GTGACGCGTTTCTTAC-1,1
pbmc,GTGACGCTCACTCACC-1,1
pbmc,GTGACGCTCATGAAAG-1,1
pbmc,GTGACGCTCATTCACT-1,1
pbmc,GTGACGCTCCAACCGG-1,1
pbmc,GTGACGCTCCATAAGC-1,1
pbmc,GTGACGCTCCGTGGGT-1,1
pbmc,GTGACGCTCGACTCCT-1,1
pbmc,GTGACGCTCGAGCTGC-1,1
pbmc,GTGACGCTCGCACTCT-1,1
pbmc,GTGAGCCAGAAGATCT-1,2
pbmc,GTGAGCCAGCGCATCC-1,1
pbmc,GTGAGCCAGCGCCTTG-1,1
pbmc,GTGAGCCAGGCACGAT-1,1
pbmc,GTGAGCCAGGCCTTGC-1,1
pbmc,GTGAGCCAGGTCGTCC-1,1
pbmc,GTGAGCCCAAAGGAGA-1,1
pbmc,GTGAGCCCAATGACCT-1,1
pbmc,GTGAGCCCACCCAAGC-1,1
pbmc,GTGAGCCCAGCGTGAA-1,1
pbmc,GTGAGCCCAGTTCTAG-1,1
pbmc,GTGAGCCCATCGGCCA-1,1
pbmc,GTGAGCCCATCTATCT-1,1
pbmc,GTGAGCCCATCTTCGC-1,49
pbmc,GTGAGCCCATGTGGTT-1,1
pbmc,GTGAGCCGTAGGGAGG-1,1
pbmc,GTGAGCCGTAGTCACT-1,1
pbmc,GTGAGCCGTAGTCCTA-1,1
pbmc,GTGAGCCGTCCGAAGA-1,1
pbmc,GTGAGCCGTCGTATGT-1,1
pbmc,GTGAGCCGTCTCTCAC-1,1
pbmc,GTGAGCCGTCTGATAC-1,1
pbmc,GTGAGCCGTGATCGTT-1,95
pbmc,GTGAGCCGTGGTCTGC-1,1
pbmc,GTGAGCCGTGTTAGCT-1,1
pbmc,GTGAGCCGTTAACAGA-1,1
pbmc,GTGAGCCGTTTACACG-1,1
pbmc,GTGAGCCTCCGAGGCT-1,2
pbmc,GTGAGCCTCGAGCTGC-1,1
pbmc,GTGAGCCTCGTCGATA-1,1
pbmc,GTGAGCCTCTACGCGG-1,1
pbmc,GTGAGCCTCTGGAAGG-1,227
pbmc,GTGAGCCTCTGTGTGA-1,1
pbmc,GTGAGCCTCTTTGATC-1,1
pbmc,GTGAGGAAGAGAGCGG-1,1
pbmc,GTGAGGAAGCATTGAA-1,178
pbmc,GTGAGGACAACCGATT-1,1
pbmc,GTGAGGACAAGCAATA-1,1
pbmc,GTGAGGACACAACATC-1,250
pbmc,GTGAGGACACACGGAA-1,2
pbmc,GTGAGGACACAGAGCA-1,2
pbmc,GTGAGGACACTTTAGG-1,220
pbmc,GTGAGGACAGACGCTC-1,1
pbmc,GTGAGGACAGCTTTGA-1,1
pbmc,GTGAGGACATAACTCG-1,1
pbmc,GTGAGGACATGTTTGG-1,1
pbmc,GTGAGGACATTGGCAT-1,2
pbmc,GTGAGGAGTAACACCT-1,1
pbmc,GTGAGGAGTCTGTAGT-1,1
pbmc,GTGAGGAGTCTTGCTC-1,1
pbmc,GTGAGGATCAAGATAG-1,1
pbmc,GTGAGGATCCCTCGTA-1,2
pbmc,GTGAGGATCCCTGTTG-1,1
pbmc,GTGAGGATCTAGAGCT-1,2
pbmc,GTGAGTTAGAAGTCCG-1,1
pbmc,GTGAGTTAGCACACCC-1,1
pbmc,GTGAGTTAGGCAATGC-1,1
pbmc,GTGAGTTAGGTAAGGA-1,1
pbmc,GTGAGTTAGGTCCGAA-1,1
pbmc,GTGAGTTAGGTTACCT-1,1
pbmc,GTGAGTTAGTAGTCTC-1,1
pbmc,GTGAGTTCAAAGTGTA-1,1
pbmc,GTGAGTTGTAGCGTCC-1,1
pbmc,GTGAGTTTCCAATGCA-1,223
pbmc,GTGAGTTTCGAGAACG-1,1
pbmc,GTGATGTAGACATCAA-1,237
pbmc,GTGATGTAGACTCTTG-1,1
pbmc,GTGATGTAGCTCGAAG-1,1
pbmc,GTGATGTAGGATGGCT-1,1
pbmc,GTGATGTAGGCGTTGA-1,1
pbmc,GTGATGTAGTGAGGTC-1,1
pbmc,GTGATGTCAAAGCGTG-1,1
pbmc,GTGATGTCAACGGCCT-1,1
pbmc,GTGATGTCAACGGTAG-1,1
pbmc,GTGATGTCAATAACCC-1,1
pbmc,GTGATGTCAATTCGTG-1,1
pbmc,GTGATGTCACATATGC-1,1
pbmc,GTGATGTGTACATTGC-1,1
pbmc,GTGATGTGTACGAGCA-1,1
pbmc,GTGATGTGTATGTCAC-1,1
pbmc,GTGATGTGTCATATGC-1,2
pbmc,GTGATGTGTCTAACGT-1,1
pbmc,GTGATGTGTCTAGGTT-1,1
pbmc,GTGATGTGTCTATGAC-1,1
pbmc,GTGATGTGTTCTTGCC-1,1
pbmc,GTGATGTTCCCGAGTG-1,1
pbmc,GTGATGTTCGAAATCC-1,1
pbmc,GTGATGTTCTATACGG-1,1
pbmc,GTGCACGAGAGGTCGT-1,1
pbmc,GTGCACGAGCAGGTCA-1,1
pbmc,GTGCACGAGCTCGCAC-1,1
pbmc,GTGCACGAGTCACGAG-1,1
pbmc,GTGCACGAGTCATGAA-1,1
pbmc,GTGCACGAGTGTTGAA-1,1
pbmc,GTGCACGCAAACTCTG-1,1
pbmc,GTGCACGCAAGACCGA-1,1
pbmc,GTGCACGCACAGTCCG-1,1
pbmc,GTGCACGCACGTACTA-1,1
pbmc,GTGCACGCAGAATCGG-1,1
pbmc,GTGCACGCAGTACTAC-1,1
pbmc,GTGCACGCATCGCTCT-1,1
pbmc,GTGCACGCATTCGGGC-1,1
pbmc,GTGCACGGTAGTTCCA-1,1
pbmc,GTGCACGGTCTCTCCA-1,1
pbmc,GTGCACGGTGCACGCT-1,1
pbmc,GTGCACGGTGTCCATA-1,1
pbmc,GTGCACGGTTTCTATC-1,1
pbmc,GTGCACGGTTTGGAGG-1,2
pbmc,GTGCACGTCAGTGATC-1,1
pbmc,GTGCACGTCCAGTGTA-1,2
pbmc,GTGCACGTCCGAAGGA-1,1
pbmc,GTGCACGTCCTACAAG-1,3
pbmc,GTGCACGTCCTTAAGA-1,1
pbmc,GTGCACGTCTGAGGTT-1,1
pbmc,GTGCAGCAGACCTTTG-1,1
pbmc,GTGCAGCAGCACCTGC-1,1
pbmc,GTGCAGCAGGCTTAGG-1,1
pbmc,GTGCAGCAGTTACGGG-1,1
pbmc,GTGCAGCCAAACTCTG-1,1
pbmc,GTGCAGCCAAATGATG-1,1
pbmc,GTGCAGCCAAGTTTGC-1,1
pbmc,GTGCAGCCAATGTTGC-1,1
pbmc,GTGCAGCCACAAGCCC-1,1
pbmc,GTGCAGCCACTGGACC-1,1
pbmc,GTGCAGCCAGAGGCAT-1,1
pbmc,GTGCAGCCAGCGAACA-1,1
pbmc,GTGCAGCCAGCTCATA-1,1
pbmc,GTGCAGCCATCAGTAC-1,1
pbmc,GTGCAGCCATGACACT-1,1
pbmc,GTGCAGCGTGCATCTA-1,1
pbmc,GTGCAGCGTTCCGCGA-1,1
pbmc,GTGCAGCGTTCTGTTT-1,1
pbmc,GTGCAGCTCAACCGAT-1,1
pbmc,GTGCAGCTCAAGGAGC-1,1
pbmc,GTGCAGCTCCATCGTC-1,1
pbmc,GTGCAGCTCTAGACCA-1,1
pbmc,GTGCAGCTCTTTCCGG-1,1
pbmc,GTGCGTGAGACATCCT-1,1
pbmc,GTGCGTGAGAGCAACC-1,1
pbmc,GTGCGTGAGCAAGCCA-1,1
pbmc,GTGCGTGAGCCGATTT-1,1
pbmc,GTGCGTGAGCGAATGC-1,1
pbmc,GTGCGTGAGCGAGGAG-1,1
pbmc,GTGCGTGAGCTTCTAG-1,471
pbmc,GTGCGTGAGGGTGAAA-1,1
pbmc,GTGCGTGCAAGCCTGC-1,1
pbmc,GTGCGTGCATCATTGG-1,1
pbmc,GTGCGTGGTAGGACCA-1,1
pbmc,GTGCGTGGTCAGGTAG-1,2
pbmc,GTGCGTGGTCGAGCAA-1,1
pbmc,GTGCGTGGTCGGTGAA-1,1
pbmc,GTGCGTGGTGCACGCT-1,1
pbmc,GTGCGTGGTGTTCTAG-1,1
pbmc,GTGCGTGTCGACGCGT-1,1
pbmc,GTGCGTGTCGATCCAA-1,1
pbmc,GTGCGTGTCGGTAGAG-1,1
pbmc,GTGCTGGAGCGTTAGG-1,1
pbmc,GTGCTGGAGCTGAAGC-1,1
pbmc,GTGCTGGAGCTGTTAC-1,1
pbmc,GTGCTGGAGGGCAACT-1,1
pbmc,GTGCTGGAGTTCCTGA-1,1
pbmc,GTGCTGGCAAATGGCG-1,1
pbmc,GTGCTGGCAAGTCGTT-1,1
pbmc,GTGCTGGCACAGTCGC-1,1
pbmc,GTGCTGGCAGCTACCG-1,1
pbmc,GTGCTGGCAGGCATTT-1,2
pbmc,GTGCTGGCAGGCTACC-1,189
pbmc,GTGCTGGGTCTCCTGT-1,1
pbmc,GTGCTGGGTCTTTCAT-1,1
pbmc,GTGCTGGGTGAGACCA-1,1
pbmc,GTGCTGGGTGCATACT-1,1
pbmc,GTGCTGGTCAAACCTG-1,248
pbmc,GTGCTGGTCGAGTGGA-1,1
pbmc,GTGCTGGTCTGGGCAC-1,3
pbmc,GTGCTTCAGACCATAA-1,208
pbmc,GTGCTTCAGACCATGA-1,1
pbmc,GTGCTTCAGACTACGG-1,1
pbmc,GTGCTTCAGCCATAAG-1,3
pbmc,GTGCTTCAGCTGTCCG-1,1
pbmc,GTGCTTCAGGTACTGG-1,1
pbmc,GTGCTTCAGGTAGATT-1,1
pbmc,GTGCTTCAGTCACTGT-1,1
pbmc,GTGCTTCAGTTCCTGA-1,1
pbmc,GTGCTTCCAAATCGTC-1,1
pbmc,GTGCTTCCAACTTCTT-1,1
pbmc,GTGCTTCCAATGGGTG-1,1
pbmc,GTGCTTCCACAGGAGT-1,1
pbmc,GTGCTTCCACTCATAG-1,206
pbmc,GTGCTTCCACTTCAAG-1,1
pbmc,GTGCTTCCAGACTGCC-1,1
pbmc,GTGCTTCCAGATCACT-1,1
pbmc,GTGCTTCCAGCAGATG-1,1
pbmc,GTGCTTCCAGGTATGG-1,1
pbmc,GTGCTTCGTATAGTAG-1,1
pbmc,GTGCTTCGTCGCTTGG-1,161
pbmc,GTGCTTCGTGACGCCT-1,1
pbmc,GTGCTTCTCAGAGTTC-1,1
pbmc,GTGCTTCTCCCAAGTA-1,2
pbmc,GTGCTTCTCCTTTGAT-1,1
pbmc,GTGCTTCTCGAGCCAC-1,1
pbmc,GTGCTTCTCGATCCCT-1,1
pbmc,GTGCTTCTCGGCTGGT-1,1
pbmc,GTGCTTCTCTTACCAT-1,1
pbmc,GTGGAAGAGAAGAACG-1,2
pbmc,GTGGAAGAGCAGCACA-1,1
pbmc,GTGGAAGAGCCAAGTG-1,346
pbmc,GTGGAAGAGTAGGCCA-1,1
pbmc,GTGGAAGAGTCATACC-1,1
pbmc,GTGGAAGCAAAGCTAA-1,1
pbmc,GTGGAAGCAATCACGT-1,1
pbmc,GTGGAAGCACTGTTCC-1,1
pbmc,GTGGAAGCATTGACCA-1,1
pbmc,GTGGAAGGTAAGACCG-1,2
pbmc,GTGGAAGGTACCTTCC-1,1
pbmc,GTGGAAGGTAGTGATA-1,1
pbmc,GTGGAAGGTCACGCTG-1,1
pbmc,GTGGAAGGTCTGTGCG-1,2
pbmc,GTGGAAGGTGAGAGGG-1,1
pbmc,GTGGAAGGTGTGGTCC-1,1
pbmc,GTGGAAGTCAGAGTGG-1,1
pbmc,GTGGAAGTCTTAGCAG-1,1
pbmc,GTGGAGAAGAAACACT-1,1
pbmc,GTGGAGAAGAATAGTC-1,1
pbmc,GTGGAGAAGAGAGCGG-1,1
pbmc,GTGGAGAAGATCCGAG-1,17
pbmc,GTGGAGAAGATGCCGA-1,1
pbmc,GTGGAGAAGTACTGGG-1,1
pbmc,GTGGAGAAGTATGGCG-1,1
pbmc,GTGGAGAAGTGAATAC-1,2
pbmc,GTGGAGACAACCTAAC-1,1
pbmc,GTGGAGACACTATCGA-1,1
pbmc,GTGGAGACAGCTACCG-1,1
pbmc,GTGGAGACATCAGCGC-1,1
pbmc,GTGGAGAGTAGCGTTT-1,1
pbmc,GTGGAGAGTAGGACCA-1,1
pbmc,GTGGAGAGTATGGTTC-1,1
pbmc,GTGGAGAGTGGGAGAG-1,1
pbmc,GTGGAGAGTGTGGTCC-1,1
pbmc,GTGGAGAGTTTACTGG-1,1
pbmc,GTGGAGATCAGCTTGA-1,1
pbmc,GTGGAGATCATTACGG-1,1
pbmc,GTGGAGATCCACGGGT-1,1
pbmc,GTGGAGATCCGCTAGG-1,2
pbmc,GTGGAGATCGGACGTC-1,1
pbmc,GTGGAGATCTGAACGT-1,1
pbmc,GTGGCGTAGAATAACC-1,208
pbmc,GTGGCGTAGACCTCCG-1,1
pbmc,GTGGCGTAGAGAACCC-1,1
pbmc,GTGGCGTAGTAGAATC-1,1
pbmc,GTGGCGTCAATCGAAA-1,177
pbmc,GTGGCGTCACTTGAGT-1,1
pbmc,GTGGCGTCAGAAGCGT-1,1
pbmc,GTGGCGTCAGGAGACT-1,3
pbmc,GTGGCGTCAGTTAGAA-1,1
pbmc,GTGGCGTGTCCTTGTC-1,1
pbmc,GTGGCGTGTCTGTCCT-1,1
pbmc,GTGGCGTGTGGCCTCA-1,1
pbmc,GTGGCGTGTTAAGAAC-1,1
pbmc,GTGGCGTGTTTCGTGA-1,1
pbmc,GTGGCGTTCCGCCTAT-1,1
pbmc,GTGGCGTTCGACTCCT-1,1
pbmc,GTGGCGTTCGGTCACG-1,1
pbmc,GTGGCGTTCTTAGCCC-1,1
pbmc,GTGGGAAAGAATCGCG-1,1
pbmc,GTGGGAAAGACAGTCG-1,1
pbmc,GTGGGAAAGACTTCCA-1,1
pbmc,GTGGGAAAGGCTCTAT-1,1
pbmc,GTGGGAAAGGTCGTAG-1,166
pbmc,GTGGGAAAGTCATGGG-1,1
pbmc,GTGGGAAAGTTCTCTT-1,1
pbmc,GTGGGAAAGTTGGGAC-1,1
pbmc,GTGGGAAAGTTGTAAG-1,1
pbmc,GTGGGAACAACGGGTA-1,1
pbmc,GTGGGAACAAGTGATA-1,1
pbmc,GTGGGAACAATAGTCC-1,1
pbmc,GTGGGAACACAGAGAC-1,1
pbmc,GTGGGAACACGCCACA-1,1
pbmc,GTGGGAACAGAACTCT-1,1
pbmc,GTGGGAACAGCAGTAG-1,2
pbmc,GTGGGAACATAGAAAC-1,1
pbmc,GTGGGAACATCAGCGC-1,1
pbmc,GTGGGAACATGAGTAA-1,265
pbmc,GTGGGAACATGATAGA-1,1
pbmc,GTGGGAACATGGGTTT-1,1
pbmc,GTGGGAACATTAGGAA-1,2
pbmc,GTGGGAAGTCAGGTGA-1,1
pbmc,GTGGGAAGTTACACAC-1,1
pbmc,GTGGGAAGTTACGGAG-1,1
pbmc,GTGGGAAGTTATCTTC-1,2
pbmc,GTGGGAATCACCATGA-1,1
pbmc,GTGGGAATCCACTGAA-1,1
pbmc,GTGGGAATCCATCAGA-1,2
pbmc,GTGGGAATCCCTCGTA-1,1
pbmc,GTGGGAATCCTCGATC-1,1
pbmc,GTGGGAATCGATTGAC-1,1
pbmc,GTGGGAATCGCCAGAC-1,1
pbmc,GTGGGAATCGGTAGAG-1,1
pbmc,GTGGGAATCTAAGAAG-1,1
pbmc,GTGGTTAAGTAACCGG-1,135
pbmc,GTGGTTAAGTAATCCC-1,1
pbmc,GTGGTTAAGTAGCTCT-1,1
pbmc,GTGGTTAAGTCACAGG-1,1
pbmc,GTGGTTAAGTCTGGTT-1,1
pbmc,GTGGTTACAATACCCA-1,1
pbmc,GTGGTTACACATATGC-1,1
pbmc,GTGGTTACACTGTGTA-1,1
pbmc,GTGGTTACAGAAGTGC-1,1
pbmc,GTGGTTACAGAATCGG-1,1
pbmc,GTGGTTACATGTCTAG-1,2
pbmc,GTGGTTAGTACCCGCA-1,2
pbmc,GTGGTTAGTCGCACAC-1,1
pbmc,GTGGTTAGTCGCGTTG-1,1
pbmc,GTGGTTAGTCTCGGGT-1,2
pbmc,GTGGTTAGTGCGGCTT-1,1
pbmc,GTGGTTAGTTCCGCGA-1,1
pbmc,GTGGTTAGTTCTCAGA-1,3
pbmc,GTGGTTATCATCACCC-1,1
pbmc,GTGGTTATCATGAGTC-1,2
pbmc,GTGGTTATCGTCTCAC-1,1
pbmc,GTGGTTATCTGTCGCT-1,1
pbmc,GTGTAACAGACCAGAC-1,2
pbmc,GTGTAACAGCACCGAA-1,1
pbmc,GTGTAACAGCGTCAGA-1,1
pbmc,GTGTAACAGGCCAGAC-1,1
pbmc,GTGTAACAGGTAGTCG-1,1
pbmc,GTGTAACAGTACTGTC-1,1
pbmc,GTGTAACCAACTAGAA-1,1
pbmc,GTGTAACCAATAGTCC-1,1
pbmc,GTGTAACCACTGGACC-1,1
pbmc,GTGTAACCAGTTGTCA-1,1
pbmc,GTGTAACCATACACCA-1,2
pbmc,GTGTAACGTCCAAAGG-1,1
pbmc,GTGTAACGTTCCACAA-1,1
pbmc,GTGTAACTCATAGAGA-1,2
pbmc,GTGTAACTCGACGAGA-1,1
pbmc,GTGTAACTCTTGGTGA-1,152
pbmc,GTGTCCTAGAGATCGC-1,1
pbmc,GTGTCCTAGCACGGAT-1,1
pbmc,GTGTCCTAGCCTCCAG-1,1
pbmc,GTGTCCTAGCGTTAGG-1,1
pbmc,GTGTCCTAGGAACTAT-1,1
pbmc,GTGTCCTAGGGCAGTT-1,1
pbmc,GTGTCCTAGTCGGCCT-1,165
pbmc,GTGTCCTAGTTAGAAC-1,1
pbmc,GTGTCCTCAAACACGG-1,1
pbmc,GTGTCCTCAAGTATAG-1,1
pbmc,GTGTCCTCAAGTGGCA-1,1
pbmc,GTGTCCTCAATAAGGT-1,1
pbmc,GTGTCCTCACGTAGAG-1,1
pbmc,GTGTCCTCAGTTGTTG-1,348
pbmc,GTGTCCTCAGTTTCTT-1,1
pbmc,GTGTCCTGTAGATCGG-1,1
pbmc,GTGTCCTGTGAGCGAT-1,1
pbmc,GTGTCCTGTGATCATC-1,1
pbmc,GTGTCCTGTGGCCTCA-1,263
pbmc,GTGTCCTGTGTGCCTG-1,1
pbmc,GTGTCCTTCCGTCACT-1,1
pbmc,GTGTCCTTCGACGACC-1,1
pbmc,GTGTCCTTCGCTTTAT-1,1
pbmc,GTGTCCTTCGGTTTCT-1,1
pbmc,GTGTCCTTCTAATTCC-1,1
pbmc,GTGTCCTTCTGGTTGA-1,1
pbmc,GTGTGATAGACCTCAT-1,1
pbmc,GTGTGATAGATCCCGC-1,1
pbmc,GTGTGATCACCTTCCA-1,1
pbmc,GTGTGATCACTACGGC-1,255
pbmc,GTGTGATCAGGCACAA-1,1
pbmc,GTGTGATCATGCCATA-1,1
pbmc,GTGTGATGTAACGTTC-1,1
pbmc,GTGTGATGTACGTGAG-1,1
pbmc,GTGTGATGTCAGTCCG-1,1
pbmc,GTGTGATGTCCTGTTC-1,1
pbmc,GTGTGATGTCGAATGG-1,1
pbmc,GTGTGATGTGAACCGA-1,1
pbmc,GTGTGATGTGACAGGT-1,1
pbmc,GTGTGATGTGAGCAGT-1,1
pbmc,GTGTGATGTGGAGGTT-1,1
pbmc,GTGTGATGTTATCCAG-1,1
pbmc,GTGTGATTCAGCGTCG-1,1
pbmc,GTGTGATTCAGGCGAA-1,1
pbmc,GTGTGATTCTTACGTT-1,189
pbmc,GTGTGGCAGAAGGATG-1,2
pbmc,GTGTGGCAGACCTCCG-1,1
pbmc,GTGTGGCAGACGACTG-1,1
pbmc,GTGTGGCAGAGCTTTC-1,1
pbmc,GTGTGGCAGAGTAACT-1,1
pbmc,GTGTGGCAGCTCAGAG-1,1
pbmc,GTGTGGCAGGTACTGG-1,537
pbmc,GTGTGGCAGGTAGCAC-1,1
pbmc,GTGTGGCAGGTAGTCG-1,213
pbmc,GTGTGGCAGTCTGCGC-1,2
pbmc,GTGTGGCAGTGACACG-1,2
pbmc,GTGTGGCCACACCGAC-1,1
pbmc,GTGTGGCCACCCATAA-1,1
pbmc,GTGTGGCCACTTGTCC-1,1
pbmc,GTGTGGCCAGCCTACG-1,1
pbmc,GTGTGGCCAGGTTCAT-1,1
pbmc,GTGTGGCCATAGATCC-1,1
pbmc,GTGTGGCGTAAGTTGA-1,28
pbmc,GTGTGGCGTAGTCGGA-1,2
pbmc,GTGTGGCGTTCTTCAT-1,1
pbmc,GTGTGGCGTTGCCATA-1,1
pbmc,GTGTGGCTCACCACAA-1,243
pbmc,GTGTGGCTCAGTCACA-1,1
pbmc,GTGTGGCTCCAAGGGA-1,1
pbmc,GTGTGGCTCTATTTCG-1,1
pbmc,GTGTTAGAGACGGTCA-1,26
pbmc,GTGTTAGAGAGTGACC-1,1
pbmc,GTGTTAGAGCAGTGTA-1,1
pbmc,GTGTTAGAGCATTGAA-1,1
pbmc,GTGTTAGAGGCATGGT-1,1
pbmc,GTGTTAGAGGCGCTCT-1,1
pbmc,GTGTTAGAGGTGACTA-1,1
pbmc,GTGTTAGAGTATGAAC-1,1
pbmc,GTGTTAGAGTGGCAGT-1,1
pbmc,GTGTTAGCAAATCAAG-1,1
pbmc,GTGTTAGCAATAGGAT-1,1
pbmc,GTGTTAGCACCAGCCA-1,2
pbmc,GTGTTAGCAGCTCCGA-1,1
pbmc,GTGTTAGCAGGAATCG-1,1
pbmc,GTGTTAGCATTGGATC-1,1
pbmc,GTGTTAGGTAGACACG-1,1
pbmc,GTGTTAGGTAGCCAGA-1,1
pbmc,GTGTTAGGTAGGCTGA-1,1
pbmc,GTGTTAGGTATTCGTG-1,1
pbmc,GTGTTAGGTCACATTG-1,2
pbmc,GTGTTAGGTCCAGTTA-1,1
pbmc,GTGTTAGGTGTTTGGT-1,1
pbmc,GTGTTAGTCGAAATCC-1,1
pbmc,GTGTTAGTCTAGCCAA-1,1
pbmc,GTGTTCCAGAACTTCC-1,1
pbmc,GTGTTCCAGACAGCGT-1,1
pbmc,GTGTTCCAGACGTCGA-1,2
pbmc,GTGTTCCAGCCATTCA-1,1
pbmc,GTGTTCCAGCCTCTCT-1,1
pbmc,GTGTTCCAGCGAGGAG-1,1
pbmc,GTGTTCCAGCGATGAC-1,1
pbmc,GTGTTCCAGGCCGCTT-1,1
pbmc,GTGTTCCAGGGTACGT-1,1
pbmc,GTGTTCCAGGGTCAAC-1,1
pbmc,GTGTTCCAGGTGCATA-1,1
pbmc,GTGTTCCAGGTGCCTC-1,119
pbmc,GTGTTCCAGGTGGGTC-1,1
pbmc,GTGTTCCAGTCATTGC-1,3
pbmc,GTGTTCCAGTGCTACT-1,1
pbmc,GTGTTCCAGTTGTCGT-1,1
pbmc,GTGTTCCCAAAGACTA-1,1
pbmc,GTGTTCCCAACAAGAT-1,1
pbmc,GTGTTCCCACCGTCGA-1,1
pbmc,GTGTTCCCATCGCTCT-1,1
pbmc,GTGTTCCCATGGGAAC-1,1
pbmc,GTGTTCCGTAGTTCCA-1,91
pbmc,GTGTTCCGTATCCTTT-1,1
pbmc,GTGTTCCGTCCAATCA-1,1
pbmc,GTGTTCCGTCTACAGT-1,1
pbmc,GTGTTCCTCAAGTAAG-1,1
pbmc,GTGTTCCTCACCGGTG-1,1
pbmc,GTGTTCCTCATGGAGG-1,1
pbmc,GTGTTCCTCCTCTAGC-1,4
pbmc,GTGTTCCTCGCTTTAT-1,1
pbmc,GTGTTCCTCGGCTGGT-1,1
pbmc,GTTACAGAGACTTCCA-1,1
pbmc,GTTACAGAGAGATGCC-1,1
pbmc,GTTACAGAGCTGTCCG-1,1
pbmc,GTTACAGAGGAGTCTA-1,1
pbmc,GTTACAGAGGGCTAAC-1,10
pbmc,GTTACAGAGGTATTGA-1,1
pbmc,GTTACAGAGGTGTCAA-1,1
pbmc,GTTACAGAGTGTAGTA-1,230
pbmc,GTTACAGAGTTGAAGT-1,1
pbmc,GTTACAGCAAATCAGA-1,191
pbmc,GTTACAGCAAGGTTGG-1,1
pbmc,GTTACAGCACCACTGG-1,1
pbmc,GTTACAGCACCGTCTT-1,2
pbmc,GTTACAGCACTAGGCC-1,1
pbmc,GTTACAGCAGCGTTGC-1,1
pbmc,GTTACAGGTATACGGG-1,1
pbmc,GTTACAGGTCTCTCTG-1,1
pbmc,GTTACAGGTCTGTCAA-1,1
pbmc,GTTACAGGTGTCCGTG-1,1
pbmc,GTTACAGGTTGTCATG-1,1
pbmc,GTTACAGGTTTGGGAG-1,1
pbmc,GTTACAGTCAATCAGC-1,6
pbmc,GTTACAGTCACGGATC-1,1
pbmc,GTTACAGTCCTCTTTC-1,1
pbmc,GTTACAGTCGACCCAG-1,1
pbmc,GTTACAGTCGGCGATC-1,1
pbmc,GTTACAGTCGTAGGAG-1,1
pbmc,GTTACAGTCGTCAGAT-1,1
pbmc,GTTACAGTCGTGCGAC-1,1
pbmc,GTTACAGTCGTTGCCT-1,2
pbmc,GTTACAGTCTAGAACC-1,1
pbmc,GTTACAGTCTCCGAAA-1,1
pbmc,GTTACAGTCTGGGCAC-1,1
pbmc,GTTACAGTCTGTCCGT-1,1
pbmc,GTTACCCAGCCGCTTG-1,1
pbmc,GTTACCCAGCCTGTCG-1,1
pbmc,GTTACCCAGGAAAGTG-1,1
pbmc,GTTACCCCAAATCAAG-1,1
pbmc,GTTACCCCAACCACAT-1,1
pbmc,GTTACCCCAAGTAGTA-1,1
pbmc,GTTACCCCACAGTGTT-1,2
pbmc,GTTACCCCACCGAATT-1,1
pbmc,GTTACCCCACCTGCGA-1,1
pbmc,GTTACCCCAGCTGTGC-1,1
pbmc,GTTACCCCATAAGCGG-1,1
pbmc,GTTACCCGTACCAATC-1,1
pbmc,GTTACCCGTAGCTTTG-1,1
pbmc,GTTACCCGTATGAAAC-1,1
pbmc,GTTACCCGTGAGGAAA-1,1
pbmc,GTTACCCGTGCCTAAT-1,1
pbmc,GTTACCCGTTCGATTG-1,1
pbmc,GTTACCCGTTCTAACG-1,1
pbmc,GTTACCCGTTCTCCCA-1,1
pbmc,GTTACCCTCCTACACC-1,1
pbmc,GTTACCCTCTTACCGC-1,1
pbmc,GTTACGAAGATGACAT-1,1
pbmc,GTTACGAAGCATCGAG-1,2
pbmc,GTTACGAAGCATTGAA-1,1
pbmc,GTTACGAAGCTTCTAG-1,1
pbmc,GTTACGAAGGTCTTTG-1,1
pbmc,GTTACGAAGTAACGAT-1,1
pbmc,GTTACGAAGTCAAGCG-1,1
pbmc,GTTACGAAGTGACACG-1,2
pbmc,GTTACGACACATATGC-1,2
pbmc,GTTACGACAGGTGTGA-1,1
pbmc,GTTACGACATCGTCCT-1,1
pbmc,GTTACGAGTACAGGTG-1,1
pbmc,GTTACGAGTATCGGTT-1,1
pbmc,GTTACGAGTATGAGAT-1,348
pbmc,GTTACGAGTCCCGTGA-1,2
pbmc,GTTACGAGTCGTAATC-1,1
pbmc,GTTACGAGTTTGAAAG-1,1
pbmc,GTTACGATCCCTCTCC-1,1
pbmc,GTTACGATCCGATCTC-1,1
pbmc,GTTAGACAGACGCATG-1,1
pbmc,GTTAGACAGCCAACCC-1,1
pbmc,GTTAGACAGCCTGTCG-1,1
pbmc,GTTAGACAGGATCACG-1,1
pbmc,GTTAGACAGTGGAAGA-1,1
pbmc,GTTAGACCAAATGGCG-1,2
pbmc,GTTAGACCAATGCTCA-1,1
pbmc,GTTAGACCACACGGAA-1,1
pbmc,GTTAGACCACAGTGAG-1,1
pbmc,GTTAGACCAGAAATCA-1,1
pbmc,GTTAGACCAGTTCTAG-1,1
pbmc,GTTAGACCATCGATCA-1,1
pbmc,GTTAGACGTCAAGCGA-1,1
pbmc,GTTAGACGTCTTGAGT-1,1
pbmc,GTTAGACTCAGCCTCT-1,1
pbmc,GTTAGACTCGCTGACG-1,1
pbmc,GTTAGACTCGTTGCCT-1,1
pbmc,GTTAGTGAGAACGTGC-1,228
pbmc,GTTAGTGAGAGCCATG-1,2
pbmc,GTTAGTGAGAGGATCC-1,1
pbmc,GTTAGTGAGCCGGAAT-1,1
pbmc,GTTAGTGAGCCGTTAT-1,1
pbmc,GTTAGTGAGCGAGTCA-1,1
pbmc,GTTAGTGAGCTATCCA-1,1
pbmc,GTTAGTGAGCTCGGCT-1,1
pbmc,GTTAGTGAGCTGACAG-1,1
pbmc,GTTAGTGAGTATTGCC-1,1
pbmc,GTTAGTGAGTTTAGGA-1,2
pbmc,GTTAGTGCAAGACAAT-1,1
pbmc,GTTAGTGCAATAGTGA-1,1
pbmc,GTTAGTGCACAGTACT-1,1
pbmc,GTTAGTGCACCTCTAC-1,521
pbmc,GTTAGTGCACGCGCAT-1,1
pbmc,GTTAGTGCAGAGTTGG-1,1
pbmc,GTTAGTGCAGGAATAT-1,1
pbmc,GTTAGTGCAGGTCAGA-1,1
pbmc,GTTAGTGCATGAGAAT-1,1
pbmc,GTTAGTGGTACAGCGA-1,1
pbmc,GTTAGTGGTACGATGG-1,1
pbmc,GTTAGTGGTCACTACA-1,1
pbmc,GTTAGTGGTCATAGTC-1,1
pbmc,GTTAGTGGTCGAATTC-1,1
pbmc,GTTAGTGGTCGTGGAA-1,1
pbmc,GTTAGTGGTGGCAACA-1,1
pbmc,GTTAGTGTCAGTCCGG-1,1
pbmc,GTTAGTGTCCTATGGA-1,1
pbmc,GTTAGTGTCGCCATAA-1,1
pbmc,GTTAGTGTCTGCTGAA-1,1
pbmc,GTTAGTGTCTGGACTA-1,1
pbmc,GTTATGGAGACCAGAC-1,1
pbmc,GTTATGGAGCTCTATG-1,1
pbmc,GTTATGGAGTTCCATG-1,3
pbmc,GTTATGGCAAATGAAC-1,1
pbmc,GTTATGGCAAGCCCAC-1,1
pbmc,GTTATGGCAATGTGGG-1,1
pbmc,GTTATGGCACAGCATT-1,1
pbmc,GTTATGGCACCTGATA-1,1
pbmc,GTTATGGCACGCCACA-1,2
pbmc,GTTATGGCAGAAATCA-1,1
pbmc,GTTATGGCAGCTGAAG-1,1
pbmc,GTTATGGCAGTCAACT-1,1
pbmc,GTTATGGGTAGACGGT-1,1
pbmc,GTTATGGGTATAAGGT-1,1
pbmc,GTTATGGGTCACCACG-1,1
pbmc,GTTATGGTCGAATCCA-1,1
pbmc,GTTATGGTCGTTCCTG-1,77
pbmc,GTTATGGTCTAGCCTC-1,1
pbmc,GTTCATTAGAATAACC-1,1
pbmc,GTTCATTAGACTGTTC-1,2
pbmc,GTTCATTAGAGAGTTT-1,1
pbmc,GTTCATTAGATAGGGA-1,2
pbmc,GTTCATTAGCAATTCC-1,1
pbmc,GTTCATTAGGGTCTTT-1,1
pbmc,GTTCATTAGGTAAACT-1,2
pbmc,GTTCATTAGGTACACA-1,1
pbmc,GTTCATTAGGTATAGT-1,2
pbmc,GTTCATTCAGCTCATA-1,1
pbmc,GTTCATTCAGGGATTG-1,1
pbmc,GTTCATTCATAACAGA-1,1
pbmc,GTTCATTCATCCGCGA-1,1
pbmc,GTTCATTCATCTCGTC-1,3
pbmc,GTTCATTGTATCGCAT-1,1
pbmc,GTTCATTGTCAGTCGC-1,1
pbmc,GTTCATTGTCATATGC-1,1
pbmc,GTTCATTGTCCAGTTA-1,1
pbmc,GTTCATTGTCCCACGA-1,1
pbmc,GTTCATTGTCGGCTAC-1,1
pbmc,GTTCATTGTGCGCTTG-1,1
pbmc,GTTCATTGTGGAACAC-1,1
pbmc,GTTCATTGTTTAGTCG-1,1
pbmc,GTTCATTTCAAATTCG-1,1
pbmc,GTTCATTTCAAGGCTT-1,1
pbmc,GTTCATTTCATGGGAG-1,1
pbmc,GTTCATTTCCGATGCG-1,20
pbmc,GTTCATTTCGCTACGG-1,1
pbmc,GTTCATTTCGCTGCGA-1,1
pbmc,GTTCATTTCGTACCTC-1,1
pbmc,GTTCATTTCTAACGCA-1,1
pbmc,GTTCCGTAGACGGAAA-1,1
pbmc,GTTCCGTAGAGAGAAC-1,1
pbmc,GTTCCGTAGATACCAA-1,1
pbmc,GTTCCGTAGTCGACCT-1,1
pbmc,GTTCCGTAGTTGCCCG-1,237
pbmc,GTTCCGTCAAGATTGA-1,1
pbmc,GTTCCGTCACCCGTAG-1,190
pbmc,GTTCCGTCACCGTGAC-1,1
pbmc,GTTCCGTCACCTGCGA-1,1
pbmc,GTTCCGTCATAACGGG-1,1
pbmc,GTTCCGTCATCTTAGG-1,1
pbmc,GTTCCGTGTACGCGTC-1,1
pbmc,GTTCCGTGTCGGTACC-1,1
pbmc,GTTCCGTGTCTGCATA-1,1
pbmc,GTTCCGTGTGAATGAT-1,1
pbmc,GTTCCGTGTGGATCAG-1,1
pbmc,GTTCCGTGTGTACAGG-1,1
pbmc,GTTCCGTGTGTGTCGC-1,4
pbmc,GTTCCGTGTTTCAGAC-1,2
pbmc,GTTCCGTTCAACACCA-1,1
pbmc,GTTCCGTTCACGATCA-1,1
pbmc,GTTCCGTTCATGGTAC-1,1
pbmc,GTTCCGTTCCACATAG-1,1
pbmc,GTTCCGTTCGGCAGTC-1,1
pbmc,GTTCCGTTCGTCTACC-1,1
pbmc,GTTCCGTTCTGCTTAT-1,1
pbmc,GTTCCGTTCTGGGCGT-1,1
pbmc,GTTCCGTTCTGTTCAT-1,1
pbmc,GTTCCGTTCTTCGACC-1,1
pbmc,GTTCGCTAGAATTGCA-1,1
pbmc,GTTCGCTAGACTGGGT-1,1
pbmc,GTTCGCTAGAGGTCAC-1,1
pbmc,GTTCGCTAGCAATAAC-1,1
pbmc,GTTCGCTAGCCGCTTG-1,1
pbmc,GTTCGCTAGCTGTCCG-1,1
pbmc,GTTCGCTAGGTGAGCT-1,1
pbmc,GTTCGCTAGTAAGACT-1,1
pbmc,GTTCGCTCACAGCGCT-1,1
pbmc,GTTCGCTCACCAGCCA-1,1
pbmc,GTTCGCTCAGTATGAA-1,1
pbmc,GTTCGCTCAGTGGTGA-1,1
pbmc,GTTCGCTCAGTTGAAA-1,2
pbmc,GTTCGCTCATAGGCGA-1,1
pbmc,GTTCGCTCATCCTAAG-1,1
pbmc,GTTCGCTGTATCGCTA-1,2
pbmc,GTTCGCTGTCCGCAGT-1,1
pbmc,GTTCGCTGTGGCTTAT-1,1
pbmc,GTTCGCTGTTATGACC-1,1
pbmc,GTTCGCTTCATCGACA-1,1
pbmc,GTTCGCTTCGACATTG-1,2
pbmc,GTTCGCTTCTGTTCAT-1,2
pbmc,GTTCGCTTCTTCTGGC-1,1
pbmc,GTTCTATAGAGAACCC-1,1
pbmc,GTTCTATAGATACCAA-1,1
pbmc,GTTCTATAGCCGGATA-1,2
pbmc,GTTCTATAGCCTCACG-1,1
pbmc,GTTCTATAGCCTGGTT-1,1
pbmc,GTTCTATAGCGCTGCT-1,1
pbmc,GTTCTATAGGAGCAAA-1,2
pbmc,GTTCTATAGTCATAGA-1,1
pbmc,GTTCTATAGTCCGCCA-1,1
pbmc,GTTCTATAGTGGCCTC-1,1
pbmc,GTTCTATAGTTACGGG-1,1
pbmc,GTTCTATCAAATGAGT-1,201
pbmc,GTTCTATCAACTGGTT-1,1
pbmc,GTTCTATCACCACTGG-1,1
pbmc,GTTCTATCACGTGTGC-1,147
pbmc,GTTCTATCATAAGCAA-1,1
pbmc,GTTCTATCATGATAGA-1,1
pbmc,GTTCTATGTCCTGGGT-1,1
pbmc,GTTCTATGTGACTGTT-1,1
pbmc,GTTCTATGTTTCCATT-1,1
pbmc,GTTCTATGTTTCGATG-1,1
pbmc,GTTCTATTCAAAGACA-1,1
pbmc,GTTCTATTCAATCAGC-1,1
pbmc,GTTCTATTCCACCCTA-1,1
pbmc,GTTCTATTCCTACCAC-1,1
pbmc,GTTCTATTCTACACTT-1,221
pbmc,GTTCTATTCTGTCGCT-1,1
pbmc,GTTGAACAGGAACATT-1,215
pbmc,GTTGAACAGGACCAAT-1,1
pbmc,GTTGAACAGGCCACTC-1,1
pbmc,GTTGAACAGGCCCACT-1,1
pbmc,GTTGAACAGTCTCCTC-1,1
pbmc,GTTGAACAGTTGCATC-1,1
pbmc,GTTGAACAGTTGCCTA-1,1
pbmc,GTTGAACCACGACAAG-1,1
pbmc,GTTGAACCAGAAGCGT-1,1
pbmc,GTTGAACCAGGCTTGC-1,2
pbmc,GTTGAACCATATGCGT-1,1
pbmc,GTTGAACGTACAGAAT-1,1
pbmc,GTTGAACGTACCCGCA-1,469
pbmc,GTTGAACGTATCGCGC-1,1
pbmc,GTTGAACGTCACCGCA-1,1
pbmc,GTTGAACGTCCTTAAG-1,1
pbmc,GTTGAACGTCCTTGTC-1,1
pbmc,GTTGAACGTGTCTCCT-1,1
pbmc,GTTGAACGTTATGTCG-1,1
pbmc,GTTGAACTCAAGTCGT-1,1
pbmc,GTTGAACTCCATCTAT-1,1
pbmc,GTTGAACTCGGTGCAC-1,1
pbmc,GTTGAACTCTTAGCAG-1,1
pbmc,GTTGCGGAGCTGCCTG-1,237
pbmc,GTTGCGGAGCTGGAGT-1,1
pbmc,GTTGCGGAGGTTGTAG-1,1
pbmc,GTTGCGGCAATCGAAA-1,2
pbmc,GTTGCGGCACGAAAGC-1,1
pbmc,GTTGCGGGTAGAATAC-1,1
pbmc,GTTGCGGGTCAGTTTG-1,1
pbmc,GTTGCGGGTCCAAGAG-1,1
pbmc,GTTGCGGGTCTCTCCA-1,1
pbmc,GTTGCGGGTGGCGCTT-1,1
pbmc,GTTGCGGGTTCGCGTG-1,1
pbmc,GTTGCGGGTTCTCGCT-1,1
pbmc,GTTGCGGGTTTACCTT-1,1
pbmc,GTTGCGGGTTTGGGTT-1,1
pbmc,GTTGCGGTCACCCTTG-1,1
pbmc,GTTGCGGTCATTTGTC-1,1
pbmc,GTTGCGGTCCCTCTAG-1,1
pbmc,GTTGCGGTCCTCTGCA-1,1
pbmc,GTTGCGGTCGCAGTGC-1,1
pbmc,GTTGCGGTCGCTTGAA-1,1
pbmc,GTTGCGGTCTCAGGCG-1,1
pbmc,GTTGCGGTCTGTCGTC-1,1
pbmc,GTTGCTCAGAAACTGT-1,1
pbmc,GTTGCTCAGAGTAACT-1,1
pbmc,GTTGCTCAGTAGTGCG-1,1
pbmc,GTTGCTCAGTCAGCCC-1,1
pbmc,GTTGCTCAGTTTCGAC-1,176
pbmc,GTTGCTCAGTTTGAGA-1,1
pbmc,GTTGCTCCAAAGGAGA-1,1
pbmc,GTTGCTCCATCCTGTC-1,1
pbmc,GTTGCTCCATCGCTAA-1,1
pbmc,GTTGCTCCATTCAGGT-1,1
pbmc,GTTGCTCGTATGAAAC-1,1
pbmc,GTTGCTCGTGAATAAC-1,2
pbmc,GTTGCTCGTGTCCGGT-1,1
pbmc,GTTGCTCGTTGCCATA-1,2
pbmc,GTTGCTCGTTGTGTAC-1,1
pbmc,GTTGCTCTCAGGCGAA-1,1
pbmc,GTTGCTCTCATGACAC-1,1
pbmc,GTTGCTCTCATTTCCA-1,268
pbmc,GTTGCTCTCCATTGGA-1,1
pbmc,GTTGCTCTCCGCTGTT-1,1
pbmc,GTTGCTCTCCTGGGAC-1,1
pbmc,GTTGCTCTCTAAGCCA-1,2
pbmc,GTTGCTCTCTGAGGCC-1,1
pbmc,GTTGTAGAGAATAGTC-1,1
pbmc,GTTGTAGAGCCAGTAG-1,1
pbmc,GTTGTAGAGCCATTGT-1,1
pbmc,GTTGTAGAGGGTATAT-1,1
pbmc,GTTGTAGAGGGTGAAA-1,1
pbmc,GTTGTAGAGTAGGAAG-1,1
pbmc,GTTGTAGAGTTCCAGT-1,1
pbmc,GTTGTAGCAAAGGTTA-1,1
pbmc,GTTGTAGCAAGAATAC-1,1
pbmc,GTTGTAGCAAGGAGTC-1,1
pbmc,GTTGTAGCACAATCTG-1,1
pbmc,GTTGTAGCACCTCGTT-1,1
pbmc,GTTGTAGCAGTTCTAG-1,251
pbmc,GTTGTAGCATACCGTA-1,1
pbmc,GTTGTAGGTAGCACGA-1,1
pbmc,GTTGTAGGTCAACACT-1,1
pbmc,GTTGTAGGTGCACATT-1,1
pbmc,GTTGTAGGTTGCTTGA-1,1
pbmc,GTTGTAGTCCCACAGG-1,1
pbmc,GTTGTAGTCCCTCGAT-1,1
pbmc,GTTGTAGTCCTCACTG-1,1
pbmc,GTTGTAGTCTCTGACC-1,1
pbmc,GTTGTCCAGAGAGCAA-1,1
pbmc,GTTGTCCAGCTAGAGC-1,1
pbmc,GTTGTCCAGGTCATAA-1,1
pbmc,GTTGTCCAGTCGTCTA-1,1
pbmc,GTTGTCCAGTGCTCGC-1,1
pbmc,GTTGTCCAGTGTTCCA-1,1
pbmc,GTTGTCCCACGATTCA-1,1
pbmc,GTTGTCCCACTATCGA-1,1
pbmc,GTTGTCCCATAATCCG-1,1
pbmc,GTTGTCCGTAGGGAGG-1,1
pbmc,GTTGTCCGTCAGCGTC-1,1
pbmc,GTTGTCCGTTATAGCC-1,1
pbmc,GTTGTCCTCCCGGTAG-1,1
pbmc,GTTGTCCTCGCCTATC-1,1
pbmc,GTTGTCCTCGCGCCAA-1,1
pbmc,GTTGTCCTCTCGCTTG-1,1
pbmc,GTTGTCCTCTGGCTGG-1,1
pbmc,GTTGTCCTCTTGGAAT-1,1
pbmc,GTTGTCCTCTTGGTCC-1,1
pbmc,GTTGTGAAGACCTTTG-1,14
pbmc,GTTGTGAAGATCCCGC-1,1
pbmc,GTTGTGAAGCGGCTCT-1,1
pbmc,GTTGTGAAGGGACAGG-1,1
pbmc,GTTGTGAAGGGCTGAT-1,1
pbmc,GTTGTGAAGTAAACGT-1,1
pbmc,GTTGTGAAGTACAACA-1,1
pbmc,GTTGTGAAGTATGCAA-1,1
pbmc,GTTGTGAAGTCTTCCC-1,1
pbmc,GTTGTGACAAATGGTA-1,1
pbmc,GTTGTGACAAGCCCAC-1,1
pbmc,GTTGTGACAAGGTCTT-1,1
pbmc,GTTGTGACACAGTGAG-1,1
pbmc,GTTGTGACAGTAGTGG-1,2
pbmc,GTTGTGAGTAACCAGG-1,1
pbmc,GTTGTGAGTACTAACC-1,1
pbmc,GTTGTGAGTCCATCTC-1,1
pbmc,GTTGTGAGTCTGCATA-1,1
pbmc,GTTGTGAGTGGCGCTT-1,2
pbmc,GTTGTGAGTGGTAACG-1,1
pbmc,GTTGTGAGTGTCATTG-1,1
pbmc,GTTGTGAGTTAAACAG-1,1
pbmc,GTTGTGAGTTGGATCT-1,1
pbmc,GTTGTGAGTTTCGTAG-1,1
pbmc,GTTGTGATCAATCGGT-1,1
pbmc,GTTGTGATCACGGACC-1,1
pbmc,GTTGTGATCCAAAGGG-1,2
pbmc,GTTGTGATCCCTCGTA-1,1
pbmc,GTTGTGATCCGTCACT-1,1
pbmc,GTTGTGATCGCATTAG-1,1
pbmc,GTTGTGATCTCGGTCT-1,221
pbmc,GTTTACTAGACCTTTG-1,1
pbmc,GTTTACTCACATAGCT-1,1
pbmc,GTTTACTCACCTGATA-1,1
pbmc,GTTTACTCAGATCCTA-1,1
pbmc,GTTTACTCATAAGATG-1,1
pbmc,GTTTACTCATGTCTAG-1,1
pbmc,GTTTACTGTAACAGGC-1,1
pbmc,GTTTACTGTATCAGCT-1,1
pbmc,GTTTACTGTCGAGTGA-1,1
pbmc,GTTTACTGTCGTTATG-1,1
pbmc,GTTTACTGTCTGATCA-1,1
pbmc,GTTTACTGTCTTTCTA-1,1
pbmc,GTTTACTGTTAAGAAC-1,1
pbmc,GTTTACTTCAAGAGTA-1,1
pbmc,GTTTACTTCCGAGATT-1,1
pbmc,GTTTACTTCTAGGCAT-1,1
pbmc,GTTTACTTCTCCCAAC-1,1
pbmc,GTTTACTTCTGGCTGG-1,1
pbmc,GTTTGGAAGACTGGGT-1,1
pbmc,GTTTGGAAGAGCTGAC-1,1
pbmc,GTTTGGAAGTGCACAG-1,1
pbmc,GTTTGGACAAGCCATT-1,1
pbmc,GTTTGGACACAAAGTA-1,1
pbmc,GTTTGGACAGATTAAG-1,1
pbmc,GTTTGGACAGCCTTCT-1,8
pbmc,GTTTGGACAGTTTGGT-1,1
pbmc,GTTTGGAGTACGGTTT-1,1
pbmc,GTTTGGAGTGTATACC-1,166
pbmc,GTTTGGAGTTAAAGTG-1,1
pbmc,GTTTGGAGTTTACTGG-1,1
pbmc,GTTTGGATCCGCTTAC-1,1
pbmc,GTTTGGATCGTGAGAG-1,1
pbmc,GTTTGGATCTGCCTCA-1,1
pbmc,TAACACGAGGTTCCAT-1,1
pbmc,TAACACGAGTGCTCAT-1,1
pbmc,TAACACGAGTGTAGTA-1,1
pbmc,TAACACGAGTTGCTGT-1,1
pbmc,TAACACGCACGAGGTA-1,2
pbmc,TAACACGCATGTAACC-1,1
pbmc,TAACACGGTAACATCC-1,1
pbmc,TAACACGGTATCGCTA-1,2
pbmc,TAACACGGTCGCATTA-1,1
pbmc,TAACACGGTCGCTGCA-1,1
pbmc,TAACACGGTGGACTGA-1,2
pbmc,TAACACGGTGTACGCC-1,1
pbmc,TAACACGGTTAAGTCC-1,1
pbmc,TAACACGGTTAATCGC-1,1
pbmc,TAACACGGTTTGGAGG-1,1
pbmc,TAACACGTCATTGTGG-1,1
pbmc,TAACACGTCCATACAG-1,1
pbmc,TAACACGTCCATTGCC-1,1
pbmc,TAACACGTCGCTAGCG-1,1
pbmc,TAACACGTCGTAATGC-1,1
pbmc,TAACACGTCTACTCAT-1,1
pbmc,TAACACGTCTCGTGAA-1,1
pbmc,TAACCAGAGCAAGGAA-1,1
pbmc,TAACCAGAGCTGAGTG-1,1
pbmc,TAACCAGAGGGCAATC-1,1
pbmc,TAACCAGAGTAATACG-1,2
pbmc,TAACCAGAGTCCTGTA-1,1
pbmc,TAACCAGCAACGTAAA-1,1
pbmc,TAACCAGCAATGAACA-1,1
pbmc,TAACCAGGTATGGAGC-1,1
pbmc,TAACCAGGTCCTCAGG-1,1
pbmc,TAACCAGGTGTATTGC-1,1
pbmc,TAACCAGGTTGAAGTA-1,1
pbmc,TAACCAGGTTTACGTG-1,2
pbmc,TAACCAGTCAGGAAGC-1,1
pbmc,TAACCAGTCCAACTGA-1,1
pbmc,TAACCAGTCCGTTGAA-1,1
pbmc,TAACCAGTCGGATAAA-1,1
pbmc,TAACCAGTCGTGGCTG-1,1
pbmc,TAACCAGTCTCCCTAG-1,1
pbmc,TAACCAGTCTGTCCGT-1,1
pbmc,TAACCAGTCTGTCGTC-1,1
pbmc,TAACGACAGACAGTCG-1,1
pbmc,TAACGACAGATTGTGA-1,1
pbmc,TAACGACAGCTGGAGT-1,1
pbmc,TAACGACAGGATACCG-1,2
pbmc,TAACGACAGGATTCAA-1,1
pbmc,TAACGACAGGCAGTCA-1,1
pbmc,TAACGACCACACAGCC-1,1
pbmc,TAACGACCACATATGC-1,285
pbmc,TAACGACCAGCTCGGT-1,1
pbmc,TAACGACCATTGCTGA-1,1
pbmc,TAACGACGTGCCTACG-1,79
pbmc,TAACGACGTTGCTGAT-1,1
pbmc,TAACGACTCAGTGATC-1,2
pbmc,TAACGACTCGCACGGT-1,1
pbmc,TAACGACTCGCTAAAC-1,1
pbmc,TAACGACTCGGAATGG-1,1
pbmc,TAACGACTCGTGGAAG-1,1
pbmc,TAACGACTCGTTGCCT-1,1
pbmc,TAACTTCAGTGAACAT-1,1
pbmc,TAACTTCAGTTGTACC-1,1
pbmc,TAACTTCCAAGTATCC-1,1
pbmc,TAACTTCCAATGACCT-1,1
pbmc,TAACTTCCACGGCACT-1,1
pbmc,TAACTTCCACGGTAGA-1,1
pbmc,TAACTTCCAGATTCGT-1,1
pbmc,TAACTTCCAGCACAAG-1,1
pbmc,TAACTTCCATTACGGT-1,1
pbmc,TAACTTCCATTGCTTT-1,2
pbmc,TAACTTCGTATTTCCT-1,2
pbmc,TAACTTCGTTATAGCC-1,2
pbmc,TAACTTCGTTGTGGAG-1,166
pbmc,TAACTTCTCACAGAGG-1,1
pbmc,TAACTTCTCACTTATC-1,1
pbmc,TAACTTCTCCCTCATG-1,1
pbmc,TAACTTCTCCGATCTC-1,1
pbmc,TAACTTCTCGGTCGGT-1,1
pbmc,TAACTTCTCGTGCACG-1,1
pbmc,TAACTTCTCTCTCCGA-1,1
pbmc,TAACTTCTCTTCGCTG-1,1
pbmc,TAAGCACAGAAGCTGC-1,257
pbmc,TAAGCACAGCAAGTCG-1,1
pbmc,TAAGCACAGCTAATGA-1,1
pbmc,TAAGCACAGGCGCTGA-1,1
pbmc,TAAGCACCAGTCGGAA-1,1
pbmc,TAAGCACGTATACGGG-1,1
pbmc,TAAGCACGTTAAGGAT-1,1
pbmc,TAAGCACGTTGGGAAC-1,1
pbmc,TAAGCACGTTTACGTG-1,1
pbmc,TAAGCACTCAAGCCGC-1,2
pbmc,TAAGCACTCACCATAG-1,188
pbmc,TAAGCACTCGACGAGA-1,1
pbmc,TAAGCACTCTAGAACC-1,2
pbmc,TAAGCACTCTGCTTAT-1,1
pbmc,TAAGCACTCTGTGCTC-1,1
pbmc,TAAGCACTCTTACACT-1,1
pbmc,TAAGCCAAGAAACTAC-1,2
pbmc,TAAGCCAAGACATAGT-1,1
pbmc,TAAGCCAAGACTACCT-1,1
pbmc,TAAGCCAAGACTCTTG-1,2
pbmc,TAAGCCAAGCTGAGTG-1,8
pbmc,TAAGCCAAGCTGTCCG-1,1
pbmc,TAAGCCAAGGAGAGTA-1,2
pbmc,TAAGCCAAGGATGGCT-1,1
pbmc,TAAGCCAAGTGCTCGC-1,1
pbmc,TAAGCCACAATTCGTG-1,1
pbmc,TAAGCCACAGCCGTTG-1,1
pbmc,TAAGCCACAGGCGATA-1,1
pbmc,TAAGCCACAGGTTCGC-1,1
pbmc,TAAGCCACATAGATGA-1,1
pbmc,TAAGCCACATAGCTGT-1,1
pbmc,TAAGCCACATTAAGCC-1,1
pbmc,TAAGCCAGTACTGCCG-1,1
pbmc,TAAGCCAGTACTTGTG-1,1
pbmc,TAAGCCAGTCCAACGC-1,77
pbmc,TAAGCCAGTCGCGTTG-1,8
pbmc,TAAGCCAGTGTATTGC-1,1
pbmc,TAAGCCATCACCGACG-1,1
pbmc,TAAGCCATCATGCCAA-1,1
pbmc,TAAGCCATCTCCTGTG-1,2
pbmc,TAAGCCATCTCGGGAC-1,1
pbmc,TAAGCCATCTGGCCTT-1,202
pbmc,TAAGCGTAGCTAGTTC-1,1
pbmc,TAAGCGTAGTATTAGG-1,1
pbmc,TAAGCGTAGTCATCCA-1,1
pbmc,TAAGCGTCAAGTCCCG-1,1
pbmc,TAAGCGTCACGGCCAT-1,1
pbmc,TAAGCGTCAGAACCGA-1,1
pbmc,TAAGCGTCAGCAGTTT-1,1
pbmc,TAAGCGTCAGGCGATA-1,1
pbmc,TAAGCGTCATGCCGCA-1,1
pbmc,TAAGCGTGTCACTTCC-1,1
pbmc,TAAGCGTGTCTTGCGG-1,1
pbmc,TAAGCGTGTGTTGATC-1,1
pbmc,TAAGCGTGTTCCAAAC-1,1
pbmc,TAAGCGTTCGTTCCAT-1,1
pbmc,TAAGCGTTCGTTGCCT-1,153
pbmc,TAAGCGTTCTGTCGTC-1,196
pbmc,TAAGCGTTCTGTGTTC-1,1
pbmc,TAAGTCGAGAAAGCGA-1,1
pbmc,TAAGTCGAGAATGTTG-1,1
pbmc,TAAGTCGAGCACTCGC-1,1
pbmc,TAAGTCGAGCCTCATA-1,1
pbmc,TAAGTCGAGGACAGCT-1,1
pbmc,TAAGTCGAGGCACTCC-1,1
pbmc,TAAGTCGCAACCTAAC-1,1
pbmc,TAAGTCGCAAGCTGTT-1,1
pbmc,TAAGTCGCACCGTGCA-1,1
pbmc,TAAGTCGCACCTATCC-1,1
pbmc,TAAGTCGCACGCGCTA-1,1
pbmc,TAAGTCGCATCGCCTT-1,1
pbmc,TAAGTCGCATCTGTTT-1,1
pbmc,TAAGTCGGTCTGTAAC-1,1
pbmc,TAAGTCGGTGGCTACC-1,1
pbmc,TAAGTCGGTGTTTACG-1,1
pbmc,TAAGTCGGTTTCGACA-1,1
pbmc,TAAGTCGTCCGTCAAA-1,2
pbmc,TAAGTCGTCCTAAACG-1,2
pbmc,TAAGTCGTCTAATTCC-1,1
pbmc,TAAGTCGTCTTGGGCG-1,1
pbmc,TAATCTCAGATACCAA-1,1
pbmc,TAATCTCAGCACACAG-1,1
pbmc,TAATCTCAGGGTGAAA-1,1
pbmc,TAATCTCAGTAGAGTT-1,1
pbmc,TAATCTCAGTATGGAT-1,1
pbmc,TAATCTCAGTCCCAGC-1,1
pbmc,TAATCTCAGTGAGCCA-1,1
pbmc,TAATCTCCAAGTGGCA-1,1
pbmc,TAATCTCCAATTTCCT-1,1
pbmc,TAATCTCGTAACATCC-1,1
pbmc,TAATCTCGTAATGATG-1,1
pbmc,TAATCTCGTCACGCTG-1,1
pbmc,TAATCTCGTCGGTAAG-1,1
pbmc,TAATCTCGTCTACACA-1,1
pbmc,TAATCTCGTGCGGATA-1,1
pbmc,TAATCTCGTGTGAGCA-1,1
pbmc,TAATCTCTCACTTATC-1,1
pbmc,TAATCTCTCGCCTTTG-1,1
pbmc,TAATTCCAGAAGTCCG-1,3
pbmc,TAATTCCAGACGTCGA-1,2
pbmc,TAATTCCAGAGTTGCG-1,1
pbmc,TAATTCCAGATTAGCA-1,1
pbmc,TAATTCCAGCTAGTTC-1,1
pbmc,TAATTCCAGCTGGCTC-1,1
pbmc,TAATTCCAGGGTCACA-1,1
pbmc,TAATTCCCAAATGGTA-1,1
pbmc,TAATTCCCAATCCTCC-1,1
pbmc,TAATTCCCACACCTTC-1,1
pbmc,TAATTCCCACTCCGGA-1,302
pbmc,TAATTCCCAGAGGGTT-1,1
pbmc,TAATTCCCAGAGGTAC-1,1
pbmc,TAATTCCCAGCTGTTA-1,1
pbmc,TAATTCCCAGGTATGG-1,1
pbmc,TAATTCCCATTCTGTT-1,2
pbmc,TAATTCCGTAATGAAC-1,1
pbmc,TAATTCCGTATGAGCG-1,1
pbmc,TAATTCCGTATTGACC-1,441
pbmc,TAATTCCGTCAGTCCG-1,280
pbmc,TAATTCCGTCGGCCTA-1,1
pbmc,TAATTCCGTCGTTCAA-1,1
pbmc,TAATTCCGTGAGTTTC-1,1
pbmc,TAATTCCGTTCGAACT-1,1
pbmc,TAATTCCTCATGCAGT-1,1
pbmc,TAATTCCTCATTTCCA-1,1
pbmc,TAATTCCTCCTCTAGC-1,1
pbmc,TAATTCCTCGTAACCA-1,1
pbmc,TAATTCCTCTCGACGG-1,1
pbmc,TACAACGAGCAGTACG-1,1
pbmc,TACAACGAGCCGTTAT-1,2
pbmc,TACAACGAGGAGAGTA-1,1
pbmc,TACAACGAGGCCTGAA-1,17
pbmc,TACAACGAGTGACACG-1,1
pbmc,TACAACGCAAAGGGTC-1,1
pbmc,TACAACGCAAAGGTTA-1,227
pbmc,TACAACGCAAGGGCAT-1,1
pbmc,TACAACGCACAAGCAG-1,1
pbmc,TACAACGCACCACACG-1,1
pbmc,TACAACGCAGAGTAAT-1,2
pbmc,TACAACGCAGCAGAAC-1,1
pbmc,TACAACGCATAGATCC-1,235
pbmc,TACAACGCATCGGAGA-1,1
pbmc,TACAACGGTCACGCTG-1,1
pbmc,TACAACGGTCGTTATG-1,1
pbmc,TACAACGGTGAACGGT-1,1
pbmc,TACAACGTCAAGGCTT-1,1
pbmc,TACAACGTCAGGTGTT-1,1
pbmc,TACAACGTCATGTCTT-1,1
pbmc,TACAACGTCCCAGTGG-1,2
pbmc,TACAACGTCGAGTACT-1,1
pbmc,TACAACGTCGCACGAC-1,1
pbmc,TACAACGTCGCCAATA-1,2
pbmc,TACAACGTCGGACTTA-1,1
pbmc,TACACCCAGAATCGTA-1,1
pbmc,TACACCCAGACCGTTT-1,1
pbmc,TACACCCAGCTGTCCG-1,1
pbmc,TACACCCAGGAGAGTA-1,1
pbmc,TACACCCAGGAGTCTG-1,1
pbmc,TACACCCAGGTCCCGT-1,1
pbmc,TACACCCAGTCAGAGC-1,3
pbmc,TACACCCAGTCTGGTT-1,1
pbmc,TACACCCCAACCTAAC-1,2
pbmc,TACACCCCAGCTTCCT-1,1
pbmc,TACACCCCAGGTACGA-1,1
pbmc,TACACCCCATCATGAC-1,1
pbmc,TACACCCGTCACTTAG-1,1
pbmc,TACACCCGTGATACCT-1,1
pbmc,TACACCCGTGTCCATA-1,1
pbmc,TACACCCGTGTTAACC-1,1
pbmc,TACACCCGTTTGTTGG-1,1
pbmc,TACACCCTCACTCTTG-1,1
pbmc,TACACCCTCATCGTAG-1,1
pbmc,TACACCCTCGACTCCT-1,290
pbmc,TACACCCTCGGTAGGA-1,1
pbmc,TACACCCTCTCCTGAC-1,1
pbmc,TACACCCTCTGGGCAC-1,1
pbmc,TACACCCTCTTCTAAC-1,2
pbmc,TACAGGTAGACCATTC-1,1
pbmc,TACAGGTAGAGAGCGG-1,1
pbmc,TACAGGTAGCGTTCAT-1,1
pbmc,TACAGGTAGCTGGCTC-1,1
pbmc,TACAGGTAGGACAACC-1,1
pbmc,TACAGGTAGTAGGATT-1,1
pbmc,TACAGGTAGTATGATG-1,1
pbmc,TACAGGTCAAATCCCA-1,1
pbmc,TACAGGTCAACAAAGT-1,1
pbmc,TACAGGTCAGGTATGG-1,1
pbmc,TACAGGTCATGAGATA-1,1
pbmc,TACAGGTGTAATACCC-1,1
pbmc,TACAGGTGTACCAGAG-1,1
pbmc,TACAGGTGTAGCCCTG-1,1
pbmc,TACAGGTGTCCCGGTA-1,1
pbmc,TACAGGTGTCTTCTAT-1,1
pbmc,TACAGGTGTGATAGAT-1,1
pbmc,TACAGGTGTGGTCTAT-1,1
pbmc,TACAGGTGTTGAGAGC-1,1
pbmc,TACAGGTGTTGATCGT-1,1
pbmc,TACAGGTTCACCTGTC-1,1
pbmc,TACAGGTTCCTAGAGT-1,1
pbmc,TACAGGTTCCTTACCG-1,341
pbmc,TACATTCAGAACTGAC-1,1
pbmc,TACATTCAGATGCTAA-1,1
pbmc,TACATTCAGATGCTTC-1,1
pbmc,TACATTCAGCGTTGTT-1,1
pbmc,TACATTCAGCTGCCTG-1,1
pbmc,TACATTCAGGGAGTGG-1,1
pbmc,TACATTCAGGGCTAAC-1,1
pbmc,TACATTCAGGTCGTCC-1,2
pbmc,TACATTCAGTCATCGT-1,1
pbmc,TACATTCAGTCTTGGT-1,1
pbmc,TACATTCAGTGGAATT-1,1
pbmc,TACATTCCAAGTTGGG-1,1
pbmc,TACATTCCAATACCTG-1,2
pbmc,TACATTCCACATATCG-1,1
pbmc,TACATTCCACCGCTAG-1,1
pbmc,TACATTCCAGACTCTA-1,1
pbmc,TACATTCCATAGACTC-1,1
pbmc,TACATTCGTACTTGTG-1,1
pbmc,TACATTCGTGGCTCTG-1,1
pbmc,TACATTCGTGGCTTAT-1,339
pbmc,TACATTCTCAGAGCAG-1,1
pbmc,TACATTCTCGCTTTAT-1,1
pbmc,TACATTCTCTCATTGT-1,1
pbmc,TACATTCTCTCTGAGA-1,1
pbmc,TACATTCTCTGCCCTA-1,2
pbmc,TACCCACCAAATGGAT-1,1
pbmc,TACCCACCAATCTCTT-1,1
pbmc,TACCCACCACATATGC-1,1
pbmc,TACCCACCACGCACCA-1,1
pbmc,TACCCACCACGGTCTG-1,1
pbmc,TACCCACCATCGTTCC-1,1
pbmc,TACCCACCATGAGATA-1,1
pbmc,TACCCACGTCAGGTGA-1,1
pbmc,TACCCACGTCTAATCG-1,1
pbmc,TACCCACGTCTACAGT-1,2
pbmc,TACCCACGTTCTCGCT-1,1
pbmc,TACCCACTCAAGCGAA-1,1
pbmc,TACCCACTCAAGTAAG-1,1
pbmc,TACCCACTCCAACCAA-1,1
pbmc,TACCCACTCCACATAG-1,1
pbmc,TACCCACTCCGGCAAC-1,1
pbmc,TACCCACTCCGTGACG-1,1
pbmc,TACCCACTCGGAGCAA-1,1
pbmc,TACCCACTCGGCATTA-1,1
pbmc,TACCCGTAGACATATG-1,1
pbmc,TACCCGTAGACTTCAC-1,1
pbmc,TACCCGTAGATTGATG-1,1
pbmc,TACCCGTAGCAGCCTC-1,1
pbmc,TACCCGTAGCCGAACA-1,1
pbmc,TACCCGTAGTGGAATT-1,1
pbmc,TACCCGTCACAAACGG-1,1
pbmc,TACCCGTCACCCAAGC-1,1
pbmc,TACCCGTCACTCCGAG-1,2
pbmc,TACCCGTCAGTAACCT-1,1
pbmc,TACCCGTCATACCACA-1,1
pbmc,TACCCGTGTAACATCC-1,1
pbmc,TACCCGTGTATGAAGT-1,1
pbmc,TACCCGTGTTAAACAG-1,1
pbmc,TACCCGTTCATTCATC-1,1
pbmc,TACCCGTTCCATACAG-1,1
pbmc,TACCCGTTCCGATCTC-1,1
pbmc,TACCCGTTCGCTTAAG-1,1
pbmc,TACCCGTTCGGAGCAA-1,1
pbmc,TACCCGTTCGTTGCCT-1,1
pbmc,TACCGAAAGAGGTCGT-1,1
pbmc,TACCGAAAGATCGCCC-1,1
pbmc,TACCGAAAGATGCTTC-1,1
pbmc,TACCGAAAGATGGTCG-1,1
pbmc,TACCGAAAGCGGACAT-1,1
pbmc,TACCGAAAGCTTCATG-1,1
pbmc,TACCGAAAGGGACAGG-1,1
pbmc,TACCGAAAGGTAGTCG-1,1
pbmc,TACCGAAAGTAGGAAG-1,1
pbmc,TACCGAACAATTTCGG-1,1
pbmc,TACCGAACACGCGCTA-1,1
pbmc,TACCGAACAGGATGAC-1,1
pbmc,TACCGAACAGTAGATA-1,1
pbmc,TACCGAAGTAACGTTC-1,1
pbmc,TACCGAAGTAGTAAGT-1,1
pbmc,TACCGAAGTCAAGCGA-1,1
pbmc,TACCGAAGTCCAGCGT-1,1
pbmc,TACCGAAGTGACTGAG-1,1
pbmc,TACCGAAGTGCATGTT-1,1
pbmc,TACCGAAGTGTGTCCG-1,1
pbmc,TACCGAAGTTGGACCC-1,1
pbmc,TACCGAAGTTTGATCG-1,1
pbmc,TACCGAATCATATGGC-1,1
pbmc,TACCGAATCCTTCTAA-1,1
pbmc,TACCGAATCGTTGCCT-1,1
pbmc,TACCGAATCTAGTACG-1,1
pbmc,TACCGAATCTAGTGAC-1,1
pbmc,TACCGAATCTCGGTAA-1,1
pbmc,TACCGAATCTGCTGAA-1,1
pbmc,TACCGAATCTGGGTCG-1,1
pbmc,TACCGAATCTGTCCGT-1,1
pbmc,TACCGGGAGATTCGCT-1,1
pbmc,TACCGGGAGCATACTC-1,1
pbmc,TACCGGGAGCTAGATA-1,1
pbmc,TACCGGGAGGAGCTGT-1,1
pbmc,TACCGGGAGGAGGGTG-1,2
pbmc,TACCGGGAGGCACAAC-1,1
pbmc,TACCGGGAGGCCCACT-1,1
pbmc,TACCGGGCAAGAGAGA-1,1
pbmc,TACCGGGCACCAAAGG-1,1
pbmc,TACCGGGCAGGGACTA-1,1
pbmc,TACCGGGCATAAGCGG-1,1
pbmc,TACCGGGCATCGGAGA-1,1
pbmc,TACCGGGCATGCCGGT-1,1
pbmc,TACCGGGGTACAGTAA-1,1
pbmc,TACCGGGGTATCTTCT-1,1
pbmc,TACCGGGGTATGCGTT-1,2
pbmc,TACCGGGGTGCCTAAT-1,1
pbmc,TACCGGGGTTGCCTAA-1,1
pbmc,TACCGGGGTTTCAGAC-1,2
pbmc,TACCGGGTCACAAGGG-1,1
pbmc,TACCGGGTCACCATAG-1,1
pbmc,TACCGGGTCACGTCCT-1,1
pbmc,TACCGGGTCCAGCTCT-1,1
pbmc,TACCGGGTCCTCGATC-1,27
pbmc,TACCGGGTCCTCTGCA-1,1
pbmc,TACCGGGTCGCTAGCG-1,1
pbmc,TACCGGGTCGGCCTTT-1,2
pbmc,TACCGGGTCTAAACGC-1,1
pbmc,TACCGGGTCTGCGGCA-1,1
pbmc,TACCTCGAGAATCCCT-1,1
pbmc,TACCTCGAGAATTTGG-1,1
pbmc,TACCTCGAGATAGGGA-1,1
pbmc,TACCTCGAGCCTCACG-1,1
pbmc,TACCTCGAGCGAGAAA-1,1
pbmc,TACCTCGAGGGCCCTT-1,1
pbmc,TACCTCGAGGGTTAAT-1,1
pbmc,TACCTCGAGTCACTGT-1,1
pbmc,TACCTCGAGTCCTACA-1,1
pbmc,TACCTCGAGTGCCCGT-1,1
pbmc,TACCTCGCAACATCGT-1,1
pbmc,TACCTCGCAAGTCATC-1,2
pbmc,TACCTCGCACACCACG-1,1
pbmc,TACCTCGCACCCAACG-1,301
pbmc,TACCTCGCACGCAAAG-1,1
pbmc,TACCTCGCACGTCTCT-1,1
pbmc,TACCTCGCAGACGCTC-1,2
pbmc,TACCTCGCAGCTATTG-1,1
pbmc,TACCTCGCAGGATTCT-1,1
pbmc,TACCTCGCAGTAGATA-1,1
pbmc,TACCTCGCATCGCTCT-1,1
pbmc,TACCTCGCATCTGCGG-1,1
pbmc,TACCTCGCATTGAAAG-1,2
pbmc,TACCTCGGTACTTCCC-1,2
pbmc,TACCTCGGTGCTGTCG-1,1
pbmc,TACCTCGGTTTACTTC-1,1
pbmc,TACCTCGTCATTCTTG-1,1
pbmc,TACCTCGTCTCGAACA-1,1
pbmc,TACCTGCAGACTCCGC-1,2
pbmc,TACCTGCAGCATCCCG-1,1
pbmc,TACCTGCAGGACGCAT-1,1
pbmc,TACCTGCAGGGCCCTT-1,1
pbmc,TACCTGCAGTAGTCAA-1,1
pbmc,TACCTGCAGTCACACT-1,1
pbmc,TACCTGCAGTCACGCC-1,22
pbmc,TACCTGCAGTCGGCCT-1,1
pbmc,TACCTGCAGTCTGCAT-1,274
pbmc,TACCTGCCAATCGTCA-1,1
pbmc,TACCTGCCACTTCATT-1,1
pbmc,TACCTGCCAGAACGCA-1,1
pbmc,TACCTGCCAGTGCCTG-1,2
pbmc,TACCTGCCATACCGTA-1,1
pbmc,TACCTGCCATCCTTCG-1,1
pbmc,TACCTGCGTACCTAGT-1,1
pbmc,TACCTGCGTTGTCATG-1,1
pbmc,TACCTGCTCATGCAGT-1,1
pbmc,TACCTGCTCCAAGCTA-1,210
pbmc,TACCTGCTCGCACGAC-1,1
pbmc,TACCTGCTCTACCCAC-1,2
pbmc,TACGCTCAGAGAGAAC-1,1
pbmc,TACGCTCAGATTACCC-1,1
pbmc,TACGCTCAGCTGTCCG-1,1
pbmc,TACGCTCAGGCCACTC-1,1
pbmc,TACGCTCAGGTGAGCT-1,1
pbmc,TACGCTCCAAATCCCA-1,1
pbmc,TACGCTCCAATCCTTT-1,1
pbmc,TACGCTCCAATTGAGA-1,1
pbmc,TACGCTCCACGACTAT-1,1
pbmc,TACGCTCCACTAGTAC-1,1
pbmc,TACGCTCCAGCGATTT-1,1
pbmc,TACGCTCCATCACAGT-1,1
pbmc,TACGCTCGTAACACCT-1,1
pbmc,TACGCTCGTATACCTG-1,1
pbmc,TACGCTCGTATCGTAC-1,1
pbmc,TACGCTCGTCAATCTG-1,12
pbmc,TACGCTCGTCCGCAGT-1,1
pbmc,TACGCTCGTCGCAGTC-1,1
pbmc,TACGCTCGTGACAGGT-1,1
pbmc,TACGCTCGTTAGGCTT-1,1
pbmc,TACGCTCGTTGGACCC-1,1
pbmc,TACGCTCTCAAGGACG-1,1
pbmc,TACGCTCTCACGGGCT-1,1
pbmc,TACGCTCTCGTGGGTC-1,2
pbmc,TACGCTCTCTCGGCCT-1,1
pbmc,TACGCTCTCTCGGTCT-1,501
pbmc,TACGCTCTCTTAAGGC-1,241
pbmc,TACGGGCAGATAACAC-1,1
pbmc,TACGGGCAGCAACAGC-1,1
pbmc,TACGGGCAGCCTCTCT-1,1
pbmc,TACGGGCAGCTTAGTC-1,1
pbmc,TACGGGCAGGTGGGTT-1,1
pbmc,TACGGGCAGTGTTGTC-1,1
pbmc,TACGGGCCAAGGGTCA-1,1
pbmc,TACGGGCCAAGTGGTG-1,1
pbmc,TACGGGCCACTGTCGG-1,2
pbmc,TACGGGCCAGGTCAGA-1,1
pbmc,TACGGGCCAGTCACGC-1,1
pbmc,TACGGGCCATAGAATG-1,1
pbmc,TACGGGCCATCCGAAT-1,1
pbmc,TACGGGCCATGAGATA-1,1
pbmc,TACGGGCGTAGAGTTA-1,1
pbmc,TACGGGCGTATATCCG-1,1
pbmc,TACGGGCGTATTGACC-1,1
pbmc,TACGGGCGTCACCCTT-1,1
pbmc,TACGGGCGTGTGACCC-1,1
pbmc,TACGGGCGTGTGCCTG-1,1
pbmc,TACGGGCGTGTTAGCT-1,2
pbmc,TACGGGCGTTCAGTAC-1,1
pbmc,TACGGGCGTTCCAGGC-1,1
pbmc,TACGGGCGTTGGGACA-1,1
pbmc,TACGGGCTCAACGAGG-1,251
pbmc,TACGGGCTCAAGGACG-1,1
pbmc,TACGGGCTCAGCTGTA-1,1
pbmc,TACGGGCTCCAGCTCT-1,2
pbmc,TACGGGCTCCGTAGGC-1,1
pbmc,TACGGGCTCTAACACG-1,1
pbmc,TACGGGCTCTACCACC-1,246
pbmc,TACGGGCTCTCCCATG-1,1
pbmc,TACGGGCTCTGGTGCG-1,1
pbmc,TACGGTAAGAATACAC-1,1
pbmc,TACGGTAAGAGGGATG-1,1
pbmc,TACGGTAAGATGTAGT-1,2
pbmc,TACGGTAAGCGGATCA-1,1
pbmc,TACGGTAAGCTTAAGA-1,2
pbmc,TACGGTAAGGCTAGCA-1,1
pbmc,TACGGTAAGGTCATCT-1,1
pbmc,TACGGTAAGTACTGTC-1,1
pbmc,TACGGTACAACTCATG-1,1
pbmc,TACGGTACACCTCTGT-1,1
pbmc,TACGGTACACTAGGTT-1,1
pbmc,TACGGTACAGCCTTTC-1,1
pbmc,TACGGTACAGCTATTG-1,1
pbmc,TACGGTACAGGGAGAG-1,1
pbmc,TACGGTACAGGTGTTT-1,1
pbmc,TACGGTACATAGGTAA-1,1
pbmc,TACGGTACATCACGAT-1,2
pbmc,TACGGTACATCCTATT-1,1
pbmc,TACGGTACATCGGACC-1,1
pbmc,TACGGTACATTGTGCA-1,1
pbmc,TACGGTAGTAGATTAG-1,2
pbmc,TACGGTAGTATCCTCC-1,1
pbmc,TACGGTAGTATCTCGA-1,1
pbmc,TACGGTAGTATGATCC-1,1
pbmc,TACGGTAGTCAGGAGT-1,1
pbmc,TACGGTAGTCCAGCCA-1,1
pbmc,TACGGTAGTCCAGTTA-1,1
pbmc,TACGGTAGTCGCACGT-1,1
pbmc,TACGGTAGTGAGGGTT-1,1
pbmc,TACGGTAGTTGGAGGT-1,1
pbmc,TACGGTAGTTTAGGAA-1,1
pbmc,TACGGTATCAACGAGG-1,1
pbmc,TACGGTATCACTCTTG-1,1
pbmc,TACGGTATCATGTCTT-1,1
pbmc,TACGGTATCGAGATAA-1,1
pbmc,TACGGTATCGCACGGT-1,1
pbmc,TACGGTATCGGTACGT-1,1
pbmc,TACGGTATCGTGGCTG-1,1
pbmc,TACGTCCAGAAGGATG-1,1
pbmc,TACGTCCAGAGCAAGA-1,1
pbmc,TACGTCCAGGCATCGA-1,1
pbmc,TACGTCCAGGGCAGTT-1,1
pbmc,TACGTCCAGGTAAGTT-1,1
pbmc,TACGTCCAGGTCCGAA-1,1
pbmc,TACGTCCAGTGGATAT-1,1
pbmc,TACGTCCCAAATGATG-1,1
pbmc,TACGTCCCAAGTGATA-1,266
pbmc,TACGTCCCATGTGTCA-1,180
pbmc,TACGTCCGTACGGCAA-1,2
pbmc,TACGTCCGTCGAGTTT-1,1
pbmc,TACGTCCGTGTCTAAC-1,1
pbmc,TACGTCCTCAGAGCGA-1,1
pbmc,TACGTCCTCGCGTGCA-1,1
pbmc,TACGTCCTCTAAGAAG-1,3
pbmc,TACGTCCTCTAGTACG-1,2
pbmc,TACGTCCTCTTTCGAT-1,1
pbmc,TACTGCCAGTAAGGGA-1,1
pbmc,TACTGCCAGTTGAAAC-1,4
pbmc,TACTGCCCAACCGCTG-1,1
pbmc,TACTGCCCAAGTGATA-1,1
pbmc,TACTGCCCAATCACGT-1,1
pbmc,TACTGCCCAGACCTGC-1,4
pbmc,TACTGCCCAGCAGGAT-1,2
pbmc,TACTGCCCAGGGAATC-1,1
pbmc,TACTGCCCAGTTACCA-1,1
pbmc,TACTGCCCATTAAAGG-1,1
pbmc,TACTGCCGTAACGGTG-1,1
pbmc,TACTGCCGTACAGGTG-1,1
pbmc,TACTGCCGTATAGCTC-1,1
pbmc,TACTGCCTCGCTCCTA-1,2
pbmc,TACTGCCTCTGAGTCA-1,1
pbmc,TACTGCCTCTTCGTGC-1,1
pbmc,TACTTACAGGACTTCT-1,1
pbmc,TACTTACAGGCATCTT-1,14
pbmc,TACTTACAGGCTCAAG-1,2
pbmc,TACTTACAGTCTCCTC-1,1
pbmc,TACTTACAGTGAATAC-1,1
pbmc,TACTTACAGTGGACTG-1,1
pbmc,TACTTACCAAAGCTCT-1,1
pbmc,TACTTACCAAGCTGTT-1,1
pbmc,TACTTACCACATATGC-1,2
pbmc,TACTTACCACCTCTGT-1,1
pbmc,TACTTACCAGTCTTCC-1,1
pbmc,TACTTACCATCGGATT-1,1
pbmc,TACTTACCATGGCTAT-1,2
pbmc,TACTTACGTAACGCGA-1,2
pbmc,TACTTACGTAAGTTAG-1,2
pbmc,TACTTACGTACTCGCG-1,1
pbmc,TACTTACGTCAGTTTG-1,1
pbmc,TACTTACGTCCAGCAC-1,1
pbmc,TACTTACGTCCCTCAT-1,1
pbmc,TACTTACGTCCTGGGT-1,1
pbmc,TACTTACGTGACCGTC-1,1
pbmc,TACTTACGTGACTATC-1,1
pbmc,TACTTACGTGGATCGA-1,1
pbmc,TACTTACGTTACACTG-1,1
pbmc,TACTTACTCAAGGCTT-1,1
pbmc,TACTTACTCAGAATAG-1,1
pbmc,TACTTACTCGAGCCAC-1,1
pbmc,TACTTACTCTCCCAAC-1,1
pbmc,TACTTACTCTCTTAAC-1,1
pbmc,TACTTACTCTTCGGTC-1,1
pbmc,TACTTCAAGACTCATC-1,1
pbmc,TACTTCAAGCGGGTTA-1,1
pbmc,TACTTCAAGCTTTGTG-1,1
pbmc,TACTTCAAGGTACATA-1,1
pbmc,TACTTCAAGGTCATAA-1,2
pbmc,TACTTCAAGTCATTGC-1,1
pbmc,TACTTCACAACACGTT-1,1
pbmc,TACTTCACAATTTCTC-1,1
pbmc,TACTTCACAGCTATTG-1,1
pbmc,TACTTCACAGGCTCTG-1,1
pbmc,TACTTCACAGTGTATC-1,1
pbmc,TACTTCACATACCGTA-1,1
pbmc,TACTTCACATGCGTGC-1,2
pbmc,TACTTCACATTACGGT-1,1
pbmc,TACTTCAGTAGCTGAG-1,1
pbmc,TACTTCAGTCCCAAAT-1,1
pbmc,TACTTCAGTGCATTAC-1,1
pbmc,TACTTCATCAGTCAGT-1,1
pbmc,TACTTCATCATAGAGA-1,1
pbmc,TACTTCATCATCACAG-1,1
pbmc,TACTTCATCATGCCGG-1,206
pbmc,TACTTCATCCACTGAA-1,2
pbmc,TACTTCATCGACATTG-1,1
pbmc,TACTTCATCGGCCCAA-1,1
pbmc,TACTTGTAGCCTCTCT-1,1
pbmc,TACTTGTAGTACGTCT-1,1
pbmc,TACTTGTCAAAGAGTT-1,1
pbmc,TACTTGTCAAAGGGTC-1,1
pbmc,TACTTGTCAACCGGAA-1,1
pbmc,TACTTGTCAAGCCTGC-1,1
pbmc,TACTTGTCAATCTCGA-1,1
pbmc,TACTTGTCAGTGTGCC-1,1
pbmc,TACTTGTGTCACTCGG-1,1
pbmc,TACTTGTGTCGAACAG-1,1
pbmc,TACTTGTGTCTCAGAT-1,1
pbmc,TACTTGTGTGGTCTCG-1,1
pbmc,TACTTGTGTGGTTTAC-1,1
pbmc,TACTTGTGTTGCACGC-1,2
pbmc,TACTTGTTCAAGTTGC-1,2
pbmc,TACTTGTTCACAAGCC-1,1
pbmc,TACTTGTTCAGCCTCT-1,2
pbmc,TACTTGTTCATGTCTT-1,1
pbmc,TACTTGTTCCGACATA-1,1
pbmc,TACTTGTTCGACGCGT-1,1
pbmc,TACTTGTTCGAGAACG-1,1
pbmc,TACTTGTTCGCCGTGA-1,1
pbmc,TACTTGTTCGGTCTAA-1,1
pbmc,TACTTGTTCGGTGCAC-1,1
pbmc,TACTTGTTCGTACAGC-1,2
pbmc,TACTTGTTCTCTTCAA-1,1
pbmc,TACTTGTTCTTGGTCC-1,1
pbmc,TAGACCAAGAGAGGGC-1,1
pbmc,TAGACCAAGAGCATAT-1,1
pbmc,TAGACCAAGAGGGTGG-1,1
pbmc,TAGACCAAGCCTTGAT-1,1
pbmc,TAGACCAAGCTTCTAG-1,1
pbmc,TAGACCAAGGCGCTCT-1,1
pbmc,TAGACCAAGGGAGTTC-1,1
pbmc,TAGACCAAGGGCAGGA-1,1
pbmc,TAGACCAAGGTTGTTC-1,1
pbmc,TAGACCAAGTACGAGC-1,1
pbmc,TAGACCAAGTATAACG-1,1
pbmc,TAGACCAAGTGCAAAT-1,1
pbmc,TAGACCACAAGGCCTC-1,1
pbmc,TAGACCACAATCCTTT-1,1
pbmc,TAGACCACAATGACCT-1,1
pbmc,TAGACCACACAGACTT-1,1
pbmc,TAGACCACACATATGC-1,1
pbmc,TAGACCACACCGTACG-1,1
pbmc,TAGACCACAGATCCTA-1,1
pbmc,TAGACCAGTAGGACCA-1,2
pbmc,TAGACCAGTCAAAGCG-1,1
pbmc,TAGACCAGTCCTCAGG-1,1
pbmc,TAGACCAGTCTAACGT-1,1
pbmc,TAGACCAGTCTCGGGT-1,194
pbmc,TAGACCAGTGGAGGTT-1,1
pbmc,TAGACCAGTTTGGAAA-1,2
pbmc,TAGACCATCAACCTTT-1,1
pbmc,TAGACCATCAATGCAC-1,1
pbmc,TAGACCATCCACCCTA-1,1
pbmc,TAGACCATCCTTCTAA-1,1
pbmc,TAGACCATCGAAACAA-1,1
pbmc,TAGACCATCTCAATCT-1,1
pbmc,TAGACCATCTGCTTAT-1,1
pbmc,TAGACCATCTTGAACG-1,2
pbmc,TAGACTGAGAATCCCT-1,1
pbmc,TAGACTGAGAGTGAAG-1,2
pbmc,TAGACTGAGATTACCC-1,1
pbmc,TAGACTGAGATTGTGA-1,263
pbmc,TAGACTGAGCAGCCCT-1,1
pbmc,TAGACTGAGCTGAGCA-1,1
pbmc,TAGACTGAGCTTTCTT-1,1
pbmc,TAGACTGAGGTTTACC-1,1
pbmc,TAGACTGCACAACGAG-1,1
pbmc,TAGACTGCACAATCTG-1,1
pbmc,TAGACTGCAGCTGAGA-1,1
pbmc,TAGACTGCAGGACTAG-1,1
pbmc,TAGACTGGTCTTGAAC-1,214
pbmc,TAGACTGGTGCCTATA-1,1
pbmc,TAGACTGTCAACCTTT-1,1
pbmc,TAGACTGTCACGAGGA-1,1
pbmc,TAGACTGTCATGACAC-1,1
pbmc,TAGACTGTCATTTGGG-1,1
pbmc,TAGACTGTCCCGAATA-1,1
pbmc,TAGACTGTCCGATGCG-1,1
pbmc,TAGACTGTCCTCTGCA-1,1
pbmc,TAGACTGTCCTTATGT-1,1
pbmc,TAGACTGTCGCCGAGT-1,350
pbmc,TAGACTGTCTTCACAT-1,1
pbmc,TAGAGTCAGACCAGCA-1,1
pbmc,TAGAGTCAGCAGCAGT-1,1
pbmc,TAGAGTCAGCATTGTC-1,1
pbmc,TAGAGTCAGCGAGGAG-1,1
pbmc,TAGAGTCAGGCTGGAT-1,1
pbmc,TAGAGTCCAACCGACC-1,2
pbmc,TAGAGTCCACATATGC-1,1
pbmc,TAGAGTCCACCTAAAC-1,1
pbmc,TAGAGTCCACTGGCGT-1,2
pbmc,TAGAGTCCAGTTCTAG-1,2
pbmc,TAGAGTCGTAACACGG-1,1
pbmc,TAGAGTCGTAGAGTTA-1,1
pbmc,TAGAGTCGTCACAGTT-1,1
pbmc,TAGAGTCGTGGCGTAA-1,1
pbmc,TAGAGTCGTGTTCCAA-1,1
pbmc,TAGAGTCGTTACACAC-1,1
pbmc,TAGAGTCGTTGTGTAC-1,302
pbmc,TAGAGTCGTTTCTTAC-1,2
pbmc,TAGAGTCTCAAGGAGC-1,1
pbmc,TAGAGTCTCACACCGG-1,1
pbmc,TAGAGTCTCAGACAAA-1,1
pbmc,TAGAGTCTCCTCGCAT-1,1
pbmc,TAGAGTCTCTAACGCA-1,1
pbmc,TAGAGTCTCTAGGCAT-1,1
pbmc,TAGAGTCTCTATCGGA-1,1
pbmc,TAGATCGAGCATCCCG-1,1
pbmc,TAGATCGAGGGTTAGC-1,1
pbmc,TAGATCGAGTCCCTAA-1,1
pbmc,TAGATCGAGTGCCGAA-1,1
pbmc,TAGATCGCAAAGGCAC-1,4
pbmc,TAGATCGCAAATGGTA-1,186
pbmc,TAGATCGCAAGAGAGA-1,1
pbmc,TAGATCGCAAGGTTGG-1,1
pbmc,TAGATCGCACACGCCA-1,177
pbmc,TAGATCGCACAGTCCG-1,4
pbmc,TAGATCGCAGAACGCA-1,1
pbmc,TAGATCGCAGGCTACC-1,1
pbmc,TAGATCGCATATTCGG-1,1
pbmc,TAGATCGCATCGGAGA-1,1
pbmc,TAGATCGGTCAGACTT-1,1
pbmc,TAGATCGGTGACAGGT-1,2
pbmc,TAGATCGGTGTGGTCC-1,1
pbmc,TAGATCGTCACAACCA-1,420
pbmc,TAGATCGTCACTGTCC-1,1
pbmc,TAGATCGTCGCATTAG-1,2
pbmc,TAGATCGTCGGTGTAT-1,1
pbmc,TAGATCGTCTAGTCAG-1,1
pbmc,TAGATCGTCTTAATCC-1,1
pbmc,TAGCACAAGACTTCCA-1,1
pbmc,TAGCACAAGAGCCCAA-1,1
pbmc,TAGCACAAGGGTATAT-1,1
pbmc,TAGCACAAGGTATCTC-1,7
pbmc,TAGCACAAGGTTAAAC-1,1
pbmc,TAGCACAAGTACAACA-1,1
pbmc,TAGCACAAGTACTCGT-1,124
pbmc,TAGCACACAAGTATCC-1,1
pbmc,TAGCACACACCATAGT-1,1
pbmc,TAGCACACACTCCCTA-1,1
pbmc,TAGCACACAGCGAACA-1,1
pbmc,TAGCACACAGCGGTTC-1,1
pbmc,TAGCACACATCGGCCA-1,1
pbmc,TAGCACAGTAGGAGTC-1,1
pbmc,TAGCACAGTATCCTCC-1,1
pbmc,TAGCACAGTCGACTGC-1,1
pbmc,TAGCACAGTCGATTAC-1,1
pbmc,TAGCACAGTCTGCCTT-1,1
pbmc,TAGCACAGTCTTGAGT-1,1
pbmc,TAGCACAGTGACACAG-1,2
pbmc,TAGCACAGTGTTCATG-1,1
pbmc,TAGCACATCCACGGGT-1,1
pbmc,TAGCACATCCATCTAT-1,1
pbmc,TAGCACATCCTAGCCT-1,1
pbmc,TAGCACATCGAGAAGC-1,1
pbmc,TAGCACATCGCAGTTA-1,1
pbmc,TAGCACATCTCCCATG-1,1
pbmc,TAGCACATCTCGACCT-1,2
pbmc,TAGGAGGAGAACCCGA-1,2
pbmc,TAGGAGGAGATTGAGT-1,1
pbmc,TAGGAGGAGCTGACCC-1,1
pbmc,TAGGAGGAGGAGTACC-1,1
pbmc,TAGGAGGAGGCAGGTT-1,1
pbmc,TAGGAGGAGTAACGTA-1,1
pbmc,TAGGAGGCAAGACCTT-1,153
pbmc,TAGGAGGCATAATCCG-1,1
pbmc,TAGGAGGCATATCTGG-1,1
pbmc,TAGGAGGGTACGATCT-1,1
pbmc,TAGGAGGGTACGATTC-1,1
pbmc,TAGGAGGGTAGCTAAA-1,1
pbmc,TAGGAGGGTAGGCAAC-1,1
pbmc,TAGGAGGGTCTTACTT-1,2
pbmc,TAGGAGGGTCTTCAAG-1,1
pbmc,TAGGAGGGTGAAAGTT-1,1
pbmc,TAGGAGGGTTCCAGGC-1,234
pbmc,TAGGAGGGTTCTCCCA-1,1
pbmc,TAGGAGGTCAAACCTG-1,1
pbmc,TAGGAGGTCAGAGTTC-1,1
pbmc,TAGGAGGTCAGTCTTT-1,1
pbmc,TAGGAGGTCCCAGGCA-1,1
pbmc,TAGGAGGTCCCGAGGT-1,1
pbmc,TAGGGTTAGAGAGCGA-1,1
pbmc,TAGGGTTAGAGAGCGG-1,249
pbmc,TAGGGTTAGAGAGTGG-1,1
pbmc,TAGGGTTAGAGCTTTC-1,1
pbmc,TAGGGTTAGAGTCACG-1,1
pbmc,TAGGGTTAGCATGCGA-1,1
pbmc,TAGGGTTAGGAACATT-1,201
pbmc,TAGGGTTAGGGAGTGG-1,1
pbmc,TAGGGTTAGGGCCTCT-1,1
pbmc,TAGGGTTCAAGAAACT-1,128
pbmc,TAGGGTTCAAGCGATG-1,1
pbmc,TAGGGTTCAATAGTAG-1,2
pbmc,TAGGGTTCACAACGCC-1,1
pbmc,TAGGGTTCACACCGCA-1,1
pbmc,TAGGGTTCACCCTATC-1,1
pbmc,TAGGGTTCACGACGAA-1,1
pbmc,TAGGGTTCACGGGTAA-1,1
pbmc,TAGGGTTCAGGTTCGC-1,1
pbmc,TAGGGTTCATGTTCGA-1,1
pbmc,TAGGGTTGTAGACGGT-1,1
pbmc,TAGGGTTGTTGACGGA-1,1
pbmc,TAGGGTTTCACCTGGG-1,1
pbmc,TAGGGTTTCCGCGATG-1,1
pbmc,TAGGGTTTCGAGAACG-1,1
pbmc,TAGGGTTTCGCCAACG-1,1
pbmc,TAGGTACAGAATTGCA-1,1
pbmc,TAGGTACAGATCGGTG-1,1
pbmc,TAGGTACAGCTGACTT-1,1
pbmc,TAGGTACAGGAATGTT-1,1
pbmc,TAGGTACAGTAACCTC-1,1
pbmc,TAGGTACAGTGGCCTC-1,1
pbmc,TAGGTACAGTTGCCTA-1,1
pbmc,TAGGTACCACATCCCT-1,1
pbmc,TAGGTACCACTAACGT-1,1
pbmc,TAGGTACCAGAACTAA-1,1
pbmc,TAGGTACGTAGTTCCA-1,1
pbmc,TAGGTACGTCCCTGAG-1,2
pbmc,TAGGTACGTCCGAAAG-1,1
pbmc,TAGGTACGTCTGTCCT-1,1
pbmc,TAGGTACGTGTCATCA-1,416
pbmc,TAGGTACGTTACAGCT-1,1
pbmc,TAGGTACGTTGGGATG-1,1
pbmc,TAGGTACTCCCGAAAT-1,1
pbmc,TAGGTACTCCTACAAG-1,1
pbmc,TAGGTACTCGAAGCAG-1,200
pbmc,TAGGTACTCGAAGTAG-1,1
pbmc,TAGGTACTCGTCATAA-1,1
pbmc,TAGGTACTCTGCGATA-1,1
pbmc,TAGGTTGAGACGATAT-1,1
pbmc,TAGGTTGAGAGAGTGA-1,1
pbmc,TAGGTTGAGAGCTGCA-1,1
pbmc,TAGGTTGAGGCACTAG-1,1
pbmc,TAGGTTGAGTGCACTT-1,1
pbmc,TAGGTTGAGTTCTCTT-1,1
pbmc,TAGGTTGAGTTGAAAC-1,1
pbmc,TAGGTTGCAACATACC-1,1
pbmc,TAGGTTGCACAAGTGG-1,1
pbmc,TAGGTTGCACTTGGCG-1,6
pbmc,TAGGTTGCATAGAAAC-1,2
pbmc,TAGGTTGCATTAAGCC-1,1
pbmc,TAGGTTGGTACGCTAT-1,2
pbmc,TAGGTTGGTGATACCT-1,1
pbmc,TAGGTTGGTGGCAACA-1,1
pbmc,TAGGTTGGTTCGTAAC-1,2
pbmc,TAGGTTGTCAACTACG-1,2
pbmc,TAGGTTGTCGTAGCCG-1,2
pbmc,TAGGTTGTCTGTAAGC-1,1
pbmc,TAGTGCAAGAAGCTGC-1,1
pbmc,TAGTGCAAGATTGACA-1,1
pbmc,TAGTGCAAGCCAAGTG-1,1
pbmc,TAGTGCAAGCTAGATA-1,1
pbmc,TAGTGCACAAAGCACG-1,1
pbmc,TAGTGCACAACCACAT-1,1
pbmc,TAGTGCACAAGGAAAG-1,1
pbmc,TAGTGCACACCTGCTT-1,1
pbmc,TAGTGCACACTCCCTA-1,1
pbmc,TAGTGCACACTCGATA-1,284
pbmc,TAGTGCACAGACTGCC-1,1
pbmc,TAGTGCACAGAGGAAA-1,477
pbmc,TAGTGCAGTAAGAACT-1,1
pbmc,TAGTGCAGTACGCTAT-1,1
pbmc,TAGTGCAGTAGACACG-1,1
pbmc,TAGTGCAGTAGTTCCA-1,1
pbmc,TAGTGCAGTATCTCGA-1,1
pbmc,TAGTGCAGTCGTGCCA-1,1
pbmc,TAGTGCAGTCTCGGAC-1,3
pbmc,TAGTGCAGTGGATCAG-1,1
pbmc,TAGTGCAGTTGTAAAG-1,1
pbmc,TAGTGCATCAGAACCT-1,1
pbmc,TAGTGCATCATCGCCT-1,1
pbmc,TAGTGCATCATGGCCG-1,1
pbmc,TAGTGCATCCTCAGAA-1,1
pbmc,TAGTGCATCTGCGGCA-1,1
pbmc,TATACCTAGACATCAA-1,1
pbmc,TATACCTAGATGCATG-1,1
pbmc,TATACCTAGCAGCCTC-1,1
pbmc,TATACCTAGCCTCGTG-1,1
pbmc,TATACCTAGCGTCGAA-1,1
pbmc,TATACCTAGGCACGAT-1,1
pbmc,TATACCTCAACACAAA-1,1
pbmc,TATACCTCAGACCTGC-1,1
pbmc,TATACCTCAGGAGGAG-1,1
pbmc,TATACCTCAGTTGGTT-1,1
pbmc,TATACCTCATGGAATA-1,1
pbmc,TATACCTCATGTACGT-1,1
pbmc,TATACCTCATTGTAGC-1,1
pbmc,TATACCTGTAGCTTTG-1,1
pbmc,TATACCTGTATCCCTC-1,1
pbmc,TATACCTGTCGTACAT-1,1
pbmc,TATACCTGTCGTTATG-1,1
pbmc,TATACCTGTGATGAAT-1,1
pbmc,TATACCTGTTCTCGTC-1,243
pbmc,TATACCTGTTTGCAGT-1,1
pbmc,TATACCTTCAAGTGTC-1,1
pbmc,TATACCTTCAGTCAGT-1,1
pbmc,TATACCTTCATCTACT-1,2
pbmc,TATACCTTCGTAGCCG-1,1
pbmc,TATACCTTCGTGGAAG-1,1
pbmc,TATACCTTCTGTCCGT-1,293
pbmc,TATACCTTCTTAGCCC-1,1
pbmc,TATATCCAGACAAGCC-1,1
pbmc,TATATCCAGACGGATC-1,1
pbmc,TATATCCAGATACCAA-1,1
pbmc,TATATCCAGCTGGCCT-1,1
pbmc,TATATCCAGCTGTTAC-1,4
pbmc,TATATCCAGGATTTAG-1,1
pbmc,TATATCCAGGCTGCGA-1,1
pbmc,TATATCCAGGTTCTAC-1,1
pbmc,TATATCCAGTAGCATA-1,1
pbmc,TATATCCCAAACTAAG-1,1
pbmc,TATATCCCAGCTGAAG-1,1
pbmc,TATATCCCAGGCTCTG-1,1
pbmc,TATATCCCATACAGGG-1,1
pbmc,TATATCCCATGCGTGC-1,138
pbmc,TATATCCCATGGATCT-1,1
pbmc,TATATCCCATTGCCGG-1,1
pbmc,TATATCCGTACAAGTA-1,1
pbmc,TATATCCGTACTAACC-1,1
pbmc,TATATCCGTCAGATTC-1,1
pbmc,TATATCCGTGAGCGAT-1,1
pbmc,TATATCCGTTCGGTAT-1,1
pbmc,TATATCCTCAAAGCCT-1,1
pbmc,TATATCCTCACCTGTC-1,1
pbmc,TATATCCTCACGTAGT-1,1
pbmc,TATATCCTCAGGAGAC-1,1
pbmc,TATATCCTCCAAATGC-1,2
pbmc,TATATCCTCCCTCTAG-1,1
pbmc,TATATCCTCCGATGTA-1,1
pbmc,TATATCCTCCTCTAGC-1,1
pbmc,TATATCCTCGAGCTGC-1,2
pbmc,TATCAGGAGCGTCTCG-1,1
pbmc,TATCAGGAGGCTAGCA-1,1
pbmc,TATCAGGCAAACAGGC-1,2
pbmc,TATCAGGCAATAACCC-1,1
pbmc,TATCAGGCAATTCCTT-1,1
pbmc,TATCAGGCACTGTCCT-1,1
pbmc,TATCAGGCATCCTAAG-1,1
pbmc,TATCAGGCATGCACTA-1,1
pbmc,TATCAGGGTACTGGGA-1,1
pbmc,TATCAGGGTATTCCGA-1,1
pbmc,TATCAGGGTCCAAATC-1,2
pbmc,TATCAGGGTCGTCATA-1,1
pbmc,TATCAGGGTGGATGAC-1,1
pbmc,TATCAGGGTTAGTCGT-1,1
pbmc,TATCAGGGTTGCATAC-1,1
pbmc,TATCAGGTCACTTGGA-1,1
pbmc,TATCAGGTCAGTGTTG-1,1
pbmc,TATCAGGTCATGTCAG-1,1
pbmc,TATCAGGTCCCGTGAG-1,1
pbmc,TATCAGGTCCGGTAAT-1,1
pbmc,TATCAGGTCCTAAGTG-1,1
pbmc,TATCAGGTCGAGAGAC-1,1
pbmc,TATCAGGTCGTTGCCT-1,1
pbmc,TATCAGGTCTCACGAA-1,1
pbmc,TATCAGGTCTGAATGC-1,1
pbmc,TATCCTAAGAGATGCC-1,1
pbmc,TATCCTAAGCTTCGTA-1,1
pbmc,TATCCTAAGGCGATAC-1,1
pbmc,TATCCTAAGTTACGAA-1,1
pbmc,TATCCTAAGTTGGAGC-1,2
pbmc,TATCCTACAACTGATC-1,1
pbmc,TATCCTACACAATGCT-1,1
pbmc,TATCCTACACAGTGTT-1,1
pbmc,TATCCTACAGAGCTAG-1,1
pbmc,TATCCTACAGTACTAC-1,1
pbmc,TATCCTAGTAACCCGC-1,2
pbmc,TATCCTAGTCTGTGCG-1,2
pbmc,TATCCTAGTCTTGGTA-1,1
pbmc,TATCCTAGTGATGGCA-1,2
pbmc,TATCCTAGTTTAGAGA-1,1
pbmc,TATCCTATCCAAGAGG-1,1
pbmc,TATCCTATCCATGCAA-1,1
pbmc,TATCCTATCCATTCAT-1,1
pbmc,TATCCTATCGAAGCCC-1,1
pbmc,TATCCTATCGGAACTT-1,1
pbmc,TATCCTATCGTGTGAT-1,1
pbmc,TATCGCCAGACATAAC-1,1
pbmc,TATCGCCAGCCGATCC-1,2
pbmc,TATCGCCAGGGAGAAT-1,1
pbmc,TATCGCCCAAAGACTA-1,1
pbmc,TATCGCCCAAGAGGTC-1,1
pbmc,TATCGCCCACAGACGA-1,1
pbmc,TATCGCCCACATTCGA-1,1
pbmc,TATCGCCCACCTGCAG-1,1
pbmc,TATCGCCCACGGTGCT-1,1
pbmc,TATCGCCCATAAGCGG-1,1
pbmc,TATCGCCCATATGGCT-1,2
pbmc,TATCGCCCATGTACGT-1,1
pbmc,TATCGCCGTAACATGA-1,1
pbmc,TATCGCCGTCACCGAC-1,1
pbmc,TATCGCCGTTGTGCAT-1,2
pbmc,TATCGCCGTTTCGTTT-1,1
pbmc,TATCGCCGTTTGTTCT-1,1
pbmc,TATCGCCTCAGCGCGT-1,1
pbmc,TATCGCCTCGCCGAGT-1,1
pbmc,TATCGCCTCTCCCAAC-1,591
pbmc,TATCGCCTCTCTTCAA-1,1
pbmc,TATCGCCTCTTACCGC-1,1
pbmc,TATCTGTAGAGGTTTA-1,1
pbmc,TATCTGTAGGCTGAAC-1,1
pbmc,TATCTGTAGGTAGATT-1,1
pbmc,TATCTGTAGTCTCGTA-1,1
pbmc,TATCTGTCAATCTCTT-1,1
pbmc,TATCTGTCATCGAGCC-1,2
pbmc,TATCTGTCATGAGTAA-1,1
pbmc,TATCTGTCATGTTCGA-1,1
pbmc,TATCTGTGTAGCGTCC-1,2
pbmc,TATCTGTGTCCTTGTC-1,1
pbmc,TATCTGTGTCGACTTA-1,1
pbmc,TATCTGTGTCTTCATT-1,3
pbmc,TATCTGTGTGCCGTAC-1,3
pbmc,TATCTGTGTGGATTTC-1,1
pbmc,TATCTGTGTTACGTAC-1,1
pbmc,TATCTGTGTTGACTAC-1,1
pbmc,TATCTGTTCATCAGTG-1,1
pbmc,TATCTGTTCGGTGTTA-1,1
pbmc,TATCTGTTCTCGCAGG-1,1
pbmc,TATCTTGAGAATCTAG-1,1
pbmc,TATCTTGAGACAGCTG-1,2
pbmc,TATCTTGAGCTACTGT-1,1
pbmc,TATCTTGAGCTATCCA-1,1
pbmc,TATCTTGAGCTTTCTT-1,1
pbmc,TATCTTGAGGACTAAT-1,1
pbmc,TATCTTGAGGCTTAGG-1,2
pbmc,TATCTTGAGTTCGCAT-1,1
pbmc,TATCTTGCAACGGTAG-1,1
pbmc,TATCTTGCAAGGATGC-1,1
pbmc,TATCTTGCAATACCTG-1,1
pbmc,TATCTTGCAATTGGTC-1,1
pbmc,TATCTTGCACGACAGA-1,1
pbmc,TATCTTGCACGCTGAC-1,1
pbmc,TATCTTGCACTCAAGT-1,1
pbmc,TATCTTGCAGGACTTT-1,1
pbmc,TATCTTGCATTAAGCC-1,1
pbmc,TATCTTGGTCGCAACC-1,1
pbmc,TATCTTGGTCTAGTGT-1,1
pbmc,TATCTTGGTCTGCATA-1,1
pbmc,TATCTTGGTGTGCTTA-1,1
pbmc,TATCTTGGTTGCTGAT-1,1
pbmc,TATCTTGTCATGAAAG-1,1
pbmc,TATCTTGTCCATCTCG-1,786
pbmc,TATCTTGTCCATTTCG-1,1
pbmc,TATCTTGTCCGAGATT-1,1
pbmc,TATCTTGTCGGCTTGG-1,17
pbmc,TATCTTGTCTCGTTTA-1,2
pbmc,TATCTTGTCTGGAAGG-1,1
pbmc,TATGTTCAGCAGGTCA-1,1
pbmc,TATGTTCAGGCATCAG-1,1
pbmc,TATGTTCAGGGCGAAG-1,2
pbmc,TATGTTCAGTATAGGT-1,1
pbmc,TATGTTCAGTATGGAT-1,186
pbmc,TATGTTCAGTGGTTCT-1,1
pbmc,TATGTTCCAAGCACCC-1,1
pbmc,TATGTTCCAAGGCAAC-1,1
pbmc,TATGTTCCACTGCTTC-1,1
pbmc,TATGTTCGTAACCCTA-1,1
pbmc,TATGTTCGTCCGTACG-1,1
pbmc,TATGTTCGTGAGTCAG-1,1
pbmc,TATGTTCGTTGTCATG-1,1
pbmc,TATGTTCGTTTGCAGT-1,1
pbmc,TATGTTCTCACTACGA-1,1
pbmc,TATGTTCTCAGCGCGT-1,1
pbmc,TATGTTCTCATCGTAG-1,1
pbmc,TATGTTCTCATGCATG-1,1
pbmc,TATGTTCTCCCTGGTT-1,1
pbmc,TATGTTCTCCGCTGTT-1,1
pbmc,TATGTTCTCCGTGGCA-1,2
pbmc,TATGTTCTCGACGAGA-1,1
pbmc,TATGTTCTCGAGAGAC-1,1
pbmc,TATGTTCTCGATTCCC-1,1
pbmc,TATGTTCTCGTGCAGC-1,1
pbmc,TATTCCAAGACTTCAC-1,1
pbmc,TATTCCAAGAGTATAC-1,1
pbmc,TATTCCAAGATGCTTC-1,1
pbmc,TATTCCAAGCGTGAAC-1,1
pbmc,TATTCCAAGGAGCAAA-1,1
pbmc,TATTCCAAGGGTTAGC-1,1
pbmc,TATTCCAAGTTATGGA-1,1
pbmc,TATTCCAAGTTGAAAC-1,1
pbmc,TATTCCACACAACGAG-1,2
pbmc,TATTCCACAGGATCTT-1,1
pbmc,TATTCCACATCCGCGA-1,1
pbmc,TATTCCACATCCTAAG-1,1
pbmc,TATTCCACATGCAGCC-1,1
pbmc,TATTCCAGTAGCCCTG-1,1
pbmc,TATTCCAGTATTAAGG-1,1
pbmc,TATTCCAGTGAGTGAC-1,1
pbmc,TATTCCAGTGATATAG-1,1
pbmc,TATTCCAGTGCATTAC-1,1
pbmc,TATTCCAGTGCTATTG-1,1
pbmc,TATTCCAGTGGTCTCG-1,1
pbmc,TATTCCAGTTCATCGA-1,1
pbmc,TATTCCAGTTGCTCGG-1,1
pbmc,TATTCCATCAACGTGT-1,1
pbmc,TATTCCATCAGACCGC-1,1
pbmc,TATTCCATCAGCCTCT-1,1
pbmc,TATTCCATCATGCATG-1,1
pbmc,TATTCCATCCATGATG-1,1
pbmc,TATTCCATCCTACTGC-1,2
pbmc,TATTGCTAGCGTGTCC-1,1
pbmc,TATTGCTAGCTCGGCT-1,1
pbmc,TATTGCTAGGATGTTA-1,1
pbmc,TATTGCTAGGTGATAT-1,1
pbmc,TATTGCTAGTGGATAT-1,2
pbmc,TATTGCTCAACTGCTA-1,2
pbmc,TATTGCTCAAGGCCTC-1,1
pbmc,TATTGCTCAAGTCCAT-1,1
pbmc,TATTGCTCAATACGAA-1,1
pbmc,TATTGCTCACGGATCC-1,2
pbmc,TATTGCTCACGTGAGA-1,1
pbmc,TATTGCTCAGAGGAAA-1,1
pbmc,TATTGCTCAGCTGTAT-1,1
pbmc,TATTGCTCAGTAGTGG-1,1
pbmc,TATTGCTGTAACAGTA-1,1
pbmc,TATTGCTGTGATAGTA-1,1
pbmc,TATTGCTGTGCTGATT-1,1
pbmc,TATTGCTGTGGGATTG-1,1
pbmc,TATTGCTGTTGTGGAG-1,1
pbmc,TATTGCTTCAACTACG-1,2
pbmc,TATTGCTTCAACTGGT-1,1
pbmc,TATTGCTTCACCCATC-1,1
pbmc,TATTGCTTCACTGTCC-1,1
pbmc,TATTGCTTCGCTTACC-1,1
pbmc,TATTGCTTCTCACGAA-1,1
pbmc,TATTGCTTCTCGAACA-1,205
pbmc,TATTGCTTCTCGAGTA-1,1
pbmc,TATTGCTTCTGGTTGA-1,1
pbmc,TATTGCTTCTTCTTCC-1,1
pbmc,TATTGGGAGAACCGCA-1,1
pbmc,TATTGGGAGCGTCAGA-1,1
pbmc,TATTGGGAGGGACCAT-1,1
pbmc,TATTGGGAGGTCCGAA-1,1
pbmc,TATTGGGAGGTCTACT-1,1
pbmc,TATTGGGAGTAAATGC-1,1
pbmc,TATTGGGAGTTGCATC-1,1
pbmc,TATTGGGCAAACACGG-1,1
pbmc,TATTGGGCAAACTAGA-1,1
pbmc,TATTGGGCACACAGCC-1,1
pbmc,TATTGGGCATGACCCG-1,1
pbmc,TATTGGGGTCCACTCT-1,1
pbmc,TATTGGGGTCCGGATC-1,1
pbmc,TATTGGGGTTGCGGCT-1,1
pbmc,TATTGGGTCAAACTGC-1,2
pbmc,TATTGGGTCAAAGAAC-1,1
pbmc,TATTGGGTCATACGAC-1,1
pbmc,TATTGGGTCGCCTAGG-1,1
pbmc,TATTGGGTCGGTCACG-1,2
pbmc,TATTGGGTCGTCTAAG-1,1
pbmc,TATTGGGTCGTGTGAT-1,1
pbmc,TATTTCGAGCACGATG-1,1
pbmc,TATTTCGAGCCACCGT-1,1
pbmc,TATTTCGAGGTAGTAT-1,1
pbmc,TATTTCGAGTACAGAT-1,1
pbmc,TATTTCGAGTCGGCCT-1,2
pbmc,TATTTCGAGTGAGGCT-1,1
pbmc,TATTTCGCAACTCGAT-1,1
pbmc,TATTTCGCAAGTTCGT-1,1
pbmc,TATTTCGCAATACGAA-1,1
pbmc,TATTTCGCACGCGCTA-1,1
pbmc,TATTTCGCACGCTGAC-1,1
pbmc,TATTTCGCAGAGTGTG-1,1
pbmc,TATTTCGCATAACCCA-1,1
pbmc,TATTTCGCATGCCATA-1,1
pbmc,TATTTCGGTACGATGG-1,1
pbmc,TATTTCGGTGGGATTG-1,1
pbmc,TATTTCGGTTAAACCC-1,1
pbmc,TATTTCGTCAATCAGC-1,1
pbmc,TATTTCGTCATTGCGA-1,1
pbmc,TATTTCGTCCTGGGTG-1,1
pbmc,TATTTCGTCGTCTAAG-1,2
pbmc,TATTTCGTCGTGGCTG-1,1
pbmc,TATTTCGTCTATACGG-1,1
pbmc,TATTTCGTCTTAGCCC-1,1
pbmc,TATTTCGTCTTTGGAG-1,1
pbmc,TCAAGACAGTTGGCTT-1,1
pbmc,TCAAGACCAAAGGGTC-1,2
pbmc,TCAAGACCAGCCCAGT-1,1
pbmc,TCAAGACCATACGCAT-1,1
pbmc,TCAAGACGTCAGTTTG-1,1
pbmc,TCAAGACGTCGCAACC-1,1
pbmc,TCAAGACGTCTAGTGT-1,1
pbmc,TCAAGACGTCTCACAA-1,2
pbmc,TCAAGACTCCCGGTAG-1,2
pbmc,TCAAGACTCCTATGGA-1,1
pbmc,TCAAGACTCGAACCTA-1,1
pbmc,TCAAGACTCGCAATGT-1,1
pbmc,TCAAGACTCTAGCCTC-1,1
pbmc,TCAAGACTCTGCGTCT-1,1
pbmc,TCAAGCAAGATGGTCG-1,1
pbmc,TCAAGCAAGGAACATT-1,2
pbmc,TCAAGCAAGGATTTGA-1,1
pbmc,TCAAGCACAAGCGCAA-1,1
pbmc,TCAAGCACACCTCAGG-1,1
pbmc,TCAAGCAGTACCTGTA-1,1
pbmc,TCAAGCATCCACTTTA-1,323
pbmc,TCAAGCATCCCTCTTT-1,1
pbmc,TCAAGCATCCTGGGAC-1,1
pbmc,TCAAGCATCGGTAGGA-1,1
pbmc,TCAAGCATCTCATTTG-1,1
pbmc,TCAAGCATCTGTCGTC-1,2
pbmc,TCAAGTGAGACTGAGC-1,1
pbmc,TCAAGTGAGAGGTTTA-1,1
pbmc,TCAAGTGAGCTTTGTG-1,1
pbmc,TCAAGTGAGGAGCAAA-1,1
pbmc,TCAAGTGAGGTAAAGG-1,1
pbmc,TCAAGTGAGTAAGCAT-1,1
pbmc,TCAAGTGCAAGAGGTC-1,1
pbmc,TCAAGTGCACTGTTCC-1,1
pbmc,TCAAGTGCAGCAGTTT-1,1
pbmc,TCAAGTGCATGAAGGC-1,1
pbmc,TCAAGTGGTATCCCAA-1,1
pbmc,TCAAGTGGTCCTACGG-1,2
pbmc,TCAAGTGGTTCTTCAT-1,1
pbmc,TCAAGTGTCAGATGCT-1,1
pbmc,TCAAGTGTCCTGTTGC-1,2
pbmc,TCAATCTAGAGGTTTA-1,225
pbmc,TCAATCTAGGAGGTTC-1,1
pbmc,TCAATCTAGGGAGTGG-1,1
pbmc,TCAATCTCAAGACGTG-1,1
pbmc,TCAATCTCAATGACCT-1,1
pbmc,TCAATCTCAATGCAAA-1,1
pbmc,TCAATCTCAGCTCCTT-1,1
pbmc,TCAATCTCAGGACAGT-1,1
pbmc,TCAATCTCAGGTGAGT-1,1
pbmc,TCAATCTCATCAACCA-1,1
pbmc,TCAATCTGTCCCGGTA-1,1
pbmc,TCAATCTGTCTGCATA-1,1
pbmc,TCAATCTGTGAGATCG-1,1
pbmc,TCAATCTGTGATTGGG-1,1
pbmc,TCAATCTGTGTAACGG-1,1
pbmc,TCAATCTGTTACCGTA-1,2
pbmc,TCAATCTGTTACGATC-1,1
pbmc,TCAATCTGTTATGGTC-1,1
pbmc,TCAATCTGTTGCTCCT-1,1
pbmc,TCAATCTGTTTCAGAC-1,1
pbmc,TCAATCTGTTTCCCAC-1,178
pbmc,TCAATCTTCAAGTTGC-1,1
pbmc,TCAATCTTCTACGGGC-1,2
pbmc,TCAATCTTCTGGAAGG-1,1
pbmc,TCAATTCAGATGGTCG-1,1
pbmc,TCAATTCAGCCTCAGC-1,1
pbmc,TCAATTCAGTGGCGAT-1,2
pbmc,TCAATTCCATGGCACC-1,1
pbmc,TCAATTCCATTAGGAA-1,1
pbmc,TCAATTCGTGTCTTAG-1,1
pbmc,TCAATTCTCAGTCATG-1,1
pbmc,TCAATTCTCCCGAAAT-1,1
pbmc,TCAATTCTCGATCCAA-1,1
pbmc,TCAATTCTCGGTAGAG-1,1
pbmc,TCAATTCTCTCCGAGG-1,1
pbmc,TCAATTCTCTTTGGAG-1,1
pbmc,TCACAAGAGCATGGGT-1,1
pbmc,TCACAAGAGCCGCTTG-1,1
pbmc,TCACAAGAGTCAGCGA-1,1
pbmc,TCACAAGAGTGCCCGT-1,1
pbmc,TCACAAGAGTGGAATT-1,1
pbmc,TCACAAGCAAGTGCTT-1,1
pbmc,TCACAAGCAGAAGTTA-1,2
pbmc,TCACAAGCAGCGTGCT-1,1
pbmc,TCACAAGCAGTCTGGC-1,1
pbmc,TCACAAGCATCCTATT-1,1
pbmc,TCACAAGCATGACAAA-1,1
pbmc,TCACAAGCATGCGGTC-1,1
pbmc,TCACAAGCATGCGTGC-1,1
pbmc,TCACAAGGTAACGATA-1,1
pbmc,TCACAAGGTAGCACGA-1,1
pbmc,TCACAAGGTAGTGGCA-1,252
pbmc,TCACAAGGTATGGTTC-1,1
pbmc,TCACAAGGTCAGGAGT-1,2
pbmc,TCACAAGGTGAGATAT-1,1
pbmc,TCACAAGGTGGATACG-1,330
pbmc,TCACAAGGTTGTTTGG-1,1
pbmc,TCACAAGGTTTGGGTT-1,1
pbmc,TCACAAGTCAAGAGGC-1,1
pbmc,TCACAAGTCAATGCAC-1,1
pbmc,TCACAAGTCCGTCACT-1,2
pbmc,TCACAAGTCGATCCCT-1,1
pbmc,TCACAAGTCGGCATCG-1,1
pbmc,TCACAAGTCTCCTGCA-1,1
pbmc,TCACAAGTCTCTGCTG-1,1
pbmc,TCACAAGTCTGACAGT-1,2
pbmc,TCACACCAGAAATGGG-1,1
pbmc,TCACACCAGATACGAT-1,1
pbmc,TCACACCAGCCGTCGT-1,1
pbmc,TCACACCAGGCACCAA-1,1
pbmc,TCACACCAGGGAGGAC-1,1
pbmc,TCACACCAGGTATTGA-1,1
pbmc,TCACACCAGGTCATTC-1,1
pbmc,TCACACCAGTCGCCAC-1,1
pbmc,TCACACCAGTCTGCAT-1,1
pbmc,TCACACCAGTTTGAGA-1,1
pbmc,TCACACCCAAAGCAAT-1,1
pbmc,TCACACCCAACCGTGC-1,1
pbmc,TCACACCCACAGCCAC-1,1
pbmc,TCACACCCACCAGCCA-1,556
pbmc,TCACACCCACCTTCGT-1,1
pbmc,TCACACCCACGACGCT-1,1
pbmc,TCACACCCACTTACTT-1,2
pbmc,TCACACCCAGGGACTA-1,1
pbmc,TCACACCCAGTTGCGC-1,1
pbmc,TCACACCCATCGCTAA-1,1
pbmc,TCACACCCATGACTAC-1,1
pbmc,TCACACCCATGTTCAG-1,1
pbmc,TCACACCGTAACACGG-1,1
pbmc,TCACACCGTCTAACGT-1,1
pbmc,TCACACCGTCTCACGG-1,228
pbmc,TCACACCGTGTCTTAG-1,1
pbmc,TCACACCGTTAAACCC-1,410
pbmc,TCACACCGTTGAGGAC-1,1
pbmc,TCACACCGTTGTCAGT-1,1
pbmc,TCACACCTCAAGTGTC-1,1
pbmc,TCACACCTCCAGCTCT-1,1
pbmc,TCACACCTCCGATCTC-1,1
pbmc,TCACACCTCCGCCTAT-1,1
pbmc,TCACACCTCCGCTGTT-1,1
pbmc,TCACACCTCTGGGAGA-1,181
pbmc,TCACACCTCTTACCAT-1,281
pbmc,TCACATTAGAATCGCG-1,1
pbmc,TCACATTAGAGGCCAT-1,1
pbmc,TCACATTAGCGTCAAG-1,1
pbmc,TCACATTAGGGCTAAC-1,1
pbmc,TCACATTAGGGTATAT-1,2
pbmc,TCACATTAGGTACATA-1,1
pbmc,TCACATTAGTAATTGG-1,2
pbmc,TCACATTAGTCGCCAC-1,1
pbmc,TCACATTAGTTGCGCC-1,1
pbmc,TCACATTCAAACAGGC-1,2
pbmc,TCACATTCAAACTAAG-1,1
pbmc,TCACATTCAACACAAA-1,1
pbmc,TCACATTCAACGGCCT-1,1
pbmc,TCACATTCAAGACCGA-1,1
pbmc,TCACATTCAAGTGACG-1,1
pbmc,TCACATTCAGAACTAA-1,504
pbmc,TCACATTCATAGAGGC-1,1
pbmc,TCACATTCATCAGCAT-1,1
pbmc,TCACATTCATGCCATA-1,300
pbmc,TCACATTGTAACACCT-1,1
pbmc,TCACATTGTACTCGCG-1,1
pbmc,TCACATTGTATCAAGA-1,1
pbmc,TCACATTGTCAGGTGA-1,2
pbmc,TCACATTTCTCTCGAC-1,1
pbmc,TCACATTTCTGAGATC-1,1
pbmc,TCACATTTCTTTGGAG-1,1
pbmc,TCACGCTAGACTCTTG-1,1
pbmc,TCACGCTAGGACATCG-1,242
pbmc,TCACGCTAGGACGGAG-1,1
pbmc,TCACGCTAGGAGATAG-1,1
pbmc,TCACGCTAGTAGCATA-1,1
pbmc,TCACGCTCACAAGCCC-1,1
pbmc,TCACGCTCACCGCTAG-1,1
pbmc,TCACGCTCACTGCCTT-1,1
pbmc,TCACGCTCAGCTGTGC-1,1
pbmc,TCACGCTCAGGCACTC-1,1
pbmc,TCACGCTCATACATCG-1,1
pbmc,TCACGCTCATCAGCTA-1,1
pbmc,TCACGCTCATCGTGGC-1,1
pbmc,TCACGCTCATGCGTGC-1,1
pbmc,TCACGCTGTCAGTCGC-1,1
pbmc,TCACGCTGTCTGCCTT-1,241
pbmc,TCACGCTGTGACATCT-1,1
pbmc,TCACGCTTCACTAGCA-1,278
pbmc,TCACGCTTCATGCCGG-1,1
pbmc,TCACGCTTCCACACCT-1,2
pbmc,TCACGCTTCCCTTGTG-1,1
pbmc,TCACGCTTCCGCAACG-1,1
pbmc,TCACGCTTCCTCACTG-1,1
pbmc,TCACGCTTCGCTGACG-1,15
pbmc,TCACGCTTCGGACTGC-1,198
pbmc,TCACGCTTCGGATTAC-1,1
pbmc,TCACGCTTCTACCAGA-1,1
pbmc,TCACGCTTCTCCATAT-1,2
pbmc,TCACGCTTCTGGTTAA-1,1
pbmc,TCACGGGAGAGGCGTT-1,1
pbmc,TCACGGGAGATGGTCG-1,1
pbmc,TCACGGGAGCATGATA-1,1
pbmc,TCACGGGAGCCGTTGC-1,1
pbmc,TCACGGGAGCCTCAAT-1,1
pbmc,TCACGGGAGGCAGTCA-1,2
pbmc,TCACGGGAGTTCACTG-1,1
pbmc,TCACGGGCAACCGACC-1,417
pbmc,TCACGGGCACGTAGAG-1,1
pbmc,TCACGGGCATCCGCGA-1,2
pbmc,TCACGGGCATGCACTA-1,1
pbmc,TCACGGGGTAAGGCCA-1,1
pbmc,TCACGGGGTACTCCGG-1,1
pbmc,TCACGGGGTTAAGACA-1,2
pbmc,TCACGGGGTTGACGGA-1,1
pbmc,TCACGGGTCACTTCTA-1,1
pbmc,TCACGGGTCATTGCTT-1,1
pbmc,TCACGGGTCCCTTTGG-1,2
pbmc,TCACGGGTCGCCTCTA-1,1
pbmc,TCACTATAGAACGTGC-1,1
pbmc,TCACTATAGCATTTGC-1,1
pbmc,TCACTATAGCGCGTTC-1,2
pbmc,TCACTATAGGTTGGTG-1,1
pbmc,TCACTATAGTGGAATT-1,1
pbmc,TCACTATCAACGATCT-1,1
pbmc,TCACTATCAACTCGAT-1,1
pbmc,TCACTATCAAGCGAGT-1,1
pbmc,TCACTATCACCTTCGT-1,2
pbmc,TCACTATCACTTCCTG-1,1
pbmc,TCACTATCATCTATCT-1,1
pbmc,TCACTATGTATGCTAC-1,1
pbmc,TCACTATGTCAATGGG-1,1
pbmc,TCACTATGTCGATTAC-1,1
pbmc,TCACTATGTCTAGATC-1,2
pbmc,TCACTATGTGATCATC-1,1
pbmc,TCACTATGTTAAGACA-1,1
pbmc,TCACTATGTTATAGAG-1,1
pbmc,TCACTATGTTTACACG-1,1
pbmc,TCACTATGTTTAGACC-1,249
pbmc,TCACTATGTTTGTGGT-1,1
pbmc,TCACTATTCAGCTAGT-1,1
pbmc,TCACTATTCATCCTAT-1,1
pbmc,TCACTATTCATGAGTC-1,1
pbmc,TCACTATTCGCACGGT-1,2
pbmc,TCACTATTCGTGTTCC-1,1
pbmc,TCACTATTCTCCTGTG-1,1
pbmc,TCACTATTCTCTGAGA-1,1
pbmc,TCACTATTCTTCGTGC-1,1
pbmc,TCACTCGAGCCTTTGA-1,1
pbmc,TCACTCGAGCTTCATG-1,1
pbmc,TCACTCGAGGGCAGTC-1,1
pbmc,TCACTCGAGTTCGGTT-1,1
pbmc,TCACTCGCAAAGCAAT-1,384
pbmc,TCACTCGCAAAGCACG-1,1
pbmc,TCACTCGCAACTGATC-1,1
pbmc,TCACTCGCAAGGACAC-1,1
pbmc,TCACTCGCAATCTTCT-1,1
pbmc,TCACTCGCACGCTGTG-1,1
pbmc,TCACTCGCACGGCACT-1,1
pbmc,TCACTCGCACGGTGAA-1,1
pbmc,TCACTCGCAGCGGTCT-1,1
pbmc,TCACTCGCATCACCAA-1,1
pbmc,TCACTCGCATCTCATT-1,1
pbmc,TCACTCGCATGCGTGC-1,1
pbmc,TCACTCGGTCAACCAT-1,292
pbmc,TCACTCGGTCGGTAAG-1,1
pbmc,TCACTCGGTGCTATTG-1,2
pbmc,TCACTCGGTTAACAGA-1,1
pbmc,TCACTCGGTTGCACGC-1,1
pbmc,TCACTCGGTTGTTGAC-1,1
pbmc,TCACTCGTCAAGGACG-1,1
pbmc,TCACTCGTCCAACAAT-1,1
pbmc,TCACTCGTCCACCAGA-1,1
pbmc,TCACTCGTCCGAAACC-1,2
pbmc,TCACTCGTCGCAGTTA-1,1
pbmc,TCACTCGTCGGTCATA-1,322
pbmc,TCACTCGTCTCATGGA-1,1
pbmc,TCACTCGTCTCCACTG-1,1
pbmc,TCAGCAAAGAAGGTGG-1,1
pbmc,TCAGCAAAGCAGCCCT-1,1
pbmc,TCAGCAAAGCCTCTGG-1,1
pbmc,TCAGCAAAGCGACCCT-1,2
pbmc,TCAGCAAAGCTGACCC-1,1
pbmc,TCAGCAAAGGAACGCT-1,1
pbmc,TCAGCAAAGGCAGGGA-1,1
pbmc,TCAGCAAAGGCTCACC-1,1
pbmc,TCAGCAAAGGTCCCGT-1,1
pbmc,TCAGCAACAAACTCGT-1,1
pbmc,TCAGCAACAAATCAAG-1,449
pbmc,TCAGCAACAACTTGGT-1,1
pbmc,TCAGCAACACAGGAGT-1,2
pbmc,TCAGCAACACTTACAG-1,1
pbmc,TCAGCAACAGCTGAGA-1,1
pbmc,TCAGCAACATAGAGGC-1,1
pbmc,TCAGCAACATCTATCT-1,1
pbmc,TCAGCAAGTATGACAA-1,529
pbmc,TCAGCAAGTCCGATCG-1,1
pbmc,TCAGCAAGTCGACTGC-1,1
pbmc,TCAGCAAGTCTGTTAG-1,1
pbmc,TCAGCAAGTGACTAAA-1,1
pbmc,TCAGCAAGTTAAGACA-1,1
pbmc,TCAGCAAGTTACGCCG-1,1
pbmc,TCAGCAATCACTCCGT-1,1
pbmc,TCAGCAATCAGCATAT-1,1
pbmc,TCAGCAATCCCATTCG-1,1
pbmc,TCAGCAATCCTTAGTC-1,1
pbmc,TCAGCAATCGTAGGGA-1,2
pbmc,TCAGCAATCTAGTGTG-1,1
pbmc,TCAGCAATCTTCGTAT-1,1
pbmc,TCAGCAATCTTGAACG-1,1
pbmc,TCAGCCTAGAAGGCTC-1,1
pbmc,TCAGCCTAGAATACAC-1,2
pbmc,TCAGCCTAGACTTGTC-1,2
pbmc,TCAGCCTAGCAACCAG-1,1
pbmc,TCAGCCTAGCACCCAC-1,2
pbmc,TCAGCCTAGCCGATAG-1,1
pbmc,TCAGCCTAGCGCTTCG-1,1
pbmc,TCAGCCTAGCGGACAT-1,1
pbmc,TCAGCCTAGGTCATAA-1,1
pbmc,TCAGCCTAGTGTAGTA-1,1
pbmc,TCAGCCTCAACGGTAG-1,1
pbmc,TCAGCCTCAACTTGCA-1,1
pbmc,TCAGCCTCACCATAAC-1,1
pbmc,TCAGCCTCACGAAGAC-1,1
pbmc,TCAGCCTCACGGGCTT-1,1
pbmc,TCAGCCTCAGTGGCTC-1,1
pbmc,TCAGCCTCATACCAGT-1,1
pbmc,TCAGCCTCATCGGAAG-1,1
pbmc,TCAGCCTGTTTCGACA-1,1
pbmc,TCAGCCTGTTTGGGTT-1,1
pbmc,TCAGCCTTCATATGGC-1,1
pbmc,TCAGCCTTCCTGGTCT-1,2
pbmc,TCAGCCTTCTCTAGGA-1,1
pbmc,TCAGGGCAGACTCGAG-1,1
pbmc,TCAGGGCAGGAGGGTG-1,1
pbmc,TCAGGGCAGGCAATGC-1,1
pbmc,TCAGGGCAGTTGGCGA-1,1
pbmc,TCAGGGCCACAAACGG-1,1
pbmc,TCAGGGCCACTCCGAG-1,1
pbmc,TCAGGGCCAGGACATG-1,1
pbmc,TCAGGGCCATCAGTGT-1,1
pbmc,TCAGGGCCATCCGTTC-1,1
pbmc,TCAGGGCCATCTAGAC-1,1
pbmc,TCAGGGCGTAACATAG-1,2
pbmc,TCAGGGCGTGGTCAAG-1,1
pbmc,TCAGGGCGTTGCCATA-1,1
pbmc,TCAGGGCTCACCTGTC-1,1
pbmc,TCAGGGCTCACGGAGA-1,2
pbmc,TCAGGGCTCACGTAGT-1,1
pbmc,TCAGGGCTCATGCAGC-1,1
pbmc,TCAGGGCTCATGCGGC-1,339
pbmc,TCAGGGCTCATTCGGA-1,1
pbmc,TCAGGGCTCCAAATGC-1,1
pbmc,TCAGGGCTCCTACCAC-1,1
pbmc,TCAGGGCTCGAGCCTG-1,1
pbmc,TCAGGGCTCGCTATTT-1,1
pbmc,TCAGGGCTCGCTTGCT-1,1
pbmc,TCAGGGCTCTGACAGT-1,1
pbmc,TCAGGGCTCTGATGGT-1,1
pbmc,TCAGGGCTCTGCGTCC-1,1
pbmc,TCAGGGCTCTGTTGGA-1,1
pbmc,TCAGGTAAGACTACGG-1,1
pbmc,TCAGGTAAGCGTGAGT-1,1
pbmc,TCAGGTAAGCGTGCTC-1,1
pbmc,TCAGGTAAGGATACCG-1,1
pbmc,TCAGGTAAGGTTCACT-1,1
pbmc,TCAGGTAAGTAACGTA-1,1
pbmc,TCAGGTAAGTACGAGC-1,1
pbmc,TCAGGTAAGTAGTCCT-1,1
pbmc,TCAGGTACAAGCGTAG-1,1
pbmc,TCAGGTACAATCGCAT-1,181
pbmc,TCAGGTACAATTAGGA-1,1
pbmc,TCAGGTACACCTCTGT-1,1
pbmc,TCAGGTACACTCCTTG-1,1
pbmc,TCAGGTACAGACGCCT-1,1
pbmc,TCAGGTACAGCCTATA-1,1
pbmc,TCAGGTACAGCTATTG-1,1
pbmc,TCAGGTACAGTCAGCC-1,1
pbmc,TCAGGTACATAGCACT-1,1
pbmc,TCAGGTACATCCAATG-1,1
pbmc,TCAGGTACATGATGCT-1,1
pbmc,TCAGGTAGTATGGTAA-1,248
pbmc,TCAGGTAGTATTCCTT-1,1
pbmc,TCAGGTAGTCGCATTA-1,1
pbmc,TCAGGTAGTGATGAAT-1,1
pbmc,TCAGGTAGTGCACGAA-1,1
pbmc,TCAGGTAGTGGATCAG-1,1
pbmc,TCAGGTAGTGTAGCAG-1,1
pbmc,TCAGGTATCAGGGATG-1,1
pbmc,TCAGGTATCATTCGGA-1,1
pbmc,TCAGGTATCTGGTCAA-1,1
pbmc,TCAGTCCAGCTAAGTA-1,1
pbmc,TCAGTCCAGCTCCATA-1,1
pbmc,TCAGTCCAGGCTATCT-1,1
pbmc,TCAGTCCAGGCTGAAC-1,2
pbmc,TCAGTCCAGTATCCTG-1,1
pbmc,TCAGTCCCAACAGAGC-1,1
pbmc,TCAGTCCCAACTCATG-1,1
pbmc,TCAGTCCCAACTCGAT-1,1
pbmc,TCAGTCCCACAAGGTG-1,1
pbmc,TCAGTCCCACTACCGG-1,1
pbmc,TCAGTCCCAGCATTGT-1,1
pbmc,TCAGTCCCAGTCTACA-1,1
pbmc,TCAGTCCGTAAGATCA-1,370
pbmc,TCAGTCCGTAAGTCAA-1,1
pbmc,TCAGTCCGTAGATCCT-1,1
pbmc,TCAGTCCGTAGGTGCA-1,1
pbmc,TCAGTCCGTATTTCCT-1,1
pbmc,TCAGTCCGTCACCGCA-1,1
pbmc,TCAGTCCGTCGAGCTC-1,1
pbmc,TCAGTCCGTCTCTCAC-1,304
pbmc,TCAGTCCGTGTCTAAC-1,1
pbmc,TCAGTCCGTTACGCCG-1,1
pbmc,TCAGTCCTCACCGGGT-1,1
pbmc,TCAGTCCTCAGTGTCA-1,1
pbmc,TCAGTCCTCCACACCT-1,1
pbmc,TCAGTCCTCCCGAACG-1,1
pbmc,TCAGTCCTCCGTGTGG-1,1
pbmc,TCAGTCCTCTGTCCGT-1,1
pbmc,TCAGTGAAGGTACAAT-1,1
pbmc,TCAGTGAAGTGCAACG-1,1
pbmc,TCAGTGAAGTGCAGGT-1,1
pbmc,TCAGTGACAATCCAGT-1,1
pbmc,TCAGTGACAGCGGTTC-1,1
pbmc,TCAGTGACAGTTAGAA-1,1
pbmc,TCAGTGAGTAACCCTA-1,1
pbmc,TCAGTGAGTATGTCCA-1,1
pbmc,TCAGTGAGTCCCTGTT-1,1
pbmc,TCAGTGAGTCCTGAAT-1,1
pbmc,TCAGTGAGTGTCTTAG-1,1
pbmc,TCAGTGATCAAGTAAG-1,1
pbmc,TCAGTGATCACCATAG-1,1
pbmc,TCAGTGATCACCATCC-1,1
pbmc,TCAGTGATCCGAGTGC-1,1
pbmc,TCAGTGATCCGGTTCT-1,1
pbmc,TCAGTGATCCTGTAGA-1,1
pbmc,TCAGTTTAGCGGGTAT-1,1
pbmc,TCAGTTTAGGATATAC-1,340
pbmc,TCAGTTTAGGCCTGAA-1,1
pbmc,TCAGTTTAGGGAGAAT-1,1
pbmc,TCAGTTTAGTATAGAC-1,1
pbmc,TCAGTTTAGTTACGAA-1,1
pbmc,TCAGTTTCAAACCGGA-1,1
pbmc,TCAGTTTCACAAGCCC-1,1
pbmc,TCAGTTTCACATCCCT-1,1
pbmc,TCAGTTTCAGAATCGG-1,1
pbmc,TCAGTTTCATGTTCGA-1,2
pbmc,TCAGTTTCATTCATCT-1,1
pbmc,TCAGTTTGTAGATGTA-1,1
pbmc,TCAGTTTGTAGATTAG-1,1
pbmc,TCAGTTTGTCAACACT-1,1
pbmc,TCAGTTTGTCACAGTT-1,2
pbmc,TCAGTTTGTCATGCAT-1,1
pbmc,TCAGTTTGTCTCCCTA-1,1
pbmc,TCAGTTTGTGAGTTGG-1,1
pbmc,TCAGTTTGTGCAACGA-1,1
pbmc,TCAGTTTTCATTGCTT-1,1
pbmc,TCAGTTTTCCCTCGTA-1,1
pbmc,TCAGTTTTCCGCGGAT-1,1
pbmc,TCAGTTTTCGACCTAA-1,1
pbmc,TCAGTTTTCGCTAGCG-1,1
pbmc,TCAGTTTTCGGCTTGG-1,1
pbmc,TCATACTAGAGTATAC-1,2
pbmc,TCATACTAGATCCTAC-1,1
pbmc,TCATACTAGGCACAAC-1,2
pbmc,TCATACTCAGAGCAGT-1,1
pbmc,TCATACTCAGCTAACT-1,1
pbmc,TCATACTCAGGTACGA-1,212
pbmc,TCATACTCAGTCTGGC-1,2
pbmc,TCATACTGTAGTCGTT-1,1
pbmc,TCATACTGTCCCTGAG-1,1
pbmc,TCATACTGTGCATTTG-1,1
pbmc,TCATACTGTGCGGCTT-1,1
pbmc,TCATACTGTGCGTGCT-1,2
pbmc,TCATACTGTGGTATGG-1,1
pbmc,TCATACTTCAGAGCAG-1,198
pbmc,TCATACTTCAGCCTCT-1,1
pbmc,TCATACTTCCGAAGGA-1,1
pbmc,TCATACTTCGAAGCAG-1,1
pbmc,TCATACTTCGTTAGTG-1,1
pbmc,TCATACTTCTTAGTTC-1,1
pbmc,TCATATCAGACCATAA-1,1
pbmc,TCATATCAGAGATCGC-1,1
pbmc,TCATATCAGCCACAAG-1,1
pbmc,TCATATCAGTCCCTAA-1,1
pbmc,TCATATCCACAAGCAG-1,1
pbmc,TCATATCCACTCCTGT-1,1
pbmc,TCATATCCATAACCCA-1,3
pbmc,TCATATCCATGCTGCG-1,382
pbmc,TCATATCCATTAAGCC-1,1
pbmc,TCATATCCATTGTACG-1,1
pbmc,TCATATCGTAGACAGC-1,1
pbmc,TCATATCGTATCGCGC-1,1
pbmc,TCATATCGTCAGCTTA-1,1
pbmc,TCATATCGTCGTGATT-1,1
pbmc,TCATATCGTGAAAGTT-1,1
pbmc,TCATATCTCATCGTAG-1,1
pbmc,TCATATCTCATGAGAA-1,1
pbmc,TCATATCTCATGTCAG-1,1
pbmc,TCATATCTCCACTGAA-1,1
pbmc,TCATATCTCCAGTACA-1,1
pbmc,TCATATCTCGAAGGAC-1,1
pbmc,TCATCATAGAACACGT-1,1
pbmc,TCATCATAGCACACAG-1,330
pbmc,TCATCATAGCACCAGA-1,1
pbmc,TCATCATAGGGTACAC-1,2
pbmc,TCATCATAGGTACAGC-1,1
pbmc,TCATCATAGGTTAAAC-1,1
pbmc,TCATCATAGTTAACGA-1,2
pbmc,TCATCATCACCGGTCA-1,1
pbmc,TCATCATCACTGAATC-1,1
pbmc,TCATCATCAGCAGGAT-1,1
pbmc,TCATCATCAGCGGTCT-1,1
pbmc,TCATCATCAGTCAGCC-1,1
pbmc,TCATCATCATGGACAG-1,1
pbmc,TCATCATGTAGTTAGA-1,1
pbmc,TCATCATGTATAGGAT-1,1
pbmc,TCATCATGTTATTCTC-1,1
pbmc,TCATCATGTTGCACGC-1,188
pbmc,TCATCATTCAAGCCTA-1,1
pbmc,TCATCATTCAGGAACG-1,1
pbmc,TCATCATTCCTACCGT-1,1
pbmc,TCATCCGAGCCTAGGA-1,1
pbmc,TCATCCGAGCGCCCAT-1,1
pbmc,TCATCCGAGGGACACT-1,1
pbmc,TCATCCGAGGTATAGT-1,1
pbmc,TCATCCGAGGTGCGAT-1,1
pbmc,TCATCCGCACACCGAC-1,1
pbmc,TCATCCGCACGCAAAG-1,1
pbmc,TCATCCGCACGGAAGT-1,1
pbmc,TCATCCGCACTGGCCA-1,1
pbmc,TCATCCGCATTGCCTC-1,1
pbmc,TCATCCGGTAACATAG-1,1
pbmc,TCATCCGGTACCAGAG-1,1
pbmc,TCATCCGGTCTCACAA-1,1
pbmc,TCATCCGGTGATGAAT-1,2
pbmc,TCATCCGGTTCCACAA-1,1
pbmc,TCATCCGGTTGAATCC-1,2
pbmc,TCATCCGGTTGCCGCA-1,1
pbmc,TCATCCGTCCAACTGA-1,203
pbmc,TCATCCGTCGCAGAGA-1,1
pbmc,TCATGAGAGACGCTCC-1,1
pbmc,TCATGAGAGCATATGA-1,1
pbmc,TCATGAGAGCCATTTG-1,1
pbmc,TCATGAGAGGGTATAT-1,1
pbmc,TCATGAGCAACTCGTA-1,1
pbmc,TCATGAGCAAGAGATT-1,1
pbmc,TCATGAGCAAGGCAAC-1,14
pbmc,TCATGAGCAATCTGCA-1,1
pbmc,TCATGAGCAGATAAAC-1,2
pbmc,TCATGAGCAGATGCGA-1,2
pbmc,TCATGAGCAGGATGAC-1,2
pbmc,TCATGAGCAGTGCGCT-1,1
pbmc,TCATGAGGTACCGTCG-1,2
pbmc,TCATGAGGTAGGCTGA-1,1
pbmc,TCATGAGGTCCATCTC-1,1
pbmc,TCATGAGGTGATGTAA-1,2
pbmc,TCATGAGGTGCAGGAT-1,1
pbmc,TCATGAGGTTTACCTT-1,1
pbmc,TCATGAGTCAGATGCT-1,1
pbmc,TCATGAGTCATTATCC-1,2
pbmc,TCATGAGTCATTCACT-1,2
pbmc,TCATGAGTCCAGCCTT-1,1
pbmc,TCATGAGTCGAGCTGC-1,1
pbmc,TCATGAGTCTCCCATG-1,2
pbmc,TCATGCCAGGTTTACC-1,1
pbmc,TCATGCCAGTAAGGGA-1,1
pbmc,TCATGCCAGTACAGAT-1,1
pbmc,TCATGCCCAAAGCGTG-1,215
pbmc,TCATGCCCAAGCGAAC-1,1
pbmc,TCATGCCCAAGGATGC-1,1
pbmc,TCATGCCCAAGTTTGC-1,1
pbmc,TCATGCCCACAACCGC-1,1
pbmc,TCATGCCCACTGTGTA-1,2
pbmc,TCATGCCCAGCGGTTC-1,1
pbmc,TCATGCCCATGACAAA-1,2
pbmc,TCATGCCGTGTCTTAG-1,280
pbmc,TCATGCCTCACGAACT-1,1
pbmc,TCATGCCTCAGACATC-1,1
pbmc,TCATGCCTCATCACTT-1,1
pbmc,TCATGCCTCATGCCGG-1,1
pbmc,TCATGCCTCCCGAGGT-1,1
pbmc,TCATGCCTCCCTATTA-1,1
pbmc,TCATGCCTCCGGTTCT-1,1
pbmc,TCATGCCTCTAAGCGT-1,1
pbmc,TCATGCCTCTCATTAC-1,1
pbmc,TCATGCCTCTGTCTCG-1,1
pbmc,TCATGCCTCTTACACT-1,1
pbmc,TCATGCCTCTTCATGC-1,1
pbmc,TCATGGAAGAGGTTAT-1,1
pbmc,TCATGGAAGCCGCTTG-1,1
pbmc,TCATGGAAGCCTGACC-1,1
pbmc,TCATGGAAGGAGATAG-1,1
pbmc,TCATGGACAAACGAGC-1,1
pbmc,TCATGGACACACTGGC-1,1
pbmc,TCATGGACACCGCTAG-1,1
pbmc,TCATGGACAGTCGGTC-1,2
pbmc,TCATGGACATGGGTTT-1,1
pbmc,TCATGGACATGGTGGA-1,1
pbmc,TCATGGAGTAATGCTC-1,1
pbmc,TCATGGAGTACCCGCA-1,1
pbmc,TCATGGAGTGCAGGAT-1,1
pbmc,TCATGGAGTGGCACTC-1,1
pbmc,TCATGGAGTTCTCCTG-1,1
pbmc,TCATGGATCCGAGGCT-1,1
pbmc,TCATGGATCGACGCTG-1,1
pbmc,TCATGGATCTACTCAT-1,1
pbmc,TCATGTTAGAGGCGGA-1,229
pbmc,TCATGTTAGGTGATAT-1,1
pbmc,TCATGTTAGTGAGGCT-1,1
pbmc,TCATGTTCAACACTCA-1,1
pbmc,TCATGTTCAACTGCTA-1,1
pbmc,TCATGTTCACCGCTAG-1,1
pbmc,TCATGTTCACGCGCAT-1,1
pbmc,TCATGTTCACTTCCTG-1,1
pbmc,TCATGTTCAGAAGCTG-1,1
pbmc,TCATGTTGTAGACACG-1,1
pbmc,TCATGTTGTAGTCTGT-1,1
pbmc,TCATGTTGTCATTGCA-1,1
pbmc,TCATGTTGTCCACATA-1,1
pbmc,TCATGTTGTCTGTGCG-1,1
pbmc,TCATGTTGTGTGTGTT-1,168
pbmc,TCATGTTGTTCAGCTA-1,1
pbmc,TCATGTTTCAGCCTTC-1,1
pbmc,TCATGTTTCATGAGTC-1,1
pbmc,TCATGTTTCCGCAACG-1,1
pbmc,TCATGTTTCGAAGCAG-1,2
pbmc,TCATGTTTCGCTGACG-1,1
pbmc,TCATGTTTCGTAGTCA-1,1
pbmc,TCATGTTTCTCGGCTT-1,1
pbmc,TCATGTTTCTCGTTTA-1,1
pbmc,TCATGTTTCTTCGCTG-1,1
pbmc,TCATTACAGAGAGTTC-1,2
pbmc,TCATTACAGCCACTCG-1,3
pbmc,TCATTACAGGATTCCT-1,1
pbmc,TCATTACAGTAGTCCT-1,1
pbmc,TCATTACAGTATGATG-1,1
pbmc,TCATTACCAACGACAG-1,1
pbmc,TCATTACCAAGGTTTC-1,1
pbmc,TCATTACCAAGTCATC-1,1
pbmc,TCATTACCACACGCCA-1,1
pbmc,TCATTACCACAGCCAC-1,1
pbmc,TCATTACCACGTGAGA-1,2
pbmc,TCATTACCAGAAATCA-1,1
pbmc,TCATTACCAGCCTATA-1,1
pbmc,TCATTACCATCGATAC-1,1
pbmc,TCATTACCATGGTACT-1,1
pbmc,TCATTACCATGTGGCC-1,2
pbmc,TCATTACCATTCGACA-1,1
pbmc,TCATTACGTAGACTGG-1,1
pbmc,TCATTACGTATCGTGT-1,1
pbmc,TCATTACGTCCGACGT-1,1
pbmc,TCATTACGTGCATGAG-1,184
pbmc,TCATTACGTGGTCTCG-1,1
pbmc,TCATTACGTTGGGACA-1,1
pbmc,TCATTACGTTTCGTTT-1,1
pbmc,TCATTACTCAAGTTGC-1,1
pbmc,TCATTACTCAGATGCT-1,1
pbmc,TCATTACTCAGGAACG-1,1
pbmc,TCATTACTCATGACAC-1,1
pbmc,TCATTACTCCGATTAG-1,1
pbmc,TCATTACTCGTGTGAT-1,1
pbmc,TCATTACTCTAAGCCA-1,2
pbmc,TCATTACTCTTGCAAG-1,1
pbmc,TCATTCAAGCAAACAT-1,1
pbmc,TCATTCAAGCCTTTGA-1,1
pbmc,TCATTCAAGGACATCG-1,1
pbmc,TCATTCAAGTATCTGC-1,1
pbmc,TCATTCAAGTCACTGT-1,1
pbmc,TCATTCAAGTGGGAAA-1,1
pbmc,TCATTCACACGTCGGT-1,1
pbmc,TCATTCAGTAGGTCAG-1,1
pbmc,TCATTCAGTCTTCTAT-1,1
pbmc,TCATTCAGTGCCTTTC-1,1
pbmc,TCATTCAGTTGTCAGT-1,2
pbmc,TCATTCATCACCTACC-1,1
pbmc,TCATTCATCACTACTT-1,1
pbmc,TCATTCATCCGGACTG-1,1
pbmc,TCATTCATCTTCACGC-1,1
pbmc,TCATTGTAGCCTCAGC-1,2
pbmc,TCATTGTAGCTGGAGT-1,1
pbmc,TCATTGTAGGCAGGGA-1,1
pbmc,TCATTGTAGGCTGGAT-1,1
pbmc,TCATTGTAGGTAATCA-1,1
pbmc,TCATTGTAGTCGTTAC-1,1
pbmc,TCATTGTCAGCGTTGC-1,1
pbmc,TCATTGTCAGGTGACA-1,1
pbmc,TCATTGTCAGTAGGAC-1,1
pbmc,TCATTGTCAGTAGTGG-1,1
pbmc,TCATTGTGTAGTGATA-1,1
pbmc,TCATTGTGTCGAGCAA-1,1
pbmc,TCATTGTGTGAGCAGT-1,229
pbmc,TCATTGTGTGAGTTTC-1,1
pbmc,TCATTGTTCATATGGC-1,1
pbmc,TCATTGTTCCGTATGA-1,1
pbmc,TCATTTGAGATCCCGC-1,1
pbmc,TCATTTGAGCAGGGAG-1,1
pbmc,TCATTTGAGCGCCTAC-1,1
pbmc,TCATTTGAGCTGACAG-1,1
pbmc,TCATTTGAGGAATGTT-1,1
pbmc,TCATTTGAGGAGACCT-1,1
pbmc,TCATTTGAGGCCTGCT-1,1
pbmc,TCATTTGAGTTTAGGA-1,1
pbmc,TCATTTGCAAATACAG-1,1
pbmc,TCATTTGCAACTGCCG-1,1
pbmc,TCATTTGCACACCAGC-1,1
pbmc,TCATTTGCAGCGACCT-1,1
pbmc,TCATTTGCATACTGAC-1,1
pbmc,TCATTTGCATCCTAAG-1,1
pbmc,TCATTTGGTCCTTTGC-1,1
pbmc,TCATTTGGTGACAACG-1,2
pbmc,TCATTTGGTGCAACGA-1,3
pbmc,TCATTTGGTGCCTGAC-1,1
pbmc,TCATTTGGTGGACCAA-1,1
pbmc,TCATTTGGTTAGAAGT-1,1
pbmc,TCATTTGTCAACAAGG-1,1
pbmc,TCATTTGTCAGGACGA-1,1
pbmc,TCATTTGTCGCATAGT-1,1
pbmc,TCATTTGTCTACGGTA-1,1
pbmc,TCATTTGTCTGATGGT-1,1
pbmc,TCATTTGTCTGGACCG-1,1
pbmc,TCATTTGTCTTTACAC-1,1
pbmc,TCCACCAAGACCAGCA-1,1
pbmc,TCCACCAAGACGAGCT-1,1
pbmc,TCCACCAAGACTAAGT-1,1
pbmc,TCCACCAAGCGTGAGT-1,2
pbmc,TCCACCAAGGCGAACT-1,1
pbmc,TCCACCAAGGTGGCTA-1,1
pbmc,TCCACCACAAGGCCTC-1,1
pbmc,TCCACCACAGATCCTA-1,1
pbmc,TCCACCAGTAACGCGA-1,1
pbmc,TCCACCAGTAGACAGC-1,1
pbmc,TCCACCAGTAGCTGCC-1,1
pbmc,TCCACCAGTCGTCAGC-1,1
pbmc,TCCACCAGTGCGTTTA-1,1
pbmc,TCCACCAGTGGCTGCT-1,1
pbmc,TCCACCAGTTCAAAGA-1,1
pbmc,TCCACCATCCGATAGT-1,1
pbmc,TCCACCATCGAAATCC-1,1
pbmc,TCCACCATCGCCGAAC-1,1
pbmc,TCCACGTAGACCGCCT-1,1
pbmc,TCCACGTAGCCTCTCT-1,1
pbmc,TCCACGTAGCCTGAAG-1,1
pbmc,TCCACGTAGCGAACTG-1,1
pbmc,TCCACGTAGTATTAGG-1,1
pbmc,TCCACGTAGTCACTCA-1,1
pbmc,TCCACGTAGTCGAAGC-1,1
pbmc,TCCACGTAGTGGACTG-1,1
pbmc,TCCACGTCAACACGAG-1,1
pbmc,TCCACGTCAAGAGATT-1,3
pbmc,TCCACGTCAATCAAGA-1,1
pbmc,TCCACGTCACAACCGC-1,1
pbmc,TCCACGTCACATGTTG-1,1
pbmc,TCCACGTCACGATTCA-1,1
pbmc,TCCACGTCAGCATCTA-1,1
pbmc,TCCACGTCATCATCTT-1,1
pbmc,TCCACGTGTCCTACAA-1,1
pbmc,TCCACGTGTCTATGAC-1,1
pbmc,TCCACGTGTGCGCTCA-1,1
pbmc,TCCACGTGTGGTGATG-1,1
pbmc,TCCACGTGTGTCATCA-1,1
pbmc,TCCACGTGTGTCTAAC-1,1
pbmc,TCCACGTTCAAGCCGC-1,1
pbmc,TCCACGTTCATTTGGG-1,1
pbmc,TCCACGTTCCCTTCCC-1,1
pbmc,TCCACGTTCCGCGAGT-1,1
pbmc,TCCACGTTCGACGCTG-1,1
pbmc,TCCACGTTCTCATGGA-1,1
pbmc,TCCACGTTCTGCCTCA-1,1
pbmc,TCCACGTTCTGGCCGA-1,1
pbmc,TCCACGTTCTTGAACG-1,1
pbmc,TCCAGAAAGAACTGAT-1,1
pbmc,TCCAGAAAGAGTAACT-1,1
pbmc,TCCAGAAAGATGGTAT-1,2
pbmc,TCCAGAAAGCATCAAA-1,1
pbmc,TCCAGAAAGCATTGAA-1,1
pbmc,TCCAGAAAGCCATTTG-1,1
pbmc,TCCAGAAAGCCTCAGC-1,1
pbmc,TCCAGAAAGCTGAAAT-1,1
pbmc,TCCAGAAAGGTTACAA-1,1
pbmc,TCCAGAAAGGTTCCGC-1,1
pbmc,TCCAGAAAGTAATACG-1,1
pbmc,TCCAGAAAGTACTCGT-1,2
pbmc,TCCAGAAAGTATGGAT-1,2
pbmc,TCCAGAACACGATTCA-1,1
pbmc,TCCAGAACACTACGGC-1,2
pbmc,TCCAGAACAGGAGACT-1,1
pbmc,TCCAGAACATGACACT-1,1
pbmc,TCCAGAAGTAACATCC-1,1
pbmc,TCCAGAAGTAAGGCTG-1,3
pbmc,TCCAGAAGTCTTCAAG-1,1
pbmc,TCCAGAAGTTCTGACA-1,1
pbmc,TCCAGAATCAACTTTC-1,2
pbmc,TCCAGAATCAATCCAG-1,1
pbmc,TCCAGAATCACACCGG-1,1
pbmc,TCCAGAATCACGGGCT-1,1
pbmc,TCCAGAATCATGCCGG-1,1
pbmc,TCCAGAATCGGATAAA-1,1
pbmc,TCCATCGAGATCCGAG-1,1
pbmc,TCCATCGAGCGACAGT-1,2
pbmc,TCCATCGAGGTCGCCT-1,1
pbmc,TCCATCGAGTAAGCAT-1,1
pbmc,TCCATCGAGTCGCCCA-1,1
pbmc,TCCATCGAGTGGCAGT-1,1
pbmc,TCCATCGCAATGTTGC-1,1
pbmc,TCCATCGCACAGTACT-1,1
pbmc,TCCATCGGTCGGTGAA-1,1
pbmc,TCCATCGGTGCTAGCC-1,1
pbmc,TCCATCGGTTAAGACA-1,1
pbmc,TCCATCGGTTAGTCGT-1,1
pbmc,TCCATCGGTTGAGAGC-1,1
pbmc,TCCATCGGTTTAGTCG-1,269
pbmc,TCCATCGTCATCTATC-1,1
pbmc,TCCATCGTCATTGTGG-1,1
pbmc,TCCATCGTCCACACAA-1,1
pbmc,TCCATCGTCCCTGGTT-1,1
pbmc,TCCATCGTCCTTCTAA-1,1
pbmc,TCCATCGTCTTAGGAC-1,1
pbmc,TCCATCGTCTTCCGTG-1,1
pbmc,TCCATGCAGAGTCAGC-1,1
pbmc,TCCATGCAGCCAACCC-1,1
pbmc,TCCATGCAGCCTCATA-1,1
pbmc,TCCATGCAGCTGGCCT-1,1
pbmc,TCCATGCAGGCTTAGG-1,1
pbmc,TCCATGCAGGTGAGCT-1,1
pbmc,TCCATGCAGTATGACA-1,1
pbmc,TCCATGCAGTATGGCG-1,1
pbmc,TCCATGCAGTGATAAC-1,1
pbmc,TCCATGCAGTGCAACG-1,1
pbmc,TCCATGCAGTGCGTCC-1,1
pbmc,TCCATGCCAAAGGCAC-1,1
pbmc,TCCATGCCAAGAGGCT-1,1
pbmc,TCCATGCCAATCCTTT-1,1
pbmc,TCCATGCCAATGTGGG-1,1
pbmc,TCCATGCCACCGCTAG-1,1
pbmc,TCCATGCCACGGGTAA-1,1
pbmc,TCCATGCCACTAACCA-1,1
pbmc,TCCATGCCACTGTGAT-1,1
pbmc,TCCATGCCAGAAGCTG-1,1
pbmc,TCCATGCCAGCGCTTG-1,1
pbmc,TCCATGCGTACGATCT-1,2
pbmc,TCCATGCGTAGATTGA-1,1
pbmc,TCCATGCGTAGTACGG-1,1
pbmc,TCCATGCGTCCTACGG-1,1
pbmc,TCCATGCGTGCCCAGT-1,1
pbmc,TCCATGCGTTCCTAAG-1,1
pbmc,TCCATGCTCAATGTCG-1,1
pbmc,TCCATGCTCCACAAGT-1,1
pbmc,TCCATGCTCCCTTTGG-1,1
pbmc,TCCATGCTCGCATTGA-1,1
pbmc,TCCATGCTCTCCCAAC-1,2
pbmc,TCCATGCTCTCGAGTA-1,1
pbmc,TCCCACAAGAATTGTG-1,1
pbmc,TCCCACAAGAGCCCAA-1,1
pbmc,TCCCACAAGATTACCC-1,1
pbmc,TCCCACAAGCTAGCCC-1,1
pbmc,TCCCACAAGCTCACTA-1,1
pbmc,TCCCACAAGCTCATAC-1,1
pbmc,TCCCACAAGTGGAAAG-1,1
pbmc,TCCCACACAATGTCAC-1,1
pbmc,TCCCACACAATTGGTC-1,1
pbmc,TCCCACACACCAGGTC-1,2
pbmc,TCCCACACACTAGAGG-1,13
pbmc,TCCCACACAGACCAAG-1,285
pbmc,TCCCACACAGCTCCTT-1,1
pbmc,TCCCACAGTATTCTCT-1,2
pbmc,TCCCACAGTCTGCCTT-1,1
pbmc,TCCCACAGTGACACAG-1,1
pbmc,TCCCACAGTGCAGATG-1,1
pbmc,TCCCACAGTGTCTTCC-1,1
pbmc,TCCCACAGTTGACGGA-1,7
pbmc,TCCCACAGTTGCAACT-1,2
pbmc,TCCCACAGTTGGCTAT-1,1
pbmc,TCCCACATCCAGCTCT-1,1
pbmc,TCCCACATCCTTGACC-1,1
pbmc,TCCCACATCTACCACC-1,2
pbmc,TCCCACATCTCCAATT-1,1
pbmc,TCCCACATCTCTAGGA-1,1
pbmc,TCCCACATCTCTCTTC-1,1
pbmc,TCCCACATCTTCGATT-1,1
pbmc,TCCCAGTAGAATTTGG-1,1
pbmc,TCCCAGTAGACCGTTT-1,252
pbmc,TCCCAGTAGAGGCCAT-1,1
pbmc,TCCCAGTAGGTACAAT-1,1
pbmc,TCCCAGTCAACACTAC-1,1
pbmc,TCCCAGTCACTGGAAG-1,1
pbmc,TCCCAGTCAGACTCTA-1,1
pbmc,TCCCAGTCAGCCTATA-1,1
pbmc,TCCCAGTCAGGACTTT-1,1
pbmc,TCCCAGTCATCCTGTC-1,2
pbmc,TCCCAGTCATGGATCT-1,1
pbmc,TCCCAGTGTACGACTT-1,1
pbmc,TCCCAGTGTATTAAGG-1,1
pbmc,TCCCAGTGTCACTCTC-1,1
pbmc,TCCCAGTGTGGACCTC-1,1
pbmc,TCCCAGTTCAAACGAA-1,1
pbmc,TCCCAGTTCCCGTAAA-1,1
pbmc,TCCCAGTTCCCTCATG-1,1
pbmc,TCCCAGTTCCCTTGGT-1,1
pbmc,TCCCAGTTCCGCCTAT-1,1
pbmc,TCCCAGTTCGAACACT-1,1
pbmc,TCCCAGTTCGAAGAAT-1,1
pbmc,TCCCAGTTCGACATAC-1,278
pbmc,TCCCAGTTCGGCCAAC-1,1
pbmc,TCCCAGTTCTTCGGAA-1,1
pbmc,TCCCATGAGCCACCGT-1,1
pbmc,TCCCATGAGCTACTAC-1,1
pbmc,TCCCATGAGGCACTCC-1,1
pbmc,TCCCATGAGGGCAGGA-1,1
pbmc,TCCCATGAGGTCCTGC-1,1
pbmc,TCCCATGAGGTCTTTG-1,1
pbmc,TCCCATGAGTATAGGT-1,1
pbmc,TCCCATGAGTCAGAGC-1,1
pbmc,TCCCATGAGTGAGTTA-1,1
pbmc,TCCCATGCACGAAGAC-1,2
pbmc,TCCCATGCATCGAAGG-1,1
pbmc,TCCCATGCATGGGTCC-1,1
pbmc,TCCCATGCATTGTCGA-1,2
pbmc,TCCCATGGTATCTCTT-1,1
pbmc,TCCCATGGTCTTGAAC-1,1
pbmc,TCCCATGGTTATCCAG-1,1
pbmc,TCCCATGTCAAGCGTT-1,1
pbmc,TCCCATGTCAGACAAA-1,1
pbmc,TCCCATGTCGACACCG-1,1
pbmc,TCCCATGTCGACCCAA-1,1
pbmc,TCCCATGTCGGCCCAA-1,118
pbmc,TCCCATGTCTAACGGT-1,1
pbmc,TCCCATGTCTCTCCGA-1,1
pbmc,TCCCATGTCTTCCCAG-1,1
pbmc,TCCCATGTCTTCGGTC-1,1
pbmc,TCCCATGTCTTTCCGG-1,2
pbmc,TCCGAAAAGAGGTATT-1,1
pbmc,TCCGAAAAGATGACAT-1,1
pbmc,TCCGAAAAGCCTGACC-1,1
pbmc,TCCGAAAAGTACCATC-1,1
pbmc,TCCGAAACACCTAAAC-1,1
pbmc,TCCGAAACACTAAACC-1,1
pbmc,TCCGAAACACTCACTC-1,1
pbmc,TCCGAAACACTGCTTC-1,1
pbmc,TCCGAAACAGCGATTT-1,1
pbmc,TCCGAAACAGGAGACT-1,1
pbmc,TCCGAAACATACGCAT-1,1
pbmc,TCCGAAACATCCTTCG-1,1
pbmc,TCCGAAACATGGGTCC-1,1
pbmc,TCCGAAAGTACCTTCC-1,1
pbmc,TCCGAAAGTAGTCTGT-1,1
pbmc,TCCGAAAGTCCAATCA-1,1
pbmc,TCCGAAAGTGCGTGCT-1,1
pbmc,TCCGAAAGTTAAACCC-1,1
pbmc,TCCGAAAGTTCTTGCC-1,1
pbmc,TCCGAAAGTTTCCATT-1,1
pbmc,TCCGAAATCATCGTAG-1,1
pbmc,TCCGAAATCCATTGCC-1,1
pbmc,TCCGAAATCCGCGATG-1,1
pbmc,TCCGAAATCGTCACCT-1,1
pbmc,TCCGAAATCGTTAGTG-1,1
pbmc,TCCGATCAGCTTCTAG-1,1
pbmc,TCCGATCAGGCCCACT-1,1
pbmc,TCCGATCAGGCGAACT-1,1
pbmc,TCCGATCCAACTGCTA-1,1
pbmc,TCCGATCCAAGCGCAA-1,1
pbmc,TCCGATCCAAGTGCAG-1,1
pbmc,TCCGATCCACACTGGC-1,1
pbmc,TCCGATCCACGGCTAC-1,1
pbmc,TCCGATCCAGACTCTA-1,2
pbmc,TCCGATCCATGAGTCT-1,1
pbmc,TCCGATCGTCCACAGC-1,1
pbmc,TCCGATCGTCCTTTGC-1,1
pbmc,TCCGATCGTCTTGAAC-1,1
pbmc,TCCGATCGTGGGATTG-1,2
pbmc,TCCGATCGTTAACAGA-1,1
pbmc,TCCGATCTCAAACACT-1,1
pbmc,TCCGATCTCAAACCTG-1,278
pbmc,TCCGATCTCAGATCGC-1,1
pbmc,TCCGATCTCAGCCATG-1,1
pbmc,TCCGATCTCAGCTCTC-1,1
pbmc,TCCGATCTCATCGACG-1,1
pbmc,TCCGATCTCATTTACC-1,1
pbmc,TCCGATCTCCACACCT-1,2
pbmc,TCCGATCTCGAATGCT-1,1
pbmc,TCCGATCTCTGGACGT-1,1
pbmc,TCCGATCTCTGGTTGA-1,1
pbmc,TCCGGGAAGAGGATGA-1,2
pbmc,TCCGGGAAGATACAGT-1,1
pbmc,TCCGGGAAGCATTTGC-1,1
pbmc,TCCGGGAAGGCGCTCT-1,1
pbmc,TCCGGGAAGGCGTTGA-1,1
pbmc,TCCGGGAAGGTGCGAT-1,1
pbmc,TCCGGGAAGTACGAGC-1,1
pbmc,TCCGGGACAAGGCCTC-1,1
pbmc,TCCGGGACACAACCGC-1,1
pbmc,TCCGGGACACGGGCTT-1,13
pbmc,TCCGGGACACTTGACA-1,2
pbmc,TCCGGGACAGCTAACT-1,1
pbmc,TCCGGGACAGGTGTGA-1,1
pbmc,TCCGGGACATCGGAGA-1,1
pbmc,TCCGGGAGTATGATCC-1,1
pbmc,TCCGGGAGTCCGGACT-1,1
pbmc,TCCGGGATCCTATGGA-1,1
pbmc,TCCGGGATCGGTGCAC-1,1
pbmc,TCCGGGATCTGACCCT-1,2
pbmc,TCCGTGTCACATATGC-1,1
pbmc,TCCGTGTCAGCGGTCT-1,1
pbmc,TCCGTGTCATTCTCTA-1,1
pbmc,TCCGTGTGTAAGCTCT-1,1
pbmc,TCCGTGTGTCGAATTC-1,1
pbmc,TCCGTGTGTCGGATTT-1,1
pbmc,TCCGTGTGTCTCGGAC-1,1
pbmc,TCCGTGTGTGACTAAA-1,1
pbmc,TCCGTGTGTGCACAAG-1,1
pbmc,TCCGTGTGTTCAAGGG-1,1
pbmc,TCCGTGTGTTCCAGGC-1,1
pbmc,TCCGTGTTCACTCTTA-1,1
pbmc,TCCGTGTTCATACGAC-1,1
pbmc,TCCGTGTTCCGTGGTG-1,1
pbmc,TCCGTGTTCGAGAACG-1,1
pbmc,TCCTAATAGCTTCTAG-1,1
pbmc,TCCTAATAGGCCCACT-1,1
pbmc,TCCTAATAGGGAACAA-1,1
pbmc,TCCTAATAGGTAAAGG-1,1
pbmc,TCCTAATAGGTTCACT-1,2
pbmc,TCCTAATAGTGATAGT-1,1
pbmc,TCCTAATAGTTCCAGT-1,1
pbmc,TCCTAATCAACCCTAA-1,1
pbmc,TCCTAATCAACGGTAG-1,1
pbmc,TCCTAATCAACTGAAA-1,2
pbmc,TCCTAATCAAGTGACG-1,1
pbmc,TCCTAATCACACACTA-1,1
pbmc,TCCTAATCACAGTGTT-1,1
pbmc,TCCTAATCACTGGCCA-1,1
pbmc,TCCTAATCATAGGTAA-1,1
pbmc,TCCTAATGTCGAATTC-1,1
pbmc,TCCTAATGTGCCCACA-1,1
pbmc,TCCTAATGTTCTTAGG-1,1
pbmc,TCCTAATGTTTAAGGA-1,1
pbmc,TCCTAATTCGGCTGAC-1,1
pbmc,TCCTCCCAGAAATCCA-1,1
pbmc,TCCTCCCAGACTTCCA-1,1
pbmc,TCCTCCCAGATCCGAG-1,1
pbmc,TCCTCCCAGATGGTCG-1,1
pbmc,TCCTCCCAGCCTTTCC-1,1
pbmc,TCCTCCCAGCTACTAC-1,1
pbmc,TCCTCCCAGCTCCATA-1,1
pbmc,TCCTCCCAGGAAGTGA-1,1
pbmc,TCCTCCCAGGAGTATT-1,1
pbmc,TCCTCCCAGGCTCAAG-1,1
pbmc,TCCTCCCAGGTCCTGC-1,1
pbmc,TCCTCCCAGTAGGATT-1,1
pbmc,TCCTCCCAGTATAGGT-1,1
pbmc,TCCTCCCAGTCGAACA-1,1
pbmc,TCCTCCCAGTCTAACC-1,256
pbmc,TCCTCCCAGTCTTCCC-1,1
pbmc,TCCTCCCCACAATGAA-1,1
pbmc,TCCTCCCCAGAGGCTA-1,1
pbmc,TCCTCCCCAGATACTC-1,1
pbmc,TCCTCCCCATAGAATG-1,1
pbmc,TCCTCCCCATCATCTT-1,1
pbmc,TCCTCCCGTACAACGG-1,1
pbmc,TCCTCCCGTAGTTACC-1,1
pbmc,TCCTCCCGTTAGCGGA-1,1
pbmc,TCCTCCCGTTCACCGG-1,1
pbmc,TCCTCCCGTTCTCCCA-1,1
pbmc,TCCTCCCGTTTGTTCT-1,1
pbmc,TCCTCCCTCGGCAGTC-1,1
pbmc,TCCTCCCTCTAAGCGT-1,1
pbmc,TCCTCCCTCTACCTTA-1,1
pbmc,TCCTCCCTCTTACCGC-1,1
pbmc,TCCTCGAAGGACTGGT-1,1
pbmc,TCCTCGAAGGGAGAAT-1,2
pbmc,TCCTCGAAGTTCCGGC-1,1
pbmc,TCCTCGACACTATCGA-1,1
pbmc,TCCTCGACAGGAGGAG-1,1
pbmc,TCCTCGACAGGCATGA-1,2
pbmc,TCCTCGACAGGCTATT-1,1
pbmc,TCCTCGACAGGTCAAG-1,1
pbmc,TCCTCGACATCGCTCT-1,2
pbmc,TCCTCGACATGTGGTT-1,1
pbmc,TCCTCGAGTACCCGCA-1,2
pbmc,TCCTCGAGTCAGCTTA-1,1
pbmc,TCCTCGAGTCGACTGC-1,1
pbmc,TCCTCGAGTCGTCATA-1,1
pbmc,TCCTCGAGTTACCTGA-1,1
pbmc,TCCTCGAGTTAGGGTG-1,1
pbmc,TCCTCGATCAAGCCAT-1,1
pbmc,TCCTCGATCACCACAA-1,1
pbmc,TCCTCGATCACTTGTT-1,2
pbmc,TCCTCGATCCATGATG-1,1
pbmc,TCCTCGATCGTTCCTG-1,1
pbmc,TCCTCGATCTCCAATT-1,1
pbmc,TCCTCGATCTCTAGGA-1,1
pbmc,TCCTCGATCTCTATAC-1,1
pbmc,TCCTCGATCTCTCGAC-1,236
pbmc,TCCTCGATCTTCCTAA-1,1
pbmc,TCCTCTTAGAATCAGC-1,1
pbmc,TCCTCTTAGAGTGAAG-1,367
pbmc,TCCTCTTAGATGGCAC-1,1
pbmc,TCCTCTTAGCCAAGGT-1,649
pbmc,TCCTCTTAGCCGAGGT-1,3
pbmc,TCCTCTTAGCCTCTTC-1,1
pbmc,TCCTCTTAGGCCCACT-1,1
pbmc,TCCTCTTAGGCCTGCT-1,1
pbmc,TCCTCTTAGTGCCAGA-1,1
pbmc,TCCTCTTAGTTCTCTT-1,1
pbmc,TCCTCTTCACATACTG-1,1
pbmc,TCCTCTTCACCATACA-1,1
pbmc,TCCTCTTCAGGCGTTC-1,1
pbmc,TCCTCTTCATCTGTTT-1,1
pbmc,TCCTCTTCATGAATCC-1,1
pbmc,TCCTCTTCATTGCTGA-1,1
pbmc,TCCTCTTGTACGTGTT-1,1
pbmc,TCCTCTTGTATAGGAT-1,1
pbmc,TCCTCTTGTCAGCGTC-1,1
pbmc,TCCTCTTGTCCGGTCA-1,1
pbmc,TCCTCTTGTGACTAAA-1,1
pbmc,TCCTCTTGTTAATCGC-1,1
pbmc,TCCTCTTGTTGGGACA-1,1
pbmc,TCCTCTTTCCAATGCA-1,1
pbmc,TCCTCTTTCCGCTAGG-1,1
pbmc,TCCTCTTTCCTTCTTC-1,1
pbmc,TCCTCTTTCGTCAAAC-1,1
pbmc,TCCTCTTTCTTGCGCC-1,1
pbmc,TCCTGCAAGACGTCCC-1,1
pbmc,TCCTGCAAGATGTTCC-1,1
pbmc,TCCTGCAAGCTGAAAT-1,1
pbmc,TCCTGCAAGTCGCCCA-1,2
pbmc,TCCTGCAAGTCTAGAA-1,1
pbmc,TCCTGCAAGTGAATAC-1,1
pbmc,TCCTGCACACCGCTGA-1,1
pbmc,TCCTGCACACGACAGA-1,1
pbmc,TCCTGCACAGAAGTTA-1,1
pbmc,TCCTGCACATCGATGT-1,1
pbmc,TCCTGCAGTAGGAGGG-1,1
pbmc,TCCTGCAGTCATGACT-1,1
pbmc,TCCTGCAGTTGTAGCT-1,1
pbmc,TCCTGCAGTTGTCATG-1,1
pbmc,TCCTGCAGTTTGGAGG-1,1
pbmc,TCCTGCATCACCTTGC-1,4
pbmc,TCCTGCATCCACGTAA-1,1
pbmc,TCCTGCATCCGGGACT-1,1
pbmc,TCCTGCATCGCCATAA-1,1
pbmc,TCCTTCTAGAATCGTA-1,2
pbmc,TCCTTCTAGACCTTTG-1,1
pbmc,TCCTTCTAGCCGTTGC-1,2
pbmc,TCCTTCTAGCGCTGCT-1,1
pbmc,TCCTTCTAGGGCAACT-1,1
pbmc,TCCTTCTAGTAATCCC-1,1
pbmc,TCCTTCTAGTATGATG-1,1
pbmc,TCCTTCTAGTCGAATA-1,1
pbmc,TCCTTCTAGTCGCCCA-1,2
pbmc,TCCTTCTAGTTCCATG-1,1
pbmc,TCCTTCTCAACTCGTA-1,641
pbmc,TCCTTCTCAAGCGATG-1,1
pbmc,TCCTTCTCACGGGTAA-1,1
pbmc,TCCTTCTCAGACCGCT-1,1
pbmc,TCCTTCTCAGCTCTGG-1,1
pbmc,TCCTTCTCAGCTTCCT-1,1
pbmc,TCCTTCTCAGTCTTCC-1,1
pbmc,TCCTTCTGTAACATCC-1,1
pbmc,TCCTTCTGTACGGTTT-1,1
pbmc,TCCTTCTGTGCAACAG-1,1
pbmc,TCCTTCTGTTGCGAAG-1,1
pbmc,TCCTTCTTCCCTCTCC-1,1
pbmc,TCCTTCTTCCGCAGTG-1,1
pbmc,TCCTTCTTCCTATTGT-1,2
pbmc,TCCTTCTTCCTCACCA-1,1
pbmc,TCCTTCTTCGTAACTG-1,1
pbmc,TCCTTTCAGAAACCAT-1,1
pbmc,TCCTTTCAGCATTTCG-1,1
pbmc,TCCTTTCAGCCTCATA-1,1
pbmc,TCCTTTCAGTACCCTA-1,1
pbmc,TCCTTTCCAACAGATA-1,1
pbmc,TCCTTTCCAAGTCGTT-1,1
pbmc,TCCTTTCCACGCGCTA-1,1
pbmc,TCCTTTCCACTCCTGT-1,1
pbmc,TCCTTTCCATCGTTCC-1,1
pbmc,TCCTTTCGTCAGTCTA-1,1
pbmc,TCCTTTCTCCTATTTG-1,1
pbmc,TCCTTTCTCGCATTGA-1,1
pbmc,TCCTTTCTCGCTGTCT-1,440
pbmc,TCCTTTCTCGCTTAAG-1,1
pbmc,TCCTTTCTCGTAATGC-1,1
pbmc,TCCTTTCTCGTGGCGT-1,2
pbmc,TCCTTTCTCGTTGCCT-1,1
pbmc,TCCTTTCTCTATCGCC-1,2
pbmc,TCCTTTCTCTCGCCTA-1,1
pbmc,TCCTTTCTCTCTAGGA-1,1
pbmc,TCCTTTCTCTGTCTCG-1,1
pbmc,TCGAACAAGATGTTCC-1,1
pbmc,TCGAACAAGCATGCGA-1,1
pbmc,TCGAACAAGTAAGGGA-1,1
pbmc,TCGAACACAACAGATA-1,1
pbmc,TCGAACACACCCAATA-1,2
pbmc,TCGAACACACTTCATT-1,1
pbmc,TCGAACACAGTTGAAA-1,1
pbmc,TCGAACACATGGAGAC-1,1
pbmc,TCGAACACATGTTCAG-1,1
pbmc,TCGAACAGTAGCGCCT-1,1
pbmc,TCGAACAGTAGCTTAC-1,1
pbmc,TCGAACAGTGACATCT-1,1
pbmc,TCGAACAGTGTTCCTC-1,1
pbmc,TCGAACAGTTAACCTG-1,1
pbmc,TCGAACAGTTTGGGAG-1,1
pbmc,TCGAACATCACTCCGT-1,1
pbmc,TCGAACATCCCTCTCC-1,1
pbmc,TCGAACATCTAGTACG-1,1
pbmc,TCGAAGTAGAGACAAG-1,1
pbmc,TCGAAGTAGCGTGAAC-1,1
pbmc,TCGAAGTCACCGTGAC-1,1
pbmc,TCGAAGTCAGAGTCAG-1,1
pbmc,TCGAAGTCAGCATACT-1,1
pbmc,TCGAAGTCAGTTGTCA-1,1
pbmc,TCGAAGTGTACGATGG-1,1
pbmc,TCGAAGTGTATCAGGG-1,164
pbmc,TCGAAGTGTATGGAAT-1,1
pbmc,TCGAAGTGTGCTCGTG-1,1
pbmc,TCGAAGTGTGGTCTGC-1,1
pbmc,TCGAAGTTCACCATCC-1,1
pbmc,TCGAAGTTCATCCTAT-1,2
pbmc,TCGAAGTTCCAGCTCT-1,1
pbmc,TCGAAGTTCGTAGAGG-1,1
pbmc,TCGAAGTTCTGTCTCG-1,1
pbmc,TCGACCTAGACCATTC-1,1
pbmc,TCGACCTAGGCATCTT-1,1
pbmc,TCGACCTAGGTCCAGA-1,1
pbmc,TCGACCTAGGTCCGAA-1,1
pbmc,TCGACCTAGTCGGGAT-1,1
pbmc,TCGACCTCAAAGACTA-1,254
pbmc,TCGACCTCAAGCGCTC-1,1
pbmc,TCGACCTCAAGTAGTA-1,522
pbmc,TCGACCTCACTGGATT-1,1
pbmc,TCGACCTCAGCGATTT-1,1
pbmc,TCGACCTCATTCTCTA-1,1
pbmc,TCGACCTGTAGGAGGG-1,1
pbmc,TCGACCTGTAGTGTGG-1,1
pbmc,TCGACCTGTGCTATTG-1,1
pbmc,TCGACCTGTTCTCAGA-1,1
pbmc,TCGACCTGTTGAATCC-1,1
pbmc,TCGACCTTCAGCAATC-1,1
pbmc,TCGACCTTCATAGAGA-1,1
pbmc,TCGACCTTCCGGTTCT-1,1
pbmc,TCGACCTTCTCTATAC-1,2
pbmc,TCGACCTTCTGTGTGA-1,2
pbmc,TCGACGGAGATTCGAA-1,1
pbmc,TCGACGGAGCCACAAG-1,1
pbmc,TCGACGGAGCTTGTGT-1,1
pbmc,TCGACGGAGGATACAT-1,1
pbmc,TCGACGGCAAAGGCTG-1,1
pbmc,TCGACGGCAACCGACC-1,1
pbmc,TCGACGGCAACCGGAA-1,1
pbmc,TCGACGGCAATACGCT-1,1
pbmc,TCGACGGCACTCCCTA-1,1
pbmc,TCGACGGCAGACACCC-1,1
pbmc,TCGACGGCAGCGAGTA-1,1
pbmc,TCGACGGCATCCTGTC-1,2
pbmc,TCGACGGCATCTGGGC-1,1
pbmc,TCGACGGCATTGAAAG-1,1
pbmc,TCGACGGCATTGTCGA-1,2
pbmc,TCGACGGGTGACGTCC-1,1
pbmc,TCGACGGGTGCCTGCA-1,1
pbmc,TCGACGGGTTTAGTCG-1,1
pbmc,TCGACGGTCATTTCCA-1,1
pbmc,TCGACGGTCCTCTAAT-1,1
pbmc,TCGACGGTCGAAGTGG-1,240
pbmc,TCGACGGTCGTTCATT-1,2
pbmc,TCGATTTAGCCGATAG-1,1
pbmc,TCGATTTAGCGTTGTT-1,1
pbmc,TCGATTTAGGACGGAG-1,1
pbmc,TCGATTTAGGCAGGGA-1,1
pbmc,TCGATTTAGTAAGAGG-1,1
pbmc,TCGATTTAGTACAGAT-1,1
pbmc,TCGATTTAGTCATGAA-1,1
pbmc,TCGATTTAGTGCACAG-1,1
pbmc,TCGATTTAGTGCACTT-1,1
pbmc,TCGATTTAGTGCCTCG-1,1
pbmc,TCGATTTCAAGTGATA-1,1
pbmc,TCGATTTCACTCCTTG-1,1
pbmc,TCGATTTCACTGAATC-1,2
pbmc,TCGATTTCACTGAGGA-1,1
pbmc,TCGATTTCAGTGTGCC-1,1
pbmc,TCGATTTGTACGCTTA-1,283
pbmc,TCGATTTGTAGCTTGT-1,2
pbmc,TCGATTTGTATTGGCT-1,1
pbmc,TCGATTTGTATTTCGG-1,2
pbmc,TCGATTTGTCCGACGT-1,1
pbmc,TCGATTTGTGACAACG-1,2
pbmc,TCGATTTGTGTTAACC-1,1
pbmc,TCGATTTGTTAAAGTG-1,3
pbmc,TCGATTTGTTCAACGT-1,1
pbmc,TCGATTTTCACTGTCC-1,1
pbmc,TCGATTTTCAGGACGA-1,1
pbmc,TCGATTTTCGGCTGTG-1,2
pbmc,TCGATTTTCGGTGCAC-1,1
pbmc,TCGATTTTCTAGAACC-1,1
pbmc,TCGATTTTCTAGTACG-1,1
pbmc,TCGCACTAGCCATTGT-1,1
pbmc,TCGCACTAGCTGTGCC-1,1
pbmc,TCGCACTAGGAACGTC-1,1
pbmc,TCGCACTAGGTAGTCG-1,1
pbmc,TCGCACTAGGTCGTAG-1,1
pbmc,TCGCACTCACTCCGAG-1,1
pbmc,TCGCACTCAGCTAACT-1,1
pbmc,TCGCACTCAGCTCCTT-1,1
pbmc,TCGCACTCATAATGAG-1,1
pbmc,TCGCACTCATGACTAC-1,1
pbmc,TCGCACTGTATCACGT-1,1
pbmc,TCGCACTGTCAGGTGA-1,1
pbmc,TCGCACTGTCCGGCAT-1,1
pbmc,TCGCACTGTTAAGTCC-1,1
pbmc,TCGCACTGTTGATGTC-1,1
pbmc,TCGCACTTCAATCTCT-1,1
pbmc,TCGCACTTCTCTCGCA-1,1
pbmc,TCGCACTTCTTCTCAA-1,1
pbmc,TCGCAGGAGATTGACA-1,287
pbmc,TCGCAGGAGATTGTGA-1,1
pbmc,TCGCAGGAGCATCTTG-1,1
pbmc,TCGCAGGAGGCCCGTT-1,1
pbmc,TCGCAGGAGGCTAACG-1,5
pbmc,TCGCAGGCAACCGGAA-1,1
pbmc,TCGCAGGCAATGTCAC-1,1
pbmc,TCGCAGGCACGTTCGG-1,1
pbmc,TCGCAGGCAGGGAATC-1,2
pbmc,TCGCAGGCATCCTTCG-1,1
pbmc,TCGCAGGCATGGCCCA-1,1
pbmc,TCGCAGGGTAGAGACC-1,1
pbmc,TCGCAGGGTAGGCTCC-1,204
pbmc,TCGCAGGGTCGCTCGA-1,1
pbmc,TCGCAGGGTCTAACGT-1,2
pbmc,TCGCAGGGTCTCGGAC-1,1
pbmc,TCGCAGGGTGTTAAAG-1,1
pbmc,TCGCAGGGTTCTAACG-1,226
pbmc,TCGCAGGGTTGTGTTG-1,2
pbmc,TCGCAGGTCACGGAGA-1,1
pbmc,TCGCAGGTCCTTGAAG-1,2
pbmc,TCGCAGGTCGTAGTCA-1,1
pbmc,TCGCAGGTCGTTGTGA-1,1
pbmc,TCGCTCAAGAACTGAT-1,1
pbmc,TCGCTCAAGAATCGTA-1,1
pbmc,TCGCTCAAGACCGCCT-1,1
pbmc,TCGCTCAAGATTCGCT-1,1
pbmc,TCGCTCAAGCCTGCCA-1,1
pbmc,TCGCTCAAGCGAGGAG-1,3
pbmc,TCGCTCAAGGATGGCT-1,2
pbmc,TCGCTCAAGGGTATAT-1,1
pbmc,TCGCTCAAGTCGGGAT-1,1
pbmc,TCGCTCACAAGATTGA-1,202
pbmc,TCGCTCACAAGTTGGG-1,2
pbmc,TCGCTCACACAAGCCC-1,1
pbmc,TCGCTCACACCAGCTG-1,1
pbmc,TCGCTCACAGAGGGTT-1,1
pbmc,TCGCTCACAGCAATTC-1,1
pbmc,TCGCTCACAGCGACCT-1,2
pbmc,TCGCTCACAGGAACCA-1,1
pbmc,TCGCTCACAGTTGCGC-1,2
pbmc,TCGCTCACATCGGAGA-1,1
pbmc,TCGCTCAGTAGTGGCA-1,1
pbmc,TCGCTCAGTCACGACC-1,1
pbmc,TCGCTCAGTGCAAGAC-1,1
pbmc,TCGCTCATCACATACG-1,1
pbmc,TCGCTCATCACCACAA-1,1
pbmc,TCGCTCATCACCTCAC-1,1
pbmc,TCGCTCATCACGGGAA-1,1
pbmc,TCGCTCATCAGGACAG-1,1
pbmc,TCGCTCATCCCGTGAG-1,1
pbmc,TCGCTCATCTCCTGAC-1,1
pbmc,TCGCTCATCTGCAGCG-1,1
pbmc,TCGCTTGAGAAACACT-1,1
pbmc,TCGCTTGAGAGACAAG-1,185
pbmc,TCGCTTGAGAGCGACT-1,1
pbmc,TCGCTTGAGCATTTAC-1,1
pbmc,TCGCTTGAGCATTTGC-1,215
pbmc,TCGCTTGAGCATTTGT-1,1
pbmc,TCGCTTGAGCGCACAA-1,1
pbmc,TCGCTTGAGTCAATCC-1,1
pbmc,TCGCTTGCAATTGCAC-1,1
pbmc,TCGCTTGCAATTGTGC-1,1
pbmc,TCGCTTGCACTTACAG-1,1
pbmc,TCGCTTGGTAAGAACT-1,1
pbmc,TCGCTTGGTGACATCT-1,1
pbmc,TCGCTTGGTGAGACCA-1,1
pbmc,TCGCTTGTCCGATCGG-1,1
pbmc,TCGCTTGTCGCGGACT-1,1
pbmc,TCGCTTGTCGGCTATA-1,1
pbmc,TCGGATAAGAAATGGG-1,1
pbmc,TCGGATAAGAGCAGAA-1,1
pbmc,TCGGATAAGCTGACCC-1,1
pbmc,TCGGATAAGGCAGGTT-1,1
pbmc,TCGGATAAGGTAAGGA-1,1
pbmc,TCGGATAAGGTATTGA-1,1
pbmc,TCGGATACAACCAATC-1,1
pbmc,TCGGATACAACTCGAT-1,2
pbmc,TCGGATACAAGTGCTT-1,1
pbmc,TCGGATACAAGTTCCA-1,1
pbmc,TCGGATACAGACTCTA-1,1
pbmc,TCGGATACATGGAAGC-1,1
pbmc,TCGGATACATTGCTGA-1,1
pbmc,TCGGATAGTACAGTCT-1,1
pbmc,TCGGATAGTAGAATAC-1,1
pbmc,TCGGATAGTATACCTG-1,1
pbmc,TCGGATAGTGGTATGG-1,1
pbmc,TCGGATAGTGTTTACG-1,1
pbmc,TCGGATATCACTCCGT-1,1
pbmc,TCGGATATCATCACAG-1,1
pbmc,TCGGATATCCAGTGCG-1,1
pbmc,TCGGATATCCGGCTTT-1,1
pbmc,TCGGATATCCGTTGAA-1,1
pbmc,TCGGATATCCTAGCGG-1,2
pbmc,TCGGATATCGATCCCT-1,1
pbmc,TCGGATATCGCCTTGT-1,1
pbmc,TCGGATATCGTTGTTT-1,1
pbmc,TCGGATATCTATTCGT-1,1
pbmc,TCGGATATCTTAATCC-1,1
pbmc,TCGGATATCTTCGATT-1,1
pbmc,TCGGGACAGAAGGCTC-1,1
pbmc,TCGGGACAGCCATTCA-1,1
pbmc,TCGGGACAGGAATTAC-1,1
pbmc,TCGGGACAGGCCTAGA-1,2
pbmc,TCGGGACAGGCTCCCA-1,1
pbmc,TCGGGACAGGGACCAT-1,1
pbmc,TCGGGACAGTATTAGG-1,1
pbmc,TCGGGACAGTTGGCTT-1,1
pbmc,TCGGGACCAACGTTAC-1,1
pbmc,TCGGGACCACATTGTG-1,1
pbmc,TCGGGACCACGTCTCT-1,1
pbmc,TCGGGACCAGCGGATA-1,1
pbmc,TCGGGACCATTCATCT-1,1
pbmc,TCGGGACGTAACGGTG-1,45
pbmc,TCGGGACGTATGAGAT-1,1
pbmc,TCGGGACGTCAAGCGA-1,1
pbmc,TCGGGACGTCTGTCAA-1,1
pbmc,TCGGGACGTGGGCTCT-1,1
pbmc,TCGGGACTCAAATAGG-1,1
pbmc,TCGGGACTCAACTCTT-1,2
pbmc,TCGGGACTCAATCTCT-1,1
pbmc,TCGGGACTCATCACCC-1,1
pbmc,TCGGGACTCATGAGAA-1,1
pbmc,TCGGGACTCCCATTCG-1,1
pbmc,TCGGGACTCCTAAGTG-1,1
pbmc,TCGGGACTCGACGAGA-1,1
pbmc,TCGGGACTCGTTGCCT-1,1
pbmc,TCGGGACTCTAGATCG-1,224
pbmc,TCGGGCAAGCCTCAAT-1,2
pbmc,TCGGGCAAGGTATCTC-1,1
pbmc,TCGGGCAAGGTCGTCC-1,1
pbmc,TCGGGCACACAGAGAC-1,1
pbmc,TCGGGCACACAGTCAT-1,1
pbmc,TCGGGCACAGCAGTCC-1,1
pbmc,TCGGGCACAGCGCTTG-1,1
pbmc,TCGGGCACAGTTACCA-1,114
pbmc,TCGGGCACATGACTTG-1,1
pbmc,TCGGGCACATGATAGA-1,1
pbmc,TCGGGCAGTCTAGGTT-1,1
pbmc,TCGGGCAGTGCGAACA-1,1
pbmc,TCGGGCAGTGCTTCAA-1,1
pbmc,TCGGGCAGTTGGATCT-1,1
pbmc,TCGGGCATCAAGCTTG-1,1
pbmc,TCGGGCATCAGGCGAA-1,1
pbmc,TCGGGCATCATTACGG-1,1
pbmc,TCGGGCATCCACAGCG-1,1
pbmc,TCGGGCATCCGATTAG-1,234
pbmc,TCGGGCATCCGCACGA-1,1
pbmc,TCGGGCATCTAAGCGT-1,1
pbmc,TCGGGCATCTGAACGT-1,340
pbmc,TCGGGCATCTTAGCTT-1,1
pbmc,TCGGGCATCTTTCCGG-1,1
pbmc,TCGGGTGAGAAGGTAG-1,1
pbmc,TCGGGTGAGCAATAAC-1,3
pbmc,TCGGGTGAGCCACCGT-1,1
pbmc,TCGGGTGAGGGTGGGA-1,2
pbmc,TCGGGTGCAAGGGTCA-1,1
pbmc,TCGGGTGCAATGAGCG-1,1
pbmc,TCGGGTGCACCTGCGA-1,1
pbmc,TCGGGTGCACTGAATC-1,1
pbmc,TCGGGTGCAGTCTGGC-1,89
pbmc,TCGGGTGCATGGCGCT-1,1
pbmc,TCGGGTGGTGCCTACG-1,1
pbmc,TCGGGTGTCGGACGTC-1,1
pbmc,TCGGGTGTCTTAGCCC-1,1
pbmc,TCGGTCTAGATTAGCA-1,1
pbmc,TCGGTCTAGCGCCTAC-1,1
pbmc,TCGGTCTAGGCGATAC-1,1
pbmc,TCGGTCTAGGGTTTCT-1,1
pbmc,TCGGTCTCAACTCGTA-1,1
pbmc,TCGGTCTCACAATGAA-1,1
pbmc,TCGGTCTCACATTCTT-1,1
pbmc,TCGGTCTCACCCAATA-1,1
pbmc,TCGGTCTCACTGATTG-1,2
pbmc,TCGGTCTCATATACCG-1,1
pbmc,TCGGTCTCATGACACT-1,1
pbmc,TCGGTCTGTACGTGTT-1,2
pbmc,TCGGTCTGTCAACATC-1,1
pbmc,TCGGTCTGTCCCAAAT-1,1
pbmc,TCGGTCTGTGATGGCA-1,1
pbmc,TCGGTCTGTTGTATGC-1,1
pbmc,TCGGTCTTCATAGGGA-1,1
pbmc,TCGGTCTTCATTGCTT-1,230
pbmc,TCGGTCTTCCCTCATG-1,1
pbmc,TCGGTCTTCGACATAC-1,253
pbmc,TCGGTCTTCGCGTGAC-1,1
pbmc,TCGGTCTTCTGTCGCT-1,1
pbmc,TCGTAGAAGCGTATAA-1,1
pbmc,TCGTAGAAGGGCATCG-1,2
pbmc,TCGTAGAAGTATGCAA-1,1
pbmc,TCGTAGAAGTCGTCTA-1,1
pbmc,TCGTAGAAGTGCCAGA-1,1
pbmc,TCGTAGACAATGAAAC-1,298
pbmc,TCGTAGACACTAGAGG-1,1
pbmc,TCGTAGACAGCAGGAT-1,1
pbmc,TCGTAGACAGCCTATA-1,1
pbmc,TCGTAGACAGTTCCAA-1,1
pbmc,TCGTAGAGTATAGGGC-1,1
pbmc,TCGTAGAGTATTCTCT-1,1
pbmc,TCGTAGAGTCGACTTA-1,1
pbmc,TCGTAGAGTCTAGGTT-1,1
pbmc,TCGTAGAGTCTCAGAT-1,2
pbmc,TCGTAGAGTGGTCTGC-1,1
pbmc,TCGTAGAGTTGTAGCT-1,1
pbmc,TCGTCCAAGAATGTTG-1,1
pbmc,TCGTCCAAGGCATCGA-1,1
pbmc,TCGTCCACATAAGATG-1,1
pbmc,TCGTCCAGTACCTGTA-1,1
pbmc,TCGTCCAGTCGTTGCG-1,2
pbmc,TCGTCCAGTGCAGTGA-1,1
pbmc,TCGTCCATCAACGAGG-1,2
pbmc,TCGTCCATCGCATGAT-1,1
pbmc,TCGTCCATCTACGCAA-1,1
pbmc,TCGTCCATCTCATTTG-1,1
pbmc,TCGTGCTAGAAACACT-1,1
pbmc,TCGTGCTAGATACGAT-1,1
pbmc,TCGTGCTAGGCGCTTC-1,1
pbmc,TCGTGCTAGGTGTGAC-1,1
pbmc,TCGTGCTAGTCTAGAA-1,1
pbmc,TCGTGCTCACATATGC-1,1
pbmc,TCGTGCTCATCCGAGC-1,1
pbmc,TCGTGCTCATTCGGGC-1,1
pbmc,TCGTGCTGTAAGGAGA-1,141
pbmc,TCGTGCTGTACCCGAC-1,1
pbmc,TCGTGCTGTACGTGAG-1,1
pbmc,TCGTGCTGTATACAGA-1,1
pbmc,TCGTGCTGTATCCCTC-1,1
pbmc,TCGTGCTGTGACAACG-1,1
pbmc,TCGTGCTGTGATCATC-1,228
pbmc,TCGTGCTGTGTTGAGG-1,1
pbmc,TCGTGCTTCACGTAGT-1,1
pbmc,TCGTGCTTCAGCCTTC-1,1
pbmc,TCGTGGGAGAGTATAC-1,1
pbmc,TCGTGGGAGCTGGAGT-1,1
pbmc,TCGTGGGAGGAATCGC-1,1
pbmc,TCGTGGGCAACCGATT-1,1
pbmc,TCGTGGGCACAATGCT-1,1
pbmc,TCGTGGGCAGAAGTGC-1,6
pbmc,TCGTGGGCATGTGACT-1,1
pbmc,TCGTGGGCATTGTGCA-1,1
pbmc,TCGTGGGTCCGCAAAT-1,1
pbmc,TCGTGGGTCTAAACGC-1,1
pbmc,TCTAACTAGATGCTTC-1,1
pbmc,TCTAACTAGCCTCTGG-1,1
pbmc,TCTAACTAGCTAATCC-1,1
pbmc,TCTAACTAGGGCATGT-1,1
pbmc,TCTAACTAGGTCATCT-1,1
pbmc,TCTAACTAGGTCCAGA-1,160
pbmc,TCTAACTAGTTAGAAC-1,1
pbmc,TCTAACTAGTTGGAAT-1,1
pbmc,TCTAACTCAAGAGTGC-1,1
pbmc,TCTAACTCAGGCACTC-1,1
pbmc,TCTAACTGTACAGAAT-1,1
pbmc,TCTAACTGTAGAGGAA-1,1
pbmc,TCTAACTGTAGCGCTC-1,1
pbmc,TCTAACTGTGGCTGCT-1,1
pbmc,TCTAACTGTGTATCCA-1,1
pbmc,TCTAACTGTTCGGGTC-1,1
pbmc,TCTAACTGTTTGACAC-1,2
pbmc,TCTAACTTCCAAAGGG-1,1
pbmc,TCTAACTTCCTAACAG-1,1
pbmc,TCTAACTTCGGTGCAC-1,1
pbmc,TCTAACTTCGTTACCC-1,1
pbmc,TCTAACTTCTCTGACC-1,1
pbmc,TCTAACTTCTGCAGCG-1,1
pbmc,TCTACATAGACTACCT-1,1
pbmc,TCTACATAGAGCAGCT-1,2
pbmc,TCTACATAGAGGCGGA-1,1
pbmc,TCTACATAGAGTCTTC-1,1
pbmc,TCTACATAGATACCAA-1,1
pbmc,TCTACATAGCGCACAA-1,1
pbmc,TCTACATAGCGTCAGA-1,2
pbmc,TCTACATAGGCCTAAG-1,2
pbmc,TCTACATAGTATGCAA-1,1
pbmc,TCTACATAGTCGTCTA-1,1
pbmc,TCTACATAGTGCAAAT-1,1
pbmc,TCTACATAGTGCTAGG-1,1
pbmc,TCTACATAGTGGTTCT-1,1
pbmc,TCTACATCAACAGCTT-1,1
pbmc,TCTACATCAACCCGCA-1,1
pbmc,TCTACATCACGCGCAT-1,1
pbmc,TCTACATCACTGTCCT-1,1
pbmc,TCTACATCAGCAGACA-1,1
pbmc,TCTACATCAGCTCATA-1,1
pbmc,TCTACATCATATCTTC-1,1
pbmc,TCTACATCATGGAGAC-1,2
pbmc,TCTACATCATTCTGTT-1,1
pbmc,TCTACATGTCGCCTAG-1,1
pbmc,TCTACATGTGCATTAC-1,1
pbmc,TCTACATGTGGCCCAT-1,2
pbmc,TCTACATGTGTTACAC-1,1
pbmc,TCTACATGTTAAGAAC-1,1
pbmc,TCTACATGTTGTTGTG-1,1
pbmc,TCTACATTCATTTCCA-1,1
pbmc,TCTACATTCCCAACTC-1,1
pbmc,TCTACATTCCCATGGG-1,2
pbmc,TCTACATTCGCTAATG-1,2
pbmc,TCTACATTCGCTCTCA-1,1
pbmc,TCTACATTCTTCCTAA-1,1
pbmc,TCTACATTCTTTACAC-1,1
pbmc,TCTACCGAGACGCCCT-1,1
pbmc,TCTACCGAGAGTCGAC-1,1
pbmc,TCTACCGAGCAGCAGT-1,1
pbmc,TCTACCGAGCGAGTCA-1,1
pbmc,TCTACCGAGGACCCAA-1,1
pbmc,TCTACCGAGGACGCAT-1,1
pbmc,TCTACCGAGTAGAGTT-1,1
pbmc,TCTACCGAGTCTCCTC-1,1
pbmc,TCTACCGCAACTCATG-1,1
pbmc,TCTACCGCAGACACAG-1,1
pbmc,TCTACCGCAGTCGTTA-1,275
pbmc,TCTACCGGTCAATGGG-1,2
pbmc,TCTACCGGTCGAAACG-1,2
pbmc,TCTACCGGTGATCATC-1,1
pbmc,TCTACCGGTGCGGATA-1,1
pbmc,TCTACCGGTGGATCAG-1,1
pbmc,TCTACCGTCAGATTGC-1,1
pbmc,TCTACCGTCATAGAGA-1,1
pbmc,TCTACCGTCATCGACA-1,1
pbmc,TCTACCGTCATTCATC-1,1
pbmc,TCTACCGTCCACGGAC-1,200
pbmc,TCTACCGTCCTTCTTC-1,1
pbmc,TCTACCGTCGCATTGA-1,1
pbmc,TCTACCGTCTCAATCT-1,1
pbmc,TCTACCGTCTGGAAGG-1,1
pbmc,TCTACCGTCTGGTGCG-1,1
pbmc,TCTACCGTCTTACGGA-1,1
pbmc,TCTATACAGATTACCC-1,3
pbmc,TCTATACAGCTCTATG-1,1
pbmc,TCTATACAGGGAGGCA-1,2
pbmc,TCTATACAGGGATCTG-1,1
pbmc,TCTATACAGGGCAAGG-1,1
pbmc,TCTATACCACATCCCT-1,1
pbmc,TCTATACCACATTCGA-1,1
pbmc,TCTATACCACGCTGTG-1,1
pbmc,TCTATACCACGGTGTC-1,1
pbmc,TCTATACCAGAGATTA-1,1
pbmc,TCTATACCAGAGTCTT-1,1
pbmc,TCTATACCAGGTACGA-1,1
pbmc,TCTATACCAGTAACCT-1,1
pbmc,TCTATACCATGCCGGT-1,1
pbmc,TCTATACCATTCACAG-1,1
pbmc,TCTATACGTAGACAGC-1,1
pbmc,TCTATACGTAGCTTTG-1,1
pbmc,TCTATACGTAGGACCA-1,1
pbmc,TCTATACGTATCAAGA-1,1
pbmc,TCTATACGTCACTCGG-1,1
pbmc,TCTATACGTCGATTAC-1,1
pbmc,TCTATACGTCTTCATT-1,1
pbmc,TCTATACGTGGAAGTC-1,1
pbmc,TCTATACGTTATCCAG-1,380
pbmc,TCTATACGTTCCTAGA-1,1
pbmc,TCTATACGTTCTCCAC-1,4
pbmc,TCTATACTCACGGACC-1,1
pbmc,TCTATACTCATTATCC-1,1
pbmc,TCTATACTCCCGTAAA-1,1
pbmc,TCTATACTCCCTTCCC-1,1
pbmc,TCTATACTCCTGGGAC-1,1
pbmc,TCTATACTCGAAGCCC-1,1
pbmc,TCTATACTCTATCCAT-1,2
pbmc,TCTATACTCTGCGGAC-1,1
pbmc,TCTATACTCTTTCTAG-1,1
pbmc,TCTATCAAGAACAAGG-1,1
pbmc,TCTATCAAGAGTGACC-1,1
pbmc,TCTATCAAGTCTAGCT-1,1
pbmc,TCTATCACAAAGAGTT-1,2
pbmc,TCTATCACAAATCGTC-1,3
pbmc,TCTATCACAATGAAAC-1,1
pbmc,TCTATCACACGGCCAT-1,2
pbmc,TCTATCACACTCCCTA-1,1
pbmc,TCTATCACAGGGACTA-1,1
pbmc,TCTATCACATACCAGT-1,1
pbmc,TCTATCACATGACAAA-1,1
pbmc,TCTATCACATTGACAC-1,1
pbmc,TCTATCAGTAACATCC-1,1
pbmc,TCTATCAGTATGCTAC-1,306
pbmc,TCTATCAGTATGCTCA-1,1
pbmc,TCTATCAGTCCGGTGT-1,1
pbmc,TCTATCAGTCGTTGGC-1,1
pbmc,TCTATCAGTCTAATCG-1,1
pbmc,TCTATCAGTTGCCGAC-1,137
pbmc,TCTATCAGTTGGTACT-1,1
pbmc,TCTATCATCAAAGACA-1,1
pbmc,TCTATCATCACATTGG-1,1
pbmc,TCTATCATCAGGGATG-1,1
pbmc,TCTATCATCGCCATAA-1,3
pbmc,TCTATCATCGTGACTA-1,1
pbmc,TCTATCATCTAACGCA-1,3
pbmc,TCTATCATCTCGCCTA-1,1
pbmc,TCTATCATCTTCTTCC-1,1
pbmc,TCTCACGAGCACTTTG-1,1
pbmc,TCTCACGAGGCTCCCA-1,187
pbmc,TCTCACGAGGCTCCTA-1,1
pbmc,TCTCACGAGGGCCAAT-1,2
pbmc,TCTCACGAGGTAGACC-1,1
pbmc,TCTCACGAGTAGTCAA-1,1
pbmc,TCTCACGAGTCTGCGC-1,2
pbmc,TCTCACGAGTGTTGTC-1,1
pbmc,TCTCACGCAAATACGA-1,1
pbmc,TCTCACGCAATAGTCC-1,1
pbmc,TCTCACGCAATTTCCT-1,1
pbmc,TCTCACGCACCTAAAC-1,1
pbmc,TCTCACGCAGATCATC-1,1
pbmc,TCTCACGCATACACCA-1,1
pbmc,TCTCACGCATGATAGA-1,1
pbmc,TCTCACGGTACCCGCA-1,1
pbmc,TCTCACGGTAGGAGTC-1,1
pbmc,TCTCACGGTATCACGT-1,1
pbmc,TCTCACGGTCTCTCAC-1,1
pbmc,TCTCACGGTGTCATCA-1,1
pbmc,TCTCACGTCAGAGTGG-1,1
pbmc,TCTCACGTCATGCCCT-1,1
pbmc,TCTCACGTCCCTCAAC-1,1
pbmc,TCTCACGTCGACCAAT-1,1
pbmc,TCTCACGTCGCGCCAA-1,1
pbmc,TCTCACGTCTCGCAGG-1,6
pbmc,TCTCACGTCTTGTTAC-1,1
pbmc,TCTCAGCAGCAGTACG-1,1
pbmc,TCTCAGCAGCTCCATA-1,1
pbmc,TCTCAGCAGTATGCAA-1,1
pbmc,TCTCAGCAGTTGGGAC-1,1
pbmc,TCTCAGCCAACCGTGC-1,1
pbmc,TCTCAGCCAACTAGAA-1,1
pbmc,TCTCAGCCAAGACCTT-1,1
pbmc,TCTCAGCCAAGACGAC-1,1
pbmc,TCTCAGCCAAGTCCCG-1,1
pbmc,TCTCAGCCAATTAGGA-1,1
pbmc,TCTCAGCCACAGCTGC-1,1
pbmc,TCTCAGCCACATGACT-1,1
pbmc,TCTCAGCCACTTTAGG-1,1
pbmc,TCTCAGCCAGACGATG-1,1
pbmc,TCTCAGCCAGTTAGAA-1,1
pbmc,TCTCAGCCATACTGAC-1,1
pbmc,TCTCAGCCATCAACCA-1,1
pbmc,TCTCAGCCATCAGCTA-1,1
pbmc,TCTCAGCGTCAGTCGC-1,1
pbmc,TCTCAGCTCAAAGAAC-1,1
pbmc,TCTCAGCTCACTTCTA-1,2
pbmc,TCTCAGCTCATTGCCC-1,1
pbmc,TCTCAGCTCCATTTCA-1,1
pbmc,TCTCAGCTCCCGAAAT-1,1
pbmc,TCTCAGCTCTAGCAAC-1,1
pbmc,TCTCCGAAGAAGCGAA-1,1
pbmc,TCTCCGAAGCGTTAGG-1,1
pbmc,TCTCCGAAGTCAATCC-1,580
pbmc,TCTCCGAAGTCTCTTC-1,1
pbmc,TCTCCGAAGTGATCGG-1,1
pbmc,TCTCCGAAGTTGAATG-1,1
pbmc,TCTCCGACAACAGCCC-1,1
pbmc,TCTCCGACAAGCTCTA-1,1
pbmc,TCTCCGACAATCTTCT-1,1
pbmc,TCTCCGACAGAGGACT-1,1
pbmc,TCTCCGACAGGACAGT-1,1
pbmc,TCTCCGACAGGTACAG-1,1
pbmc,TCTCCGACAGTAGATA-1,1
pbmc,TCTCCGACATCATGAC-1,1
pbmc,TCTCCGACATCCTATT-1,1
pbmc,TCTCCGACATGTGACT-1,1
pbmc,TCTCCGACATTAAGCC-1,1
pbmc,TCTCCGAGTAGAATAC-1,1
pbmc,TCTCCGAGTCTGTGCG-1,1
pbmc,TCTCCGAGTTCAAACC-1,1
pbmc,TCTCCGAGTTCTCCTG-1,1
pbmc,TCTCCGATCCAACTGA-1,1
pbmc,TCTCCGATCCCTCTTC-1,1
pbmc,TCTCCGATCCTCTAGC-1,1
pbmc,TCTCCGATCCTGGGAC-1,1
pbmc,TCTCCGATCGTTGCCT-1,1
pbmc,TCTCCGATCTCTCTTC-1,498
pbmc,TCTCCGATCTTTCTTC-1,1
pbmc,TCTCTGGAGCTCCGAC-1,1
pbmc,TCTCTGGAGGGAACAA-1,2
pbmc,TCTCTGGAGGTGGGTT-1,1
pbmc,TCTCTGGCAAAGCAAT-1,450
pbmc,TCTCTGGCAACTTGCA-1,2
pbmc,TCTCTGGCAAGCAATA-1,2
pbmc,TCTCTGGCAAGTATAG-1,1
pbmc,TCTCTGGCAGACTGCC-1,1
pbmc,TCTCTGGGTCCTGTTC-1,2
pbmc,TCTCTGGGTCTAGGCC-1,1
pbmc,TCTCTGGGTGAGATAT-1,1
pbmc,TCTCTGGGTGTCATCA-1,1
pbmc,TCTCTGGGTGTCCATA-1,1
pbmc,TCTCTGGTCACAATGC-1,1
pbmc,TCTCTGGTCAGGAACG-1,1
pbmc,TCTCTGGTCCTAGCTC-1,1
pbmc,TCTCTGGTCCTCGCAT-1,1
pbmc,TCTCTGGTCGGCACTG-1,1
pbmc,TCTGCCAAGCACAAAT-1,1
pbmc,TCTGCCAAGCCTCTCT-1,2
pbmc,TCTGCCAAGCGAACTG-1,1
pbmc,TCTGCCAAGGGTCTTT-1,1
pbmc,TCTGCCAAGGGTTAGC-1,2
pbmc,TCTGCCAAGTCACTAC-1,1
pbmc,TCTGCCAAGTCTCCTC-1,1
pbmc,TCTGCCAAGTGATGGC-1,1
pbmc,TCTGCCAAGTTACGGG-1,100
pbmc,TCTGCCAAGTTCCATG-1,1
pbmc,TCTGCCACAAGTATCC-1,1
pbmc,TCTGCCACACTTCCTG-1,1
pbmc,TCTGCCACAGAGTGAC-1,1
pbmc,TCTGCCACAGCAGACA-1,1
pbmc,TCTGCCACAGCTTTCC-1,1
pbmc,TCTGCCACATGAATAG-1,1
pbmc,TCTGCCACATGGCTGC-1,1
pbmc,TCTGCCACATTGAGCT-1,1
pbmc,TCTGCCAGTAACGCGA-1,255
pbmc,TCTGCCAGTAACTAGA-1,1
pbmc,TCTGCCAGTAAGGAGA-1,1
pbmc,TCTGCCAGTACCCGCA-1,1
pbmc,TCTGCCAGTAGATGTA-1,448
pbmc,TCTGCCAGTATCGCTA-1,1
pbmc,TCTGCCAGTTCCTAGA-1,1
pbmc,TCTGCCAGTTCGGCGT-1,1
pbmc,TCTGCCAGTTGCCTAA-1,2
pbmc,TCTGCCATCATCCCGT-1,1
pbmc,TCTGCCATCCAGGACC-1,9
pbmc,TCTGCCATCCATTTCA-1,1
pbmc,TCTGCCATCCTCTCTT-1,1
pbmc,TCTGCCATCGGTTAGT-1,1
pbmc,TCTGCCATCGTACACA-1,1
pbmc,TCTGCCATCGTGCGAC-1,1
pbmc,TCTGCCATCTGTCGTC-1,1
pbmc,TCTGGCTAGCAGTACG-1,1
pbmc,TCTGGCTAGGCATCAG-1,2
pbmc,TCTGGCTAGGCGCTTC-1,1
pbmc,TCTGGCTAGGCTCACC-1,1
pbmc,TCTGGCTAGGTGATCG-1,2
pbmc,TCTGGCTAGTCCCAAT-1,1
pbmc,TCTGGCTAGTGCAACG-1,1
pbmc,TCTGGCTAGTGCCTGT-1,1
pbmc,TCTGGCTCACAAGCTT-1,2
pbmc,TCTGGCTCACAGTCAT-1,1
pbmc,TCTGGCTCACCACATA-1,1
pbmc,TCTGGCTCACCCAATA-1,1
pbmc,TCTGGCTCACCTAAAC-1,1
pbmc,TCTGGCTCACTACAGT-1,1
pbmc,TCTGGCTCAGCGATTT-1,1
pbmc,TCTGGCTCAGTTTGGT-1,1
pbmc,TCTGGCTCATCCTGTC-1,291
pbmc,TCTGGCTCATGACTGT-1,1
pbmc,TCTGGCTGTACAGTTC-1,1
pbmc,TCTGGCTGTAGTGATA-1,1
pbmc,TCTGGCTGTGTGGTCC-1,1
pbmc,TCTGGCTTCAAGCGTT-1,2
pbmc,TCTGGCTTCATTCACT-1,1
pbmc,TCTGGCTTCCAGTTCC-1,1
pbmc,TCTGGCTTCCCAACTC-1,1
pbmc,TCTGGCTTCGCTCCTA-1,2
pbmc,TCTGGCTTCGGAATTC-1,1
pbmc,TCTGGCTTCGTCAGAT-1,1
pbmc,TCTGGCTTCTGAGTCA-1,1
pbmc,TCTGGCTTCTTCACAT-1,1
pbmc,TCTGTCGAGACATCCT-1,1
pbmc,TCTGTCGAGACTACCT-1,1
pbmc,TCTGTCGAGACTAGAT-1,226
pbmc,TCTGTCGAGCGCACAA-1,1
pbmc,TCTGTCGAGGTCGTGA-1,1
pbmc,TCTGTCGCAACACACT-1,2
pbmc,TCTGTCGCAAGACCGA-1,1
pbmc,TCTGTCGCAATGCAGG-1,1
pbmc,TCTGTCGCACCAGCGT-1,288
pbmc,TCTGTCGCACCATAGT-1,1
pbmc,TCTGTCGCACTTGACA-1,1
pbmc,TCTGTCGCAGATTCGT-1,1
pbmc,TCTGTCGCAGGCACAA-1,2
pbmc,TCTGTCGCATCGCCTT-1,1
pbmc,TCTGTCGGTATACAGA-1,1
pbmc,TCTGTCGGTCGGCACT-1,1
pbmc,TCTGTCGGTTCTCGTC-1,2
pbmc,TCTGTCGTCAGCTCTC-1,1
pbmc,TCTGTCGTCATTGTTC-1,1
pbmc,TCTGTCGTCCGGTAGC-1,1
pbmc,TCTGTCGTCGATTGAC-1,1
pbmc,TCTGTCGTCGTTCGCT-1,2
pbmc,TCTGTCGTCTCTATAC-1,1
pbmc,TCTGTCGTCTGGCCAG-1,1
pbmc,TCTTAGTAGACTACGG-1,2
pbmc,TCTTAGTAGAGAGCCT-1,2
pbmc,TCTTAGTAGGAATGCT-1,1
pbmc,TCTTAGTAGGCCTGCT-1,277
pbmc,TCTTAGTAGGGAACAA-1,1
pbmc,TCTTAGTAGGGAGGTG-1,1
pbmc,TCTTAGTAGGTAACTA-1,1
pbmc,TCTTAGTAGTCTACCA-1,1
pbmc,TCTTAGTCAACACGAG-1,384
pbmc,TCTTAGTCAACACTAC-1,1
pbmc,TCTTAGTCAACCGCCA-1,1
pbmc,TCTTAGTCAAGACTGG-1,1
pbmc,TCTTAGTCAAGGGCAT-1,1
pbmc,TCTTAGTCAGTAGATA-1,1
pbmc,TCTTAGTGTATCCCTC-1,1
pbmc,TCTTAGTGTCCTGTTC-1,1
pbmc,TCTTAGTGTCGCTTAA-1,2
pbmc,TCTTAGTGTTGCCAAT-1,396
pbmc,TCTTAGTTCACCTTAT-1,1
pbmc,TCTTAGTTCAGAATAG-1,169
pbmc,TCTTAGTTCAGCGCGT-1,1
pbmc,TCTTAGTTCCCATGGG-1,2
pbmc,TCTTAGTTCGATACAC-1,2
pbmc,TCTTAGTTCGCCAACG-1,1
pbmc,TCTTAGTTCGGCGATC-1,2
pbmc,TCTTAGTTCTCCCATG-1,1
pbmc,TCTTAGTTCTGGTTAA-1,1
pbmc,TCTTCCTAGACCATAA-1,1
pbmc,TCTTCCTAGCATGCGA-1,1
pbmc,TCTTCCTAGCGGACAT-1,1
pbmc,TCTTCCTAGCTAAATG-1,2
pbmc,TCTTCCTAGCTTAAGA-1,1
pbmc,TCTTCCTAGTATGGAT-1,1
pbmc,TCTTCCTCACCAAAGG-1,9
pbmc,TCTTCCTCACCAACAT-1,1
pbmc,TCTTCCTCACCTCTGT-1,1
pbmc,TCTTCCTCACGTCTCT-1,1
pbmc,TCTTCCTCAGAAGTTA-1,1
pbmc,TCTTCCTCATGCCGGT-1,1
pbmc,TCTTCCTGTACTTCCC-1,1
pbmc,TCTTCCTGTATATGGA-1,1
pbmc,TCTTCCTGTCGAACAG-1,1
pbmc,TCTTCCTGTGCTGCAC-1,1
pbmc,TCTTCCTGTTGTAAAG-1,1
pbmc,TCTTCCTTCCAAGCCG-1,1
pbmc,TCTTCCTTCCGGACTG-1,1
pbmc,TCTTCCTTCCTCTGCA-1,1
pbmc,TCTTCCTTCGAGTACT-1,1
pbmc,TCTTCCTTCGGATTAC-1,1
pbmc,TCTTCCTTCGTTCGCT-1,1
pbmc,TCTTGCGAGACTAAGT-1,1
pbmc,TCTTGCGAGATGAAGG-1,180
pbmc,TCTTGCGAGATGGAGG-1,1
pbmc,TCTTGCGAGTCACGAG-1,1
pbmc,TCTTGCGAGTTTCGGT-1,1
pbmc,TCTTGCGCACCCAAGC-1,1
pbmc,TCTTGCGCACTACTTT-1,194
pbmc,TCTTGCGCAGAGGAAA-1,228
pbmc,TCTTGCGCAGAGGTTG-1,1
pbmc,TCTTGCGCAGTTGTCA-1,2
pbmc,TCTTGCGGTCCAGCCA-1,271
pbmc,TCTTGCGGTGTTCGTA-1,1
pbmc,TCTTGCGGTTCCTAGA-1,1
pbmc,TCTTGCGTCCCGAGTG-1,1
pbmc,TCTTGCGTCGGAGTGA-1,1
pbmc,TCTTGCGTCTGCCTCA-1,1
pbmc,TCTTTGAAGCGATTCT-1,1
pbmc,TCTTTGAAGCTATCCA-1,1
pbmc,TCTTTGAAGCTGTTAC-1,1
pbmc,TCTTTGAAGGACATCG-1,1
pbmc,TCTTTGAAGGTCACCC-1,1
pbmc,TCTTTGAAGTTGAATG-1,1
pbmc,TCTTTGACAAACGTGG-1,1
pbmc,TCTTTGACAAATAAGC-1,1
pbmc,TCTTTGACACGTCATA-1,1
pbmc,TCTTTGACACTACCGG-1,1
pbmc,TCTTTGACATAAGATG-1,1
pbmc,TCTTTGACATATACCG-1,1
pbmc,TCTTTGACATATGAAG-1,1
pbmc,TCTTTGACATGGGTTT-1,1
pbmc,TCTTTGAGTAGCACGA-1,1
pbmc,TCTTTGAGTATCGTTG-1,1
pbmc,TCTTTGAGTCAAGCGA-1,1
pbmc,TCTTTGAGTGAGCCAA-1,1
pbmc,TCTTTGAGTGATGTAA-1,2
pbmc,TCTTTGAGTGCAACAG-1,1
pbmc,TCTTTGAGTGCTATTG-1,1
pbmc,TCTTTGAGTGGAGAAA-1,191
pbmc,TCTTTGAGTGTCCGGT-1,1
pbmc,TCTTTGAGTTATGTGC-1,1
pbmc,TCTTTGATCAATCCAG-1,1
pbmc,TCTTTGATCAGTCTTT-1,1
pbmc,TCTTTGATCCCGGTAG-1,1
pbmc,TCTTTGATCGATTTCT-1,1
pbmc,TCTTTGATCTCGACCT-1,1
pbmc,TGAACGTAGATCCCAT-1,1
pbmc,TGAACGTAGCTACTAC-1,1
pbmc,TGAACGTAGCTCGGCT-1,1
pbmc,TGAACGTAGTAACCTC-1,1
pbmc,TGAACGTCAAATGAAC-1,209
pbmc,TGAACGTCAATGAACA-1,1
pbmc,TGAACGTCACCCTCTA-1,1
pbmc,TGAACGTCACTCCGAG-1,1
pbmc,TGAACGTCACTGTCGG-1,1
pbmc,TGAACGTCATGAGGGT-1,1
pbmc,TGAACGTCATGTCTAG-1,1
pbmc,TGAACGTGTAACTAAG-1,338
pbmc,TGAACGTGTACCTATG-1,1
pbmc,TGAACGTGTACGATGG-1,1
pbmc,TGAACGTGTCCATAGT-1,46
pbmc,TGAACGTGTCGGTGAA-1,1
pbmc,TGAACGTGTCTAGATC-1,1
pbmc,TGAACGTGTGTCTAAC-1,1
pbmc,TGAACGTGTTCTCTAT-1,1
pbmc,TGAACGTGTTTGGGAG-1,1
pbmc,TGAACGTTCCGTTTCG-1,1
pbmc,TGAACGTTCGCATGAT-1,1
pbmc,TGAACGTTCGCTTAAG-1,1
pbmc,TGAACGTTCGTCGCTT-1,1
pbmc,TGAACGTTCTCCATAT-1,1
pbmc,TGAACGTTCTGGTTAA-1,1
pbmc,TGAATCGAGAGGACTC-1,1
pbmc,TGAATCGAGAGTCAGC-1,3
pbmc,TGAATCGAGCTTAGTC-1,1
pbmc,TGAATCGAGGTTCAGG-1,1
pbmc,TGAATCGCAAATCGGG-1,1
pbmc,TGAATCGCAACAAGTA-1,1
pbmc,TGAATCGCAATCGTCA-1,1
pbmc,TGAATCGCAGGTGAGT-1,2
pbmc,TGAATCGCAGTTTCGA-1,1
pbmc,TGAATCGCATGACACT-1,1
pbmc,TGAATCGCATGAGGGT-1,1
pbmc,TGAATCGGTAGGGAGG-1,2
pbmc,TGAATCGGTGCCTGCA-1,1
pbmc,TGAATCGTCAGTGATC-1,1
pbmc,TGAATCGTCGAGTCTA-1,1
pbmc,TGAATCGTCTCCGAAA-1,1
pbmc,TGAATCGTCTGACAGT-1,1
pbmc,TGAATGCAGAGCATAT-1,1
pbmc,TGAATGCAGCATCAAA-1,1
pbmc,TGAATGCAGCATGTTC-1,2
pbmc,TGAATGCAGCCTCTTC-1,1
pbmc,TGAATGCAGGAGTCTG-1,1
pbmc,TGAATGCAGTACCATC-1,1
pbmc,TGAATGCAGTCAATCC-1,1
pbmc,TGAATGCAGTGAGTGC-1,1
pbmc,TGAATGCCACCAGTAT-1,1
pbmc,TGAATGCCAGAACTTC-1,1
pbmc,TGAATGCCAGTAGAGC-1,1
pbmc,TGAATGCCATTCTCTA-1,1
pbmc,TGAATGCGTAGTAAGT-1,1
pbmc,TGAATGCGTAGTCACT-1,1
pbmc,TGAATGCGTCAACCAT-1,1
pbmc,TGAATGCGTCTACACA-1,1
pbmc,TGAATGCGTCTACATG-1,1
pbmc,TGAATGCGTGCTCTTC-1,1
pbmc,TGAATGCGTGGACTAG-1,189
pbmc,TGAATGCGTGGAGGTT-1,1
pbmc,TGAATGCGTTACGATC-1,1
pbmc,TGAATGCTCAGCTCTC-1,1
pbmc,TGAATGCTCATTTCCA-1,1
pbmc,TGAATGCTCGACGAGA-1,381
pbmc,TGAATGCTCGCCGTGA-1,308
pbmc,TGACAGTAGAGGACTC-1,1
pbmc,TGACAGTAGAGGTGCT-1,94
pbmc,TGACAGTAGATAGGGA-1,1
pbmc,TGACAGTAGATGCTAA-1,1
pbmc,TGACAGTAGATTGCGG-1,1
pbmc,TGACAGTAGTCTTCCC-1,1
pbmc,TGACAGTCAAGATGTA-1,1
pbmc,TGACAGTCAAGCAGGT-1,1
pbmc,TGACAGTCACTGCGAC-1,2
pbmc,TGACAGTCATGACGGA-1,1
pbmc,TGACAGTCATGCCGCA-1,1
pbmc,TGACAGTGTCACAGTT-1,1
pbmc,TGACAGTGTCCAATCA-1,1
pbmc,TGACAGTGTTCGCGTG-1,1
pbmc,TGACAGTGTTCTAACG-1,1
pbmc,TGACAGTTCAGATTGC-1,1
pbmc,TGACAGTTCCGTATGA-1,1
pbmc,TGACAGTTCCTTACCG-1,1
pbmc,TGACAGTTCGAGATGG-1,172
pbmc,TGACAGTTCGCTCTAC-1,1
pbmc,TGACAGTTCGGCACTG-1,1
pbmc,TGACAGTTCTTCCACG-1,1
pbmc,TGACCCTAGCTCACTA-1,1
pbmc,TGACCCTAGGAGTCTG-1,1
pbmc,TGACCCTAGTATCCTG-1,1
pbmc,TGACCCTCAAATGGAT-1,1
pbmc,TGACCCTCACAAGTTC-1,1
pbmc,TGACCCTCACAATTCG-1,1
pbmc,TGACCCTCACCCTGAG-1,1
pbmc,TGACCCTCACTCCGGA-1,1
pbmc,TGACCCTCAGGTTCGC-1,1
pbmc,TGACCCTCATTCTTCA-1,1
pbmc,TGACCCTGTAGGTACG-1,1
pbmc,TGACCCTGTATTGACC-1,1
pbmc,TGACCCTGTATTTCCT-1,1
pbmc,TGACCCTGTCGCACAC-1,2
pbmc,TGACCCTGTCGTGATT-1,1
pbmc,TGACCCTGTGACGCCT-1,1
pbmc,TGACCCTGTTGTAAAG-1,1
pbmc,TGACCCTTCAAGGACG-1,1
pbmc,TGACCCTTCAATGCAC-1,1
pbmc,TGACCCTTCAGAATAG-1,1
pbmc,TGACCCTTCATCACTC-1,1
pbmc,TGACCCTTCGCTGTTC-1,1
pbmc,TGACCCTTCTCATTGT-1,330
pbmc,TGACCCTTCTGTGCTC-1,1
pbmc,TGACCCTTCTTAGCTT-1,1
pbmc,TGACCCTTCTTTCCGG-1,1
pbmc,TGACGCGAGTCACTCA-1,1
pbmc,TGACGCGCAACCGTGC-1,1
pbmc,TGACGCGCAAGTGGCA-1,1
pbmc,TGACGCGCAATCAGCT-1,1
pbmc,TGACGCGCACAGACGA-1,2
pbmc,TGACGCGCAGCATACT-1,1
pbmc,TGACGCGCATGGGTTT-1,1
pbmc,TGACGCGGTACCCACG-1,1
pbmc,TGACGCGGTACGATCT-1,1
pbmc,TGACGCGGTATGGGAC-1,1
pbmc,TGACGCGGTCAAAGCG-1,1
pbmc,TGACGCGGTCGGCCTA-1,1
pbmc,TGACGCGGTCTTTCTA-1,1
pbmc,TGACGCGGTGGACCTC-1,1
pbmc,TGACGCGGTGGCTTAT-1,127
pbmc,TGACGCGGTGTATTGC-1,1
pbmc,TGACGCGGTTTGACAC-1,1
pbmc,TGACGCGGTTTGTGGT-1,1
pbmc,TGACGCGTCCAGCACG-1,1
pbmc,TGACGCGTCGGCTGTG-1,2
pbmc,TGACGCGTCTCGGTAA-1,1
pbmc,TGACGCGTCTGCGGAC-1,1
pbmc,TGACGCGTCTGCTGAA-1,1
pbmc,TGACTCCAGAATGTTG-1,1
pbmc,TGACTCCAGCACCAGA-1,1
pbmc,TGACTCCAGCTCTTCC-1,1
pbmc,TGACTCCAGGAGGGTG-1,1
pbmc,TGACTCCAGGATTACA-1,2
pbmc,TGACTCCAGTCGGGAT-1,1
pbmc,TGACTCCAGTCTCCTC-1,262
pbmc,TGACTCCAGTGTACCT-1,3
pbmc,TGACTCCCAAGCAGGT-1,1
pbmc,TGACTCCCAATTGCCA-1,1
pbmc,TGACTCCCACACCTTC-1,1
pbmc,TGACTCCCACATACGT-1,1
pbmc,TGACTCCCACCATAAC-1,259
pbmc,TGACTCCCACTTGAGT-1,1
pbmc,TGACTCCCATGCGTGC-1,1
pbmc,TGACTCCCATTCGGGC-1,2
pbmc,TGACTCCGTCCGATCG-1,1
pbmc,TGACTCCGTGCCCACA-1,1
pbmc,TGACTCCGTGCGTCGT-1,1
pbmc,TGACTCCGTGTTCGAT-1,1
pbmc,TGACTCCGTTCATCTT-1,1
pbmc,TGACTCCGTTGGACCC-1,2
pbmc,TGACTCCTCACGACTA-1,1
pbmc,TGACTCCTCATCCTGC-1,1
pbmc,TGACTCCTCCCAAGTA-1,1
pbmc,TGACTCCTCCTGATAG-1,1
pbmc,TGACTCCTCTCCCAAC-1,1
pbmc,TGACTCCTCTGCTCTG-1,1
pbmc,TGACTCCTCTGGCCAG-1,3
pbmc,TGACTCCTCTTTCCGG-1,1
pbmc,TGAGACTAGATTGAGT-1,1
pbmc,TGAGACTAGCCGGATA-1,1
pbmc,TGAGACTAGCCTAACT-1,1
pbmc,TGAGACTAGGAGGCAG-1,1
pbmc,TGAGACTAGGCTGAAC-1,266
pbmc,TGAGACTAGGTAAGAG-1,1
pbmc,TGAGACTAGGTCGACA-1,1
pbmc,TGAGACTCAAGCACAG-1,1
pbmc,TGAGACTCAGCAGTTT-1,1
pbmc,TGAGACTGTACTGACT-1,1
pbmc,TGAGACTGTATGTCCA-1,2
pbmc,TGAGACTGTCACAGTT-1,1
pbmc,TGAGACTGTCCCGGTA-1,1
pbmc,TGAGACTGTGATTCAC-1,1
pbmc,TGAGACTGTTATGTCG-1,1
pbmc,TGAGACTTCCATCTCG-1,1
pbmc,TGAGACTTCCTCTAAT-1,1
pbmc,TGAGACTTCGTCTAAG-1,2
pbmc,TGAGACTTCGTTCCCA-1,1
pbmc,TGAGCATAGAAACCAT-1,2
pbmc,TGAGCATAGAAGGATG-1,1
pbmc,TGAGCATAGACATAGT-1,1
pbmc,TGAGCATAGACCATAA-1,1
pbmc,TGAGCATAGACGACGT-1,1
pbmc,TGAGCATAGCGACATG-1,2
pbmc,TGAGCATAGCTAAATG-1,1
pbmc,TGAGCATAGGTTGTTC-1,1
pbmc,TGAGCATAGTAAACGT-1,3
pbmc,TGAGCATCAAAGGGCT-1,1
pbmc,TGAGCATCACAGCCAC-1,1
pbmc,TGAGCATCAGTAGATA-1,1
pbmc,TGAGCATCATGATCTG-1,1
pbmc,TGAGCATCATGTGACT-1,1
pbmc,TGAGCATCATTACCTT-1,2
pbmc,TGAGCATGTAGTACGG-1,1
pbmc,TGAGCATGTCCGCTGA-1,1
pbmc,TGAGCATGTCGAGATG-1,1
pbmc,TGAGCATGTGGACCTC-1,1
pbmc,TGAGCATGTTACGGAG-1,1
pbmc,TGAGCATGTTGGCCGT-1,1
pbmc,TGAGCATGTTGTGGAG-1,1
pbmc,TGAGCATTCCATTGCC-1,215
pbmc,TGAGCATTCCTACGTT-1,1
pbmc,TGAGCATTCCTTCACG-1,231
pbmc,TGAGCATTCGACACCG-1,1
pbmc,TGAGCATTCGATACTG-1,254
pbmc,TGAGCATTCGCTGTTC-1,1
pbmc,TGAGCATTCGTAAACT-1,1
pbmc,TGAGCATTCTATTGCC-1,1
pbmc,TGAGCATTCTCATTTG-1,1
pbmc,TGAGCATTCTCCTACG-1,3
pbmc,TGAGCATTCTCTATGT-1,2
pbmc,TGAGCATTCTGCTGAA-1,1
pbmc,TGAGCATTCTGTCTCG-1,203
pbmc,TGAGCGCAGAATCGTA-1,1
pbmc,TGAGCGCAGACTCCGC-1,1
pbmc,TGAGCGCAGTAAGACT-1,1
pbmc,TGAGCGCAGTATCTGC-1,2
pbmc,TGAGCGCCAATATCCG-1,1
pbmc,TGAGCGCCACGCAGTC-1,1
pbmc,TGAGCGCCACTAGAGG-1,1
pbmc,TGAGCGCCACTATGTG-1,388
pbmc,TGAGCGCCAGAATAAC-1,1
pbmc,TGAGCGCCAGCAATAA-1,1
pbmc,TGAGCGCCAGCATACT-1,443
pbmc,TGAGCGCCAGCCTATA-1,1
pbmc,TGAGCGCCAGCTGTGC-1,1
pbmc,TGAGCGCGTGCCCTTT-1,1
pbmc,TGAGCGCGTTCTCCCA-1,1
pbmc,TGAGCGCTCAACTGGT-1,1
pbmc,TGAGCGCTCATTGCTT-1,1
pbmc,TGAGCGCTCCAAGCTA-1,1
pbmc,TGAGCGCTCCCGAGGT-1,1
pbmc,TGAGCGCTCCCTGTTG-1,1
pbmc,TGAGCGCTCCTGACTT-1,1
pbmc,TGAGCGCTCCTGGCTT-1,1
pbmc,TGAGCGCTCGTCTAAG-1,169
pbmc,TGAGCGCTCGTTGCCT-1,1
pbmc,TGAGCGCTCTTCCGTG-1,1
pbmc,TGAGGAGAGACCAACG-1,4
pbmc,TGAGGAGAGCATGATA-1,2
pbmc,TGAGGAGAGCATGGGT-1,1
pbmc,TGAGGAGAGCCAGTAG-1,1
pbmc,TGAGGAGAGCCTATCA-1,1
pbmc,TGAGGAGAGGCCATAG-1,1
pbmc,TGAGGAGCAACGATCT-1,1
pbmc,TGAGGAGCACCGGCTA-1,1
pbmc,TGAGGAGCAGAGAATT-1,1
pbmc,TGAGGAGCATGGAATA-1,1
pbmc,TGAGGAGGTACGTGAG-1,1
pbmc,TGAGGAGGTCACATTG-1,1
pbmc,TGAGGAGGTCCTTGTC-1,1
pbmc,TGAGGAGGTGCCGTAC-1,1
pbmc,TGAGGAGGTGTATTCG-1,1
pbmc,TGAGGAGGTTACGGAG-1,1
pbmc,TGAGGAGTCACGGGCT-1,1
pbmc,TGAGGAGTCCAAGGGA-1,3
pbmc,TGAGGAGTCCATCGTC-1,389
pbmc,TGAGGAGTCCCGGTAG-1,1
pbmc,TGAGGAGTCCTTCAGC-1,1
pbmc,TGAGGAGTCGCCTAGG-1,1
pbmc,TGAGGAGTCGTAGCCG-1,1
pbmc,TGAGGAGTCTACGCAA-1,1
pbmc,TGAGGAGTCTCTCAAT-1,1
pbmc,TGAGGAGTCTGAACGT-1,1
pbmc,TGAGGAGTCTGCTCTG-1,4
pbmc,TGAGGAGTCTTCGTGC-1,2
pbmc,TGAGGGAAGACCAACG-1,1
pbmc,TGAGGGAAGACGGAAA-1,2
pbmc,TGAGGGAAGCTCGACC-1,1
pbmc,TGAGGGAAGTCCGCCA-1,2
pbmc,TGAGGGAAGTGATAAC-1,1
pbmc,TGAGGGACAAAGGAGA-1,1
pbmc,TGAGGGACAACGGCTC-1,1
pbmc,TGAGGGACATCCAACA-1,1
pbmc,TGAGGGACATCCAATG-1,1
pbmc,TGAGGGAGTAACAGTA-1,2
pbmc,TGAGGGAGTACTGCGC-1,1
pbmc,TGAGGGAGTCAAAGCG-1,1
pbmc,TGAGGGAGTCAAGTTC-1,1
pbmc,TGAGGGAGTCACTTCC-1,1
pbmc,TGAGGGAGTGTCCCTT-1,2
pbmc,TGAGGGAGTTATGGTC-1,2
pbmc,TGAGGGATCAAACGTC-1,241
pbmc,TGAGGGATCAATCTCT-1,1
pbmc,TGAGGGATCATAAGGA-1,149
pbmc,TGAGGGATCGTTGCCT-1,1
pbmc,TGAGGGATCTCCAATT-1,1
pbmc,TGAGGGATCTGATTCT-1,1
pbmc,TGAGGTTAGACCATAA-1,1
pbmc,TGAGGTTAGTAGTCAA-1,1
pbmc,TGAGGTTAGTGGTGAC-1,1
pbmc,TGAGGTTAGTTTGAGA-1,1
pbmc,TGAGGTTCAAACTAGA-1,154
pbmc,TGAGGTTCAAAGCACG-1,1
pbmc,TGAGGTTCACACTTAG-1,1
pbmc,TGAGGTTCACGCTGCA-1,2
pbmc,TGAGGTTCAGGACATG-1,488
pbmc,TGAGGTTCAGGTCAAG-1,1
pbmc,TGAGGTTCAGTAAATG-1,1
pbmc,TGAGGTTCATAGCACT-1,1
pbmc,TGAGGTTCATGGGATG-1,2
pbmc,TGAGGTTCATTAAAGG-1,1
pbmc,TGAGGTTGTACCGGCT-1,1
pbmc,TGAGGTTGTAGCTTTG-1,527
pbmc,TGAGGTTGTATACAGA-1,1
pbmc,TGAGGTTGTGCAGGAT-1,1
pbmc,TGAGGTTGTGCATTTG-1,1
pbmc,TGAGGTTTCATGCCAA-1,1
pbmc,TGAGGTTTCATGTCTT-1,1
pbmc,TGAGGTTTCCACGAAT-1,1
pbmc,TGAGGTTTCCGAACGC-1,1
pbmc,TGAGGTTTCCTGTTGC-1,1
pbmc,TGAGGTTTCGAGAATA-1,1
pbmc,TGAGGTTTCTGCACCT-1,1
pbmc,TGAGGTTTCTGCTTTA-1,1
pbmc,TGAGGTTTCTTCGCTG-1,1
pbmc,TGAGTCAAGCAAGTCG-1,1
pbmc,TGAGTCAAGCTAGTTC-1,1
pbmc,TGAGTCAAGGGTAATT-1,1
pbmc,TGAGTCAAGGTCATCT-1,1
pbmc,TGAGTCAAGTAAACGT-1,1
pbmc,TGAGTCAAGTGCAGCA-1,1
pbmc,TGAGTCACAACACAGG-1,1
pbmc,TGAGTCACAACGTAAA-1,1
pbmc,TGAGTCACAACTCCCT-1,1
pbmc,TGAGTCACAAGATTGA-1,1
pbmc,TGAGTCACAAGGATGC-1,1
pbmc,TGAGTCACAATACCCA-1,1
pbmc,TGAGTCACAATATCCG-1,1
pbmc,TGAGTCACAATCCTAG-1,1
pbmc,TGAGTCACACAAATAG-1,1
pbmc,TGAGTCACACGAAGAC-1,1
pbmc,TGAGTCACAGAACGCA-1,377
pbmc,TGAGTCACAGAACTAA-1,1
pbmc,TGAGTCACAGGTCAGA-1,1
pbmc,TGAGTCACATATACCG-1,1
pbmc,TGAGTCACATCAGTCA-1,1
pbmc,TGAGTCAGTAACCCTA-1,152
pbmc,TGAGTCAGTAGTCTTG-1,1
pbmc,TGAGTCAGTATACCCA-1,1
pbmc,TGAGTCAGTATTGACC-1,1
pbmc,TGAGTCAGTCACTCTC-1,248
pbmc,TGAGTCAGTCCAGCCA-1,1
pbmc,TGAGTCAGTGATACAA-1,1
pbmc,TGAGTCAGTTTACGAC-1,1
pbmc,TGAGTCATCATCACTT-1,1
pbmc,TGAGTCATCCACGGAC-1,1
pbmc,TGAGTCATCCGAGAAG-1,1
pbmc,TGAGTCATCGGTTGTA-1,2
pbmc,TGAGTCATCTCATTTG-1,1
pbmc,TGAGTCATCTTCACGC-1,1
pbmc,TGATCAGAGCCGATAG-1,1
pbmc,TGATCAGAGGATTCAA-1,519
pbmc,TGATCAGAGGGTTCAA-1,2
pbmc,TGATCAGCAAACGTGG-1,1
pbmc,TGATCAGCACCCATAA-1,1
pbmc,TGATCAGCACCGTGCA-1,1
pbmc,TGATCAGCAGCTCCTT-1,1
pbmc,TGATCAGCATTGCCGG-1,1
pbmc,TGATCAGGTCTCAGGC-1,1
pbmc,TGATCAGGTCTCTCAC-1,1
pbmc,TGATCAGGTGCAATAA-1,1
pbmc,TGATCAGGTGCAGGAT-1,1
pbmc,TGATCAGGTTACAGCT-1,1
pbmc,TGATCAGGTTCCTTGC-1,1
pbmc,TGATCAGTCACCGACG-1,2
pbmc,TGATCAGTCAGTAGGG-1,1
pbmc,TGATCAGTCCACTTCG-1,1
pbmc,TGATCAGTCCGTAGGC-1,1
pbmc,TGATCAGTCGAGAGCA-1,1
pbmc,TGATCAGTCTATCGGA-1,1
pbmc,TGATCAGTCTCCGTGT-1,1
pbmc,TGATCTTAGATGAACT-1,1
pbmc,TGATCTTAGCTTTCTT-1,1
pbmc,TGATCTTAGGGAGGTG-1,1
pbmc,TGATCTTAGGTCACTT-1,1
pbmc,TGATCTTCAAGGATGC-1,1
pbmc,TGATCTTCAATACCTG-1,1
pbmc,TGATCTTCACATACGT-1,1
pbmc,TGATCTTCACATAGCT-1,1
pbmc,TGATCTTCACTTTATC-1,1
pbmc,TGATCTTGTCCTACAA-1,1
pbmc,TGATCTTGTGAATGTA-1,2
pbmc,TGATCTTGTTCAAAGA-1,1
pbmc,TGATCTTGTTTCACTT-1,1
pbmc,TGATCTTTCAATGTCG-1,1
pbmc,TGATCTTTCATCACTT-1,1
pbmc,TGATCTTTCATCGCCT-1,1
pbmc,TGATCTTTCCGATGTA-1,2
pbmc,TGATCTTTCGCAGATT-1,1
pbmc,TGATCTTTCGCGTGAC-1,1
pbmc,TGATCTTTCGTTGCCT-1,1
pbmc,TGATGCAAGAACAAGG-1,1
pbmc,TGATGCAAGTTGCCTA-1,1
pbmc,TGATGCACAAAGAGTT-1,1
pbmc,TGATGCACAAATCGGG-1,1
pbmc,TGATGCACAACCTAAC-1,2
pbmc,TGATGCACAGGGCTTC-1,228
pbmc,TGATGCACAGTGGCTC-1,2
pbmc,TGATGCACATCGGCCA-1,1
pbmc,TGATGCAGTACGTAGG-1,2
pbmc,TGATGCAGTCGAGATG-1,1
pbmc,TGATGCAGTGCTTCAA-1,1
pbmc,TGATGCAGTGTTACAC-1,1
pbmc,TGATGCAGTTCCTAAG-1,1
pbmc,TGATGCAGTTCGGTTA-1,1
pbmc,TGATGCAGTTTGGAGG-1,1
pbmc,TGATGCATCAAAGACA-1,1
pbmc,TGATGCATCAAGGTGG-1,1
pbmc,TGATGCATCCTCACTG-1,1
pbmc,TGATGCATCGCGAAGA-1,1
pbmc,TGATGCATCTCAAAGC-1,1
pbmc,TGATGGTAGACCCGCT-1,275
pbmc,TGATGGTAGCCTAGGA-1,1
pbmc,TGATGGTAGTTGCCTA-1,1
pbmc,TGATGGTCAATGAAAC-1,1
pbmc,TGATGGTCACGACGCT-1,1
pbmc,TGATGGTCAGGCTTGC-1,1
pbmc,TGATGGTCATGAGAAT-1,1
pbmc,TGATGGTGTAGAGATT-1,1
pbmc,TGATGGTGTCGTGCCA-1,1
pbmc,TGATGGTGTCTAGGCC-1,1
pbmc,TGATGGTGTGAACTAA-1,1
pbmc,TGATGGTGTGAGACGT-1,1
pbmc,TGATGGTGTGTGCTTA-1,1
pbmc,TGATGGTTCAAACCCA-1,1
pbmc,TGATGGTTCACTACGA-1,1
pbmc,TGATGGTTCATCGACA-1,1
pbmc,TGATGGTTCCAGTACA-1,2
pbmc,TGATGGTTCCCATAGA-1,1
pbmc,TGATGGTTCGGCACTG-1,1
pbmc,TGATTCTAGACTAAGT-1,1
pbmc,TGATTCTAGAGCCGTA-1,2
pbmc,TGATTCTCAAACACCT-1,1
pbmc,TGATTCTCAACGACTT-1,1
pbmc,TGATTCTCAACTCGTA-1,3
pbmc,TGATTCTCAATCCAGT-1,1
pbmc,TGATTCTCACCAAATC-1,2
pbmc,TGATTCTCACGTCATA-1,1
pbmc,TGATTCTCAGGAGGTT-1,1
pbmc,TGATTCTCATAATCCG-1,1
pbmc,TGATTCTCATCTCGTC-1,1
pbmc,TGATTCTGTACAAACA-1,1
pbmc,TGATTCTGTAGGTACG-1,5
pbmc,TGATTCTGTATACCTG-1,1
pbmc,TGATTCTGTGACGTCC-1,1
pbmc,TGATTCTGTGTCGATT-1,1
pbmc,TGATTCTTCAAAGCCT-1,1
pbmc,TGATTCTTCACGACGT-1,1
pbmc,TGATTCTTCAGGAGAC-1,1
pbmc,TGATTCTTCGCGTGAC-1,1
pbmc,TGATTCTTCGCTATTT-1,1
pbmc,TGATTCTTCGTGTGAT-1,2
pbmc,TGATTCTTCTGAGTCA-1,1
pbmc,TGATTTCAGCACGATG-1,3
pbmc,TGATTTCAGCATCAAA-1,2
pbmc,TGATTTCAGCATCTTG-1,1
pbmc,TGATTTCAGGTAACTA-1,1
pbmc,TGATTTCAGTCACGCC-1,1
pbmc,TGATTTCAGTCAGAGC-1,1
pbmc,TGATTTCAGTGACCCT-1,1
pbmc,TGATTTCCAACGCATT-1,1
pbmc,TGATTTCCAACGGGTA-1,1
pbmc,TGATTTCCAAGCGATG-1,3
pbmc,TGATTTCCAGGTTTAC-1,1
pbmc,TGATTTCCATAACCTG-1,1
pbmc,TGATTTCCATACTGAC-1,1
pbmc,TGATTTCCATTGAGCT-1,1
pbmc,TGATTTCGTAGCTGCC-1,1
pbmc,TGATTTCGTATAGGAT-1,1
pbmc,TGATTTCGTATCCCTC-1,1
pbmc,TGATTTCGTCAACACT-1,1
pbmc,TGATTTCGTCACAATC-1,2
pbmc,TGATTTCGTGCAACGA-1,1
pbmc,TGATTTCGTGCAGTAG-1,1
pbmc,TGATTTCGTGGCACTC-1,1
pbmc,TGATTTCGTTTCCAAG-1,1
pbmc,TGATTTCGTTTCGCTC-1,1
pbmc,TGATTTCTCAAATGAG-1,2
pbmc,TGATTTCTCAACGCTA-1,1
pbmc,TGATTTCTCACAATGC-1,1
pbmc,TGATTTCTCACATACG-1,1
pbmc,TGATTTCTCACCACAA-1,1
pbmc,TGATTTCTCTACTTCA-1,1
pbmc,TGATTTCTCTTCTCAA-1,1
pbmc,TGCACGGAGCCTGGAA-1,1
pbmc,TGCACGGAGCGTTCCG-1,1
pbmc,TGCACGGAGTCACACT-1,1
pbmc,TGCACGGAGTGGCAGT-1,1
pbmc,TGCACGGAGTTGCTGT-1,1
pbmc,TGCACGGAGTTTCGGT-1,1
pbmc,TGCACGGCAAACTAGA-1,1
pbmc,TGCACGGCAAGTGGTG-1,1
pbmc,TGCACGGCACACTGGC-1,1
pbmc,TGCACGGCAGGCCTGT-1,1
pbmc,TGCACGGCATCGATAC-1,1
pbmc,TGCACGGCATGGCTAT-1,1
pbmc,TGCACGGGTAGGACTG-1,1
pbmc,TGCACGGGTATCTCTT-1,1
pbmc,TGCACGGGTCGCTTGG-1,1
pbmc,TGCACGGGTGATAGAT-1,1
pbmc,TGCACGGGTTCCGCTT-1,1
pbmc,TGCACGGGTTCTTGTT-1,1
pbmc,TGCACGGGTTGCCAAT-1,1
pbmc,TGCACGGTCAAGTCGT-1,2
pbmc,TGCACGGTCGAGTACT-1,135
pbmc,TGCACGGTCGCTCTAC-1,1
pbmc,TGCACGGTCGGTCATA-1,1
pbmc,TGCACGGTCTGGAGAG-1,1
pbmc,TGCACGGTCTTTCTAG-1,1
pbmc,TGCAGATAGCATGAAT-1,1
pbmc,TGCAGATAGCCGAATG-1,1
pbmc,TGCAGATAGGAAACGA-1,1
pbmc,TGCAGATAGGGATGTC-1,2
pbmc,TGCAGATCAAGGAGTC-1,1
pbmc,TGCAGATCAATGGCAG-1,1
pbmc,TGCAGATCACAGCCTG-1,1
pbmc,TGCAGATCACTAGAGG-1,2
pbmc,TGCAGATCAGAGTTGG-1,1
pbmc,TGCAGATCAGTAACGG-1,1
pbmc,TGCAGATGTCCCGTGA-1,1
pbmc,TGCAGATGTGGCAGAT-1,1
pbmc,TGCAGATGTGTCCATA-1,1
pbmc,TGCAGATGTGTTAACC-1,1
pbmc,TGCAGATTCCCATTTA-1,1
pbmc,TGCAGATTCGGCAGTC-1,1
pbmc,TGCAGATTCTCCGAGG-1,1
pbmc,TGCAGATTCTGCACCT-1,1
pbmc,TGCAGGCAGACTCATC-1,1
pbmc,TGCAGGCAGCGTTCAT-1,123
pbmc,TGCAGGCAGGCTCAAG-1,1
pbmc,TGCAGGCAGGGACTGT-1,1
pbmc,TGCAGGCAGGTCACCC-1,1
pbmc,TGCAGGCCAAAGCTAA-1,1
pbmc,TGCAGGCCACATACTG-1,1
pbmc,TGCAGGCCACCACATA-1,1
pbmc,TGCAGGCCAGGAATAT-1,225
pbmc,TGCAGGCGTACGTGAG-1,1
pbmc,TGCAGGCGTAGTCACT-1,1
pbmc,TGCAGGCGTCGCATTA-1,2
pbmc,TGCAGGCGTCTGTAGT-1,1
pbmc,TGCAGGCGTGGCCTCA-1,1
pbmc,TGCAGGCGTGTACATC-1,2
pbmc,TGCAGGCGTTATGACC-1,2
pbmc,TGCAGGCTCCATGCAA-1,1
pbmc,TGCAGGCTCGAAGTGG-1,1
pbmc,TGCAGGCTCGGCCTTT-1,1
pbmc,TGCAGGCTCTGGCCGA-1,1
pbmc,TGCAGTAAGACTACCT-1,1
pbmc,TGCAGTAAGCACTCCG-1,1
pbmc,TGCAGTAAGGTAGACC-1,1
pbmc,TGCAGTAAGTAGTCCT-1,168
pbmc,TGCAGTACAAGAGTTA-1,1
pbmc,TGCAGTACAGTGGTGA-1,1
pbmc,TGCAGTAGTAGTCCTA-1,1
pbmc,TGCAGTAGTCAAGCCC-1,1
pbmc,TGCAGTAGTCCAATCA-1,1
pbmc,TGCAGTAGTCGAGCTC-1,1
pbmc,TGCAGTAGTGAGGCAT-1,1
pbmc,TGCAGTAGTGCCTGCA-1,1
pbmc,TGCAGTATCACCGGGT-1,1
pbmc,TGCAGTATCCACATAG-1,281
pbmc,TGCAGTATCCGCTGTT-1,1
pbmc,TGCAGTATCGCTGACG-1,1
pbmc,TGCAGTATCTCACGAA-1,1
pbmc,TGCAGTATCTTTGCGC-1,1
pbmc,TGCATCCAGATTGCGG-1,1
pbmc,TGCATCCAGCACTAGG-1,1
pbmc,TGCATCCAGCTTCGTA-1,1
pbmc,TGCATCCAGGCATCGA-1,1
pbmc,TGCATCCAGGGCGAGA-1,1
pbmc,TGCATCCAGTCATGCT-1,1
pbmc,TGCATCCAGTGGTGGT-1,1
pbmc,TGCATCCAGTTAACAG-1,1
pbmc,TGCATCCCAAGTACCT-1,1
pbmc,TGCATCCCAATAACGA-1,2
pbmc,TGCATCCCACCCAACG-1,121
pbmc,TGCATCCCACTGCGAC-1,1
pbmc,TGCATCCCAGGTGACA-1,1
pbmc,TGCATCCCAGTTCTAG-1,1
pbmc,TGCATCCGTACAAGTA-1,1
pbmc,TGCATCCGTCAAAGAT-1,1
pbmc,TGCATCCGTCAATGGG-1,1
pbmc,TGCATCCGTGAATGTA-1,1
pbmc,TGCATCCGTGGACCTC-1,1
pbmc,TGCATCCGTGGCTGAA-1,1
pbmc,TGCATCCGTGGGATTG-1,2
pbmc,TGCATCCGTTACCCAA-1,2
pbmc,TGCATCCTCCACGTAA-1,1
pbmc,TGCATCCTCCATACTT-1,1
pbmc,TGCATCCTCCTTCTAA-1,1
pbmc,TGCATGAAGAAAGTCT-1,2
pbmc,TGCATGAAGACCAAAT-1,1
pbmc,TGCATGAAGACTTAAG-1,1
pbmc,TGCATGAAGCACCCAC-1,253
pbmc,TGCATGAAGCCAAGTG-1,2
pbmc,TGCATGAAGCTAGAAT-1,1
pbmc,TGCATGAAGGATCACG-1,1
pbmc,TGCATGAAGGTAAGGA-1,1
pbmc,TGCATGAAGGTTACAA-1,1
pbmc,TGCATGACAATGTCAC-1,1
pbmc,TGCATGACAGGCTCTG-1,1
pbmc,TGCATGACATATAGCC-1,1
pbmc,TGCATGAGTACTCCCT-1,1
pbmc,TGCATGAGTAGGTAGC-1,2
pbmc,TGCATGAGTCCAGCGT-1,1
pbmc,TGCATGAGTCGTCTCT-1,1
pbmc,TGCATGAGTGGAACAC-1,2
pbmc,TGCATGAGTTGGGTTT-1,1
pbmc,TGCATGATCAAGTTGC-1,2
pbmc,TGCATGATCCCAACTC-1,1
pbmc,TGCATGATCGGTCTGG-1,1
pbmc,TGCATGATCGTGGCTG-1,1
pbmc,TGCATGATCGTTCTGC-1,1
pbmc,TGCATGATCTGATGGT-1,1
pbmc,TGCATGATCTTCTGTA-1,1
pbmc,TGCCGAGAGAAATTCG-1,2
pbmc,TGCCGAGAGACCGTTT-1,1
pbmc,TGCCGAGAGAGGATCC-1,1
pbmc,TGCCGAGAGCTTCTAG-1,2
pbmc,TGCCGAGAGTGATTCC-1,1
pbmc,TGCCGAGCAACTTGCA-1,1
pbmc,TGCCGAGCAATCCTAG-1,1
pbmc,TGCCGAGGTAACCCGC-1,1
pbmc,TGCCGAGGTCGTTCAA-1,1
pbmc,TGCCGAGGTGAGTTGG-1,2
pbmc,TGCCGAGTCACTTGTT-1,1
pbmc,TGCCGAGTCGCTTTAT-1,1
pbmc,TGCCGAGTCTAACAGT-1,1
pbmc,TGCCGAGTCTAACGGT-1,9
pbmc,TGCCGAGTCTCCGAAA-1,2
pbmc,TGCGACGAGCGACAGT-1,189
pbmc,TGCGACGAGCGACGGT-1,1
pbmc,TGCGACGAGGGCAGAG-1,1
pbmc,TGCGACGAGGTGCGAT-1,1
pbmc,TGCGACGAGTATAACG-1,1
pbmc,TGCGACGAGTTGGCTT-1,2
pbmc,TGCGACGCAACCACGC-1,1
pbmc,TGCGACGCAGGAATAT-1,2
pbmc,TGCGACGCATCGGAGA-1,1
pbmc,TGCGACGCATTCCTAT-1,1
pbmc,TGCGACGCATTGAAGA-1,1
pbmc,TGCGACGGTACTGCCG-1,2
pbmc,TGCGACGGTATCGTAC-1,1
pbmc,TGCGACGTCGAGTGGA-1,1
pbmc,TGCGACGTCGTAACTG-1,1
pbmc,TGCGACGTCTACAGGT-1,1
pbmc,TGCGACGTCTCATGCC-1,1
pbmc,TGCGACGTCTCCCATG-1,2
pbmc,TGCGATAAGAAACTGT-1,1
pbmc,TGCGATAAGAATCGCG-1,194
pbmc,TGCGATAAGACTCATC-1,1
pbmc,TGCGATAAGCAGGCAT-1,2
pbmc,TGCGATAAGCGTCTCG-1,1
pbmc,TGCGATAAGGTGCGAT-1,1
pbmc,TGCGATAAGTCAAGCG-1,1
pbmc,TGCGATACAAGGTCGA-1,1
pbmc,TGCGATACACAGCCAC-1,1
pbmc,TGCGATACACATGAAA-1,1
pbmc,TGCGATACAGCGCTTG-1,1
pbmc,TGCGATACAGGTTCCG-1,1
pbmc,TGCGATACATCACGGC-1,1
pbmc,TGCGATACATGCTGCG-1,1
pbmc,TGCGATAGTCACCGAC-1,1
pbmc,TGCGATAGTCTGCATA-1,1
pbmc,TGCGATAGTGGATTTC-1,1
pbmc,TGCGATAGTTCCAAAC-1,1
pbmc,TGCGATATCAGACAAA-1,2
pbmc,TGCGATATCAGTCAGT-1,1
pbmc,TGCGATATCGATACTG-1,1
pbmc,TGCGATATCGGCAGTC-1,1
pbmc,TGCGGCAAGGACTTCT-1,1
pbmc,TGCGGCAAGTGGTGAC-1,228
pbmc,TGCGGCACAAAGACGC-1,280
pbmc,TGCGGCACACCCTAAA-1,1
pbmc,TGCGGCAGTAACTTCG-1,1
pbmc,TGCGGCAGTAAGAACT-1,1
pbmc,TGCGGCAGTATCGAAA-1,1
pbmc,TGCGGCAGTCAGTCTA-1,1
pbmc,TGCGGCAGTCCTCAGG-1,2
pbmc,TGCGGCAGTGCCCGTA-1,1
pbmc,TGCGGCAGTTAGGGTG-1,1
pbmc,TGCGGCATCATACGAT-1,1
pbmc,TGCGGCATCATGCATG-1,1
pbmc,TGCGGCATCCCAAGTA-1,1
pbmc,TGCGGCATCCTGGGAC-1,2
pbmc,TGCGGCATCGTAGGAG-1,1
pbmc,TGCGGCATCTGGGAGA-1,1
pbmc,TGCGGGTAGGATTCCT-1,1
pbmc,TGCGGGTCAAGCCTGC-1,1
pbmc,TGCGGGTCAATGTCAC-1,1
pbmc,TGCGGGTCACAAGCCC-1,1
pbmc,TGCGGGTCACACAGCC-1,1
pbmc,TGCGGGTCACTATCGA-1,1
pbmc,TGCGGGTCAGTGACCC-1,1
pbmc,TGCGGGTCAGTTAGGG-1,1
pbmc,TGCGGGTCATCCGTGG-1,1
pbmc,TGCGGGTGTAAGGATT-1,1
pbmc,TGCGGGTGTAGTATAG-1,2
pbmc,TGCGGGTGTCAACATC-1,1
pbmc,TGCGGGTGTGACAGGT-1,1
pbmc,TGCGGGTTCACTTATC-1,1
pbmc,TGCGGGTTCCCAAGTG-1,1
pbmc,TGCGGGTTCGGTCTAA-1,1
pbmc,TGCGGGTTCGTTGCCT-1,1
pbmc,TGCGGGTTCTACAGGT-1,1
pbmc,TGCGGGTTCTCACGAA-1,1
pbmc,TGCGGGTTCTCCCATG-1,2
pbmc,TGCGGGTTCTGAGATC-1,1
pbmc,TGCGGGTTCTGTTGGA-1,1
pbmc,TGCGGGTTCTTGATTC-1,2
pbmc,TGCTCCAAGCGATCGA-1,1
pbmc,TGCTCCAAGGAAGTGA-1,1
pbmc,TGCTCCAAGGATACCG-1,1
pbmc,TGCTCCAAGGGTAATT-1,1
pbmc,TGCTCCAAGGGTTTCT-1,1
pbmc,TGCTCCAAGTCAACAA-1,1
pbmc,TGCTCCACAAATTAGG-1,1
pbmc,TGCTCCACAACCGCTG-1,1
pbmc,TGCTCCACAAGAGCTG-1,1
pbmc,TGCTCCACAAGTTGGG-1,1
pbmc,TGCTCCACAATCTAGC-1,227
pbmc,TGCTCCACACTACAGT-1,1
pbmc,TGCTCCACAGAAACCG-1,1
pbmc,TGCTCCACAGACCTGC-1,1
pbmc,TGCTCCACAGCTGGTC-1,1
pbmc,TGCTCCACAGTAGAAT-1,1
pbmc,TGCTCCACATCCGAGC-1,1
pbmc,TGCTCCACATCTAACG-1,1
pbmc,TGCTCCACATCTCAAG-1,1
pbmc,TGCTCCAGTAATACCC-1,1
pbmc,TGCTCCAGTAGACAAT-1,1
pbmc,TGCTCCAGTAGTGCGA-1,1
pbmc,TGCTCCAGTCTTAGTG-1,1
pbmc,TGCTCCAGTGGAACAC-1,1
pbmc,TGCTCCAGTGGTAACG-1,1
pbmc,TGCTCCAGTGTCATCA-1,1
pbmc,TGCTCCAGTTGTAAAG-1,1
pbmc,TGCTCCAGTTTGTTGG-1,1
pbmc,TGCTCCATCCGTCCTA-1,1
pbmc,TGCTCCATCCTTCGAC-1,1
pbmc,TGCTCCATCGCCAGAC-1,1
pbmc,TGCTCCATCGCTCTCA-1,1
pbmc,TGCTCGTAGACGAGCT-1,268
pbmc,TGCTCGTAGACGATAT-1,1
pbmc,TGCTCGTAGAGTCTGG-1,1
pbmc,TGCTCGTAGATGGTCG-1,1
pbmc,TGCTCGTAGATTAGAC-1,1
pbmc,TGCTCGTAGTACTGTC-1,1
pbmc,TGCTCGTCAAATCAAG-1,1
pbmc,TGCTCGTCAACCACAT-1,1
pbmc,TGCTCGTCAACTGATC-1,1
pbmc,TGCTCGTCACACGTGC-1,1
pbmc,TGCTCGTCAGCAGTAG-1,1
pbmc,TGCTCGTCAGTCAGCC-1,1
pbmc,TGCTCGTCATAATCGC-1,1
pbmc,TGCTCGTGTCACAGTT-1,1
pbmc,TGCTCGTGTCACCCTT-1,1
pbmc,TGCTCGTGTCCACATA-1,1
pbmc,TGCTCGTGTCGCTTAA-1,1
pbmc,TGCTCGTGTCTCGCGA-1,1
pbmc,TGCTCGTTCACTTCTA-1,1
pbmc,TGCTCGTTCCCATTTA-1,150
pbmc,TGCTCGTTCTAGAGCT-1,1
pbmc,TGCTCGTTCTCCGAAA-1,1
pbmc,TGCTCGTTCTTAATCC-1,1
pbmc,TGCTGAAAGCTCTATG-1,2
pbmc,TGCTGAAAGGTCTACT-1,1
pbmc,TGCTGAAAGGTGCCAA-1,2
pbmc,TGCTGAAAGTAGAGTT-1,1
pbmc,TGCTGAAAGTGATAGT-1,1
pbmc,TGCTGAAAGTGCGTCC-1,1
pbmc,TGCTGAAAGTTCTACG-1,1
pbmc,TGCTGAACAAAGACGC-1,1
pbmc,TGCTGAACAAAGGATT-1,1
pbmc,TGCTGAACAATGGGTG-1,1
pbmc,TGCTGAACACCAACAT-1,1
pbmc,TGCTGAACACGTACAT-1,1
pbmc,TGCTGAACAGACCATT-1,1
pbmc,TGCTGAACAGCACAAG-1,260
pbmc,TGCTGAACAGCTGTCG-1,1
pbmc,TGCTGAAGTAGACACG-1,1
pbmc,TGCTGAAGTATCGTAC-1,1
pbmc,TGCTGAATCACGGAGA-1,1
pbmc,TGCTGAATCATTGTGG-1,1
pbmc,TGCTGAATCGGACTGC-1,2
pbmc,TGCTGAATCGGTAACT-1,2
pbmc,TGCTGAATCGTGCACG-1,1
pbmc,TGCTGAATCGTTGCCT-1,1
pbmc,TGCTGAATCTAGTGTG-1,1
pbmc,TGCTGAATCTCGGTAA-1,1
pbmc,TGCTTCGAGAGTCAGC-1,1
pbmc,TGCTTCGCAAAGCTCT-1,1
pbmc,TGCTTCGCAAGTATAG-1,1
pbmc,TGCTTCGCAATAACCC-1,1
pbmc,TGCTTCGCATAGCTGT-1,95
pbmc,TGCTTCGCATCTGTTT-1,1
pbmc,TGCTTCGGTGGAAGTC-1,1
pbmc,TGCTTCGGTGGCCACT-1,1
pbmc,TGCTTCGTCGAGTACT-1,1
pbmc,TGCTTCGTCGGTCGAC-1,1
pbmc,TGCTTCGTCGTTGCCT-1,2
pbmc,TGCTTGCAGACCCTTA-1,1
pbmc,TGCTTGCAGACGAGCT-1,1
pbmc,TGCTTGCAGATTCGCT-1,1
pbmc,TGCTTGCAGCCTAACT-1,1
pbmc,TGCTTGCAGTAGTCTC-1,1
pbmc,TGCTTGCAGTCTTCGA-1,1
pbmc,TGCTTGCCAATTGCAC-1,1
pbmc,TGCTTGCCACGCTGAC-1,1
pbmc,TGCTTGCCACTATGTG-1,1
pbmc,TGCTTGCCAGCAGTAG-1,1
pbmc,TGCTTGCCAGTTTCAG-1,1
pbmc,TGCTTGCCATCGGTTA-1,1
pbmc,TGCTTGCCATGGAAGC-1,1
pbmc,TGCTTGCGTAGGATAT-1,1
pbmc,TGCTTGCGTATGAGCG-1,1
pbmc,TGCTTGCGTCAGCTTA-1,1
pbmc,TGCTTGCGTCCCGGTA-1,1
pbmc,TGCTTGCGTCTACAAC-1,1
pbmc,TGCTTGCGTGAACTAA-1,216
pbmc,TGCTTGCGTGGAAATT-1,2
pbmc,TGCTTGCGTGTTACAC-1,1
pbmc,TGCTTGCGTTCCACAA-1,1
pbmc,TGCTTGCTCCAACTGA-1,1
pbmc,TGCTTGCTCCCTCTTT-1,1
pbmc,TGCTTGCTCGAGCACC-1,1
pbmc,TGCTTGCTCGTCAAAC-1,1
pbmc,TGCTTGCTCTACCAGA-1,1
pbmc,TGCTTGCTCTGACAGT-1,1
pbmc,TGGAACTAGAATCCCT-1,1
pbmc,TGGAACTAGCGTCTCG-1,223
pbmc,TGGAACTAGTACAGAT-1,1
pbmc,TGGAACTAGTGAGGTC-1,1
pbmc,TGGAACTAGTGTCTCG-1,1
pbmc,TGGAACTAGTTGCTGT-1,1
pbmc,TGGAACTCAATTTCCT-1,1
pbmc,TGGAACTCACACCAGC-1,1
pbmc,TGGAACTCACGGGTAA-1,1
pbmc,TGGAACTCAGAAACCG-1,1
pbmc,TGGAACTCAGCTTCGG-1,1
pbmc,TGGAACTGTAAGTTGA-1,1
pbmc,TGGAACTGTACCACGC-1,1
pbmc,TGGAACTGTCACTTCC-1,1
pbmc,TGGAACTGTCCAGCCA-1,1
pbmc,TGGAACTGTCGAAGCA-1,2
pbmc,TGGAACTGTCGACTTA-1,1
pbmc,TGGAACTGTCGTGATT-1,1
pbmc,TGGAACTGTCTAGGCC-1,2
pbmc,TGGAACTGTGGATTTC-1,1
pbmc,TGGAACTTCAAGAGGC-1,1
pbmc,TGGAACTTCCCATGGG-1,2
pbmc,TGGAACTTCCGATCTC-1,1
pbmc,TGGAACTTCCGGCTTT-1,1
pbmc,TGGAACTTCCTATTTG-1,2
pbmc,TGGAACTTCCTGGCTT-1,1
pbmc,TGGAACTTCTTCGACC-1,1
pbmc,TGGAGAGAGAACAAGG-1,1
pbmc,TGGAGAGAGAGGCGGA-1,1
pbmc,TGGAGAGAGAGGCGTT-1,1
pbmc,TGGAGAGAGAGGGTCT-1,1
pbmc,TGGAGAGAGCAGCCTC-1,1
pbmc,TGGAGAGAGCTAATCC-1,1
pbmc,TGGAGAGAGTCCTGCG-1,1
pbmc,TGGAGAGCAAAGGGTC-1,1
pbmc,TGGAGAGCAAATGATG-1,1
pbmc,TGGAGAGCAACGAGGT-1,2
pbmc,TGGAGAGCAACGGCCT-1,1
pbmc,TGGAGAGCAAGTGTCT-1,1
pbmc,TGGAGAGCAGCACAGA-1,1
pbmc,TGGAGAGCAGGTTCGC-1,1
pbmc,TGGAGAGCAGTCAGTT-1,97
pbmc,TGGAGAGCATCAGCAT-1,1
pbmc,TGGAGAGCATCAGCTA-1,1
pbmc,TGGAGAGCATGATAGA-1,1
pbmc,TGGAGAGCATGCCGGT-1,1
pbmc,TGGAGAGGTAGCTAAA-1,1
pbmc,TGGAGAGGTATGAGAT-1,1
pbmc,TGGAGAGGTGGCTTGC-1,1
pbmc,TGGAGAGGTTCCTAAG-1,1
pbmc,TGGAGAGGTTTATGCG-1,1
pbmc,TGGAGAGGTTTGAAAG-1,1
pbmc,TGGAGAGTCACGGGAA-1,1
pbmc,TGGAGAGTCATCGGGC-1,1
pbmc,TGGAGAGTCCTCTAAT-1,2
pbmc,TGGAGAGTCGCACTCT-1,1
pbmc,TGGAGAGTCGCCGTGA-1,1
pbmc,TGGAGAGTCGGACTTA-1,1
pbmc,TGGAGAGTCGTTAGTG-1,1
pbmc,TGGAGAGTCTCGCCTA-1,1
pbmc,TGGAGAGTCTGAATCG-1,2
pbmc,TGGAGAGTCTTACACT-1,1
pbmc,TGGAGGAAGCACGGAT-1,1
pbmc,TGGAGGAAGCGCGTTC-1,1
pbmc,TGGAGGAAGCTACTAC-1,1
pbmc,TGGAGGAAGGTTCATC-1,2
pbmc,TGGAGGAAGTAGGAAG-1,172
pbmc,TGGAGGAAGTAGGCCG-1,1
pbmc,TGGAGGACAAACTGCT-1,1
pbmc,TGGAGGACAACGGTAG-1,1
pbmc,TGGAGGACAAGCAATA-1,1
pbmc,TGGAGGAGTCACCCTT-1,1
pbmc,TGGAGGAGTCAGGTGA-1,3
pbmc,TGGAGGAGTCGTACAT-1,1
pbmc,TGGAGGAGTCTTTATC-1,37
pbmc,TGGAGGAGTTCCAGGC-1,1
pbmc,TGGAGGAGTTTGACAC-1,1
pbmc,TGGAGGATCGACATTG-1,86
pbmc,TGGAGGATCGTCCTTG-1,1
pbmc,TGGAGGATCTCAAAGC-1,2
pbmc,TGGAGGATCTCGGTAA-1,1
pbmc,TGGATCAAGACTACGG-1,1
pbmc,TGGATCAAGAGCATTA-1,1
pbmc,TGGATCAAGGATTCCT-1,1
pbmc,TGGATCAAGTGCCCGT-1,1
pbmc,TGGATCACAAAGGCTG-1,1
pbmc,TGGATCACACATTCGA-1,1
pbmc,TGGATCACACCGGTCA-1,2
pbmc,TGGATCACACCGTGCA-1,1
pbmc,TGGATCACACGGTGAA-1,1
pbmc,TGGATCACACTGATTG-1,1
pbmc,TGGATCACAGCGTTGC-1,1
pbmc,TGGATCACAGGCGAAT-1,1
pbmc,TGGATCACATACAGCT-1,1
pbmc,TGGATCACATAGGTTC-1,1
pbmc,TGGATCACATCGATCA-1,1
pbmc,TGGATCACATCGGTTA-1,1
pbmc,TGGATCAGTAAGCTCT-1,1
pbmc,TGGATCAGTACTCCGG-1,1
pbmc,TGGATCAGTCTTACAG-1,1
pbmc,TGGATCAGTGCAGGAT-1,1
pbmc,TGGATCAGTGCTCTCT-1,1
pbmc,TGGATCAGTGGTTTAC-1,1
pbmc,TGGATCAGTTACGTAC-1,1
pbmc,TGGATCAGTTCTCCAC-1,1
pbmc,TGGATCAGTTCTCCCA-1,152
pbmc,TGGATCATCAGCGCGT-1,1
pbmc,TGGATCATCGGAATTC-1,2
pbmc,TGGATGTAGACATAGT-1,1
pbmc,TGGATGTAGAGGCGGA-1,1
pbmc,TGGATGTAGGCGTCCT-1,1
pbmc,TGGATGTAGGCTCCCA-1,1
pbmc,TGGATGTCAAGTGGGT-1,1
pbmc,TGGATGTCAAGTTCGT-1,1
pbmc,TGGATGTCACAACGTT-1,1
pbmc,TGGATGTCAGCTTCGG-1,1
pbmc,TGGATGTCATCGATCA-1,1
pbmc,TGGATGTGTAAGATAC-1,2
pbmc,TGGATGTGTAAGCGGT-1,1
pbmc,TGGATGTGTAGACAAT-1,1
pbmc,TGGATGTGTGACTCGC-1,1
pbmc,TGGATGTTCACGGGAA-1,163
pbmc,TGGATGTTCACTAGCA-1,1
pbmc,TGGATGTTCACTCACC-1,1
pbmc,TGGATGTTCAGTCTTT-1,2
pbmc,TGGATGTTCCGCAAAT-1,1
pbmc,TGGATGTTCCTAGCTC-1,1
pbmc,TGGATGTTCTATCCAT-1,16
pbmc,TGGATGTTCTCCGAAA-1,1
pbmc,TGGATGTTCTGTAACG-1,1
pbmc,TGGCGTGAGAATAGTC-1,1
pbmc,TGGCGTGAGATTGAGT-1,1
pbmc,TGGCGTGAGCAAGGAA-1,1
pbmc,TGGCGTGAGGAGAATG-1,1
pbmc,TGGCGTGAGGCTCACC-1,1
pbmc,TGGCGTGAGGCTCCCA-1,1
pbmc,TGGCGTGAGTTGGCGA-1,1
pbmc,TGGCGTGCAGCAGTGA-1,1
pbmc,TGGCGTGGTACCGCGT-1,1
pbmc,TGGCGTGGTACCTAAC-1,1
pbmc,TGGCGTGGTAGACGGT-1,1
pbmc,TGGCGTGGTATCGATC-1,1
pbmc,TGGCGTGGTCCACTCT-1,1
pbmc,TGGCGTGGTGGATTTC-1,126
pbmc,TGGCGTGGTGTCCGGT-1,1
pbmc,TGGCGTGTCAATGCAC-1,1
pbmc,TGGCGTGTCCACAGGC-1,1
pbmc,TGGCGTGTCCGTAGTA-1,1
pbmc,TGGGAAGAGCCAAGGT-1,1
pbmc,TGGGAAGAGGATTTAG-1,1
pbmc,TGGGAAGAGGGCTTCC-1,1
pbmc,TGGGAAGAGGTGCAGT-1,1
pbmc,TGGGAAGCAACCACGC-1,1
pbmc,TGGGAAGCACACTTAG-1,1
pbmc,TGGGAAGCACCCTAGG-1,1
pbmc,TGGGAAGCACGACGTC-1,1
pbmc,TGGGAAGCAGGCATGA-1,1
pbmc,TGGGAAGCATGCTGCG-1,1
pbmc,TGGGAAGGTCACTGAT-1,1
pbmc,TGGGAAGGTCGAACGA-1,2
pbmc,TGGGAAGGTCTAGAGG-1,1
pbmc,TGGGAAGGTTCACCGG-1,1
pbmc,TGGGAAGTCAGTCAGT-1,1
pbmc,TGGGAAGTCCCGAAAT-1,2
pbmc,TGGGAAGTCCGGGTAT-1,2
pbmc,TGGGAAGTCGAGCTGC-1,1
pbmc,TGGGAAGTCGATTGGT-1,196
pbmc,TGGGAAGTCTCTTCAA-1,1
pbmc,TGGGAGAAGAATAACC-1,1
pbmc,TGGGAGAAGCAAGTGC-1,149
pbmc,TGGGAGAAGCACACCC-1,1
pbmc,TGGGAGAAGCAGTCTT-1,1
pbmc,TGGGAGAAGGTTCTAC-1,1
pbmc,TGGGAGAAGTCAACAA-1,2
pbmc,TGGGAGAAGTGGTGGC-1,1
pbmc,TGGGAGAAGTGGTGGT-1,370
pbmc,TGGGAGACAACCCTCT-1,1
pbmc,TGGGAGACACACACGC-1,1
pbmc,TGGGAGACAGGCCCTA-1,1
pbmc,TGGGAGACATACCGTA-1,1
pbmc,TGGGAGAGTACCAGAG-1,1
pbmc,TGGGAGAGTATTGAGA-1,1
pbmc,TGGGAGAGTCCCTAAA-1,1
pbmc,TGGGAGAGTGCCGTAC-1,2
pbmc,TGGGAGATCACTTTGT-1,1
pbmc,TGGGAGATCCACGTCT-1,1
pbmc,TGGGAGATCCCGTGTT-1,1
pbmc,TGGGAGATCGATACTG-1,1
pbmc,TGGGAGATCGGAGATG-1,1
pbmc,TGGGAGATCGTGCTCT-1,1
pbmc,TGGGAGATCGTTACCC-1,1
pbmc,TGGGAGATCTCCAATT-1,1
pbmc,TGGGATTAGATGCGAC-1,1
pbmc,TGGGATTAGATGGTAT-1,2
pbmc,TGGGATTAGCGACAGT-1,1
pbmc,TGGGATTAGGAAGTGA-1,1
pbmc,TGGGATTAGGCGACAT-1,1
pbmc,TGGGATTAGTAGTGTG-1,1
pbmc,TGGGATTAGTCACGAG-1,254
pbmc,TGGGATTCAAGCTGTT-1,1
pbmc,TGGGATTCACAGTCAT-1,1
pbmc,TGGGATTCACCCAACG-1,1
pbmc,TGGGATTCAGAAATTG-1,1
pbmc,TGGGATTCAGAGTCTT-1,1
pbmc,TGGGATTCAGCCCACA-1,1
pbmc,TGGGATTCAGGCATTT-1,1
pbmc,TGGGATTCATGCCGGT-1,1
pbmc,TGGGATTGTAAGATTG-1,1
pbmc,TGGGATTGTACGATGG-1,436
pbmc,TGGGATTGTATGAGCG-1,1
pbmc,TGGGATTGTCCCGCAA-1,1
pbmc,TGGGATTGTCGCATGC-1,1
pbmc,TGGGATTGTGCGGCTT-1,1
pbmc,TGGGATTGTGGCTTGC-1,2
pbmc,TGGGATTGTTCAGCGC-1,1
pbmc,TGGGATTTCACGTCCT-1,1
pbmc,TGGGATTTCCCTCGAT-1,3
pbmc,TGGGATTTCCGATTAG-1,3
pbmc,TGGGATTTCCGTGCGA-1,1
pbmc,TGGGATTTCTCAATCT-1,1
pbmc,TGGGATTTCTTTACAC-1,1
pbmc,TGGGATTTCTTTCCGG-1,1
pbmc,TGGGCGTAGAACCCGG-1,1
pbmc,TGGGCGTAGACGAGCT-1,1
pbmc,TGGGCGTAGATTGATG-1,1
pbmc,TGGGCGTAGCCTCGTG-1,1
pbmc,TGGGCGTAGCGTCTGC-1,1
pbmc,TGGGCGTAGTGCAACG-1,1
pbmc,TGGGCGTAGTGGAATT-1,164
pbmc,TGGGCGTCAAATTGCC-1,57
pbmc,TGGGCGTCAATCCTAG-1,1
pbmc,TGGGCGTCACACCGAC-1,1
pbmc,TGGGCGTCACAGACTT-1,1
pbmc,TGGGCGTCACCTGCTT-1,1
pbmc,TGGGCGTCACGTCATA-1,1
pbmc,TGGGCGTCAGAGTCAG-1,1
pbmc,TGGGCGTCAGATGGCA-1,1
pbmc,TGGGCGTCAGCGACCT-1,1
pbmc,TGGGCGTCATAGAAAC-1,1
pbmc,TGGGCGTCATGGATCT-1,1
pbmc,TGGGCGTCATTGGATC-1,1
pbmc,TGGGCGTGTAAGATAC-1,1
pbmc,TGGGCGTGTCAGACGA-1,1
pbmc,TGGGCGTGTCGCTTGG-1,1
pbmc,TGGGCGTGTCGGCCTA-1,3
pbmc,TGGGCGTGTGACTGAG-1,1
pbmc,TGGGCGTTCACCCTCA-1,1
pbmc,TGGGCGTTCCCTCATG-1,1
pbmc,TGGGCGTTCGCCGAAC-1,1
pbmc,TGGGCGTTCTGTACAA-1,1
pbmc,TGGGCTGAGAACAGGA-1,1
pbmc,TGGGCTGAGAGGGTCT-1,211
pbmc,TGGGCTGAGATTTGGG-1,1
pbmc,TGGGCTGAGCAAATGT-1,1
pbmc,TGGGCTGAGCGTTAGG-1,475
pbmc,TGGGCTGAGCGTTCAT-1,1
pbmc,TGGGCTGAGCGTTGGG-1,1
pbmc,TGGGCTGAGCTGGCCT-1,1
pbmc,TGGGCTGCAAGTGGCA-1,1
pbmc,TGGGCTGCAATCGTCA-1,1
pbmc,TGGGCTGCAATTGAAG-1,1
pbmc,TGGGCTGCACAATTCG-1,1
pbmc,TGGGCTGCACCCTAAA-1,1
pbmc,TGGGCTGCACTAGTAC-1,1
pbmc,TGGGCTGCAGCGTGAA-1,1
pbmc,TGGGCTGCAGTAGTTC-1,1
pbmc,TGGGCTGCATATGCGT-1,1
pbmc,TGGGCTGCATCCGATA-1,408
pbmc,TGGGCTGCATGAATAG-1,1
pbmc,TGGGCTGGTACCATAC-1,1
pbmc,TGGGCTGGTATGCGTT-1,1
pbmc,TGGGCTGGTCACCCTT-1,1
pbmc,TGGGCTGGTCGAGTTT-1,1
pbmc,TGGGCTGGTCGCGGTT-1,171
pbmc,TGGGCTGGTGCACATT-1,1
pbmc,TGGGCTGGTTGCATTG-1,1
pbmc,TGGGCTGGTTGGCCGT-1,1
pbmc,TGGGCTGGTTTAAGGA-1,2
pbmc,TGGGCTGTCAATCCGA-1,1
pbmc,TGGGCTGTCACTCCGT-1,1
pbmc,TGGGCTGTCATCTCTA-1,3
pbmc,TGGGCTGTCGTTGCCT-1,1
pbmc,TGGGCTGTCTAGAGCT-1,1
pbmc,TGGGCTGTCTAGGCAT-1,2
pbmc,TGGGCTGTCTAGTGTG-1,1
pbmc,TGGGCTGTCTCCTACG-1,1
pbmc,TGGGCTGTCTTCGGTC-1,1
pbmc,TGGGCTGTCTTGCAGA-1,1
pbmc,TGGGTTAAGAAGCTCG-1,1
pbmc,TGGGTTAAGATAGTCA-1,1
pbmc,TGGGTTAAGCATCGAG-1,1
pbmc,TGGGTTAAGCTACGTT-1,1
pbmc,TGGGTTAAGGAACGAA-1,48
pbmc,TGGGTTAAGTGATAGT-1,1
pbmc,TGGGTTAAGTGCTAGG-1,1
pbmc,TGGGTTAAGTGGTGAC-1,2
pbmc,TGGGTTACAATCTAGC-1,1
pbmc,TGGGTTACATACCGTA-1,1
pbmc,TGGGTTAGTATTGAGA-1,503
pbmc,TGGGTTAGTCCTACGG-1,1
pbmc,TGGGTTAGTCCTTTGC-1,6
pbmc,TGGGTTAGTCGACTGC-1,1
pbmc,TGGGTTAGTGCACGCT-1,148
pbmc,TGGGTTAGTGGCCCAT-1,1
pbmc,TGGGTTAGTTAGTTCG-1,1
pbmc,TGGGTTATCAGCTTGA-1,1
pbmc,TGGGTTATCAGTAGGG-1,303
pbmc,TGGGTTATCATGCCGG-1,1
pbmc,TGGGTTATCCGACAGC-1,1
pbmc,TGGGTTATCGGAAGGT-1,1
pbmc,TGGGTTATCTACCAGA-1,1
pbmc,TGGTACAAGAACGTGC-1,1
pbmc,TGGTACAAGAATTTGG-1,2
pbmc,TGGTACAAGCAATTCC-1,1
pbmc,TGGTACAAGCGACTTT-1,1
pbmc,TGGTACAAGGAAAGAC-1,1
pbmc,TGGTACAAGGGTTGCA-1,1
pbmc,TGGTACAAGTAAACGT-1,2
pbmc,TGGTACAAGTATAGAC-1,1
pbmc,TGGTACAAGTATGACA-1,1
pbmc,TGGTACAAGTATGATG-1,1
pbmc,TGGTACAAGTGGGAAA-1,1
pbmc,TGGTACACAAAGGGTC-1,220
pbmc,TGGTACACACAGAGAC-1,1
pbmc,TGGTACACACAGTATC-1,2
pbmc,TGGTACACAGAGTCTT-1,2
pbmc,TGGTACACATCGCCTT-1,1
pbmc,TGGTACACATTGCTGA-1,1
pbmc,TGGTACAGTACCTAAC-1,1
pbmc,TGGTACAGTCAAAGCG-1,1
pbmc,TGGTACAGTTACACAC-1,1
pbmc,TGGTACAGTTACGATC-1,1
pbmc,TGGTACAGTTCTAAGC-1,1
pbmc,TGGTACAGTTGCCAAT-1,1
pbmc,TGGTACAGTTGTAAAG-1,1
pbmc,TGGTACAGTTTGGAAA-1,3
pbmc,TGGTACATCCGCTTAC-1,1
pbmc,TGGTACATCCTACACC-1,1
pbmc,TGGTACATCGCAGAGA-1,1
pbmc,TGGTACATCTACGCGG-1,1
pbmc,TGGTACATCTCCCTAG-1,1
pbmc,TGGTACATCTCTTGCG-1,1
pbmc,TGGTACATCTGCTTTA-1,2
pbmc,TGGTACATCTGGCCTT-1,1
pbmc,TGGTACATCTTCGATT-1,1
pbmc,TGGTAGTAGAGCATTA-1,2
pbmc,TGGTAGTAGATAGTCA-1,1
pbmc,TGGTAGTAGCCAACCC-1,1
pbmc,TGGTAGTAGGATTTAG-1,1
pbmc,TGGTAGTAGGCTAAAT-1,1
pbmc,TGGTAGTAGGGAGGTG-1,1
pbmc,TGGTAGTAGGGAGTTC-1,1
pbmc,TGGTAGTAGGTCGTCC-1,1
pbmc,TGGTAGTAGGTTCACT-1,1
pbmc,TGGTAGTAGTAACAGT-1,1
pbmc,TGGTAGTAGTGCATGA-1,1
pbmc,TGGTAGTAGTTACGTC-1,1
pbmc,TGGTAGTCAACGCATT-1,1
pbmc,TGGTAGTCAATAACGA-1,1
pbmc,TGGTAGTCAATCGCAT-1,1
pbmc,TGGTAGTCACAGGATG-1,1
pbmc,TGGTAGTCACGCCACA-1,1
pbmc,TGGTAGTCAGGAGACT-1,1
pbmc,TGGTAGTCAGGCATGA-1,262
pbmc,TGGTAGTCATCACAGT-1,193
pbmc,TGGTAGTGTAGCCCTG-1,1
pbmc,TGGTAGTGTCTGTGAT-1,1
pbmc,TGGTAGTGTTAAAGTG-1,1
pbmc,TGGTAGTGTTCCAGGC-1,1
pbmc,TGGTAGTTCAGCTTGA-1,1
pbmc,TGGTAGTTCATTCTTG-1,1
pbmc,TGGTAGTTCCCTCATG-1,177
pbmc,TGGTAGTTCGATGGAG-1,1
pbmc,TGGTAGTTCGCGATCG-1,1
pbmc,TGGTAGTTCTCGGGAC-1,1
pbmc,TGGTAGTTCTCTGCTG-1,3
pbmc,TGGTGATAGCAATAAC-1,1
pbmc,TGGTGATAGCATGTTC-1,1
pbmc,TGGTGATAGTACAACA-1,1
pbmc,TGGTGATAGTTGTACC-1,2
pbmc,TGGTGATCAAATGGAT-1,1
pbmc,TGGTGATCAGGTATGG-1,1
pbmc,TGGTGATCAGTTGTCA-1,1
pbmc,TGGTGATCATCAGCGC-1,1
pbmc,TGGTGATCATCGGATT-1,1
pbmc,TGGTGATCATGCCGAC-1,1
pbmc,TGGTGATGTATCCCAA-1,1
pbmc,TGGTGATGTCAGATTC-1,1
pbmc,TGGTGATGTCTTTCAT-1,1
pbmc,TGGTGATGTGATACCT-1,1
pbmc,TGGTGATGTTTCTTAC-1,1
pbmc,TGGTGATTCCACACAA-1,1
pbmc,TGGTGATTCCCTCTAG-1,1
pbmc,TGGTGATTCCGCACGA-1,1
pbmc,TGGTGATTCCGTTGAA-1,1
pbmc,TGGTGATTCTACGCAA-1,1
pbmc,TGGTGATTCTCATGCC-1,1
pbmc,TGGTGATTCTCCTACG-1,1
pbmc,TGGTTAGAGAAGGATG-1,1
pbmc,TGGTTAGAGAATTGTG-1,1
pbmc,TGGTTAGAGCCTCAGC-1,1
pbmc,TGGTTAGAGGTCGTAG-1,1
pbmc,TGGTTAGAGTCATCCA-1,1
pbmc,TGGTTAGCACACTTAG-1,2
pbmc,TGGTTAGCACAGTGTT-1,1
pbmc,TGGTTAGGTCGGCACT-1,1
pbmc,TGGTTAGGTGACTGAG-1,1
pbmc,TGGTTAGGTGGCTGAA-1,1
pbmc,TGGTTAGGTGTATCCA-1,3
pbmc,TGGTTAGGTTCAGCTA-1,1
pbmc,TGGTTAGGTTCTCATT-1,1
pbmc,TGGTTAGGTTCTCGCT-1,1
pbmc,TGGTTAGGTTGAATCC-1,2
pbmc,TGGTTAGTCAACCTTT-1,28
pbmc,TGGTTAGTCATCACAG-1,1
pbmc,TGGTTAGTCATGCCGG-1,1
pbmc,TGGTTAGTCCCTTGGT-1,1
pbmc,TGGTTAGTCGGCAGTC-1,1
pbmc,TGGTTAGTCTAGAATC-1,1
pbmc,TGGTTAGTCTAGAGCT-1,1
pbmc,TGGTTAGTCTGTCGTC-1,1
pbmc,TGGTTAGTCTGTGTGA-1,1
pbmc,TGTAACGAGCACTTTG-1,1
pbmc,TGTAACGAGCATGCAG-1,1
pbmc,TGTAACGAGCCTTTGA-1,2
pbmc,TGTAACGAGGCACAAC-1,1
pbmc,TGTAACGAGTTGTCGT-1,1
pbmc,TGTAACGCAAAGACGC-1,1
pbmc,TGTAACGCAAGGTCGA-1,2
pbmc,TGTAACGCACAAGCCC-1,1
pbmc,TGTAACGCACCGGCTA-1,1
pbmc,TGTAACGCACTGAATC-1,1
pbmc,TGTAACGCAGCATACT-1,2
pbmc,TGTAACGCAGCGTGCT-1,1
pbmc,TGTAACGCAGTTGGTT-1,1
pbmc,TGTAACGCATGACTTG-1,1
pbmc,TGTAACGCATTCAGCA-1,1
pbmc,TGTAACGGTATCAGGG-1,1
pbmc,TGTAACGGTGCACGCT-1,1
pbmc,TGTAACGGTGTGCTTA-1,1
pbmc,TGTAACGGTTGCGTAT-1,21
pbmc,TGTAACGTCATGCAGT-1,2
pbmc,TGTAACGTCCGTGACG-1,1
pbmc,TGTAACGTCGCTATTT-1,2
pbmc,TGTAAGCAGACTTCAC-1,1
pbmc,TGTAAGCAGAGTCACG-1,1
pbmc,TGTAAGCAGCCTGGAA-1,1
pbmc,TGTAAGCAGGAAGTGA-1,2
pbmc,TGTAAGCAGGAGAATG-1,1
pbmc,TGTAAGCAGGTGCCAA-1,1
pbmc,TGTAAGCAGTAGGCCA-1,1
pbmc,TGTAAGCCAACAACAA-1,1
pbmc,TGTAAGCCAACAGCCC-1,1
pbmc,TGTAAGCCAAGAGGCT-1,1
pbmc,TGTAAGCCAATTGCAC-1,1
pbmc,TGTAAGCCATGAAAGT-1,1
pbmc,TGTAAGCGTCCGTTTC-1,1
pbmc,TGTAAGCGTCCTTTGC-1,1
pbmc,TGTAAGCGTCGGCACT-1,1
pbmc,TGTAAGCGTCTACAAC-1,1
pbmc,TGTAAGCGTTCGTAAC-1,1
pbmc,TGTAAGCTCAAACCTG-1,1
pbmc,TGTAAGCTCAAAGGTA-1,1
pbmc,TGTAAGCTCACCGACG-1,1
pbmc,TGTAAGCTCCTAAACG-1,1
pbmc,TGTAAGCTCCTAAGTG-1,1
pbmc,TGTAAGCTCGACCATA-1,1
pbmc,TGTACAGAGACTCGAA-1,1
pbmc,TGTACAGAGACTCGAG-1,409
pbmc,TGTACAGAGGACTATA-1,1
pbmc,TGTACAGAGGACTTCT-1,1
pbmc,TGTACAGAGGAGTACC-1,1
pbmc,TGTACAGAGGCTCAAG-1,1
pbmc,TGTACAGAGGTAGCAC-1,1
pbmc,TGTACAGAGTACGAGC-1,1
pbmc,TGTACAGAGTGAGTTA-1,300
pbmc,TGTACAGCAAACGAGC-1,1
pbmc,TGTACAGCAAATGATG-1,1
pbmc,TGTACAGCAACACAGG-1,1
pbmc,TGTACAGCACAAATGA-1,1
pbmc,TGTACAGCAGAGAAAG-1,1
pbmc,TGTACAGCAGCGAGTA-1,1
pbmc,TGTACAGCATAATGAG-1,1
pbmc,TGTACAGCATACCAGT-1,1
pbmc,TGTACAGCATCCTCAC-1,1
pbmc,TGTACAGCATGGGTCC-1,1
pbmc,TGTACAGGTAATGCGG-1,1
pbmc,TGTACAGGTATGAGCG-1,1
pbmc,TGTACAGGTGCCCTTT-1,1
pbmc,TGTACAGGTGGATTTC-1,216
pbmc,TGTACAGGTGTCACAT-1,1
pbmc,TGTACAGGTGTTGCCG-1,1
pbmc,TGTACAGGTTCGGTCG-1,1
pbmc,TGTACAGTCAGGCGAA-1,1
pbmc,TGTACAGTCATGGTAC-1,1
pbmc,TGTACAGTCCCGGTAG-1,1
pbmc,TGTACAGTCCGAGATT-1,1
pbmc,TGTACAGTCCTATTTG-1,1
pbmc,TGTACAGTCTACTGCC-1,1
pbmc,TGTACAGTCTGGGCCA-1,1
pbmc,TGTACAGTCTTGGGCG-1,1
pbmc,TGTAGACAGAGGGCGA-1,1
pbmc,TGTAGACAGAGTGGCT-1,1
pbmc,TGTAGACAGATGCCGA-1,1
pbmc,TGTAGACAGCCGGAAT-1,1
pbmc,TGTAGACAGCTCTGTA-1,2
pbmc,TGTAGACAGCTGGTGA-1,1
pbmc,TGTAGACAGGCGACAT-1,1
pbmc,TGTAGACAGTCAGGGT-1,1
pbmc,TGTAGACCACACTGGC-1,1
pbmc,TGTAGACGTACGATGG-1,2
pbmc,TGTAGACGTCGAGCTC-1,1
pbmc,TGTAGACGTGATGAAT-1,1
pbmc,TGTAGACGTTCAAAGA-1,1
pbmc,TGTAGACTCAAAGAAC-1,1
pbmc,TGTAGACTCAAGTGTC-1,1
pbmc,TGTAGACTCCATTTAC-1,409
pbmc,TGTAGACTCCCATTCG-1,1
pbmc,TGTAGACTCCTCACTG-1,1
pbmc,TGTAGACTCCTTGAAG-1,1
pbmc,TGTAGACTCGCATTGA-1,2
pbmc,TGTAGACTCGTAGGAG-1,1
pbmc,TGTAGACTCTCCCATG-1,2
pbmc,TGTCAGAAGAAGTCCG-1,1
pbmc,TGTCAGAAGATTGACA-1,1
pbmc,TGTCAGAAGTTTCAGC-1,1
pbmc,TGTCAGACAACGACAG-1,1
pbmc,TGTCAGACAACTTGGT-1,280
pbmc,TGTCAGACAATCCAGT-1,2
pbmc,TGTCAGACACTAACTG-1,1
pbmc,TGTCAGACACTCACTC-1,298
pbmc,TGTCAGACAGGCACAA-1,1
pbmc,TGTCAGACAGTCCCGA-1,1
pbmc,TGTCAGACAGTGTGCC-1,1
pbmc,TGTCAGACATGACGTT-1,1
pbmc,TGTCAGACATGTTTGG-1,25
pbmc,TGTCAGACATTGAAAG-1,1
pbmc,TGTCAGAGTAACAGGC-1,1
pbmc,TGTCAGAGTACCGTCG-1,1
pbmc,TGTCAGAGTATGGAGC-1,1
pbmc,TGTCAGAGTCAAGTTC-1,1
pbmc,TGTCAGAGTCAGTCTA-1,1
pbmc,TGTCAGAGTCCAAAGG-1,1
pbmc,TGTCAGAGTGAGCTAG-1,1
pbmc,TGTCAGAGTGTTAAAG-1,1
pbmc,TGTCAGAGTTATAGAG-1,1
pbmc,TGTCAGATCAAGAATG-1,1
pbmc,TGTCAGATCACGTAGT-1,1
pbmc,TGTCAGATCAGAGTGG-1,1
pbmc,TGTCAGATCCGATAGT-1,1
pbmc,TGTCAGATCGCGGACT-1,1
pbmc,TGTCAGATCTCCTGTG-1,1
pbmc,TGTCAGATCTGCTTAT-1,1
pbmc,TGTCAGATCTTCCACG-1,1
pbmc,TGTCCACAGATCACTC-1,1
pbmc,TGTCCACAGCCTCTTC-1,1
pbmc,TGTCCACAGCGTTACT-1,1
pbmc,TGTCCACAGGAGAGTA-1,1
pbmc,TGTCCACAGTTCCTGA-1,1
pbmc,TGTCCACCAACGGTAG-1,2
pbmc,TGTCCACCAACTGGTT-1,239
pbmc,TGTCCACCACGCTGCA-1,1
pbmc,TGTCCACCAGACGCTC-1,1
pbmc,TGTCCACCAGAGTCAG-1,1
pbmc,TGTCCACCATGCACTA-1,1
pbmc,TGTCCACGTAACAGGC-1,1
pbmc,TGTCCACGTATCGCAT-1,1
pbmc,TGTCCACGTTCGAACT-1,1
pbmc,TGTCCACTCAACTCTT-1,1
pbmc,TGTCCACTCGCTTACC-1,314
pbmc,TGTCCACTCTGCCTGT-1,1
pbmc,TGTCCCAAGAACGTGC-1,1
pbmc,TGTCCCAAGACTCATC-1,1
pbmc,TGTCCCAAGACTGAGC-1,2
pbmc,TGTCCCAAGCGGTAAC-1,1
pbmc,TGTCCCAAGCGGTAGC-1,1
pbmc,TGTCCCAAGCTCCATA-1,244
pbmc,TGTCCCAAGGTCATAA-1,185
pbmc,TGTCCCAAGTTTGGCT-1,1
pbmc,TGTCCCACAATGGGTG-1,1
pbmc,TGTCCCACACGCACCA-1,1
pbmc,TGTCCCACAGATCCAT-1,1
pbmc,TGTCCCACAGCACACC-1,1
pbmc,TGTCCCACATACGCAT-1,1
pbmc,TGTCCCACATACTTTC-1,241
pbmc,TGTCCCAGTAAGAACT-1,1
pbmc,TGTCCCAGTAGGAGTC-1,1
pbmc,TGTCCCAGTCAAGCGA-1,1
pbmc,TGTCCCAGTCAGGCAA-1,182
pbmc,TGTCCCAGTCCGGACT-1,1
pbmc,TGTCCCAGTCGGTGTC-1,260
pbmc,TGTCCCAGTGATCATC-1,1
pbmc,TGTCCCAGTGGTAACG-1,1
pbmc,TGTCCCAGTGTTCCAA-1,1
pbmc,TGTCCCATCAACAAGG-1,1
pbmc,TGTCCCATCACGAGGA-1,1
pbmc,TGTCCCATCATCTGTT-1,1
pbmc,TGTCCCATCCCAATAG-1,1
pbmc,TGTCCCATCCCGAGAC-1,1
pbmc,TGTCCCATCCGCCTAT-1,2
pbmc,TGTCCCATCGCCGTGA-1,1
pbmc,TGTCCCATCGTACTGG-1,1
pbmc,TGTCCCATCGTGGGAA-1,1
pbmc,TGTCCCATCGTGTCAA-1,1
pbmc,TGTCCCATCTGTCGTC-1,1
pbmc,TGTCCCATCTTCGGTC-1,1
pbmc,TGTCCCATCTTGGACG-1,1
pbmc,TGTCCCATCTTTCCAA-1,1
pbmc,TGTCCTGAGACCACGA-1,1
pbmc,TGTCCTGAGATAGTCA-1,1
pbmc,TGTCCTGAGATGGTAT-1,1
pbmc,TGTCCTGAGCCAGTAG-1,1
pbmc,TGTCCTGCAACACGTT-1,1
pbmc,TGTCCTGCAACTGGTT-1,1
pbmc,TGTCCTGCAATCTGCA-1,1
pbmc,TGTCCTGCAGACTGCC-1,1
pbmc,TGTCCTGCATAATCGC-1,1
pbmc,TGTCCTGCATCAGCTA-1,1
pbmc,TGTCCTGGTACTTGTG-1,207
pbmc,TGTCCTGGTATAGGAT-1,1
pbmc,TGTCCTGGTCGGCTAC-1,1
pbmc,TGTCCTGGTGCTCCTT-1,1
pbmc,TGTCCTGGTTACACTG-1,1
pbmc,TGTCCTGGTTCTTAGG-1,2
pbmc,TGTCCTGGTTGGCTAT-1,205
pbmc,TGTCCTGTCAAATAGG-1,1
pbmc,TGTCCTGTCGATACTG-1,1
pbmc,TGTCCTGTCGGCTATA-1,139
pbmc,TGTCCTGTCTCAACAA-1,1
pbmc,TGTCCTGTCTGAGAAA-1,1
pbmc,TGTCCTGTCTTAGCCC-1,1
pbmc,TGTGAGTAGACCTCCG-1,1
pbmc,TGTGAGTAGCACTCCG-1,1
pbmc,TGTGAGTAGTTGAATG-1,1
pbmc,TGTGAGTCAAGAAATC-1,2
pbmc,TGTGAGTCAATATCCG-1,1
pbmc,TGTGAGTCAATCACGT-1,1
pbmc,TGTGAGTCAGAGTCTT-1,1
pbmc,TGTGAGTCAGCGTGCT-1,1
pbmc,TGTGAGTCATCATCCC-1,1
pbmc,TGTGAGTCATCGAACT-1,1
pbmc,TGTGAGTTCACTGTCC-1,1
pbmc,TGTGAGTTCGGCTCTT-1,1
pbmc,TGTGAGTTCGTGGGAA-1,1
pbmc,TGTGAGTTCGTGGGTC-1,1
pbmc,TGTGAGTTCTAGACCA-1,1
pbmc,TGTGATGAGAACCGCA-1,1
pbmc,TGTGATGAGCGACTGA-1,183
pbmc,TGTGATGAGCTCTTCC-1,1
pbmc,TGTGATGAGGTAGGCT-1,2
pbmc,TGTGATGAGTACTCGT-1,1
pbmc,TGTGATGAGTGGTTGG-1,1
pbmc,TGTGATGAGTTACTCG-1,1
pbmc,TGTGATGCACCGAATT-1,1
pbmc,TGTGATGCACGGTGCT-1,1
pbmc,TGTGATGCATGACTAC-1,1
pbmc,TGTGATGCATTCTCTA-1,305
pbmc,TGTGATGGTACTAGCT-1,1
pbmc,TGTGATGGTAGGCTGA-1,1
pbmc,TGTGATGGTCACCGCA-1,1
pbmc,TGTGATGGTCTTAGTG-1,1
pbmc,TGTGATGGTGAGGATC-1,1
pbmc,TGTGATGTCGACGTCG-1,1
pbmc,TGTGCGGAGAAAGCGA-1,1
pbmc,TGTGCGGAGAGAGCCT-1,1
pbmc,TGTGCGGAGCTAGAGC-1,1
pbmc,TGTGCGGAGGACTAAT-1,1
pbmc,TGTGCGGAGGCACAAC-1,1
pbmc,TGTGCGGAGTAACCGG-1,1
pbmc,TGTGCGGAGTGCAACG-1,2
pbmc,TGTGCGGAGTGCTCGC-1,1
pbmc,TGTGCGGCACGTATAC-1,2
pbmc,TGTGCGGGTATGGAGC-1,1
pbmc,TGTGCGGGTCGTCGGT-1,230
pbmc,TGTGCGGGTGCCTAAT-1,1
pbmc,TGTGCGGGTTTAAGGA-1,2
pbmc,TGTGCGGTCAAACACT-1,1
pbmc,TGTGCGGTCAAGAATG-1,1
pbmc,TGTGCGGTCACATACG-1,396
pbmc,TGTGCGGTCACATGCG-1,1
pbmc,TGTGCGGTCATTGTGG-1,1
pbmc,TGTGCGGTCCAAGCCG-1,1
pbmc,TGTGCGGTCGTCGCTT-1,1
pbmc,TGTGCGGTCTCCAATT-1,2
pbmc,TGTGCGGTCTTCGGTT-1,1
pbmc,TGTGGCGAGACATGCG-1,1
pbmc,TGTGGCGAGATCCAAA-1,1
pbmc,TGTGGCGAGCTCCGAC-1,1
pbmc,TGTGGCGAGGGCCCTT-1,1
pbmc,TGTGGCGAGGTTAGTA-1,1
pbmc,TGTGGCGAGTAATACG-1,1
pbmc,TGTGGCGCAACGGTAG-1,1
pbmc,TGTGGCGCACACGTGC-1,1
pbmc,TGTGGCGCACTCCACT-1,1
pbmc,TGTGGCGCAGGAGACT-1,1
pbmc,TGTGGCGCAGTCAGTT-1,1
pbmc,TGTGGCGCAGTTCCAA-1,1
pbmc,TGTGGCGCATGGGTTT-1,1
pbmc,TGTGGCGGTAGATCGG-1,1
pbmc,TGTGGCGGTATGCAAA-1,1
pbmc,TGTGGCGGTTCCCACT-1,1
pbmc,TGTGGCGGTTGGAGGT-1,1
pbmc,TGTGGCGGTTGGGATG-1,1
pbmc,TGTGGCGTCGCAATTG-1,1
pbmc,TGTGGCGTCGTACCTC-1,91
pbmc,TGTGGCGTCGTATCTC-1,1
pbmc,TGTGGCGTCTCGACCT-1,1
pbmc,TGTGGCGTCTTAGCTT-1,2
pbmc,TGTGTGAAGATTAGAC-1,1
pbmc,TGTGTGAAGCTTTCTT-1,1
pbmc,TGTGTGAAGGAGTATT-1,1
pbmc,TGTGTGAAGGTATTGA-1,1
pbmc,TGTGTGACAAACTCTG-1,1
pbmc,TGTGTGACAACTACGT-1,1
pbmc,TGTGTGACAATCTCGA-1,1
pbmc,TGTGTGACAGTAACGG-1,1
pbmc,TGTGTGAGTAATACCC-1,2
pbmc,TGTGTGAGTCACCACG-1,1
pbmc,TGTGTGAGTCTACATG-1,6
pbmc,TGTGTGAGTTACTCAG-1,1
pbmc,TGTGTGAGTTTAGAGA-1,1
pbmc,TGTGTGATCAGTGTGT-1,1
pbmc,TGTGTGATCATGAGAA-1,1
pbmc,TGTGTGATCGAAGGAC-1,2
pbmc,TGTGTGATCGGACTTA-1,1
pbmc,TGTGTGATCTGACAGT-1,186
pbmc,TGTGTGATCTGATAGT-1,1
pbmc,TGTGTGATCTGGAATT-1,1
pbmc,TGTTACTAGAGTAACT-1,1
pbmc,TGTTACTAGCGGTAGT-1,1
pbmc,TGTTACTAGGAAGTCC-1,1
pbmc,TGTTACTAGGCGTTGA-1,1
pbmc,TGTTACTAGGGATCTG-1,1
pbmc,TGTTACTAGTCTCCTC-1,1
pbmc,TGTTACTCAAAGACTA-1,1
pbmc,TGTTACTCAACTCATG-1,1
pbmc,TGTTACTCAGAGATGC-1,1
pbmc,TGTTACTCATAGCTGT-1,1
pbmc,TGTTACTCATGTCGTA-1,1
pbmc,TGTTACTGTAGCGCTC-1,1
pbmc,TGTTACTGTCGCATGC-1,1
pbmc,TGTTACTGTGTTCCAA-1,1
pbmc,TGTTACTGTTCAAGGG-1,1
pbmc,TGTTACTTCCGTATAG-1,1
pbmc,TGTTACTTCGGTTAGT-1,1
pbmc,TGTTACTTCGTCGGGT-1,1
pbmc,TGTTACTTCTACAGGT-1,1
pbmc,TGTTACTTCTGGACCG-1,1
pbmc,TGTTACTTCTGTGCGG-1,1
pbmc,TGTTCATAGAAGCGCT-1,1
pbmc,TGTTCATAGACCAAGC-1,1
pbmc,TGTTCATAGATGACCG-1,3
pbmc,TGTTCATAGCTGCCTG-1,646
pbmc,TGTTCATAGTAACAGT-1,1
pbmc,TGTTCATAGTCAATCC-1,1
pbmc,TGTTCATCAAGTATAG-1,1
pbmc,TGTTCATCACCTTCCA-1,1
pbmc,TGTTCATCACTAGGTT-1,2
pbmc,TGTTCATCATGGGCAA-1,1
pbmc,TGTTCATGTACTTGGT-1,1
pbmc,TGTTCATGTCCTGGGT-1,206
pbmc,TGTTCATGTCGCGTCA-1,1
pbmc,TGTTCATGTCGGCCTA-1,2
pbmc,TGTTCATGTCTATGAC-1,1
pbmc,TGTTCATGTTGAGAGC-1,1
pbmc,TGTTCATGTTGCAACT-1,1
pbmc,TGTTCATTCACTTTGT-1,1
pbmc,TGTTCATTCAGGAAGC-1,1
pbmc,TGTTCATTCAGTGTCA-1,1
pbmc,TGTTCATTCAGTGTGT-1,1
pbmc,TGTTCATTCATAGAGA-1,1
pbmc,TGTTCATTCATGGATC-1,1
pbmc,TGTTCATTCCACTAGA-1,1
pbmc,TGTTCATTCCGCATAA-1,1
pbmc,TGTTCATTCCGTATAG-1,1
pbmc,TGTTCATTCCTGCTAC-1,2
pbmc,TGTTCATTCCTGTAAG-1,1
pbmc,TGTTCATTCGTTCCAT-1,1
pbmc,TGTTCATTCGTTCTAT-1,2
pbmc,TGTTCATTCTATCGCC-1,3
pbmc,TGTTCCGAGCACGTCC-1,1
pbmc,TGTTCCGAGCAGATAT-1,1
pbmc,TGTTCCGAGCCATTCA-1,1
pbmc,TGTTCCGAGCGAGGAG-1,1
pbmc,TGTTCCGAGCTATCTG-1,1
pbmc,TGTTCCGAGCTTACGT-1,1
pbmc,TGTTCCGCAAAGGCTG-1,1
pbmc,TGTTCCGCAAGTATAG-1,151
pbmc,TGTTCCGCACCAGTTA-1,1
pbmc,TGTTCCGCACCGGAAA-1,1
pbmc,TGTTCCGCAGAGGAAA-1,1
pbmc,TGTTCCGCAGAGTCTT-1,1
pbmc,TGTTCCGCAGGTTCCG-1,1
pbmc,TGTTCCGCATGGCTGC-1,1
pbmc,TGTTCCGCATTAGGAA-1,1
pbmc,TGTTCCGCATTCGATG-1,1
pbmc,TGTTCCGGTACCAATC-1,1
pbmc,TGTTCCGGTAGGCAAC-1,1
pbmc,TGTTCCGGTCTTCTAT-1,1
pbmc,TGTTCCGGTGCCCGTA-1,1
pbmc,TGTTCCGGTTGGACCC-1,1
pbmc,TGTTCCGTCACAACCA-1,1
pbmc,TGTTCCGTCACCATGA-1,3
pbmc,TGTTCCGTCATGGAGG-1,1
pbmc,TGTTCCGTCCATTGGA-1,1
pbmc,TGTTCCGTCCTCGCAT-1,1
pbmc,TGTTCCGTCGATCCCT-1,2
pbmc,TGTTCCGTCGGTCAGC-1,1
pbmc,TGTTCCGTCTGGGATT-1,1
pbmc,TGTTCTAAGAATTCAG-1,1
pbmc,TGTTCTAAGATTTGCC-1,1
pbmc,TGTTCTAAGGATCATA-1,1
pbmc,TGTTCTAAGGATTCCT-1,1
pbmc,TGTTCTAAGGGATCGT-1,1
pbmc,TGTTCTAAGGTAGTAT-1,1
pbmc,TGTTCTAAGTAATACG-1,1
pbmc,TGTTCTAAGTGTCATC-1,1
pbmc,TGTTCTACAATAAGGT-1,1
pbmc,TGTTCTACACAACGAG-1,1
pbmc,TGTTCTACACCATTCC-1,1
pbmc,TGTTCTACAGAGGAAA-1,1
pbmc,TGTTCTACAGCGAGTA-1,1
pbmc,TGTTCTACAGCTCATA-1,1
pbmc,TGTTCTACAGGGTCTC-1,1
pbmc,TGTTCTAGTATCCCTC-1,1
pbmc,TGTTCTAGTATGATCC-1,1
pbmc,TGTTCTAGTCAGTCGC-1,1
pbmc,TGTTCTAGTCATCACA-1,1
pbmc,TGTTCTAGTCCCTGAG-1,1
pbmc,TGTTCTAGTCCTGGGT-1,1
pbmc,TGTTCTAGTCGTGCCA-1,1
pbmc,TGTTCTAGTGGAATGC-1,1
pbmc,TGTTCTAGTTCTAAGC-1,1
pbmc,TGTTCTAGTTGGTAGG-1,1
pbmc,TGTTCTAGTTTGGAAA-1,2
pbmc,TGTTCTATCATGACAC-1,1
pbmc,TGTTCTATCATGGAGG-1,1
pbmc,TGTTCTATCCAATGCA-1,1
pbmc,TGTTCTATCCGATCGG-1,1
pbmc,TGTTCTATCGAGATAA-1,1
pbmc,TGTTCTATCGCAACAT-1,1
pbmc,TGTTCTATCTTGCGCT-1,1
pbmc,TGTTGAGAGATAGTGT-1,1
pbmc,TGTTGAGAGCAACTAG-1,1
pbmc,TGTTGAGAGGCAATGC-1,1
pbmc,TGTTGAGAGGGCTTCC-1,1
pbmc,TGTTGAGAGTCACTGT-1,1
pbmc,TGTTGAGAGTGCCCGT-1,1
pbmc,TGTTGAGAGTTGTAGA-1,1
pbmc,TGTTGAGCAAAGCACG-1,1
pbmc,TGTTGAGCAACGGCCT-1,1
pbmc,TGTTGAGCACAACGAG-1,147
pbmc,TGTTGAGCACGACGTC-1,1
pbmc,TGTTGAGCACGTAACT-1,1
pbmc,TGTTGAGCAGGGTTGA-1,1
pbmc,TGTTGAGGTAATCAGA-1,1
pbmc,TGTTGAGGTATGAAAC-1,1
pbmc,TGTTGAGTCGGTTCAA-1,2
pbmc,TGTTGAGTCTCGACCT-1,202
pbmc,TGTTGGAAGAACCCGA-1,1
pbmc,TGTTGGAAGCCATTTG-1,2
pbmc,TGTTGGAAGTCCGCCA-1,1
pbmc,TGTTGGAAGTGGACTG-1,1
pbmc,TGTTGGAAGTTACTCG-1,1
pbmc,TGTTGGAAGTTCCGGC-1,2
pbmc,TGTTGGACAGATTCGT-1,1
pbmc,TGTTGGACATGTCGTA-1,1
pbmc,TGTTGGAGTATCCCAA-1,1
pbmc,TGTTGGAGTGACAGGT-1,1
pbmc,TGTTGGAGTGTTAGCT-1,1
pbmc,TGTTGGATCACATTGG-1,1
pbmc,TGTTGGATCATTACTC-1,1
pbmc,TGTTGGATCATTGCGA-1,1
pbmc,TGTTGGATCGCCTTGT-1,1
pbmc,TGTTGGATCGCTATTT-1,1
pbmc,TGTTGGATCGTAACAC-1,1
pbmc,TGTTGGATCTATTGTC-1,1
pbmc,TGTTGGATCTGGGTCG-1,1
pbmc,TGTTTGTAGAATTCAG-1,3
pbmc,TGTTTGTAGCAGTAAT-1,2
pbmc,TGTTTGTAGCCTCATA-1,1
pbmc,TGTTTGTAGCGCTGCT-1,1
pbmc,TGTTTGTAGCTTTGTG-1,1
pbmc,TGTTTGTAGGCGAACT-1,1
pbmc,TGTTTGTAGGCTTAGG-1,1
pbmc,TGTTTGTAGTCAACAA-1,1
pbmc,TGTTTGTAGTTACGAA-1,1
pbmc,TGTTTGTCAACCGCCA-1,1
pbmc,TGTTTGTCAACCGGAA-1,1
pbmc,TGTTTGTCAACTCATG-1,1
pbmc,TGTTTGTCACCCTTGT-1,1
pbmc,TGTTTGTCATCTCCCA-1,1
pbmc,TGTTTGTCATTCACCC-1,2
pbmc,TGTTTGTGTACCTTCC-1,1
pbmc,TGTTTGTGTAGCCCTG-1,1
pbmc,TGTTTGTGTAGGAGGG-1,1
pbmc,TGTTTGTGTATCACGT-1,1
pbmc,TGTTTGTGTCACGTGC-1,1
pbmc,TGTTTGTGTCGTGGTC-1,1
pbmc,TGTTTGTGTGAGAGGG-1,1
pbmc,TGTTTGTGTGCCCGTA-1,1
pbmc,TGTTTGTGTGCCCTTT-1,1
pbmc,TGTTTGTGTGGAAATT-1,553
pbmc,TGTTTGTGTTGTGTTG-1,1
pbmc,TGTTTGTTCACCCTCA-1,2
pbmc,TGTTTGTTCAGAGCGA-1,1
pbmc,TGTTTGTTCCAATGCA-1,1
pbmc,TTAATCCAGAAACTAC-1,1
pbmc,TTAATCCAGCAGTCTT-1,1
pbmc,TTAATCCAGCTACTAC-1,472
pbmc,TTAATCCAGCTGCTAC-1,1
pbmc,TTAATCCAGGCCGAAC-1,1
pbmc,TTAATCCAGTATTAGG-1,1
pbmc,TTAATCCAGTTTCTTC-1,1
pbmc,TTAATCCCACATTCTT-1,1
pbmc,TTAATCCCACTGATTG-1,10
pbmc,TTAATCCCAGGTCTCG-1,1
pbmc,TTAATCCCAGTTCACA-1,1
pbmc,TTAATCCCATCCGAAT-1,2
pbmc,TTAATCCCATCTTCGC-1,1
pbmc,TTAATCCGTCACAGAG-1,1
pbmc,TTAATCCGTCTTACTT-1,1
pbmc,TTAATCCGTCTTAGTG-1,1
pbmc,TTAATCCGTGCGTGCT-1,1
pbmc,TTAATCCTCCACCTGT-1,1
pbmc,TTAATCCTCCAGCTCT-1,1
pbmc,TTAATCCTCTGGTGGC-1,1
pbmc,TTAATCCTCTTAATCC-1,1
pbmc,TTACAGGAGAAGAACG-1,1
pbmc,TTACAGGAGGTAGACC-1,1
pbmc,TTACAGGAGTTGTACC-1,1
pbmc,TTACAGGCAAGCTGTT-1,1
pbmc,TTACAGGCACAAATCC-1,1
pbmc,TTACAGGCACATGACT-1,1
pbmc,TTACAGGCAGATTCGT-1,1
pbmc,TTACAGGCATGTAACC-1,1
pbmc,TTACAGGGTACGTAGG-1,1
pbmc,TTACAGGGTAGGCTCC-1,1
pbmc,TTACAGGGTATGAGAT-1,1
pbmc,TTACAGGGTCGGCACT-1,1
pbmc,TTACAGGGTGATTCTG-1,160
pbmc,TTACAGGGTTATGGTC-1,1
pbmc,TTACAGGGTTGGTAGG-1,1
pbmc,TTACAGGGTTTCGACA-1,1
pbmc,TTACAGGGTTTCGTAG-1,1
pbmc,TTACAGGTCATGCAGT-1,3
pbmc,TTACAGGTCCTTCAGC-1,1
pbmc,TTACAGGTCGGATACT-1,1
pbmc,TTACAGGTCTCAGTCC-1,2
pbmc,TTACCATAGAATCGCG-1,1
pbmc,TTACCATAGCAAATCA-1,1
pbmc,TTACCATAGCACCCAC-1,1
pbmc,TTACCATAGCATGCAG-1,1
pbmc,TTACCATAGCGCCGTT-1,1
pbmc,TTACCATAGGTGCTTT-1,1
pbmc,TTACCATCAACCACAT-1,1
pbmc,TTACCATCACATAACC-1,1
pbmc,TTACCATCAGCCTACG-1,2
pbmc,TTACCATCAGGACTAG-1,1
pbmc,TTACCATCAGTAGGAC-1,2
pbmc,TTACCATCATCACCAA-1,1
pbmc,TTACCATGTAGACGTG-1,2
pbmc,TTACCATGTAGCACGA-1,1
pbmc,TTACCATGTCTGCGCA-1,1
pbmc,TTACCATGTGTGGACA-1,1
pbmc,TTACCATGTTCAAGTC-1,1
pbmc,TTACCATTCACTCACC-1,1
pbmc,TTACCATTCGGTAGAG-1,1
pbmc,TTACCATTCTCGTGAA-1,1
pbmc,TTACCATTCTGCGGCA-1,1
pbmc,TTACCATTCTGGGATT-1,1
pbmc,TTACCATTCTTCGGAA-1,1
pbmc,TTACCGCAGACGAGCT-1,1
pbmc,TTACCGCAGCATCCTA-1,1
pbmc,TTACCGCAGCGTGCTC-1,1
pbmc,TTACCGCAGCTCATAC-1,1
pbmc,TTACCGCAGTCGTTAC-1,3
pbmc,TTACCGCCAAACGGCA-1,1
pbmc,TTACCGCCATAGTCAC-1,1
pbmc,TTACCGCGTAATGTGA-1,2
pbmc,TTACCGCGTACGGGAT-1,2
pbmc,TTACCGCGTCCGAAAG-1,404
pbmc,TTACCGCGTGAATGAT-1,1
pbmc,TTACCGCGTGAATTAG-1,1
pbmc,TTACCGCGTGGGTTGA-1,1
pbmc,TTACCGCGTGGTCTTA-1,1
pbmc,TTACCGCGTGTTGAGG-1,1
pbmc,TTACCGCGTTGCCTAA-1,1
pbmc,TTACCGCTCACTCACC-1,1
pbmc,TTACCGCTCCGTGTCT-1,1
pbmc,TTACCGCTCCTCCACA-1,1
pbmc,TTACCGCTCTCCCAAC-1,1
pbmc,TTACGCCAGACCAGCA-1,1
pbmc,TTACGCCAGGAACTAT-1,1
pbmc,TTACGCCAGTGACCTT-1,1
pbmc,TTACGCCCAACAAGAT-1,1
pbmc,TTACGCCCACCAGTAT-1,1
pbmc,TTACGCCCACGTCGTG-1,203
pbmc,TTACGCCCACTAACCA-1,1
pbmc,TTACGCCCACTCCGAG-1,1
pbmc,TTACGCCCACTGGATT-1,1
pbmc,TTACGCCCAGCCTATA-1,1
pbmc,TTACGCCGTCACCCTT-1,1
pbmc,TTACGCCGTCCGGTCA-1,1
pbmc,TTACGCCGTCGTTGCG-1,1
pbmc,TTACGCCGTGCTGATT-1,1
pbmc,TTACGCCGTGTCCTAA-1,1
pbmc,TTACGCCGTTCTGACA-1,1
pbmc,TTACGCCGTTGTCATG-1,1
pbmc,TTACGCCTCAATGCAC-1,171
pbmc,TTACGCCTCCATATGG-1,1
pbmc,TTACGCCTCCCATGGG-1,1
pbmc,TTACGCCTCCCTTCCC-1,1
pbmc,TTACGCCTCGTTTACT-1,1
pbmc,TTACGCCTCTAGATCG-1,1
pbmc,TTACGCCTCTCATGGA-1,1
pbmc,TTACGTTAGATGAACT-1,1
pbmc,TTACGTTAGCTCGTGC-1,1
pbmc,TTACGTTAGGTAGTCG-1,1
pbmc,TTACGTTCAAACTCGT-1,1
pbmc,TTACGTTCAGCATACT-1,1
pbmc,TTACGTTCAGCTTCCT-1,1
pbmc,TTACGTTCAGGTGTGA-1,1
pbmc,TTACGTTCATCATGAC-1,1
pbmc,TTACGTTCATGACAGG-1,1
pbmc,TTACGTTCATTGCCGG-1,1
pbmc,TTACGTTGTAATGTGA-1,1
pbmc,TTACGTTGTCACTGAT-1,1
pbmc,TTACGTTGTCCAGCCA-1,1
pbmc,TTACGTTGTCGGTGTC-1,1
pbmc,TTACGTTGTCTGTGAT-1,1
pbmc,TTACGTTGTGCATTTG-1,1
pbmc,TTACGTTGTGGGCTCT-1,1
pbmc,TTACGTTGTTTACGAC-1,493
pbmc,TTACGTTTCATCGCAA-1,1
pbmc,TTACGTTTCCGAAATC-1,1
pbmc,TTACGTTTCTCCCATG-1,1
pbmc,TTACGTTTCTCGCCCA-1,2
pbmc,TTACGTTTCTCGCTTG-1,271
pbmc,TTACTGTAGCTACTAC-1,1
pbmc,TTACTGTAGGCTGGAT-1,2
pbmc,TTACTGTAGTAAATGC-1,1
pbmc,TTACTGTCAACCACAT-1,1
pbmc,TTACTGTCAAGCGCAA-1,1
pbmc,TTACTGTCAAGTGACG-1,1
pbmc,TTACTGTCACAAATAG-1,1
pbmc,TTACTGTCACACCAGC-1,1
pbmc,TTACTGTCACCTCTGT-1,1
pbmc,TTACTGTCATACATCG-1,224
pbmc,TTACTGTCATGACGTT-1,1
pbmc,TTACTGTGTAAGAACT-1,152
pbmc,TTACTGTGTAAGATCA-1,1
pbmc,TTACTGTGTAAGGCTG-1,1
pbmc,TTACTGTGTAGCACAG-1,1
pbmc,TTACTGTGTCCTGGGT-1,1
pbmc,TTACTGTGTCGCTTGG-1,1
pbmc,TTACTGTGTTAAGGGC-1,195
pbmc,TTACTGTGTTAATGCC-1,1
pbmc,TTACTGTTCACTACTT-1,1
pbmc,TTACTGTTCAGACCTA-1,1
pbmc,TTACTGTTCGATAACC-1,2
pbmc,TTACTGTTCTCGGTCT-1,1
pbmc,TTACTGTTCTGGACTA-1,1
pbmc,TTAGGCAAGCATGCAG-1,2
pbmc,TTAGGCAAGCCAAGGT-1,1
pbmc,TTAGGCAAGCCGATAG-1,2
pbmc,TTAGGCAAGGACTAAT-1,1
pbmc,TTAGGCAAGGCTAAAT-1,1
pbmc,TTAGGCAAGTTGCCCG-1,1
pbmc,TTAGGCACAAGCCATT-1,1
pbmc,TTAGGCACAATTGGTC-1,1
pbmc,TTAGGCACACAACGAG-1,1
pbmc,TTAGGCACACGGTCTG-1,2
pbmc,TTAGGCACACGTCGTG-1,1
pbmc,TTAGGCACACTGTGTA-1,2
pbmc,TTAGGCACACTTCGAA-1,2
pbmc,TTAGGCACAGAGACTG-1,1
pbmc,TTAGGCACAGAGTGAC-1,1
pbmc,TTAGGCACATACAGCT-1,3
pbmc,TTAGGCACATCGTGGC-1,1
pbmc,TTAGGCACATGACAAA-1,1
pbmc,TTAGGCAGTACAGAAT-1,1
pbmc,TTAGGCAGTCACACGC-1,1
pbmc,TTAGGCAGTCATAAAG-1,2
pbmc,TTAGGCAGTTGGGTAG-1,1
pbmc,TTAGGCATCAACGCTA-1,1
pbmc,TTAGGCATCAGCGTCG-1,2
pbmc,TTAGGCATCATGAAAG-1,2
pbmc,TTAGGCATCCTACGGG-1,1
pbmc,TTAGGCATCCTCACGT-1,1
pbmc,TTAGGCATCCTCTAAT-1,1
pbmc,TTAGGCATCGGCCAAC-1,2
pbmc,TTAGGCATCTCAACCC-1,1
pbmc,TTAGGCATCTCAACGA-1,1
pbmc,TTAGGCATCTCTATAC-1,2
pbmc,TTAGGGTAGACTGAGC-1,1
pbmc,TTAGGGTAGATCACTC-1,1
pbmc,TTAGGGTAGGAAGAAC-1,1
pbmc,TTAGGGTAGGGAACAA-1,1
pbmc,TTAGGGTAGGGCGAGA-1,2
pbmc,TTAGGGTAGGTTACCT-1,1
pbmc,TTAGGGTCAGGCCTGT-1,1
pbmc,TTAGGGTCAGGTCAGA-1,34
pbmc,TTAGGGTCATCTGGGC-1,1
pbmc,TTAGGGTCATTCCTCG-1,1
pbmc,TTAGGGTGTAACTGCT-1,1
pbmc,TTAGGGTGTAAGAACT-1,1
pbmc,TTAGGGTGTACGACTT-1,2
pbmc,TTAGGGTGTAGAAACT-1,1
pbmc,TTAGGGTGTCACATTG-1,212
pbmc,TTAGGGTGTCCCGTGA-1,1
pbmc,TTAGGGTGTGAAGCGT-1,1
pbmc,TTAGGGTGTTTCGTAG-1,3
pbmc,TTAGGGTTCGAGAAGC-1,1
pbmc,TTAGTCTAGATGCAGC-1,1
pbmc,TTAGTCTAGCAGAAAG-1,1
pbmc,TTAGTCTAGCCAGAGT-1,1
pbmc,TTAGTCTAGGAGACCT-1,1
pbmc,TTAGTCTAGGATACGC-1,1
pbmc,TTAGTCTCAAATAGCA-1,2
pbmc,TTAGTCTCAATTTCGG-1,2
pbmc,TTAGTCTCACCATATG-1,1
pbmc,TTAGTCTCACGGCACT-1,1
pbmc,TTAGTCTCACGTATAC-1,254
pbmc,TTAGTCTCAGCGAGTA-1,1
pbmc,TTAGTCTCAGTGTACT-1,1
pbmc,TTAGTCTCATGTTACG-1,1
pbmc,TTAGTCTGTCGCGTTG-1,1
pbmc,TTAGTCTGTGAATGAT-1,1
pbmc,TTAGTCTGTGACACGA-1,1
pbmc,TTAGTCTGTGACATCT-1,1
pbmc,TTAGTCTGTTGCCAAT-1,1
pbmc,TTAGTCTTCAAATGCC-1,1
pbmc,TTAGTCTTCCGTGGCA-1,1
pbmc,TTAGTCTTCGAAGAAT-1,1
pbmc,TTAGTCTTCGCAACAT-1,1
pbmc,TTAGTCTTCTCGGGAC-1,1
pbmc,TTAGTCTTCTGCTAGA-1,1
pbmc,TTATTGCAGAATTGCA-1,1
pbmc,TTATTGCAGATTGACA-1,1
pbmc,TTATTGCAGCCGTTGC-1,1
pbmc,TTATTGCAGCCTCAGC-1,1
pbmc,TTATTGCCAAACGGCA-1,219
pbmc,TTATTGCCAACGTATC-1,1
pbmc,TTATTGCCAACTTCTT-1,1
pbmc,TTATTGCCACGCTTAA-1,1
pbmc,TTATTGCCAGGATCTT-1,1
pbmc,TTATTGCCATGTACGT-1,1
pbmc,TTATTGCGTAAGCAAT-1,1
pbmc,TTATTGCGTAATGATG-1,1
pbmc,TTATTGCGTACGTAGG-1,143
pbmc,TTATTGCGTCAAAGAT-1,1
pbmc,TTATTGCGTCAACACT-1,172
pbmc,TTATTGCGTCACGTGC-1,1
pbmc,TTATTGCGTCGCATTA-1,1
pbmc,TTATTGCGTGGACTAG-1,1
pbmc,TTATTGCGTGTCTTCC-1,279
pbmc,TTATTGCTCATCACTT-1,1
pbmc,TTATTGCTCGCTCATC-1,1
pbmc,TTATTGCTCGTGCTCT-1,1
pbmc,TTATTGCTCTCAGGCG-1,1
pbmc,TTATTGCTCTGCGTCT-1,1
pbmc,TTCAATCAGACTACCT-1,1
pbmc,TTCAATCAGCAAACAT-1,1
pbmc,TTCAATCAGTCTGCAT-1,1
pbmc,TTCAATCAGTCTTCCC-1,1
pbmc,TTCAATCCAAACACCT-1,1
pbmc,TTCAATCCAGCTTTCC-1,1
pbmc,TTCAATCCATACCAGT-1,1
pbmc,TTCAATCCATCAGCGC-1,1
pbmc,TTCAATCCATGGAATA-1,1
pbmc,TTCAATCGTAACAAGT-1,1
pbmc,TTCAATCGTAACATCC-1,1
pbmc,TTCAATCGTAGGAGTC-1,1
pbmc,TTCAATCGTATGTCCA-1,4
pbmc,TTCAATCGTCAGTCTA-1,1
pbmc,TTCAATCGTGTCCCTT-1,1
pbmc,TTCAATCGTGTCCGGT-1,1
pbmc,TTCAATCGTTGGACTT-1,2
pbmc,TTCAATCTCCATACTT-1,1
pbmc,TTCAATCTCCATCTCG-1,1
pbmc,TTCAATCTCCCATGGG-1,2
pbmc,TTCAATCTCCCTCTAG-1,1
pbmc,TTCAATCTCCGGACGT-1,1
pbmc,TTCAATCTCTACTATC-1,1
pbmc,TTCAATCTCTCGTCAC-1,1
pbmc,TTCAATCTCTCTTCAA-1,1
pbmc,TTCAATCTCTGACAGT-1,4
pbmc,TTCAATCTCTGCCCTA-1,1
pbmc,TTCACCGAGCTCTTCC-1,1
pbmc,TTCACCGAGGTCACCC-1,1
pbmc,TTCACCGAGTCTGCAT-1,1
pbmc,TTCACCGAGTTCAACC-1,1
pbmc,TTCACCGCAAAGTATG-1,1
pbmc,TTCACCGCACCCTATC-1,1
pbmc,TTCACCGCAGAAATCA-1,1
pbmc,TTCACCGCAGACCCGT-1,1
pbmc,TTCACCGCAGATCATC-1,1
pbmc,TTCACCGCAGCCCAGT-1,215
pbmc,TTCACCGCATCTAGAC-1,1
pbmc,TTCACCGGTAAGGCTG-1,1
pbmc,TTCACCGGTAGTACGG-1,1
pbmc,TTCACCGGTCGTGGTC-1,1
pbmc,TTCACCGGTGGCTGCT-1,1
pbmc,TTCACCGGTTATGTCG-1,1
pbmc,TTCACCGGTTCGTAAC-1,1
pbmc,TTCACCGTCAGGACGA-1,1
pbmc,TTCACCGTCATCCTAT-1,3
pbmc,TTCACCGTCCCAAGTA-1,1
pbmc,TTCACCGTCCGACATA-1,1
pbmc,TTCACCGTCCTACCGT-1,1
pbmc,TTCACCGTCGACATTG-1,1
pbmc,TTCACGCAGACCATAA-1,1
pbmc,TTCACGCAGACCCTTA-1,1
pbmc,TTCACGCAGACGTCGA-1,1
pbmc,TTCACGCAGCTAAATG-1,2
pbmc,TTCACGCAGGTACTGG-1,1
pbmc,TTCACGCCAAAGACGC-1,1
pbmc,TTCACGCCACAACCGC-1,2
pbmc,TTCACGCCACACCAGC-1,1
pbmc,TTCACGCCACCACTGG-1,2
pbmc,TTCACGCCACCATTCC-1,1
pbmc,TTCACGCCATAGAATG-1,2
pbmc,TTCACGCCATAGTCGT-1,1
pbmc,TTCACGCCATCCCGTT-1,1
pbmc,TTCACGCCATGACGAG-1,1
pbmc,TTCACGCGTATTGAGA-1,1
pbmc,TTCACGCGTCCTATAG-1,1
pbmc,TTCACGCGTGACTATC-1,1
pbmc,TTCACGCGTGGGTCAA-1,4
pbmc,TTCACGCGTTAAGTCC-1,279
pbmc,TTCACGCGTTCAAAGA-1,1
pbmc,TTCACGCGTTGCATCA-1,1
pbmc,TTCACGCTCCGCAGTG-1,1
pbmc,TTCACGCTCGTGGCGT-1,1
pbmc,TTCACGCTCTATCCAT-1,217
pbmc,TTCACGCTCTCATTAC-1,2
pbmc,TTCACGCTCTCCCAAC-1,1
pbmc,TTCAGGAAGACTGGGC-1,1
pbmc,TTCAGGAAGATTGAGC-1,1
pbmc,TTCAGGAAGATTGGGC-1,212
pbmc,TTCAGGAAGCAACAGC-1,1
pbmc,TTCAGGAAGGGCAGAG-1,1
pbmc,TTCAGGAAGGTCATCT-1,1
pbmc,TTCAGGAAGTGGCAGT-1,1
pbmc,TTCAGGAAGTTGGGCG-1,2
pbmc,TTCAGGACAAGTGCAG-1,1
pbmc,TTCAGGACACTACCGG-1,1
pbmc,TTCAGGACAGCGAGTA-1,1
pbmc,TTCAGGACAGGAGGTT-1,1
pbmc,TTCAGGACATCCTTCG-1,1
pbmc,TTCAGGACATCTTTCA-1,1
pbmc,TTCAGGAGTAATGCTC-1,1
pbmc,TTCAGGAGTAGTACGG-1,1
pbmc,TTCAGGAGTATCGCTA-1,1
pbmc,TTCAGGAGTATCTCGA-1,1
pbmc,TTCAGGAGTATGCTTG-1,1
pbmc,TTCAGGAGTCGTAATC-1,1
pbmc,TTCAGGAGTCTACAAC-1,260
pbmc,TTCAGGAGTGCATGAG-1,2
pbmc,TTCAGGATCATGCGGC-1,1
pbmc,TTCAGGATCTACTATC-1,1
pbmc,TTCAGGATCTCTATGT-1,1
pbmc,TTCATGTAGAGAGAAC-1,1
pbmc,TTCATGTAGCACTAGG-1,1
pbmc,TTCATGTAGGTCATAA-1,177
pbmc,TTCATGTCAAACGGCA-1,1
pbmc,TTCATGTCAATAGTAG-1,1
pbmc,TTCATGTCACACACTA-1,1
pbmc,TTCATGTCACAGTCCG-1,3
pbmc,TTCATGTCACTAGGTT-1,2
pbmc,TTCATGTCACTCACGG-1,2
pbmc,TTCATGTCACTTGTGA-1,1
pbmc,TTCATGTCATAGAAAC-1,1
pbmc,TTCATGTGTAGGGAGG-1,1
pbmc,TTCATGTGTGGCGCTT-1,1
pbmc,TTCATGTGTTAATGAG-1,1
pbmc,TTCATGTGTTGCTCCT-1,1
pbmc,TTCATGTTCAGTCACA-1,1
pbmc,TTCATGTTCCACCCTA-1,1
pbmc,TTCATGTTCCTACGAA-1,2
pbmc,TTCATGTTCCTGTAAG-1,1
pbmc,TTCATGTTCTATACTC-1,1
pbmc,TTCATGTTCTCTGGTC-1,7
pbmc,TTCATGTTCTTACCAT-1,1
pbmc,TTCATGTTCTTAGCCC-1,1
pbmc,TTCATTGAGATACCAA-1,1
pbmc,TTCATTGAGGATTACA-1,1
pbmc,TTCATTGAGTGTGTTC-1,1
pbmc,TTCATTGGTAAGGCTG-1,1
pbmc,TTCATTGGTACGAAAT-1,101
pbmc,TTCATTGGTCATACCA-1,1
pbmc,TTCATTGGTCTGTGAT-1,1
pbmc,TTCATTGGTTCTTAGG-1,1
pbmc,TTCATTGTCAATCAGC-1,1
pbmc,TTCATTGTCACGAGGA-1,1
pbmc,TTCATTGTCAGCTTCC-1,3
pbmc,TTCATTGTCCTGATAG-1,1
pbmc,TTCATTGTCGCTGTTC-1,1
pbmc,TTCCAATAGCTTTGTG-1,1
pbmc,TTCCAATAGGACTGGT-1,1
pbmc,TTCCAATAGGGTCTTT-1,1
pbmc,TTCCAATAGTAAATGC-1,1
pbmc,TTCCAATCAATACGCT-1,1
pbmc,TTCCAATCAATCAAGA-1,2
pbmc,TTCCAATCAATTGAAG-1,1
pbmc,TTCCAATCACGAGAAC-1,1
pbmc,TTCCAATCACTACACA-1,1
pbmc,TTCCAATCACTGTCCT-1,1
pbmc,TTCCAATCACTTGTGA-1,1
pbmc,TTCCAATCAGGCATTT-1,1
pbmc,TTCCAATGTACTTGTG-1,1
pbmc,TTCCAATGTCAGACGA-1,1
pbmc,TTCCAATGTCCTTGTC-1,1
pbmc,TTCCAATGTCTCTCTG-1,1
pbmc,TTCCAATGTGGAAATT-1,1
pbmc,TTCCAATGTGTACATC-1,1
pbmc,TTCCAATTCAATCTTC-1,1
pbmc,TTCCAATTCATTACGG-1,1
pbmc,TTCCAATTCCACGTAA-1,1
pbmc,TTCCAATTCCTATTTG-1,1
pbmc,TTCCAATTCGATAACC-1,1
pbmc,TTCCAATTCGCTACGG-1,1
pbmc,TTCCAATTCGGACTGC-1,1
pbmc,TTCCAATTCGGAGCAA-1,1
pbmc,TTCCAATTCTTCGATT-1,2
pbmc,TTCCACGAGAGGATCC-1,1
pbmc,TTCCACGAGAGGTTAT-1,1
pbmc,TTCCACGAGCGCCTTG-1,1
pbmc,TTCCACGAGGAAGTGA-1,51
pbmc,TTCCACGAGTCAGCCC-1,1
pbmc,TTCCACGCAAGACGAC-1,2
pbmc,TTCCACGCAAGAGATT-1,1
pbmc,TTCCACGCACAACGTT-1,1
pbmc,TTCCACGCACACTTCC-1,1
pbmc,TTCCACGCAGACCATT-1,1
pbmc,TTCCACGCAGACGATG-1,1
pbmc,TTCCACGCAGACGCTC-1,1
pbmc,TTCCACGCATACCAGT-1,1
pbmc,TTCCACGGTATGAAAC-1,2
pbmc,TTCCACGGTCAACACT-1,309
pbmc,TTCCACGGTCCAGGTC-1,1
pbmc,TTCCACGGTCCATACA-1,2
pbmc,TTCCACGGTTCAGGTT-1,1
pbmc,TTCCACGTCAAGTAAG-1,1
pbmc,TTCCACGTCAGCTGAT-1,1
pbmc,TTCCACGTCATTTCGT-1,1
pbmc,TTCCACGTCCCTTCCC-1,1
pbmc,TTCCACGTCCGATCTC-1,2
pbmc,TTCCACGTCGCGTTTC-1,1
pbmc,TTCCACGTCTACCACC-1,1
pbmc,TTCCACGTCTGAGGTT-1,2
pbmc,TTCCACGTCTGGAGAG-1,1
pbmc,TTCCGGTAGACTCTTG-1,1
pbmc,TTCCGGTAGAGGCGTT-1,2
pbmc,TTCCGGTAGCGATTCT-1,1
pbmc,TTCCGGTAGGCGTCCT-1,1
pbmc,TTCCGGTAGGTCACTT-1,1
pbmc,TTCCGGTAGTACTGTC-1,1
pbmc,TTCCGGTCAGAGTTGG-1,1
pbmc,TTCCGGTCAGGGACTA-1,1
pbmc,TTCCGGTCATGTGCTA-1,1
pbmc,TTCCGGTCATTGCTTT-1,2
pbmc,TTCCGGTGTCAGACTT-1,2
pbmc,TTCCGGTGTCGGTACC-1,1
pbmc,TTCCGGTGTCTTGAGT-1,2
pbmc,TTCCGGTGTGTCCAAT-1,1
pbmc,TTCCGGTGTTGGGAAC-1,1
pbmc,TTCCGGTTCATCGACA-1,2
pbmc,TTCCGGTTCGTTGCCT-1,1
pbmc,TTCCGGTTCTCAGAAC-1,1
pbmc,TTCCGGTTCTGACCCT-1,1
pbmc,TTCCGGTTCTTCCCGA-1,1
pbmc,TTCCGTGAGATTGATG-1,2
pbmc,TTCCGTGAGGTCCTGC-1,1
pbmc,TTCCGTGCAAAGTGTA-1,1
pbmc,TTCCGTGCAACAGAGC-1,3
pbmc,TTCCGTGCAAGCACCC-1,1
pbmc,TTCCGTGCAAGTAGTA-1,2
pbmc,TTCCGTGCACATATGC-1,1
pbmc,TTCCGTGCACGGATCC-1,1
pbmc,TTCCGTGCACTCACTC-1,234
pbmc,TTCCGTGCATATCTCT-1,1
pbmc,TTCCGTGGTACTGAGG-1,1
pbmc,TTCCGTGGTAGGAGTC-1,1
pbmc,TTCCGTGGTGAGACGT-1,1
pbmc,TTCCGTGGTTCCAGGC-1,262
pbmc,TTCCGTGTCAAACGTC-1,1
pbmc,TTCCGTGTCAAGCGTT-1,1
pbmc,TTCCGTGTCAAGTCTG-1,1
pbmc,TTCCGTGTCAGCTTCC-1,1
pbmc,TTCCGTGTCCAACCGG-1,1
pbmc,TTCCGTGTCCAGGCAT-1,1
pbmc,TTCCGTGTCCCAGGCA-1,1
pbmc,TTCCGTGTCTACCACC-1,1
pbmc,TTCCGTGTCTTAGCCC-1,1
pbmc,TTCCTAAAGACATATG-1,1
pbmc,TTCCTAAAGCTTTCCC-1,1
pbmc,TTCCTAAAGGCAATGC-1,1
pbmc,TTCCTAACAAATGATG-1,1
pbmc,TTCCTAACACGCTTAA-1,1
pbmc,TTCCTAACATAACCCA-1,1
pbmc,TTCCTAACATGCTGCG-1,1
pbmc,TTCCTAAGTACGATTC-1,1
pbmc,TTCCTAAGTGACGTCC-1,16
pbmc,TTCCTAAGTGACTAAA-1,1
pbmc,TTCCTAAGTGAGTTTC-1,1
pbmc,TTCCTAAGTTGCGGAA-1,1
pbmc,TTCCTAATCCAATGCA-1,1
pbmc,TTCCTAATCCATAAGC-1,1
pbmc,TTCCTAATCTCCCTAG-1,1
pbmc,TTCCTCTAGAACAGGA-1,1
pbmc,TTCCTCTAGAGCAGCT-1,1
pbmc,TTCCTCTAGCGTATGG-1,1
pbmc,TTCCTCTAGGCATGCA-1,1
pbmc,TTCCTCTAGGGCCCTT-1,1
pbmc,TTCCTCTAGGGTGAGG-1,1
pbmc,TTCCTCTAGGTAAACT-1,1
pbmc,TTCCTCTAGGTTCCGC-1,1
pbmc,TTCCTCTAGTTACTCG-1,1
pbmc,TTCCTCTCAACGATCT-1,1
pbmc,TTCCTCTCACGTGTGC-1,1
pbmc,TTCCTCTCAGTGGCTC-1,1
pbmc,TTCCTCTCAGTGTGCC-1,1
pbmc,TTCCTCTCATGTGGCC-1,1
pbmc,TTCCTCTGTAATCAGA-1,1
pbmc,TTCCTCTGTACCTGTA-1,351
pbmc,TTCCTCTGTAGTCACT-1,1
pbmc,TTCCTCTGTCAAAGAT-1,1
pbmc,TTCCTCTGTCACTAGT-1,1
pbmc,TTCCTCTGTCTCGCGA-1,1
pbmc,TTCCTCTGTCTTAGTG-1,1
pbmc,TTCCTCTGTTGCAACT-1,1
pbmc,TTCCTCTGTTTGAACC-1,1
pbmc,TTCCTCTTCATTCATC-1,1
pbmc,TTCCTCTTCCCGAGGT-1,1
pbmc,TTCCTCTTCCTCAGAA-1,1
pbmc,TTCCTCTTCGACCATA-1,1
pbmc,TTCCTCTTCGGACTTA-1,1
pbmc,TTCCTCTTCGTAGTCA-1,1
pbmc,TTCCTCTTCTGAGGTT-1,1
pbmc,TTCCTCTTCTTGAACG-1,1
pbmc,TTCCTTCAGAGGATCC-1,1
pbmc,TTCCTTCAGCCGTTGC-1,1
pbmc,TTCCTTCAGCCTCAAT-1,4
pbmc,TTCCTTCAGGACAAGA-1,1
pbmc,TTCCTTCAGGGCTGAT-1,1
pbmc,TTCCTTCAGGTAGTCG-1,74
pbmc,TTCCTTCAGGTCCAGA-1,1
pbmc,TTCCTTCAGTAGTCAA-1,188
pbmc,TTCCTTCAGTGAGGCT-1,1
pbmc,TTCCTTCAGTTGTAAG-1,2
pbmc,TTCCTTCCAAGTCATC-1,1
pbmc,TTCCTTCCAATGAGCG-1,1
pbmc,TTCCTTCCAGATCACT-1,1
pbmc,TTCCTTCCAGTAGATA-1,1
pbmc,TTCCTTCCAGTCGGAA-1,1
pbmc,TTCCTTCGTAACATAG-1,2
pbmc,TTCCTTCGTAAGTCAA-1,1
pbmc,TTCCTTCGTAGTGTGG-1,1
pbmc,TTCCTTCGTCAGACGA-1,1
pbmc,TTCCTTCGTCTCGCGA-1,1
pbmc,TTCCTTCGTGAAGCGT-1,1
pbmc,TTCCTTCGTGACACGA-1,249
pbmc,TTCCTTCGTGGACCTC-1,1
pbmc,TTCCTTCGTGTTCCTC-1,1
pbmc,TTCCTTCGTTCTTGCC-1,2
pbmc,TTCCTTCGTTTCTATC-1,1
pbmc,TTCCTTCTCATGTCAG-1,1
pbmc,TTCCTTCTCCGAAGGA-1,1
pbmc,TTCCTTCTCGGTCATA-1,1
pbmc,TTCGATTAGACTTCAC-1,1
pbmc,TTCGATTAGCATTTGC-1,1
pbmc,TTCGATTAGTTACGGG-1,1
pbmc,TTCGATTCAAGAGTGC-1,1
pbmc,TTCGATTCAGTTTCAG-1,1
pbmc,TTCGATTCATGTGGTT-1,1
pbmc,TTCGATTCATTGCCTC-1,1
pbmc,TTCGATTGTTGATGTC-1,1
pbmc,TTCGATTTCACCGGGT-1,1
pbmc,TTCGATTTCATTACCT-1,1
pbmc,TTCGATTTCCGTGGTG-1,1
pbmc,TTCGATTTCGTTATCT-1,1
pbmc,TTCGATTTCTAACACG-1,1
pbmc,TTCGATTTCTGACCCT-1,22
pbmc,TTCGATTTCTTTCAGT-1,1
pbmc,TTCGCTGAGACAACAT-1,1
pbmc,TTCGCTGAGAGGACTC-1,1
pbmc,TTCGCTGAGGGTTAGC-1,363
pbmc,TTCGCTGAGGTTCCGC-1,97
pbmc,TTCGCTGAGGTTCTGC-1,1
pbmc,TTCGCTGCAAGGTCGA-1,1
pbmc,TTCGCTGCACAATGTC-1,1
pbmc,TTCGCTGCACCAGGTC-1,1
pbmc,TTCGCTGCACTAGTAC-1,180
pbmc,TTCGCTGCACTCATAG-1,1
pbmc,TTCGCTGCATGGCACC-1,1
pbmc,TTCGCTGGTAAGCGGT-1,1
pbmc,TTCGCTGGTCAGATTC-1,1
pbmc,TTCGCTGGTCTGGTTA-1,1
pbmc,TTCGCTGGTGATCATC-1,1
pbmc,TTCGCTGGTTAATGAG-1,1
pbmc,TTCGCTGTCAGACCTA-1,1
pbmc,TTCGCTGTCCTAGCGG-1,1
pbmc,TTCGCTGTCGCAGAGA-1,1
pbmc,TTCGCTGTCGCGTGAC-1,1
pbmc,TTCGCTGTCGGACTGC-1,215
pbmc,TTCGCTGTCTCTCTTC-1,1
pbmc,TTCGCTGTCTGAATGC-1,1
pbmc,TTCGCTGTCTTCTTCC-1,3
pbmc,TTCGGTCAGAGCATTA-1,1
pbmc,TTCGGTCAGCGATGAC-1,1
pbmc,TTCGGTCAGTCTAGCT-1,1
pbmc,TTCGGTCAGTGATGGC-1,1
pbmc,TTCGGTCCAATCGAAA-1,1
pbmc,TTCGGTCCACCGAATT-1,1
pbmc,TTCGGTCCACGAGGTA-1,1
pbmc,TTCGGTCCACGTCTCT-1,1
pbmc,TTCGGTCCAGTGGCTC-1,1
pbmc,TTCGGTCCAGTTAGGG-1,2
pbmc,TTCGGTCCATGAATCC-1,1
pbmc,TTCGGTCGTATTGAGA-1,1
pbmc,TTCGGTCGTCAGTCTA-1,1
pbmc,TTCGGTCGTGTGAATA-1,1
pbmc,TTCGGTCGTTGCGGAA-1,1
pbmc,TTCGGTCTCAAAGACA-1,1
pbmc,TTCGGTCTCACCCTTG-1,1
pbmc,TTCGGTCTCATCTATC-1,1
pbmc,TTCGGTCTCGTTGCCT-1,1
pbmc,TTCGGTCTCTAGTGTG-1,1
pbmc,TTCGGTCTCTCAAAGC-1,1
pbmc,TTCGGTCTCTGTCGTC-1,1
pbmc,TTCTAACAGCAGATAT-1,1
pbmc,TTCTAACAGTATTAGG-1,1
pbmc,TTCTAACAGTCCGCCA-1,1
pbmc,TTCTAACCAAAGGGCT-1,1
pbmc,TTCTAACCAACAGAGC-1,1
pbmc,TTCTAACCAAGTTCCA-1,1
pbmc,TTCTAACCAGTTCACA-1,3
pbmc,TTCTAACCATGAGTAA-1,3
pbmc,TTCTAACCATTGGATC-1,1
pbmc,TTCTAACGTACCTAAC-1,1
pbmc,TTCTAACGTCGGATTT-1,1
pbmc,TTCTAACGTGAATATG-1,2
pbmc,TTCTAACGTGAATGAT-1,1
pbmc,TTCTAACGTGACTGAG-1,1
pbmc,TTCTAACGTTATGACC-1,1
pbmc,TTCTAACGTTCGAACT-1,1
pbmc,TTCTAACGTTTAGAGA-1,1
pbmc,TTCTAACTCAAACCCA-1,1
pbmc,TTCTAACTCACGGACC-1,1
pbmc,TTCTAACTCCTGTTGC-1,1
pbmc,TTCTAACTCGGTGCAC-1,1
pbmc,TTCTAACTCTTCTGGC-1,1
pbmc,TTCTAGTAGACCATGG-1,1
pbmc,TTCTAGTAGACCTCAT-1,1
pbmc,TTCTAGTAGCCACCGT-1,1
pbmc,TTCTAGTAGCCAGAGT-1,1
pbmc,TTCTAGTAGCCTCTCT-1,1
pbmc,TTCTAGTAGCGTCAAG-1,1
pbmc,TTCTAGTAGCGTTCAT-1,1
pbmc,TTCTAGTAGTCACTCA-1,1
pbmc,TTCTAGTAGTGAATAC-1,1
pbmc,TTCTAGTAGTGTGTTC-1,1
pbmc,TTCTAGTCAACAAGTA-1,1
pbmc,TTCTAGTCAAGCCATT-1,1
pbmc,TTCTAGTCAATCCAGT-1,1
pbmc,TTCTAGTCAATGACCT-1,1
pbmc,TTCTAGTCACAGCCAC-1,1
pbmc,TTCTAGTCATCTGGGC-1,1
pbmc,TTCTAGTCATGATGCT-1,1
pbmc,TTCTAGTCATGGCGCT-1,1
pbmc,TTCTAGTGTATCAAGA-1,1
pbmc,TTCTAGTGTCATAGTC-1,1
pbmc,TTCTAGTGTTGGGTTT-1,1
pbmc,TTCTAGTTCCGATGTA-1,1
pbmc,TTCTAGTTCCGCAAAT-1,1
pbmc,TTCTAGTTCGGCTTGG-1,2
pbmc,TTCTCTCAGAGAGTTT-1,1
pbmc,TTCTCTCAGCCGCTTG-1,1
pbmc,TTCTCTCCAAAGCTAA-1,1
pbmc,TTCTCTCCAAAGGGTC-1,1
pbmc,TTCTCTCCAAGCGCAA-1,1
pbmc,TTCTCTCCAATTGGTC-1,1
pbmc,TTCTCTCCAATTGTGC-1,1
pbmc,TTCTCTCCAGAGTCAG-1,1
pbmc,TTCTCTCCATTAGGAA-1,1
pbmc,TTCTCTCGTAAGGTCG-1,1
pbmc,TTCTCTCGTATCGAAA-1,1
pbmc,TTCTCTCGTATCGTAC-1,256
pbmc,TTCTCTCGTCCCACGA-1,1
pbmc,TTCTCTCGTGGGTATG-1,1
pbmc,TTCTCTCGTGGTTTGT-1,1
pbmc,TTCTCTCGTGTCTCCT-1,1
pbmc,TTCTCTCGTTCCCAAA-1,1
pbmc,TTCTCTCTCCCTGTTG-1,1
pbmc,TTCTCTCTCCTAGAGT-1,1
pbmc,TTCTCTCTCTCCCTAG-1,1
pbmc,TTCTCTCTCTTGTTAC-1,1
pbmc,TTCTGTAAGACTGGGT-1,2
pbmc,TTCTGTAAGATCCTAC-1,1
pbmc,TTCTGTAAGCGATGGT-1,1
pbmc,TTCTGTAAGCGTCTCG-1,1
pbmc,TTCTGTAAGCTGTTAC-1,1
pbmc,TTCTGTAAGGTATAGT-1,1
pbmc,TTCTGTAAGGTCGTAG-1,2
pbmc,TTCTGTAAGTTGTCGT-1,2
pbmc,TTCTGTACAAGAGGTC-1,1
pbmc,TTCTGTACAAGTCATC-1,1
pbmc,TTCTGTACAATGTGGG-1,1
pbmc,TTCTGTACAGGACTAG-1,1
pbmc,TTCTGTACATACAGAA-1,1
pbmc,TTCTGTAGTATACCTG-1,1
pbmc,TTCTGTAGTATGGGAC-1,1
pbmc,TTCTGTAGTCGTTGCG-1,1
pbmc,TTCTGTAGTGATGTAA-1,1
pbmc,TTCTGTAGTGCTAGCC-1,1
pbmc,TTCTGTAGTGTGTTTG-1,1
pbmc,TTCTGTAGTTCGGGTC-1,1
pbmc,TTCTGTATCATGGTAC-1,1
pbmc,TTCTGTATCCGGACGT-1,1
pbmc,TTCTGTATCGGCATCG-1,1
pbmc,TTCTTCCAGCAACTTC-1,1
pbmc,TTCTTCCCAAATCGGG-1,1
pbmc,TTCTTCCCAGACGGAT-1,1
pbmc,TTCTTCCCAGAGAGGG-1,1
pbmc,TTCTTCCGTCAACATC-1,1
pbmc,TTCTTCCGTGACAGGT-1,1
pbmc,TTCTTCCGTGCCTAAT-1,1
pbmc,TTCTTCCTCACTAGCA-1,1
pbmc,TTCTTCCTCAGGACAG-1,1
pbmc,TTCTTCCTCCAATCTT-1,1
pbmc,TTCTTCCTCCCGTAAA-1,1
pbmc,TTCTTCCTCCCTCTCC-1,3
pbmc,TTCTTCCTCCGTGTGG-1,1
pbmc,TTCTTCCTCCTTTCCC-1,1
pbmc,TTCTTCCTCGATGGAG-1,2
pbmc,TTCTTGAAGACATAAC-1,1
pbmc,TTCTTGAAGATTAGCA-1,1
pbmc,TTCTTGAAGGATACAT-1,1
pbmc,TTCTTGACAAATACGA-1,1
pbmc,TTCTTGACAATCAAGA-1,2
pbmc,TTCTTGACACCTCTAC-1,1
pbmc,TTCTTGACAGCGGTCT-1,1
pbmc,TTCTTGACAGTTCACA-1,1
pbmc,TTCTTGACATACAGCT-1,1
pbmc,TTCTTGACATACGCAT-1,1
pbmc,TTCTTGACATAGTCAC-1,1
pbmc,TTCTTGACATCTGGGC-1,1
pbmc,TTCTTGACATGGCCCA-1,1
pbmc,TTCTTGACATTGGGAG-1,1
pbmc,TTCTTGAGTACAAAGT-1,1
pbmc,TTCTTGAGTACGGATG-1,1
pbmc,TTCTTGAGTAGGTCAG-1,1
pbmc,TTCTTGAGTATCAGGG-1,1
pbmc,TTCTTGAGTCTTGCTC-1,163
pbmc,TTCTTGAGTGCAGATG-1,1
pbmc,TTCTTGAGTGTTCCAA-1,1
pbmc,TTCTTGAGTTAGCTAC-1,1
pbmc,TTCTTGAGTTATTCCT-1,1
pbmc,TTCTTGAGTTATTCTC-1,2
pbmc,TTCTTGATCCGATTAG-1,1
pbmc,TTCTTGATCCTACTGC-1,1
pbmc,TTCTTGATCGAGTGGA-1,2
pbmc,TTCTTGATCGATACTG-1,1
pbmc,TTCTTGATCGCCAATA-1,1
pbmc,TTCTTGATCTAGATCG-1,1
pbmc,TTGAACGAGACTAGAT-1,1
pbmc,TTGAACGAGAGTGACC-1,1
pbmc,TTGAACGAGATCCGAG-1,1
pbmc,TTGAACGAGCTCTAAT-1,1
pbmc,TTGAACGAGGACAACC-1,1
pbmc,TTGAACGAGTAGATCG-1,1
pbmc,TTGAACGAGTGTACAA-1,1
pbmc,TTGAACGAGTTACGGG-1,1
pbmc,TTGAACGAGTTGTAAG-1,1
pbmc,TTGAACGCAACTAGAA-1,1
pbmc,TTGAACGCACATCCGG-1,1
pbmc,TTGAACGCACTAGGCC-1,1
pbmc,TTGAACGCAGAACTCT-1,1
pbmc,TTGAACGCAGCTCGGT-1,1
pbmc,TTGAACGCAGGGAGAG-1,1
pbmc,TTGAACGCATATAGCC-1,1
pbmc,TTGAACGCATCAACCA-1,1
pbmc,TTGAACGCATCAGCTA-1,1
pbmc,TTGAACGGTACGACTT-1,1
pbmc,TTGAACGGTAGTGTGG-1,1
pbmc,TTGAACGGTTATCTGG-1,1
pbmc,TTGAACGGTTGCGGAA-1,1
pbmc,TTGAACGTCAATCGGT-1,1
pbmc,TTGAACGTCCGACGGT-1,1
pbmc,TTGAACGTCCGATTAG-1,1
pbmc,TTGAACGTCGAGTCTA-1,1
pbmc,TTGAACGTCTATCGCC-1,2
pbmc,TTGAACGTCTATGCCC-1,1
pbmc,TTGAACGTCTGAATGC-1,1
pbmc,TTGACCCAGATGATTG-1,1
pbmc,TTGACCCAGCGTTCAT-1,1
pbmc,TTGACCCAGGTGGGTT-1,1
pbmc,TTGACCCGTACAGCGA-1,1
pbmc,TTGACCCGTACTTGTG-1,1
pbmc,TTGACCCGTCCATACA-1,2
pbmc,TTGACCCGTCCTCATC-1,1
pbmc,TTGACCCGTCTCGGGT-1,218
pbmc,TTGACCCGTCTTGAGT-1,1
pbmc,TTGACCCGTTCAGCGC-1,1
pbmc,TTGACCCGTTCTCAGA-1,4
pbmc,TTGACCCTCAACTTTC-1,1
pbmc,TTGACCCTCACATTGG-1,1
pbmc,TTGACCCTCACTGCTC-1,1
pbmc,TTGACCCTCATTCATC-1,1
pbmc,TTGACCCTCCATTTAC-1,1
pbmc,TTGACCCTCCGGGACT-1,1
pbmc,TTGACCCTCGACGATT-1,1
pbmc,TTGACCCTCGCCTAGG-1,1
pbmc,TTGACCCTCGCGTTTC-1,1
pbmc,TTGACCCTCGTAGTGT-1,216
pbmc,TTGACCCTCTCCCAAC-1,1
pbmc,TTGACCCTCTCGAACA-1,1
pbmc,TTGAGTGAGAATTTGG-1,1
pbmc,TTGAGTGAGACGCAGT-1,1
pbmc,TTGAGTGAGAGGTTTA-1,1
pbmc,TTGAGTGAGATCGACG-1,1
pbmc,TTGAGTGAGCCTCTGG-1,1
pbmc,TTGAGTGAGGATTCCT-1,1
pbmc,TTGAGTGAGTGGCAGT-1,1
pbmc,TTGAGTGAGTGTCATC-1,1
pbmc,TTGAGTGAGTGTTGAA-1,1
pbmc,TTGAGTGCAACCGGAA-1,1
pbmc,TTGAGTGCAAGCACCC-1,1
pbmc,TTGAGTGCACAACGTT-1,1
pbmc,TTGAGTGCACATACGT-1,1
pbmc,TTGAGTGCACCAAAGG-1,1
pbmc,TTGAGTGCACTTGTCC-1,1
pbmc,TTGAGTGCAGAACATA-1,1
pbmc,TTGAGTGCAGAGGCTA-1,1
pbmc,TTGAGTGGTGCCGTTG-1,1
pbmc,TTGAGTGGTGTTGCCG-1,1
pbmc,TTGAGTGTCACGGGCT-1,1
pbmc,TTGAGTGTCAGCACCG-1,1
pbmc,TTGAGTGTCATAGGCT-1,1
pbmc,TTGAGTGTCCTACCGT-1,1
pbmc,TTGAGTGTCCTGGGTG-1,1
pbmc,TTGAGTGTCGAACGGA-1,1
pbmc,TTGAGTGTCTTAGGAC-1,1
pbmc,TTGATGGAGAAGGGAT-1,1
pbmc,TTGATGGAGCGATGCA-1,1
pbmc,TTGATGGAGCGCGTTC-1,1
pbmc,TTGATGGAGCTTGTTG-1,1
pbmc,TTGATGGCAATACAGA-1,1
pbmc,TTGATGGCAATTTCGG-1,1
pbmc,TTGATGGCACGACAGA-1,1
pbmc,TTGATGGCATAAGATG-1,167
pbmc,TTGATGGCATAATCCG-1,1
pbmc,TTGATGGCATAGATGA-1,2
pbmc,TTGATGGGTAATGTGA-1,1
pbmc,TTGATGGGTACGACAG-1,1
pbmc,TTGATGGGTAGTTAGA-1,1
pbmc,TTGATGGGTATGAAAC-1,1
pbmc,TTGATGGGTATGGAGC-1,1
pbmc,TTGATGGGTCAGACGA-1,1
pbmc,TTGATGGGTCATGCAT-1,2
pbmc,TTGATGGGTCGAATTC-1,1
pbmc,TTGATGGGTTGTCATG-1,1
pbmc,TTGATGGGTTTCCAAG-1,1
pbmc,TTGATGGTCCGAAATC-1,1
pbmc,TTGATGGTCCTGTTGC-1,1
pbmc,TTGATGGTCGCTAAAC-1,12
pbmc,TTGATGGTCGGCCCAA-1,1
pbmc,TTGCATTAGCTAGATA-1,1
pbmc,TTGCATTAGGCACAAC-1,1
pbmc,TTGCATTCAATTAGGA-1,1
pbmc,TTGCATTCACACCGCA-1,1
pbmc,TTGCATTCACATTCGA-1,1
pbmc,TTGCATTCACCAGGTC-1,1
pbmc,TTGCATTCACCATAAC-1,1
pbmc,TTGCATTCACCTGATA-1,6
pbmc,TTGCATTCAGGTCTCG-1,1
pbmc,TTGCATTCATCGTTCC-1,1
pbmc,TTGCATTGTAGTTAGA-1,1
pbmc,TTGCATTGTATGCGTT-1,1
pbmc,TTGCATTGTATGGAAT-1,1
pbmc,TTGCATTGTCATCCCT-1,1
pbmc,TTGCATTGTGCCTTCT-1,363
pbmc,TTGCATTGTGGATTCT-1,1
pbmc,TTGCATTGTTTCGTTT-1,1
pbmc,TTGCATTTCAAGTCGT-1,1
pbmc,TTGCATTTCAGCTCTC-1,1
pbmc,TTGCATTTCATACAGC-1,1
pbmc,TTGCATTTCATGGATC-1,1
pbmc,TTGCATTTCGACATTG-1,1
pbmc,TTGCATTTCGACGTCG-1,1
pbmc,TTGCATTTCGCCACTT-1,1
pbmc,TTGCATTTCGCCGATG-1,1
pbmc,TTGCATTTCGCTACAA-1,1
pbmc,TTGCCTGAGAGAACCC-1,1
pbmc,TTGCCTGAGAGAGTGA-1,1
pbmc,TTGCCTGAGAGTGACC-1,314
pbmc,TTGCCTGAGCAGGCAT-1,1
pbmc,TTGCCTGAGCTTAAGA-1,1
pbmc,TTGCCTGAGGTACCTT-1,1
pbmc,TTGCCTGAGTGGAAAG-1,290
pbmc,TTGCCTGCAACCTATG-1,2
pbmc,TTGCCTGCAGCTGTAT-1,1
pbmc,TTGCCTGGTAACAGTA-1,1
pbmc,TTGCCTGGTAGCTGCC-1,437
pbmc,TTGCCTGGTAGTTACC-1,1
pbmc,TTGCCTGGTATCTGCA-1,1
pbmc,TTGCCTGGTATGGTAA-1,1
pbmc,TTGCCTGGTGGGAGAG-1,1
pbmc,TTGCCTGGTTAGTTCG-1,1
pbmc,TTGCCTGGTTCACCGG-1,1
pbmc,TTGCCTGTCAAGCCTA-1,2
pbmc,TTGCCTGTCACAGAGG-1,1
pbmc,TTGCCTGTCACGGGAA-1,1
pbmc,TTGCCTGTCACTACTT-1,1
pbmc,TTGCCTGTCGACCATA-1,1
pbmc,TTGCCTGTCGGACTGC-1,1
pbmc,TTGCCTGTCGGCCAAC-1,1
pbmc,TTGCCTGTCTAGCCAA-1,1
pbmc,TTGCCTGTCTCATGCC-1,1
pbmc,TTGCCTGTCTCTGCTG-1,1
pbmc,TTGCCTGTCTGAGGTT-1,1
pbmc,TTGCCTGTCTGGACCG-1,1
pbmc,TTGCGTCAGACCATTC-1,1
pbmc,TTGCGTCAGATATGGC-1,1
pbmc,TTGCGTCAGATGTTCC-1,1
pbmc,TTGCGTCAGCCAAGTG-1,1
pbmc,TTGCGTCAGTGGTTAA-1,1
pbmc,TTGCGTCCAACTTCTT-1,1
pbmc,TTGCGTCCAAGAAATC-1,1
pbmc,TTGCGTCCAAGAGATT-1,1
pbmc,TTGCGTCCAAGCTCTA-1,1
pbmc,TTGCGTCCACCGTGCA-1,1
pbmc,TTGCGTCCACGCCACA-1,5
pbmc,TTGCGTCGTTTGTTCT-1,2
pbmc,TTGCGTCTCAACTGAC-1,1
pbmc,TTGCGTCTCACTGATG-1,1
pbmc,TTGCGTCTCAGCCATG-1,1
pbmc,TTGCGTCTCCTGATAG-1,1
pbmc,TTGCGTCTCCTGTACC-1,1
pbmc,TTGCGTCTCTCATGCC-1,1
pbmc,TTGCGTCTCTCTCGCA-1,1
pbmc,TTGCGTCTCTGTCGTC-1,1
pbmc,TTGCGTCTCTGTGCAA-1,1
pbmc,TTGCGTCTCTTCCAGC-1,1
pbmc,TTGCTGCAGAATGTTG-1,1
pbmc,TTGCTGCAGAGTCAAT-1,2
pbmc,TTGCTGCAGCCATTCA-1,1
pbmc,TTGCTGCAGCCGCTTG-1,1
pbmc,TTGCTGCAGGCATGCA-1,1
pbmc,TTGCTGCAGGGCGAAG-1,1
pbmc,TTGCTGCCAATTTCTC-1,2
pbmc,TTGCTGCCACGGCCAT-1,1
pbmc,TTGCTGCCAGATCCTA-1,1
pbmc,TTGCTGCCAGCAGACA-1,2
pbmc,TTGCTGCCAGGTGTGA-1,1
pbmc,TTGCTGCCATGTGCTA-1,1
pbmc,TTGCTGCCATTGCCGG-1,448
pbmc,TTGCTGCGTACAACGG-1,1
pbmc,TTGCTGCGTGAATTAG-1,2
pbmc,TTGCTGCGTGAGCAGT-1,1
pbmc,TTGCTGCGTGCAGGAT-1,1
pbmc,TTGCTGCGTTCGGGTC-1,2
pbmc,TTGCTGCGTTGCCTAA-1,1
pbmc,TTGCTGCTCACTTCTA-1,1
pbmc,TTGCTGCTCAGTCATG-1,1
pbmc,TTGCTGCTCAGTCCGG-1,1
pbmc,TTGCTGCTCATTACGG-1,1
pbmc,TTGCTGCTCCCTCATG-1,1
pbmc,TTGCTGCTCGACATCA-1,1
pbmc,TTGCTGCTCGGCTGAC-1,1
pbmc,TTGCTGCTCTGCTGAA-1,1
pbmc,TTGGATGAGAACTGAT-1,1
pbmc,TTGGATGAGATAGTCA-1,1
pbmc,TTGGATGAGGGAGAAT-1,1
pbmc,TTGGATGAGTGACACG-1,1
pbmc,TTGGATGAGTTGAATG-1,2
pbmc,TTGGATGCAAATGATG-1,1
pbmc,TTGGATGCACCATTCC-1,1
pbmc,TTGGATGCATCGTGGC-1,1
pbmc,TTGGATGCATGGCTAT-1,1
pbmc,TTGGATGGTAACGTTC-1,1
pbmc,TTGGATGGTACTGCGC-1,1
pbmc,TTGGATGGTAGGATAT-1,1
pbmc,TTGGATGGTAGTGCGA-1,1
pbmc,TTGGATGGTCGTGATT-1,1
pbmc,TTGGATGGTGACCGTC-1,1
pbmc,TTGGATGGTGTGAGCA-1,1
pbmc,TTGGATGGTTCAATCG-1,1
pbmc,TTGGATGGTTCTTGTT-1,1
pbmc,TTGGATGGTTTCGTGA-1,1
pbmc,TTGGATGTCCAGTACA-1,1
pbmc,TTGGATGTCGGACGTC-1,1
pbmc,TTGGATGTCGGAGCAA-1,1
pbmc,TTGGATGTCTTTCCAA-1,1
pbmc,TTGGGATAGAATCGTA-1,1
pbmc,TTGGGATAGACAGCTG-1,1
pbmc,TTGGGATAGAGTCTTC-1,1
pbmc,TTGGGATAGATTCGAA-1,1
pbmc,TTGGGATAGTAAATGC-1,1
pbmc,TTGGGATAGTATTGCC-1,1
pbmc,TTGGGATAGTGATAGT-1,1
pbmc,TTGGGATCAAAGTGTA-1,1
pbmc,TTGGGATCAACGGGTA-1,244
pbmc,TTGGGATCAATCTGCA-1,1
pbmc,TTGGGATCACACGTGC-1,1
pbmc,TTGGGATCACTCCACT-1,1
pbmc,TTGGGATCATCGTGGC-1,1
pbmc,TTGGGATGTAGCACGA-1,1
pbmc,TTGGGATGTATCAGCT-1,1
pbmc,TTGGGATGTCACCCTT-1,1
pbmc,TTGGGATGTCACGTGC-1,1
pbmc,TTGGGATGTCCAAAGG-1,2
pbmc,TTGGGATGTCCGGATC-1,1
pbmc,TTGGGATGTCTTGGTA-1,1
pbmc,TTGGGATGTTCTCCAC-1,1
pbmc,TTGGGATGTTGACTAC-1,1
pbmc,TTGGGATGTTGTCAGT-1,1
pbmc,TTGGGATTCAGCAAGA-1,1
pbmc,TTGGGATTCAGGAAGC-1,392
pbmc,TTGGGATTCAGGACTC-1,1
pbmc,TTGGGATTCATGAATC-1,1
pbmc,TTGGGATTCCATGATG-1,1
pbmc,TTGGGATTCCGAAGGA-1,1
pbmc,TTGGGATTCCTGTTGC-1,2
pbmc,TTGGGATTCCTTGACC-1,1
pbmc,TTGGGATTCGGTATGT-1,1
pbmc,TTGGGATTCTCCCTAA-1,2
pbmc,TTGGGATTCTCTCTAA-1,307
pbmc,TTGGGATTCTCTCTGA-1,1
pbmc,TTGGGATTCTGTCCCA-1,1
pbmc,TTGGGATTCTTAGGAC-1,1
pbmc,TTGGGCGAGACTGTTC-1,1
pbmc,TTGGGCGAGCGCACAA-1,1
pbmc,TTGGGCGAGGAAAGAC-1,1
pbmc,TTGGGCGAGGACCCAA-1,1
pbmc,TTGGGCGAGGTTCATC-1,1
pbmc,TTGGGCGCAAATCAGA-1,1
pbmc,TTGGGCGCAACAAGTA-1,1
pbmc,TTGGGCGCAACTCGAT-1,1
pbmc,TTGGGCGCACCCTCTA-1,1
pbmc,TTGGGCGCACGGTGAA-1,162
pbmc,TTGGGCGCACTCCTGT-1,1
pbmc,TTGGGCGGTATGTCCA-1,1
pbmc,TTGGGCGGTCAATGGG-1,1
pbmc,TTGGGCGGTCGAAACG-1,1
pbmc,TTGGGCGGTCGGAAAC-1,131
pbmc,TTGGGCGGTGTCTTCC-1,1
pbmc,TTGGGCGGTGTTGCCG-1,1
pbmc,TTGGGCGGTTACACTG-1,1
pbmc,TTGGGCGGTTCCTTGC-1,2
pbmc,TTGGGCGTCAGCCTTC-1,1
pbmc,TTGGGTAAGACATCCT-1,1
pbmc,TTGGGTACAAATAAGC-1,1
pbmc,TTGGGTACACCAAAGG-1,1
pbmc,TTGGGTACAGGTGACA-1,1
pbmc,TTGGGTACATGACTCA-1,1
pbmc,TTGGGTAGTAGCGTTT-1,1
pbmc,TTGGGTAGTATAGGGC-1,1
pbmc,TTGGGTAGTCGTTATG-1,1
pbmc,TTGGGTAGTCTAACTG-1,1
pbmc,TTGGGTAGTGCTAGCC-1,229
pbmc,TTGGGTAGTTCCATTT-1,1
pbmc,TTGGGTAGTTCTAACG-1,1
pbmc,TTGGGTAGTTTACCAG-1,1
pbmc,TTGGGTAGTTTCGATG-1,1
pbmc,TTGGGTATCAAGGTGG-1,1
pbmc,TTGGGTATCACCGACG-1,78
pbmc,TTGGGTATCCAAAGGG-1,1
pbmc,TTGGGTATCGAACGCC-1,1
pbmc,TTGGGTATCGCTGATA-1,1
pbmc,TTGGGTATCGGATTAC-1,1
pbmc,TTGGGTATCGTAACCA-1,1
pbmc,TTGGGTATCTGTAACG-1,1
pbmc,TTGGGTATCTGTCGTC-1,1
pbmc,TTGGTTTAGATACTGA-1,1
pbmc,TTGGTTTAGCGTCTGC-1,1
pbmc,TTGGTTTAGTCTAACC-1,1
pbmc,TTGGTTTCAATAGGAT-1,1
pbmc,TTGGTTTCACACAGCC-1,1
pbmc,TTGGTTTCACGGTCTG-1,1
pbmc,TTGGTTTCACTAAACC-1,1
pbmc,TTGGTTTCACTGGATT-1,206
pbmc,TTGGTTTCAGCGTTGC-1,1
pbmc,TTGGTTTCAGGTTACT-1,3
pbmc,TTGGTTTGTAACATCC-1,2
pbmc,TTGGTTTGTCTGTGTA-1,1
pbmc,TTGGTTTGTGATACCT-1,1
pbmc,TTGGTTTGTGGCTAGA-1,1
pbmc,TTGGTTTGTGTGAGCA-1,1
pbmc,TTGGTTTGTTCCGCGA-1,1
pbmc,TTGGTTTTCCGTGGGT-1,1
pbmc,TTGGTTTTCGTCCTTG-1,1
pbmc,TTGGTTTTCGTTGCCT-1,1
pbmc,TTGGTTTTCTAAGGAA-1,2
pbmc,TTGTGGAAGATCCCAT-1,1
pbmc,TTGTGGAAGATTACCC-1,1
pbmc,TTGTGGAAGCAAATGT-1,1
pbmc,TTGTGGAAGTAGACCG-1,1
pbmc,TTGTGGAAGTGATCGG-1,1
pbmc,TTGTGGACAAGTGCAG-1,1
pbmc,TTGTGGACAATGGCAG-1,1
pbmc,TTGTGGACAGAGGAAA-1,1
pbmc,TTGTGGACAGAGGCAT-1,1
pbmc,TTGTGGACAGGATGAC-1,1
pbmc,TTGTGGACATCCTATT-1,1
pbmc,TTGTGGAGTCCGTTTC-1,1
pbmc,TTGTGGAGTGGCGTAA-1,1
pbmc,TTGTGGATCAAAGACA-1,1
pbmc,TTGTGGATCATCACTT-1,1
pbmc,TTGTGGATCCAACACA-1,1
pbmc,TTGTGGATCCGAGTGC-1,1
pbmc,TTGTGGATCGCCTATC-1,1
pbmc,TTGTGGATCGTCAGAT-1,1
pbmc,TTGTGGATCTAAGAAG-1,241
pbmc,TTGTGGATCTAGGAAG-1,1
pbmc,TTGTGGATCTTCGATT-1,2
pbmc,TTGTGGATCTTGTGCC-1,1
pbmc,TTGTGTTAGCCAGTAG-1,1
pbmc,TTGTGTTAGGCCTAAG-1,1
pbmc,TTGTGTTAGTAACGAT-1,1
pbmc,TTGTGTTAGTTGCTGT-1,1
pbmc,TTGTGTTAGTTGTCAC-1,1
pbmc,TTGTGTTCAAGGGTCA-1,1
pbmc,TTGTGTTCAGACGCTC-1,2
pbmc,TTGTGTTCAGTGCCTG-1,1
pbmc,TTGTGTTCATTGCTTT-1,1
pbmc,TTGTGTTGTCTTCATT-1,1
pbmc,TTGTGTTGTGTGTACT-1,1
pbmc,TTGTGTTGTGTGTCCG-1,192
pbmc,TTGTGTTGTTATAGAG-1,1
pbmc,TTGTGTTGTTGCACGC-1,1
pbmc,TTGTGTTTCCACACCT-1,2
pbmc,TTGTGTTTCTAACGCA-1,1
pbmc,TTGTGTTTCTACTCAT-1,1
pbmc,TTGTGTTTCTTTCGAT-1,2
pbmc,TTGTTCAAGATGTTCC-1,1
pbmc,TTGTTCAAGCACCTGT-1,1
pbmc,TTGTTCAAGCGATGAC-1,1
pbmc,TTGTTCAAGCGCCTTG-1,1
pbmc,TTGTTCAAGCTAAATG-1,1
pbmc,TTGTTCAAGGCCTTCG-1,1
pbmc,TTGTTCAAGGGACCAT-1,1
pbmc,TTGTTCAAGGTACTGG-1,1
pbmc,TTGTTCACACTCAGAT-1,1
pbmc,TTGTTCACACTTGTGA-1,652
pbmc,TTGTTCACAGATTAAG-1,1
pbmc,TTGTTCACAGTCGCTG-1,346
pbmc,TTGTTCACATGGCTAT-1,1
pbmc,TTGTTCAGTACTCCCT-1,1
pbmc,TTGTTCAGTATGGAAT-1,1
pbmc,TTGTTCAGTCACAGTT-1,1
pbmc,TTGTTCAGTCGCTGCA-1,1
pbmc,TTGTTCAGTGAGAGGG-1,1
pbmc,TTGTTCAGTGTCCACG-1,1
pbmc,TTGTTCATCAATGTCG-1,1
pbmc,TTGTTCATCAGTGATC-1,1
pbmc,TTGTTCATCATTTGTC-1,1
pbmc,TTGTTCATCCATAGAC-1,2
pbmc,TTGTTCATCGTCAGAT-1,1
pbmc,TTGTTCATCGTTAGTG-1,1
pbmc,TTGTTCATCTCATAGG-1,2
pbmc,TTGTTCATCTGGTCAA-1,1
pbmc,TTGTTCATCTTTACAC-1,86
pbmc,TTGTTGTAGAAGTCAT-1,1
pbmc,TTGTTGTAGCAAATGT-1,1
pbmc,TTGTTGTAGCCAAGCA-1,1
pbmc,TTGTTGTAGGAGGTTC-1,1
pbmc,TTGTTGTAGTCGTCTA-1,1
pbmc,TTGTTGTCAATTGCGT-1,1
pbmc,TTGTTGTCACCACATA-1,1
pbmc,TTGTTGTCACCTGCAG-1,1
pbmc,TTGTTGTCAGACGGAT-1,1
pbmc,TTGTTGTCAGATACTC-1,1
pbmc,TTGTTGTGTAGTGCGA-1,1
pbmc,TTGTTGTGTGGTCTTA-1,1
pbmc,TTGTTGTGTTGAGTCT-1,1
pbmc,TTGTTGTTCATTGTGG-1,1
pbmc,TTGTTGTTCCATAGAC-1,1
pbmc,TTGTTGTTCCCTGTTG-1,1
pbmc,TTGTTGTTCCTCATAT-1,1
pbmc,TTGTTTGAGAGAGTTT-1,1
pbmc,TTGTTTGAGATCACTC-1,1
pbmc,TTGTTTGAGCCTAGGA-1,1
pbmc,TTGTTTGAGGTCGACA-1,170
pbmc,TTGTTTGAGTATAGAC-1,1
pbmc,TTGTTTGCAAATGGAT-1,1
pbmc,TTGTTTGCACATGACT-1,1
pbmc,TTGTTTGCATCGGAGA-1,1
pbmc,TTGTTTGGTAACTAAG-1,1
pbmc,TTGTTTGGTACAAGCG-1,1
pbmc,TTGTTTGGTATCGCTA-1,1
pbmc,TTGTTTGTCCAACCGG-1,76
pbmc,TTGTTTGTCGCGATCG-1,1
pbmc,TTGTTTGTCGTGACTA-1,2
pbmc,TTGTTTGTCTACGCAA-1,1
pbmc,TTTACCAAGACCAAAT-1,1
pbmc,TTTACCAAGAGTTCGG-1,1
pbmc,TTTACCAAGATCCCGC-1,1
pbmc,TTTACCAAGCACAAAT-1,1
pbmc,TTTACCAAGCACCAGA-1,1
pbmc,TTTACCAAGGTACCTT-1,1
pbmc,TTTACCAAGTAACGAT-1,1
pbmc,TTTACCACACATAGCT-1,1
pbmc,TTTACCACACCAGCCA-1,1
pbmc,TTTACCACACGTGTGC-1,1
pbmc,TTTACCACACTGGCGT-1,1
pbmc,TTTACCACAGCCTACG-1,1
pbmc,TTTACCAGTCCAAATC-1,1
pbmc,TTTACCAGTGCAGATG-1,1
pbmc,TTTACCAGTTCTCCAC-1,1
pbmc,TTTACCATCACCTCAC-1,1
pbmc,TTTACCATCATGTCTT-1,1
pbmc,TTTACCATCCAGTTCC-1,1
pbmc,TTTACCATCCGTGTAA-1,1
pbmc,TTTACCATCCTACAAG-1,1
pbmc,TTTACCATCCTTCTTC-1,1
pbmc,TTTACCATCGATACGT-1,1
pbmc,TTTACCATCTTCGGAA-1,1
pbmc,TTTACGTAGGAGTATT-1,1
pbmc,TTTACGTAGGTCTTTG-1,1
pbmc,TTTACGTCAACACACT-1,1
pbmc,TTTACGTCAACTGCCG-1,1
pbmc,TTTACGTCAAGGCTTT-1,1
pbmc,TTTACGTCAATCTCGA-1,1
pbmc,TTTACGTCACGTACTA-1,1
pbmc,TTTACGTCACTCCCTA-1,2
pbmc,TTTACGTCATCCAACA-1,1
pbmc,TTTACGTGTACGTGAG-1,1
pbmc,TTTACGTGTATGTCAC-1,1
pbmc,TTTACGTGTGGAACAC-1,1
pbmc,TTTACGTGTTTAGTCG-1,2
pbmc,TTTACGTGTTTCTATC-1,1
pbmc,TTTACGTTCAGGTGTT-1,1
pbmc,TTTACGTTCCATCTCG-1,1
pbmc,TTTACGTTCCTACAAG-1,2
pbmc,TTTACGTTCGACGAGA-1,1
pbmc,TTTACGTTCTGTTCAT-1,1
pbmc,TTTACTGAGAAACCCG-1,1
pbmc,TTTACTGAGACCGGGT-1,1
pbmc,TTTACTGAGATCGACG-1,1
pbmc,TTTACTGAGATCGCCC-1,2
pbmc,TTTACTGAGCAGTCTT-1,1
pbmc,TTTACTGAGCTCGACC-1,1
pbmc,TTTACTGAGGTGACTA-1,1
pbmc,TTTACTGAGTCACGCC-1,1
pbmc,TTTACTGCAAATTAGG-1,1
pbmc,TTTACTGCAAGAATAC-1,1
pbmc,TTTACTGCAAGGTTGG-1,1
pbmc,TTTACTGCACAAGCTT-1,1
pbmc,TTTACTGCACCCTATC-1,1
pbmc,TTTACTGCACTGATTG-1,1
pbmc,TTTACTGCACTGGACC-1,1
pbmc,TTTACTGCAGCTGTTA-1,1
pbmc,TTTACTGCAGTAACGG-1,1
pbmc,TTTACTGCATAATCCG-1,1
pbmc,TTTACTGGTCCCAAAT-1,1
pbmc,TTTACTGGTCCGGCAT-1,1
pbmc,TTTACTGGTCGACTGC-1,1
pbmc,TTTACTGGTCTAGGTT-1,1
pbmc,TTTACTGGTGAGTTGG-1,1
pbmc,TTTACTGGTGATAGAT-1,1
pbmc,TTTACTGGTGATTCTG-1,2
pbmc,TTTACTGGTGGTCTCG-1,1
pbmc,TTTACTGGTTAAGTCC-1,1
pbmc,TTTACTGGTTGGCCGT-1,1
pbmc,TTTACTGTCACGGAAA-1,1
pbmc,TTTACTGTCACGGGAA-1,109
pbmc,TTTACTGTCAGATTCA-1,1
pbmc,TTTACTGTCCACTAGA-1,1
pbmc,TTTACTGTCCATATGG-1,1
pbmc,TTTACTGTCCTAACAG-1,2
pbmc,TTTACTGTCCTGGGTG-1,1
pbmc,TTTACTGTCGCCGATG-1,1
pbmc,TTTACTGTCTAGATCG-1,2
pbmc,TTTACTGTCTCGCTTG-1,1
pbmc,TTTACTGTCTCGTCAC-1,1
pbmc,TTTAGTCAGACTTCGT-1,1
pbmc,TTTAGTCAGAGCCGTA-1,1
pbmc,TTTAGTCAGATAGCTA-1,1
pbmc,TTTAGTCAGGCCTTGC-1,1
pbmc,TTTAGTCAGGTTGTTC-1,1
pbmc,TTTAGTCAGTAGTCCT-1,1
pbmc,TTTAGTCAGTTCGGTT-1,1
pbmc,TTTAGTCCAACGCCCA-1,1
pbmc,TTTAGTCCACGTACTA-1,1
pbmc,TTTAGTCCAGAATCGG-1,1
pbmc,TTTAGTCCATAACTCG-1,1
pbmc,TTTAGTCCATTGCTTT-1,1
pbmc,TTTAGTCGTACCGCGT-1,1
pbmc,TTTAGTCGTCATAAAG-1,1
pbmc,TTTAGTCGTGATCATC-1,2
pbmc,TTTAGTCGTGCGACAA-1,1
pbmc,TTTAGTCGTGCTAGCC-1,1
pbmc,TTTAGTCGTGGCAACA-1,1
pbmc,TTTAGTCGTTACACAC-1,2
pbmc,TTTAGTCTCAGCTTGA-1,1
pbmc,TTTAGTCTCATTACTC-1,1
pbmc,TTTAGTCTCCATCTAT-1,1
pbmc,TTTAGTCTCCATTGTT-1,1
pbmc,TTTAGTCTCGGAATGG-1,1
pbmc,TTTAGTCTCTCGCTCA-1,1
pbmc,TTTAGTCTCTGAGGCC-1,1
pbmc,TTTAGTCTCTTACTGT-1,1
pbmc,TTTATGCAGATCCCAT-1,1
pbmc,TTTATGCAGCCTGAAG-1,1
pbmc,TTTATGCAGGACTATA-1,2
pbmc,TTTATGCAGGTGTGAC-1,1
pbmc,TTTATGCAGTCAGAGC-1,1
pbmc,TTTATGCAGTGGTTGG-1,1
pbmc,TTTATGCAGTTAGTAG-1,1
pbmc,TTTATGCCAACCGCCA-1,1
pbmc,TTTATGCCAAGAGTTA-1,1
pbmc,TTTATGCCACCGTGAC-1,1
pbmc,TTTATGCCACGAGGAT-1,2
pbmc,TTTATGCCAGTCTCTC-1,1
pbmc,TTTATGCCAGTGGCTC-1,15
pbmc,TTTATGCCAGTTTCGA-1,1
pbmc,TTTATGCCATACCATG-1,1
pbmc,TTTATGCCATACCCAA-1,1
pbmc,TTTATGCCATATGCGT-1,1
pbmc,TTTATGCCATGCTAGT-1,1
pbmc,TTTATGCGTAACATAG-1,370
pbmc,TTTATGCGTAAGTAGT-1,1
pbmc,TTTATGCGTACGAAAT-1,1
pbmc,TTTATGCGTCAGAAGC-1,1
pbmc,TTTATGCGTGTCTTGA-1,1
pbmc,TTTATGCGTTCCGGCA-1,1
pbmc,TTTATGCGTTGATCGT-1,310
pbmc,TTTATGCGTTTCACAG-1,1
pbmc,TTTATGCTCAAGGTGG-1,1
pbmc,TTTATGCTCACGCAGT-1,1
pbmc,TTTATGCTCACGGTCG-1,1
pbmc,TTTATGCTCACTCGAA-1,10
pbmc,TTTATGCTCACTCTTG-1,1
pbmc,TTTATGCTCAGACAAA-1,1
pbmc,TTTATGCTCATCACAG-1,1
pbmc,TTTATGCTCATTTCCA-1,1
pbmc,TTTATGCTCCTTCGAC-1,1
pbmc,TTTATGCTCGAGAGCA-1,1
pbmc,TTTATGCTCTGAGATC-1,1
pbmc,TTTATGCTCTGTCGTC-1,1
pbmc,TTTCACAAGACGACTG-1,1
pbmc,TTTCACAAGACGGAAA-1,1
pbmc,TTTCACAAGCTGGAGT-1,1
pbmc,TTTCACACAAAGGCGT-1,1
pbmc,TTTCACACAAGAAACT-1,1
pbmc,TTTCACACAGAACTAA-1,1
pbmc,TTTCACACATTCTGTT-1,1
pbmc,TTTCACACATTCTTCA-1,1
pbmc,TTTCACAGTAAGGCCA-1,1
pbmc,TTTCACAGTAGGAGTC-1,1
pbmc,TTTCACAGTAGTGCGA-1,1
pbmc,TTTCACAGTGATACCT-1,1
pbmc,TTTCACAGTGCGAGTA-1,1
pbmc,TTTCACAGTGTATACC-1,1
pbmc,TTTCACAGTTGCTTGA-1,1
pbmc,TTTCACATCACAATGC-1,1
pbmc,TTTCACATCATGACAC-1,2
pbmc,TTTCACATCCAAATGC-1,1
pbmc,TTTCACATCCGATAAC-1,1
pbmc,TTTCACATCCGATGCG-1,1
pbmc,TTTCACATCCGTCAAA-1,1
pbmc,TTTCACATCGACGCTG-1,58
pbmc,TTTCACATCGACGTCG-1,5
pbmc,TTTCACATCTAGGCCG-1,1
pbmc,TTTCACATCTCAGGCG-1,184
pbmc,TTTCACATCTCCGCAT-1,2
pbmc,TTTCACATCTGAGCAT-1,1
pbmc,TTTCAGTAGCCTCACG-1,1
pbmc,TTTCAGTCAAGAGAGA-1,1
pbmc,TTTCAGTCACCAGCGT-1,1
pbmc,TTTCAGTCACTAACGT-1,1
pbmc,TTTCAGTCATTCACCC-1,1
pbmc,TTTCAGTCATTGCAAC-1,1
pbmc,TTTCAGTGTCACTGAT-1,1
pbmc,TTTCAGTGTGCCGTTG-1,1
pbmc,TTTCAGTGTTGGGCCT-1,1
pbmc,TTTCAGTGTTTGGGAG-1,3
pbmc,TTTCAGTTCAACTACG-1,1
pbmc,TTTCAGTTCAGCCTTC-1,2
pbmc,TTTCAGTTCATTCGGA-1,1
pbmc,TTTCAGTTCGACACTA-1,2
pbmc,TTTCAGTTCGGTCATA-1,1
pbmc,TTTCAGTTCGTAGCCG-1,1
pbmc,TTTCAGTTCTGGTTAA-1,1
pbmc,TTTCATGAGAGCAGTC-1,2
pbmc,TTTCATGAGCGTATGG-1,1
pbmc,TTTCATGAGCTGACCC-1,1
pbmc,TTTCATGAGGAGTACC-1,2
pbmc,TTTCATGAGGGAGAAT-1,1
pbmc,TTTCATGAGTGCACTT-1,1
pbmc,TTTCATGAGTTCATGC-1,1
pbmc,TTTCATGCAAGGCTTT-1,1
pbmc,TTTCATGCACTACTTT-1,1
pbmc,TTTCATGCATATGCGT-1,1
pbmc,TTTCATGCATGACGAG-1,1
pbmc,TTTCATGGTAGCCCTG-1,1
pbmc,TTTCATGGTGCCTAAT-1,225
pbmc,TTTCATGGTGTCCATA-1,1
pbmc,TTTCATGTCAACCTCC-1,1
pbmc,TTTCATGTCACTCACC-1,212
pbmc,TTTCATGTCGCAATGT-1,1
pbmc,TTTCATGTCGGAGATG-1,1
pbmc,TTTCATGTCTCGAACA-1,1
pbmc,TTTCCTCAGCCATTGT-1,1
pbmc,TTTCCTCAGGAGTCTA-1,1
pbmc,TTTCCTCAGGCAGCTA-1,1
pbmc,TTTCCTCAGTGGAAAG-1,1
pbmc,TTTCCTCAGTTGAATG-1,2
pbmc,TTTCCTCCAAAGATCA-1,1
pbmc,TTTCCTCCAACCGACC-1,1
pbmc,TTTCCTCCAATAGGGC-1,1
pbmc,TTTCCTCCAATGAGCG-1,1
pbmc,TTTCCTCCACAGAGCA-1,180
pbmc,TTTCCTCCACGGCGTT-1,1
pbmc,TTTCCTCCACGTGAGA-1,2
pbmc,TTTCCTCCACTACAAC-1,1
pbmc,TTTCCTCCAGACAATA-1,1
pbmc,TTTCCTCCAGGAATAT-1,1
pbmc,TTTCCTCCAGTTCAGT-1,1
pbmc,TTTCCTCGTATCGAGG-1,1
pbmc,TTTCCTCGTATTGAGA-1,1
pbmc,TTTCCTCGTGCTCCGA-1,1
pbmc,TTTCCTCGTTCCACGG-1,1
pbmc,TTTCCTCGTTCTATCT-1,1
pbmc,TTTCCTCTCACGAGGA-1,1
pbmc,TTTCCTCTCACTCTTG-1,1
pbmc,TTTCCTCTCATGCGGC-1,1
pbmc,TTTCCTCTCATTACTC-1,1
pbmc,TTTCCTCTCCTACACC-1,303
pbmc,TTTCCTCTCGAATCCA-1,1
pbmc,TTTCCTCTCTACTCAT-1,1
pbmc,TTTCCTCTCTCTTGCG-1,340
pbmc,TTTCGATAGACGGTCA-1,1
pbmc,TTTCGATAGATCCCGC-1,1
pbmc,TTTCGATAGATGTTAG-1,1
pbmc,TTTCGATAGCAAGTCG-1,1
pbmc,TTTCGATAGGTTACAA-1,1
pbmc,TTTCGATCACACCTTC-1,1
pbmc,TTTCGATCACGTGTGC-1,1
pbmc,TTTCGATCAGTCTACA-1,3
pbmc,TTTCGATGTAAGGTCG-1,1
pbmc,TTTCGATGTACAGTCT-1,1
pbmc,TTTCGATGTCATACCA-1,1
pbmc,TTTCGATGTCGTTTCC-1,1
pbmc,TTTCGATGTGAGATTA-1,1
pbmc,TTTCGATGTGATAGAT-1,1
pbmc,TTTCGATGTGCGTGCT-1,1
pbmc,TTTCGATGTGTAAATG-1,1
pbmc,TTTCGATGTTCGAACT-1,1
pbmc,TTTCGATTCACACCCT-1,1
pbmc,TTTCGATTCCTATTTG-1,1
pbmc,TTTCGATTCGATACAC-1,1
pbmc,TTTCGATTCTCCAATT-1,1
pbmc,TTTCGATTCTCTTGCG-1,2
pbmc,TTTCGATTCTGGGCCA-1,1
pbmc,TTTGACTAGCAAATCA-1,1
pbmc,TTTGACTAGCTGAAAT-1,1
pbmc,TTTGACTAGCTGAGCA-1,1
pbmc,TTTGACTAGCTGTCCG-1,1
pbmc,TTTGACTCACATTACG-1,1
pbmc,TTTGACTCACCGTACG-1,1
pbmc,TTTGACTCACGTAGAG-1,1
pbmc,TTTGACTCAGCAGGAT-1,1
pbmc,TTTGACTGTCGAGTGA-1,1
pbmc,TTTGACTGTCGATGCC-1,1
pbmc,TTTGACTGTTAAGACA-1,1
pbmc,TTTGACTTCATTTGCT-1,1
pbmc,TTTGACTTCCTGTTAT-1,1
pbmc,TTTGACTTCGCCAATA-1,1
pbmc,TTTGACTTCTACTATC-1,1
pbmc,TTTGACTTCTGTCGTC-1,1
pbmc,TTTGACTTCTTCTTCC-1,1
pbmc,TTTGATCAGAAACTCA-1,1
pbmc,TTTGATCAGAGAGAAC-1,1
pbmc,TTTGATCAGAGCTTTC-1,1
pbmc,TTTGATCAGAGGGTAA-1,1
pbmc,TTTGATCAGATCCCAT-1,1
pbmc,TTTGATCAGATGAATC-1,1
pbmc,TTTGATCAGCTCGACC-1,1
pbmc,TTTGATCAGGTAGGCT-1,1
pbmc,TTTGATCAGTAGTCTC-1,1
pbmc,TTTGATCCAACTTGCA-1,1
pbmc,TTTGATCCACAGCTTA-1,1
pbmc,TTTGATCCACATATGC-1,1
pbmc,TTTGATCCACTCCTGT-1,1
pbmc,TTTGATCCAGTTCCAA-1,1
pbmc,TTTGATCGTCCTTAAG-1,1
pbmc,TTTGATCGTGATGTAA-1,1
pbmc,TTTGATCGTGGACCTC-1,1
pbmc,TTTGATCGTTGAGGAC-1,1
pbmc,TTTGATCGTTTCACTT-1,1
pbmc,TTTGATCTCAAGAGGC-1,1
pbmc,TTTGATCTCACGGGCT-1,1
pbmc,TTTGATCTCCTACTGC-1,1
pbmc,TTTGATCTCGAGAGCA-1,1
pbmc,TTTGATCTCGGCTATA-1,1
pbmc,TTTGATCTCGTCTAAG-1,1
pbmc,TTTGATCTCTTCGTAT-1,1
pbmc,TTTGATCTCTTTGAGA-1,1
pbmc,TTTGATCTCTTTGGAG-1,241
pbmc,TTTGGAGCAATTGAAG-1,1
pbmc,TTTGGAGCATAACAGA-1,1
pbmc,TTTGGAGGTCCCTGAG-1,1
pbmc,TTTGGAGGTTCAGGTT-1,1
pbmc,TTTGGAGTCACATACG-1,1
pbmc,TTTGGAGTCATCACTT-1,1
pbmc,TTTGGAGTCCGCAACG-1,1
pbmc,TTTGGAGTCGCTCATC-1,1
pbmc,TTTGGAGTCTCTCTTC-1,1
pbmc,TTTGGAGTCTGCTGAA-1,1
pbmc,TTTGGAGTCTGTGCGG-1,1
pbmc,TTTGGTTAGACGCTCC-1,2
pbmc,TTTGGTTAGATACGAT-1,1
pbmc,TTTGGTTAGCACCGTC-1,1
pbmc,TTTGGTTAGCGATGCA-1,1
pbmc,TTTGGTTAGTAAATGC-1,1
pbmc,TTTGGTTAGTAACCTC-1,209
pbmc,TTTGGTTAGTACTGGG-1,1
pbmc,TTTGGTTAGTAGGCCA-1,1
pbmc,TTTGGTTAGTAGGGTC-1,1
pbmc,TTTGGTTAGTATTCCG-1,1
pbmc,TTTGGTTAGTGCACCC-1,1
pbmc,TTTGGTTCAAAGGAGA-1,1
pbmc,TTTGGTTCAATGTTGC-1,1
pbmc,TTTGGTTCACAAATCC-1,1
pbmc,TTTGGTTCACCTAAAC-1,1
pbmc,TTTGGTTCAGATCGTT-1,1
pbmc,TTTGGTTCAGCCCAGT-1,1
pbmc,TTTGGTTCATACGCAT-1,1
pbmc,TTTGGTTCATGCACTA-1,1
pbmc,TTTGGTTGTAATACCC-1,1
pbmc,TTTGGTTGTAGAATAC-1,281
pbmc,TTTGGTTGTAGGAGGG-1,1
pbmc,TTTGGTTGTATGGTAA-1,1
pbmc,TTTGGTTGTCAAAGCG-1,1
pbmc,TTTGGTTGTGCATGAG-1,1
pbmc,TTTGGTTGTGCCTGCA-1,1
pbmc,TTTGGTTGTTACTCAG-1,1
pbmc,TTTGGTTTCAAATGGG-1,1
pbmc,TTTGGTTTCAAGTGTC-1,1
pbmc,TTTGGTTTCATTTGCC-1,1
pbmc,TTTGGTTTCGACATAC-1,1
pbmc,TTTGGTTTCGCAGATT-1,1
pbmc,TTTGGTTTCGCCGTGA-1,1
pbmc,TTTGGTTTCTCGCTTG-1,1
pbmc,TTTGTTGAGGAACGAA-1,1
pbmc,TTTGTTGAGGTTCTTG-1,1
pbmc,TTTGTTGAGTAACGTA-1,1
pbmc,TTTGTTGCAATAGGGC-1,1
pbmc,TTTGTTGCAATTAGGA-1,172
pbmc,TTTGTTGCAGAGAATT-1,1
pbmc,TTTGTTGCAGCTAACT-1,1
pbmc,TTTGTTGCATCTGCGG-1,1
pbmc,TTTGTTGCATGATAGA-1,1
pbmc,TTTGTTGGTAGATGTA-1,1
pbmc,TTTGTTGGTAGTCACT-1,1
pbmc,TTTGTTGGTCAAACGG-1,2
pbmc,TTTGTTGGTTCCGCTT-1,1
pbmc,TTTGTTGTCATCGCAA-1,2
pbmc,TTTGTTGTCCCGAATA-1,1
pbmc,TTTGTTGTCCGCACTT-1,1
pbmc,TTTGTTGTCCGGCAGT-1,1
pbmc,TTTGTTGTCGGACTGC-1,1
pbmc,TTTGTTGTCTCAACGA-1,1
pbmc,TTTGTTGTCTCGGTCT-1,1
pbmc,TTTGTTGTCTTAATCC-1,1
pbmc,TTTGTTGTCTTACTGT-1,1
