sample_id,cell_id,umi_label_count
pbmc,AAACCCAAGGAGAGTA-1,42
pbmc,AAACCCAAGGATATGT-1,1
pbmc,AAACCCAAGGTACTGG-1,1
pbmc,AAACGAAAGGGCATGT-1,1
pbmc,AAACGAACAGTCCGTG-1,1
pbmc,AAACGAATCCACGTGG-1,1
pbmc,AAACGAATCGCCGATG-1,1
pbmc,AAACGAATCGTCTCAC-1,1
pbmc,AAACGAATCTGACAGT-1,1
pbmc,AAACGCTGTAACCCTA-1,1
pbmc,AAACGCTTCAGCCCAG-1,24
pbmc,AAACGCTTCCTATTTG-1,1
pbmc,AAAGAACAGACGACTG-1,14
pbmc,AAAGAACCAAGTCCCG-1,1
pbmc,AAAGAACCAATGGCAG-1,8
pbmc,AAAGAACCACAACATC-1,1
pbmc,AAAGAACCACGCAGTC-1,1
pbmc,AAAGAACGTCTGCAAT-1,17
pbmc,AAAGAACTCGTCCTTG-1,1
pbmc,AAAGGATAGTAGACAT-1,30
pbmc,AAAGGATCAATGAGCG-1,1
pbmc,AAAGGATCACCGGCTA-1,26
pbmc,AAAGGATCACGGAAGT-1,1
pbmc,AAAGGATGTCTACAAC-1,1
pbmc,AAAGGATTCAGCTTGA-1,51
pbmc,AAAGGATTCCGTTTCG-1,67
pbmc,AAAGGGCAGAGTGACC-1,2
pbmc,AAAGGGCAGCAAGTGC-1,1
pbmc,AAAGGGCGTATTGACC-1,1
pbmc,AAAGGGCTCATGCCCT-1,21
pbmc,AAAGGGCTCCGTAGGC-1,24
pbmc,AAAGGTACAACTGCTA-1,22
pbmc,AAAGTCCAGCGGGTTA-1,26
pbmc,AAAGTCCAGTCAACAA-1,10
pbmc,AAAGTCCCACAGCCAC-1,1
pbmc,AAAGTCCCACAGGCAA-1,1
pbmc,AAAGTCCCACCAGCCA-1,71
pbmc,AAAGTCCCATCGATCA-1,1
pbmc,AAAGTCCTCCTGGTCT-1,1
pbmc,AAAGTCCTCTGCCCTA-1,1
pbmc,AAAGTCCTCTGGTGCG-1,1
pbmc,AAAGTGAAGGTTGGTG-1,1
pbmc,AAAGTGACAACCGTAT-1,7
pbmc,AAAGTGACATCGAACT-1,1
pbmc,AAAGTGATCACCTACC-1,1
pbmc,AAAGTGATCATCCTAT-1,1
pbmc,AAAGTGATCGCGGACT-1,1
pbmc,AAAGTGATCGTACACA-1,31
pbmc,AAATGGAAGCCGCTTG-1,45
pbmc,AAATGGACAATGCTCA-1,47
pbmc,AAATGGACAGGTTCGC-1,5
pbmc,AAATGGACATCTCCCA-1,2
pbmc,AAATGGAGTACCGCGT-1,84
pbmc,AAATGGAGTATCCCTC-1,1
pbmc,AAATGGATCCTATTTG-1,19
pbmc,AACAAAGAGGAACGTC-1,1
pbmc,AACAAAGAGTGCACAG-1,1
pbmc,AACAAAGCACCAATTG-1,1
pbmc,AACAAAGGTAACCAGG-1,1
pbmc,AACAAAGGTAGCTCGC-1,1
pbmc,AACAAAGGTGATGAAT-1,33
pbmc,AACAACCAGTAGTCCT-1,4
pbmc,AACAACCCAAGCTACT-1,1
pbmc,AACAACCCACGCTATA-1,46
pbmc,AACAACCGTCTGATAC-1,1
pbmc,AACAAGAAGCCGATAG-1,1
pbmc,AACAAGACATACATCG-1,1
pbmc,AACAAGACATGCCGGT-1,1
pbmc,AACAAGAGTATGGAAT-1,1
pbmc,AACAAGAGTTATAGAG-1,39
pbmc,AACACACGTCCAGTTA-1,1
pbmc,AACACACGTCGAGCTC-1,1
pbmc,AACACACTCACGATCA-1,1
pbmc,AACACACTCTAGCATG-1,1
pbmc,AACAGGGAGCTGCCTG-1,1
pbmc,AACAGGGGTCGAAACG-1,1
pbmc,AACAGGGGTGGGAGAG-1,36
pbmc,AACAGGGTCCAGTTCC-1,1
pbmc,AACAGGGTCCGGTAAT-1,1
pbmc,AACAGGGTCGCCGAGT-1,1
pbmc,AACCAACAGCCTGTTG-1,1
pbmc,AACCAACAGCTTGTTG-1,27
pbmc,AACCAACTCGGTCATA-1,1
pbmc,AACCACAAGCGTATGG-1,2
pbmc,AACCACATCTACGCAA-1,1
pbmc,AACCATGAGCTCGAAG-1,1
pbmc,AACCATGCACCCAAGC-1,1
pbmc,AACCATGGTCTCGACG-1,1
pbmc,AACCATGGTGTTTCTT-1,1
pbmc,AACCATGTCAACCTTT-1,1
pbmc,AACCATGTCTTGGAAC-1,1
pbmc,AACCCAACAACTGATC-1,32
pbmc,AACCCAACACTGAGGA-1,1
pbmc,AACCCAACATATGGCT-1,1
pbmc,AACCCAAGTACTGTTG-1,1
pbmc,AACCCAAGTGATGAAT-1,1
pbmc,AACCCAAGTGGGCTTC-1,23
pbmc,AACCCAATCTTACCGC-1,16
pbmc,AACCTGACAGTTGTTG-1,1
pbmc,AACCTGACATACGATC-1,1
pbmc,AACCTGACATCCTATT-1,49
pbmc,AACCTGATCGCAATTG-1,1
pbmc,AACCTGATCTTTCAGT-1,1
pbmc,AACCTTTAGCCAAGGT-1,1
pbmc,AACCTTTGTAACGTTC-1,1
pbmc,AACCTTTGTTTCGGCG-1,17
pbmc,AACCTTTTCAAGAGGC-1,1
pbmc,AACCTTTTCCGTAGGC-1,1
pbmc,AACCTTTTCCGTATAG-1,1
pbmc,AACCTTTTCGTCGATA-1,6
pbmc,AACGAAAAGACGCCAA-1,1
pbmc,AACGAAAAGGTTGGTG-1,15
pbmc,AACGAAAAGTTACGAA-1,1
pbmc,AACGAAACAAATGAGT-1,1
pbmc,AACGAAACAATGTCTG-1,6
pbmc,AACGAAACAGCGTTTA-1,10
pbmc,AACGAAAGTGACAACG-1,1
pbmc,AACGAAATCCATTTAC-1,24
pbmc,AACGAAATCCATTTGC-1,1
pbmc,AACGAAATCGACGAGA-1,1
pbmc,AACGGGAAGTAACAGT-1,1
pbmc,AACGGGACACAAATAG-1,1
pbmc,AACGGGAGTCGCTCGA-1,64
pbmc,AACGGGAGTGTTGACT-1,1
pbmc,AACGGGATCTACACTT-1,1
pbmc,AACGTCAAGACGCCCT-1,32
pbmc,AACGTCACACCCGTAG-1,1
pbmc,AACGTCAGTCCCACGA-1,1
pbmc,AACTTCTGTACTCGCG-1,1
pbmc,AACTTCTGTCGCTGCA-1,1
pbmc,AACTTCTTCAAGTTGC-1,1
pbmc,AAGAACAAGACCATCC-1,1
pbmc,AAGAACAAGACCATTC-1,34
pbmc,AAGAACAAGCCTCAGC-1,58
pbmc,AAGAACATCGTAGAGG-1,1
pbmc,AAGAACATCTTGCAAG-1,33
pbmc,AAGACAAAGACGCCCT-1,1
pbmc,AAGACAAAGTACCGGA-1,1
pbmc,AAGACAACACTTCAGA-1,50
pbmc,AAGACAACAGATCACT-1,67
pbmc,AAGACAACAGTAGATA-1,14
pbmc,AAGACAATCCGCGAGT-1,30
pbmc,AAGACTCCACAACGCC-1,1
pbmc,AAGACTCCAGACCTAT-1,1
pbmc,AAGACTCCAGGGACTA-1,1
pbmc,AAGACTCGTGACGTCC-1,8
pbmc,AAGATAGAGCATGGGT-1,1
pbmc,AAGATAGAGCGTGTCC-1,1
pbmc,AAGATAGCACGTACAT-1,1
pbmc,AAGATAGGTCGCGTCA-1,1
pbmc,AAGATAGGTCTAGATC-1,1
pbmc,AAGATAGGTCTGTGTA-1,1
pbmc,AAGCATCAGGTCCGAA-1,35
pbmc,AAGCATCCAAGAGAGA-1,1
pbmc,AAGCATCCACAAGCTT-1,1
pbmc,AAGCATCCAGTCTTCC-1,63
pbmc,AAGCATCTCATGCATG-1,1
pbmc,AAGCCATCACGATAGG-1,1
pbmc,AAGCCATGTCGCACAC-1,1
pbmc,AAGCGAGAGTCATGCT-1,1
pbmc,AAGCGAGTCAAACCTG-1,1
pbmc,AAGCGTTAGCCGCTTG-1,1
pbmc,AAGCGTTAGTCTTGGT-1,1
pbmc,AAGCGTTCACTGATTG-1,49
pbmc,AAGCGTTCATCGGAAG-1,1
pbmc,AAGCGTTGTCGACTTA-1,1
pbmc,AAGCGTTTCGCGCCAA-1,1
pbmc,AAGCGTTTCGCTATTT-1,34
pbmc,AAGGAATAGTGTACCT-1,1
pbmc,AAGGAATGTAGAATAC-1,1
pbmc,AAGGAATGTCCTCCAT-1,1
pbmc,AAGGAATTCTTCACGC-1,1
pbmc,AAGGTAAAGGAAGTAG-1,22
pbmc,AAGGTAAAGGCCACCT-1,26
pbmc,AAGGTAACACATGTTG-1,1
pbmc,AAGGTAACAGTAACCT-1,1
pbmc,AAGGTAAGTAACTAAG-1,1
pbmc,AAGGTAAGTCCTTAAG-1,33
pbmc,AAGGTAATCAGGAGAC-1,1
pbmc,AAGTACCAGCGCCTTG-1,19
pbmc,AAGTACCAGCTCCATA-1,35
pbmc,AAGTACCCAAAGAACT-1,36
pbmc,AAGTACCGTATTGCCA-1,11
pbmc,AAGTACCGTCCTCCAT-1,1
pbmc,AAGTCGTCATCAGTCA-1,1
pbmc,AAGTCGTTCGTTCATT-1,1
pbmc,AAGTGAACAGACCATT-1,1
pbmc,AAGTGAACAGAGATGC-1,1
pbmc,AAGTGAACATCAGCAT-1,29
pbmc,AAGTGAATCGGAAGGT-1,41
pbmc,AAGTTCGAGGATACAT-1,30
pbmc,AAGTTCGCAGAGTTCT-1,1
pbmc,AAGTTCGGTCAACACT-1,56
pbmc,AAGTTCGGTGAACGGT-1,1
pbmc,AAGTTCGTCCCGAACG-1,1
pbmc,AAGTTCGTCCCGTTCA-1,1
pbmc,AAGTTCGTCGGACTGC-1,1
pbmc,AATAGAGGTAAGCAAT-1,1
pbmc,AATAGAGGTTTACGTG-1,1
pbmc,AATCACGAGCCGAACA-1,5
pbmc,AATCACGAGGCTCTAT-1,9
pbmc,AATCACGCAATCAGCT-1,1
pbmc,AATCACGGTGTTACTG-1,1
pbmc,AATCACGGTTCGTGCG-1,1
pbmc,AATCACGGTTGGGACA-1,1
pbmc,AATCACGTCCCGATCT-1,2
pbmc,AATCGACAGTATGTAG-1,16
pbmc,AATCGACGTAGCGCTC-1,1
pbmc,AATCGACGTGAGACGT-1,31
pbmc,AATCGACTCTCCCATG-1,1
pbmc,AATCGTGAGAGTTGTA-1,1
pbmc,AATCGTGAGTTAACAG-1,1
pbmc,AATCGTGCACGAAGAC-1,1
pbmc,AATGAAGAGGCTCAAG-1,1
pbmc,AATGAAGCACATAGCT-1,1
pbmc,AATGAAGCAGTATGAA-1,42
pbmc,AATGAAGTCCATAAGC-1,1
pbmc,AATGAAGTCTTACCAT-1,1
pbmc,AATGACCAGAGCAGAA-1,1
pbmc,AATGACCAGTCATAGA-1,1
pbmc,AATGACCAGTTTGAGA-1,1
pbmc,AATGACCCAGTTCCAA-1,1
pbmc,AATGACCGTGGGCTTC-1,1
pbmc,AATGACCGTGTCATCA-1,85
pbmc,AATGCCAAGTAGACCG-1,1
pbmc,AATGGAAAGAGATGCC-1,1
pbmc,AATGGAAAGTTGGCTT-1,1
pbmc,AATGGAACACGGTCTG-1,1
pbmc,AATGGAACACTCATAG-1,56
pbmc,AATGGAAGTATCTCTT-1,1
pbmc,AATGGAATCACCATGA-1,1
pbmc,AATGGAATCTGATGGT-1,33
pbmc,AATGGCTAGGACGGAG-1,14
pbmc,AATGGCTAGGATACGC-1,1
pbmc,AATGGCTGTGAGTGAC-1,1
pbmc,AATTCCTCAGCTACCG-1,1
pbmc,AATTCCTCATCATCTT-1,1
pbmc,AATTCCTTCCATTGGA-1,57
pbmc,AATTCCTTCCCAGCGA-1,1
pbmc,AATTCCTTCCGCTAGG-1,1
pbmc,AATTCCTTCCTGTTAT-1,1
pbmc,AATTTCCCACTAGTAC-1,1
pbmc,AATTTCCGTAGTGGCA-1,1
pbmc,AATTTCCTCCTCTAAT-1,1
pbmc,ACAAAGAAGCCTCAAT-1,29
pbmc,ACAAAGAAGGAGGGTG-1,1
pbmc,ACAAAGAGTCGATTCA-1,1
pbmc,ACAAAGAGTGGCTTAT-1,1
pbmc,ACAAAGAGTTCCATTT-1,28
pbmc,ACAAAGATCGGCGATC-1,1
pbmc,ACAAAGATCTTAGTTC-1,1
pbmc,ACAACCATCAAACCAT-1,1
pbmc,ACAACCATCTATCCAT-1,10
pbmc,ACAACCATCTGCCCTA-1,30
pbmc,ACAAGCTCACTATCGA-1,1
pbmc,ACAAGCTGTAGGTCAG-1,27
pbmc,ACAAGCTGTCAAACGG-1,1
pbmc,ACAAGCTGTTCTTGCC-1,1
pbmc,ACAAGCTTCACACGAT-1,1
pbmc,ACAAGCTTCCAACCGG-1,1
pbmc,ACAAGCTTCTACCACC-1,1
pbmc,ACACAGTCATTCTCCG-1,1
pbmc,ACACCAAAGAGTCAGC-1,34
pbmc,ACACCAACACTCAGGC-1,1
pbmc,ACACCAACAGGCGATA-1,4
pbmc,ACACCAACATGACAGG-1,1
pbmc,ACACCAAGTGTAAACA-1,1
pbmc,ACACCAAGTTGCACGC-1,1
pbmc,ACACCAATCTCGCAGG-1,1
pbmc,ACACGCGGTGTTGCCG-1,36
pbmc,ACACGCGTCACCTCGT-1,34
pbmc,ACACGCGTCGCCGTGA-1,19
pbmc,ACACGCGTCTCGGCTT-1,1
pbmc,ACACGCGTCTCTGACC-1,1
pbmc,ACACTGAAGCAGGTCA-1,1
pbmc,ACACTGAAGTTGAAGT-1,1
pbmc,ACACTGACAGTTCTAG-1,1
pbmc,ACACTGATCACTGATG-1,17
pbmc,ACACTGATCCCAAGTG-1,1
pbmc,ACACTGATCGAGGCAA-1,1
pbmc,ACACTGATCTTTCCGG-1,27
pbmc,ACAGAAAAGTATTAGG-1,20
pbmc,ACAGAAAAGTGAGTTA-1,1
pbmc,ACAGAAACACCAGCGT-1,17
pbmc,ACAGAAACAGTTTCGA-1,1
pbmc,ACAGAAAGTGACAGGT-1,1
pbmc,ACAGCCGCATGAGATA-1,1
pbmc,ACAGCCGGTCGGTAAG-1,1
pbmc,ACAGCCGTCACGGGCT-1,2
pbmc,ACAGCCGTCGCTGTTC-1,20
pbmc,ACAGGGAGTCAACACT-1,2
pbmc,ACAGGGAGTCCCGGTA-1,3
pbmc,ACAGGGAGTGCCGAAA-1,1
pbmc,ACAGGGATCGAGAATA-1,1
pbmc,ACATCCCCACAAATGA-1,11
pbmc,ACATCCCGTAAGATTG-1,30
pbmc,ACATCCCGTACCTAGT-1,1
pbmc,ACATCCCGTCAATCTG-1,1
pbmc,ACATCCCGTCCGGTCA-1,1
pbmc,ACATCCCTCTACGGGC-1,1
pbmc,ACATCGAGTTAGGAGC-1,1
pbmc,ACATCGATCTAAGAAG-1,36
pbmc,ACATCGATCTGAGAGG-1,19
pbmc,ACATCGATCTTGGGCG-1,20
pbmc,ACATGCAGTTGCTTGA-1,16
pbmc,ACATGCATCGATGCTA-1,1
pbmc,ACATTTCAGAAGTCCG-1,1
pbmc,ACATTTCAGTGGGAGA-1,1
pbmc,ACATTTCCAAAGGGTC-1,1
pbmc,ACATTTCCAGAACATA-1,1
pbmc,ACATTTCGTGCCGAAA-1,18
pbmc,ACATTTCGTTTCTTAC-1,31
pbmc,ACATTTCTCGCATTAG-1,1
pbmc,ACCAAACAGACTCGAG-1,1
pbmc,ACCAAACAGGAACTCG-1,1
pbmc,ACCAAACCACATTCTT-1,1
pbmc,ACCAAACGTCCTTGTC-1,1
pbmc,ACCAAACTCAACTGAC-1,3
pbmc,ACCAAACTCGCAATGT-1,1
pbmc,ACCAACACATGGCCAC-1,1
pbmc,ACCAACAGTTCAATCG-1,1
pbmc,ACCACAAAGGCCTTGC-1,34
pbmc,ACCACAAAGGGCAATC-1,1
pbmc,ACCACAAAGGTTAGTA-1,9
pbmc,ACCACAACACAACGAG-1,1
pbmc,ACCACAACACGAGGAT-1,1
pbmc,ACCACAACAGAAATTG-1,1
pbmc,ACCACAAGTCGCCACA-1,1
pbmc,ACCACAAGTCTGTGGC-1,18
pbmc,ACCACAATCTGCGATA-1,1
pbmc,ACCATTTCATTGGGAG-1,26
pbmc,ACCATTTGTGTCGCTG-1,1
pbmc,ACCCAAAAGCCACAAG-1,6
pbmc,ACCCAAAGTTGGGAAC-1,43
pbmc,ACCCTCAAGGCCATAG-1,1
pbmc,ACCCTCAGTTCGATTG-1,1
pbmc,ACCCTCATCATTCCTA-1,1
pbmc,ACCCTTGAGGCCTGCT-1,1
pbmc,ACCCTTGCAGAAGTGC-1,1
pbmc,ACCCTTGCATACCACA-1,1
pbmc,ACCCTTGGTATCGTAC-1,33
pbmc,ACCCTTGTCAAACTGC-1,1
pbmc,ACCCTTGTCATTTCGT-1,36
pbmc,ACCCTTGTCGAGTACT-1,1
pbmc,ACCCTTGTCGGCCAAC-1,1
pbmc,ACCGTTCAGACGGTCA-1,1
pbmc,ACCGTTCGTATTAAGG-1,1
pbmc,ACCGTTCGTCTAACTG-1,1
pbmc,ACCGTTCTCAGCCCAG-1,1
pbmc,ACCGTTCTCTGAGATC-1,1
pbmc,ACCTACCAGGAGGTTC-1,1
pbmc,ACCTACCAGGGATCGT-1,1
pbmc,ACCTACCAGTCCCGAC-1,2
pbmc,ACCTACCCAACGGTAG-1,41
pbmc,ACCTACCTCGTGAGAG-1,1
pbmc,ACCTACCTCTACGCAA-1,1
pbmc,ACCTGAAAGCTAGATA-1,1
pbmc,ACCTGAACATAATCGC-1,1
pbmc,ACCTGAACATGAGAAT-1,34
pbmc,ACCTGAAGTATACCTG-1,1
pbmc,ACCTGAAGTTGTACGT-1,2
pbmc,ACCTGTCGTACAGAAT-1,1
pbmc,ACCTGTCGTCGCACGT-1,2
pbmc,ACCTGTCTCAAGTCTG-1,40
pbmc,ACCTGTCTCCTCTCTT-1,1
pbmc,ACCTGTCTCTCAACGA-1,64
pbmc,ACCTGTCTCTTAACGA-1,1
pbmc,ACCTGTCTCTTGGAAT-1,1
pbmc,ACGATCACAACTCGAT-1,1
pbmc,ACGATCACAGAAATCA-1,1
pbmc,ACGATCAGTCGTTCAA-1,35
pbmc,ACGATCATCACAGTGT-1,1
pbmc,ACGATCATCCACGGAC-1,46
pbmc,ACGATCATCCCTCGAT-1,1
pbmc,ACGATCATCCGTTGGG-1,42
pbmc,ACGATCATCTTACCGC-1,1
pbmc,ACGATGTCAGGCATGA-1,1
pbmc,ACGCACGAGAGAGTGA-1,20
pbmc,ACGCACGCATGCCATA-1,1
pbmc,ACGCACGGTCCAAATC-1,1
pbmc,ACGCACGTCCGGTAGC-1,1
pbmc,ACGGAAGCATGTTACG-1,1
pbmc,ACGGAAGGTGAACCGA-1,5
pbmc,ACGGGTCAGTCGAAGC-1,1
pbmc,ACGGTCGAGCGCATCC-1,1
pbmc,ACGGTCGCAGTGGTGA-1,1
pbmc,ACGGTCGGTACATTGC-1,2
pbmc,ACGGTCGTCACTACGA-1,20
pbmc,ACGGTTAAGGTAAGAG-1,1
pbmc,ACGGTTAAGTGCTCAT-1,25
pbmc,ACGGTTATCCAACTAG-1,1
pbmc,ACGGTTATCTCAACGA-1,1
pbmc,ACGTAACAGGATTTGA-1,1
pbmc,ACGTAACAGGTATTGA-1,1
pbmc,ACGTAACAGGTGCTTT-1,29
pbmc,ACGTAACAGTACGAGC-1,1
pbmc,ACGTAACAGTCATCGT-1,1
pbmc,ACGTAACCAGCTCTGG-1,1
pbmc,ACGTAACCAGTCACGC-1,1
pbmc,ACGTAACGTCCGCAGT-1,1
pbmc,ACGTAACGTTCTTGCC-1,1
pbmc,ACGTAACTCAGCGGAA-1,1
pbmc,ACGTAACTCATATGGC-1,23
pbmc,ACGTAACTCCCTCAAC-1,1
pbmc,ACGTAACTCCGCGATG-1,1
pbmc,ACGTAACTCGACGATT-1,1
pbmc,ACGTAACTCTTCGATT-1,20
pbmc,ACGTACAAGACTACCT-1,1
pbmc,ACGTACAAGCACTCGC-1,1
pbmc,ACGTACAAGCTGTTCA-1,42
pbmc,ACGTACACAAAGCAAT-1,1
pbmc,ACGTACACAAAGCTCT-1,60
pbmc,ACGTACACAGACGATG-1,17
pbmc,ACGTACAGTTTAGAGA-1,1
pbmc,ACGTACATCCAGGACC-1,1
pbmc,ACGTACATCGCGTTTC-1,1
pbmc,ACGTACATCGTCAACA-1,1
pbmc,ACGTAGTAGGCTGTAG-1,1
pbmc,ACGTAGTAGTATGTAG-1,1
pbmc,ACGTAGTCAACCGGAA-1,1
pbmc,ACGTAGTCACGCCACA-1,25
pbmc,ACGTAGTCATTAGGAA-1,26
pbmc,ACGTCCTGTCTGTCAA-1,1
pbmc,ACGTCCTGTTGTGCCG-1,1
pbmc,ACGTTCCAGAGTATAC-1,1
pbmc,ACGTTCCAGAGTCACG-1,1
pbmc,ACGTTCCAGGGAGGAC-1,1
pbmc,ACGTTCCGTGGGTCAA-1,10
pbmc,ACTACGAAGTAAGGGA-1,1
pbmc,ACTACGAAGTTGGAGC-1,1
pbmc,ACTACGACATATGCGT-1,1
pbmc,ACTACGAGTAGAAACT-1,1
pbmc,ACTACGAGTAGCACGA-1,1
pbmc,ACTACGATCGGCATAT-1,1
pbmc,ACTATCTAGGCGTGCA-1,1
pbmc,ACTATCTAGGTGCATG-1,1
pbmc,ACTATCTCATAACGGG-1,1
pbmc,ACTATCTGTGTGTACT-1,43
pbmc,ACTATCTTCTAGATCG-1,1
pbmc,ACTATCTTCTTTGCAT-1,1
pbmc,ACTATGGAGAAATCCA-1,55
pbmc,ACTATGGCACAGCCTG-1,1
pbmc,ACTATGGCAGATCCAT-1,1
pbmc,ACTATGGTCGCATAGT-1,1
pbmc,ACTATTCAGTTACGGG-1,1
pbmc,ACTATTCCAAAGAACT-1,1
pbmc,ACTATTCTCACCATCC-1,1
pbmc,ACTCCCAAGCGCAATG-1,1
pbmc,ACTCCCAAGGGCAATC-1,1
pbmc,ACTCCCAAGGTTGGTG-1,22
pbmc,ACTCCCACAAATCGTC-1,1
pbmc,ACTCCCACACACGGAA-1,1
pbmc,ACTCCCACAGCCCACA-1,1
pbmc,ACTCCCAGTCGAATTC-1,1
pbmc,ACTCCCAGTGAGATCG-1,1
pbmc,ACTCCCAGTGTGTCCG-1,1
pbmc,ACTCCCATCAGGAACG-1,1
pbmc,ACTCCCATCGTCCTCA-1,33
pbmc,ACTCTCGCACCCTGTT-1,1
pbmc,ACTCTCGGTTGTGTTG-1,1
pbmc,ACTGATGAGAGAGTGA-1,1
pbmc,ACTGATGAGCAGCGAT-1,22
pbmc,ACTGATGAGCGGACTG-1,1
pbmc,ACTGATGCACCAGCCA-1,28
pbmc,ACTGATGCAGATTCGT-1,1
pbmc,ACTGATGGTACTCGTA-1,1
pbmc,ACTGATGGTCGAATTC-1,1
pbmc,ACTGATGGTGAATGTA-1,1
pbmc,ACTGATGGTGCTGTAT-1,1
pbmc,ACTGATGGTGGTGATG-1,1
pbmc,ACTGATGGTTCGGCGT-1,1
pbmc,ACTGATGTCTATTTCG-1,1
pbmc,ACTGCAAAGTATGTAG-1,1
pbmc,ACTGCAAGTGTCGATT-1,1
pbmc,ACTGCAAGTTGATCGT-1,1
pbmc,ACTGCAATCGTAACCA-1,1
pbmc,ACTGCAATCTTAGGAC-1,1
pbmc,ACTGTCCGTACGCGTC-1,1
pbmc,ACTGTCCTCAACGTGT-1,1
pbmc,ACTGTCCTCCGCTTAC-1,1
pbmc,ACTGTCCTCGGTCGAC-1,1
pbmc,ACTGTCCTCTGCCCTA-1,5
pbmc,ACTGTGAAGCAAGCCA-1,1
pbmc,ACTGTGACAACTCGAT-1,47
pbmc,ACTGTGACAGCCGTTG-1,1
pbmc,ACTGTGAGTTCCGCAG-1,1
pbmc,ACTGTGAGTTGACTGT-1,1
pbmc,ACTTAGGAGAGCTGCA-1,1
pbmc,ACTTAGGGTTCACGAT-1,1
pbmc,ACTTAGGGTTGGCCTG-1,1
pbmc,ACTTAGGTCGAGAAGC-1,1
pbmc,ACTTATCAGGTCATAA-1,1
pbmc,ACTTATCAGTATGGCG-1,1
pbmc,ACTTATCAGTCTGGAG-1,1
pbmc,ACTTATCAGTCTGTAC-1,1
pbmc,ACTTATCCATGACAGG-1,1
pbmc,ACTTATCTCTAAGGAA-1,78
pbmc,ACTTCCGAGCTAAGTA-1,1
pbmc,ACTTCCGTCCGCAAAT-1,1
pbmc,ACTTCGCAGAACCGCA-1,59
pbmc,ACTTCGCAGCCAGACA-1,1
pbmc,ACTTCGCGTACTCCGG-1,28
pbmc,ACTTTCAAGACAGTCG-1,1
pbmc,ACTTTCAAGTATGACA-1,23
pbmc,ACTTTCACAAGCGAAC-1,13
pbmc,ACTTTCACACGGGCTT-1,1
pbmc,ACTTTCAGTACGCGTC-1,39
pbmc,ACTTTCATCCTATGGA-1,4
pbmc,ACTTTGTGTTCGAAGG-1,1
pbmc,ACTTTGTTCAGCCTCT-1,1
pbmc,ACTTTGTTCTGCTTTA-1,1
pbmc,AGAAATGCACAAATGA-1,1
pbmc,AGAAATGCATTCTCCG-1,8
pbmc,AGAAATGGTTCTCCTG-1,1
pbmc,AGAAATGTCATTCGTT-1,40
pbmc,AGAAATGTCTAGACAC-1,1
pbmc,AGAACAAAGATACGAT-1,1
pbmc,AGAACAAAGATCCGAG-1,1
pbmc,AGAACAACACAGTGAG-1,1
pbmc,AGAACAAGTAGCGATG-1,1
pbmc,AGAACCTAGACGAGCT-1,1
pbmc,AGAACCTAGAGTCACG-1,1
pbmc,AGAACCTAGCAGGCAT-1,1
pbmc,AGAACCTCATGTGACT-1,1
pbmc,AGAAGCGAGAAGGGAT-1,1
pbmc,AGAAGCGCAATTGCCA-1,1
pbmc,AGAAGCGGTAGAAACT-1,1
pbmc,AGAAGCGGTCTAGATC-1,30
pbmc,AGAAGCGTCTGCGTCT-1,27
pbmc,AGAAGTAGTACTCGTA-1,1
pbmc,AGAAGTAGTTAGGCCC-1,1
pbmc,AGAAGTAGTTGGAGAC-1,2
pbmc,AGACAAAAGAAGAGCA-1,1
pbmc,AGACAAAAGAGGCCAT-1,1
pbmc,AGACAAACACTTGGGC-1,1
pbmc,AGACAAAGTAGCTTGT-1,50
pbmc,AGACAAATCGGTGCAC-1,2
pbmc,AGACACTCAAGTCGTT-1,22
pbmc,AGACACTGTCATTGCA-1,1
pbmc,AGACACTTCTTAAGGC-1,1
pbmc,AGACAGGAGGTAAAGG-1,1
pbmc,AGACAGGCACCAACAT-1,1
pbmc,AGACAGGTCGCCTCTA-1,1
pbmc,AGACCATCATTACTCT-1,15
pbmc,AGACCATGTACTTGTG-1,1
pbmc,AGACCATGTGTGTACT-1,1
pbmc,AGACCATTCATAGAGA-1,2
pbmc,AGACCATTCATCGACA-1,1
pbmc,AGACCCGAGTCTGGTT-1,1
pbmc,AGACCCGTCCTCGCAT-1,1
pbmc,AGACTCAAGAAACCAT-1,1
pbmc,AGACTCAGTGGGTATG-1,1
pbmc,AGACTCATCAAACCTG-1,1
pbmc,AGACTCATCAACGCTA-1,47
pbmc,AGACTCATCAGAGCGA-1,38
pbmc,AGACTCATCGATACTG-1,1
pbmc,AGACTCATCGGCTATA-1,1
pbmc,AGAGAATAGAGGGTCT-1,31
pbmc,AGAGAATCACCCAACG-1,35
pbmc,AGAGAATGTCCATAGT-1,1
pbmc,AGAGAATTCATCCTAT-1,1
pbmc,AGAGAGCAGAGATTCA-1,1
pbmc,AGAGAGCAGTTGTCGT-1,19
pbmc,AGAGCAGCAAAGGCTG-1,1
pbmc,AGAGCAGGTCATAAAG-1,15
pbmc,AGAGCAGGTTGAGTCT-1,19
pbmc,AGAGCAGTCATACAGC-1,1
pbmc,AGAGCAGTCATGGTAC-1,1
pbmc,AGAGCAGTCGCGCTGA-1,23
pbmc,AGAGCAGTCGCTTTAT-1,1
pbmc,AGAGCAGTCTCCGCAT-1,1
pbmc,AGAGCCCCATGTGCCG-1,1
pbmc,AGAGCCCGTCACTCGG-1,24
pbmc,AGAGCCCGTGCACAAG-1,1
pbmc,AGATAGAAGCGCCGTT-1,1
pbmc,AGATAGAAGCGTTCCG-1,1
pbmc,AGATAGAGTGACACGA-1,15
pbmc,AGATAGATCCACACCT-1,2
pbmc,AGATCCAAGTTGGACG-1,1
pbmc,AGATCCATCCTTTGAT-1,1
pbmc,AGATCGTCAACGGCTC-1,1
pbmc,AGATCGTCAGGACTTT-1,31
pbmc,AGATCGTCATCCTAAG-1,1
pbmc,AGATCGTGTGACACAG-1,1
pbmc,AGATCGTTCATTTGCT-1,1
pbmc,AGATGAAAGGCGACAT-1,1
pbmc,AGATGAACAGGCACAA-1,35
pbmc,AGATGAAGTACTGGGA-1,1
pbmc,AGATGAATCAGGACGA-1,1
pbmc,AGATGAATCCTTATAC-1,1
pbmc,AGATGCTCATCGATAC-1,1
pbmc,AGATGCTGTACGGTTT-1,11
pbmc,AGATGCTGTATCAGCT-1,1
pbmc,AGATGCTGTGTGGTCC-1,34
pbmc,AGCATCACAAGGCGTA-1,1
pbmc,AGCATCACATCGATGT-1,1
pbmc,AGCATCAGTCGGTGTC-1,59
pbmc,AGCATCAGTGGTCCGT-1,18
pbmc,AGCATCAGTTCCGAAT-1,1
pbmc,AGCATCATCGGTACGT-1,1
pbmc,AGCCAATAGTCCCTAA-1,53
pbmc,AGCCAATCACAAAGTA-1,1
pbmc,AGCCAATCATCTCGTC-1,1
pbmc,AGCCAATTCTCAAAGC-1,1
pbmc,AGCCACGCAGGTTCGC-1,30
pbmc,AGCCACGGTTCCGCGA-1,38
pbmc,AGCCACGTCCGAGAAG-1,10
pbmc,AGCCAGCCAAGTCATC-1,3
pbmc,AGCCAGCCATATTCGG-1,1
pbmc,AGCCAGCGTAATGCGG-1,32
pbmc,AGCCAGCGTAGTTAGA-1,54
pbmc,AGCGATTCATAATGCC-1,1
pbmc,AGCGATTCATGTCGTA-1,1
pbmc,AGCGATTGTCCTACGG-1,1
pbmc,AGCGATTTCCGGTTCT-1,1
pbmc,AGCGATTTCTCATAGG-1,1
pbmc,AGCGCCAAGTATGATG-1,1
pbmc,AGCGCCACAGGCATGA-1,1
pbmc,AGCGCCAGTAACGCGA-1,1
pbmc,AGCGCCATCACTCGAA-1,1
pbmc,AGCGCCATCATGGCCG-1,1
pbmc,AGCGCTGGTATGACAA-1,1
pbmc,AGCGTATCACTGCGTG-1,1
pbmc,AGCGTATCATATGCGT-1,16
pbmc,AGCGTATTCAGTGGGA-1,24
pbmc,AGCGTATTCGACGATT-1,1
pbmc,AGCGTCGCATTGACCA-1,19
pbmc,AGCTACACACCAGCTG-1,1
pbmc,AGCTACACAGTAGAGC-1,1
pbmc,AGCTACACAGTCGGAA-1,24
pbmc,AGCTACAGTCGTTTCC-1,32
pbmc,AGCTTCCCAATGGCAG-1,1
pbmc,AGCTTCCCACCGAATT-1,1
pbmc,AGGAAATAGGTAGGCT-1,1
pbmc,AGGAAATGTTCGAGCC-1,1
pbmc,AGGAAATTCACCATGA-1,48
pbmc,AGGAATAAGAGCCATG-1,1
pbmc,AGGAATAAGTTACGAA-1,1
pbmc,AGGAATACAAACTCGT-1,32
pbmc,AGGAATAGTCGGATTT-1,1
pbmc,AGGAATATCATTACGG-1,34
pbmc,AGGACGAAGACCTTTG-1,31
pbmc,AGGACGAAGAGGGTCT-1,1
pbmc,AGGACGAAGATTAGTG-1,41
pbmc,AGGACGACAAATCAAG-1,1
pbmc,AGGACGACAATTGAAG-1,1
pbmc,AGGACGATCACTGATG-1,40
pbmc,AGGACGATCCAGTACA-1,42
pbmc,AGGACTTCACGTATAC-1,1
pbmc,AGGACTTTCATTCGGA-1,1
pbmc,AGGACTTTCCCATACC-1,1
pbmc,AGGACTTTCCGTAGTA-1,1
pbmc,AGGACTTTCCTACCAC-1,30
pbmc,AGGACTTTCGTTGCCT-1,1
pbmc,AGGAGGTAGCCGTAAG-1,1
pbmc,AGGAGGTAGGTCACAG-1,23
pbmc,AGGAGGTCATGGCCAC-1,1
pbmc,AGGAGGTGTCTCCGAG-1,1
pbmc,AGGATAAAGAACAAGG-1,33
pbmc,AGGATAAAGCACCGAA-1,1
pbmc,AGGATAAGTGGATACG-1,1
pbmc,AGGATAAGTGGTATGG-1,1
pbmc,AGGATAAGTTAGGGAC-1,1
pbmc,AGGATCTGTACAGAGC-1,1
pbmc,AGGATCTGTGCCTGCA-1,1
pbmc,AGGATCTTCAAGTGTC-1,1
pbmc,AGGCATTCATGAGTAA-1,1
pbmc,AGGCATTGTTGGGATG-1,1
pbmc,AGGCATTTCCTGGTCT-1,1
pbmc,AGGCCACAGAACGTGC-1,1
pbmc,AGGCCACAGGGCCAAT-1,69
pbmc,AGGCCACAGTGCAAAT-1,1
pbmc,AGGCCACCACATGACT-1,1
pbmc,AGGCCACGTACGTGAG-1,1
pbmc,AGGCTGCAGAGTGAAG-1,1
pbmc,AGGCTGCAGGGCTTCC-1,23
pbmc,AGGCTGCCACGAAAGC-1,1
pbmc,AGGCTGCCAGCCATTA-1,1
pbmc,AGGCTGCGTGTGTGTT-1,16
pbmc,AGGCTGCGTTCGGCCA-1,1
pbmc,AGGCTGCTCAATCCGA-1,1
pbmc,AGGCTGCTCACTACGA-1,1
pbmc,AGGCTGCTCTCTCGCA-1,8
pbmc,AGGGAGTCACCATTCC-1,13
pbmc,AGGGAGTCAGTCGAGA-1,1
pbmc,AGGGAGTCATCCGGTG-1,1
pbmc,AGGGAGTGTGTCGCTG-1,19
pbmc,AGGGAGTTCCGCACTT-1,1
pbmc,AGGGAGTTCCTCTCGA-1,1
pbmc,AGGGAGTTCTTCGGTC-1,1
pbmc,AGGGCCTAGAACAAGG-1,1
pbmc,AGGGCCTAGTTGCGCC-1,1
pbmc,AGGGCCTCATCTTCGC-1,1
pbmc,AGGGCTCAGAAGGTAG-1,1
pbmc,AGGGCTCAGAATTGTG-1,1
pbmc,AGGGCTCCAATACGCT-1,19
pbmc,AGGGCTCCAATTTCCT-1,1
pbmc,AGGGCTCCAGGCTTGC-1,1
pbmc,AGGGCTCTCATTCGGA-1,1
pbmc,AGGGCTCTCTAACACG-1,1
pbmc,AGGGCTCTCTGAGGCC-1,1
pbmc,AGGGTCCCAGGACATG-1,18
pbmc,AGGGTCCCAGTAGTTC-1,27
pbmc,AGGGTGAAGCGATCGA-1,1
pbmc,AGGGTTTAGACAAGCC-1,2
pbmc,AGGGTTTAGCAATTCC-1,1
pbmc,AGGGTTTCAGCGTGCT-1,28
pbmc,AGGGTTTTCCAAACCA-1,1
pbmc,AGGTAGGAGGAAGTAG-1,32
pbmc,AGGTAGGAGTTTGGCT-1,1
pbmc,AGGTAGGCAAAGCGTG-1,45
pbmc,AGGTAGGCACCTCAGG-1,1
pbmc,AGGTAGGGTCAGACTT-1,1
pbmc,AGGTAGGGTCCATCTC-1,1
pbmc,AGGTAGGTCTCCGATC-1,1
pbmc,AGGTAGGTCTCGAGTA-1,1
pbmc,AGGTCATAGCTGTACT-1,1
pbmc,AGGTCATAGGCGTCCT-1,1
pbmc,AGGTCATCACCGTGGT-1,1
pbmc,AGGTCATTCAAGTCGT-1,12
pbmc,AGGTCTAAGAATCTAG-1,1
pbmc,AGGTCTATCAAATAGG-1,1
pbmc,AGGTCTATCGTGGCGT-1,1
pbmc,AGGTGTTAGCAATTAG-1,4
pbmc,AGGTGTTCAGCCATTA-1,1
pbmc,AGGTGTTCAGGCTTGC-1,1
pbmc,AGGTGTTCATTAAGCC-1,45
pbmc,AGGTGTTGTCGATTAC-1,33
pbmc,AGGTGTTTCAATGCAC-1,49
pbmc,AGGTGTTTCGACCATA-1,1
pbmc,AGGTGTTTCGTTACCC-1,38
pbmc,AGGTTACAGGTGCGAT-1,44
pbmc,AGGTTACAGTAAACAC-1,1
pbmc,AGGTTACAGTAACGTA-1,1
pbmc,AGGTTACCACGCTATA-1,1
pbmc,AGGTTACCATGGCGCT-1,1
pbmc,AGGTTACCATGTTACG-1,1
pbmc,AGGTTACGTAGCGCTC-1,1
pbmc,AGGTTACGTCGCTCGA-1,1
pbmc,AGGTTACGTCTGATAC-1,68
pbmc,AGGTTACTCTAGTCAG-1,2
pbmc,AGGTTGTAGACCGCCT-1,1
pbmc,AGTAACCAGTAAGACT-1,1
pbmc,AGTAACCCAAGCTCTA-1,21
pbmc,AGTAACCTCGTTGTAG-1,22
pbmc,AGTACCAAGATGAAGG-1,1
pbmc,AGTACCAAGCCTCTCT-1,4
pbmc,AGTACCAAGGAGTACC-1,1
pbmc,AGTACCACACAGCCAC-1,1
pbmc,AGTACCAGTGGGTCAA-1,50
pbmc,AGTACCATCAGCTTGA-1,30
pbmc,AGTACTGAGCCGTTGC-1,2
pbmc,AGTACTGCAGCTTTCC-1,1
pbmc,AGTACTGGTATCGCGC-1,1
pbmc,AGTACTGTCATTCACT-1,1
pbmc,AGTACTGTCTCGTTTA-1,1
pbmc,AGTAGCTAGGAGTACC-1,33
pbmc,AGTAGCTCAAATGATG-1,3
pbmc,AGTAGCTCACTGCTTC-1,5
pbmc,AGTAGCTCAGGCACTC-1,16
pbmc,AGTAGCTGTCCCTAAA-1,1
pbmc,AGTAGCTGTTAGAAAC-1,39
pbmc,AGTAGTCAGACGCATG-1,1
pbmc,AGTAGTCAGGCTCACC-1,1
pbmc,AGTAGTCCATAATGCC-1,1
pbmc,AGTAGTCGTATGACAA-1,40
pbmc,AGTAGTCGTCTAGATC-1,5
pbmc,AGTAGTCTCAGCCTCT-1,1
pbmc,AGTCAACAGCCTGGAA-1,1
pbmc,AGTCAACAGTCATGCT-1,30
pbmc,AGTCAACAGTCTCGTA-1,1
pbmc,AGTCAACGTACACGCC-1,41
pbmc,AGTCAACTCCTGTAGA-1,1
pbmc,AGTCAACTCTCAACCC-1,1
pbmc,AGTCACAAGGAGGGTG-1,1
pbmc,AGTCACACACAAATAG-1,1
pbmc,AGTCACAGTTCAGCGC-1,1
pbmc,AGTCACAGTTTGATCG-1,1
pbmc,AGTCACATCTCCCATG-1,7
pbmc,AGTCACATCTTTGCAT-1,1
pbmc,AGTCATGGTTCCGCGA-1,1
pbmc,AGTCATGTCCACAGGC-1,1
pbmc,AGTCTCCCAACCGTGC-1,27
pbmc,AGTCTCCGTATGGAAT-1,1
pbmc,AGTCTCCGTGAGTCAG-1,30
pbmc,AGTGACTCACTGTCGG-1,1
pbmc,AGTGACTCATCGTCCT-1,1
pbmc,AGTGACTGTAAGCAAT-1,1
pbmc,AGTGATCAGAAATCCA-1,1
pbmc,AGTGATCAGCATCAAA-1,1
pbmc,AGTGATCAGGAGGTTC-1,1
pbmc,AGTGATCGTGGCTCTG-1,1
pbmc,AGTGCCGAGCATGCAG-1,1
pbmc,AGTGCCGCACTGGACC-1,3
pbmc,AGTGCCGCATCTGGGC-1,41
pbmc,AGTGCCGGTACGTTCA-1,1
pbmc,AGTGCCGGTCGGAAAC-1,1
pbmc,AGTGCCGGTCTGTGAT-1,1
pbmc,AGTGTTGAGCCTTGAT-1,1
pbmc,AGTGTTGGTCAAGCGA-1,6
pbmc,AGTGTTGTCTATCACT-1,1
pbmc,AGTTAGCAGATCACCT-1,1
pbmc,AGTTAGCAGGGCAACT-1,1
pbmc,AGTTAGCAGTCAGGGT-1,32
pbmc,AGTTAGCCACTGTGTA-1,1
pbmc,AGTTAGCGTACCATAC-1,24
pbmc,AGTTAGCGTACCGGAA-1,1
pbmc,AGTTAGCGTTCATCGA-1,14
pbmc,AGTTAGCTCATCGGGC-1,1
pbmc,AGTTCCCAGTTGGGAC-1,1
pbmc,AGTTCCCCAAACAGGC-1,26
pbmc,AGTTCCCCAGCGTGCT-1,1
pbmc,AGTTCCCCATACTTTC-1,1
pbmc,AGTTCCCCATCCTATT-1,1
pbmc,AGTTCCCGTTACACTG-1,27
pbmc,AGTTCCCGTTGTTGAC-1,1
pbmc,AGTTCGAAGTATCTGC-1,1
pbmc,AGTTCGAGTATGCGTT-1,26
pbmc,AGTTCGATCCTCACCA-1,1
pbmc,ATACCGACACACGGTC-1,29
pbmc,ATACCGACACTGCACG-1,1
pbmc,ATACCGAGTACCTATG-1,1
pbmc,ATACCGAGTCCCTAAA-1,1
pbmc,ATACCGAGTTCGAAGG-1,1
pbmc,ATACCGATCTAGGCCG-1,1
pbmc,ATACCTTAGACCAAAT-1,1
pbmc,ATACCTTAGCCTTTCC-1,1
pbmc,ATACCTTCAGGCCCTA-1,1
pbmc,ATACCTTCATACCACA-1,1
pbmc,ATACCTTGTTTGACAC-1,2
pbmc,ATACTTCAGTAAGGGA-1,1
pbmc,ATACTTCAGTTTAGGA-1,1
pbmc,ATACTTCGTACGACTT-1,46
pbmc,ATACTTCGTTCGGTAT-1,28
pbmc,ATACTTCTCAGCTGAT-1,34
pbmc,ATACTTCTCATGCCAA-1,1
pbmc,ATACTTCTCGCCGTGA-1,15
pbmc,ATAGACCCAATGAAAC-1,1
pbmc,ATAGACCCATGATAGA-1,1
pbmc,ATAGACCTCCGCTTAC-1,24
pbmc,ATAGACCTCCTGGTCT-1,1
pbmc,ATAGACCTCTAAGCCA-1,1
pbmc,ATAGAGAAGCTGACTT-1,1
pbmc,ATAGAGACAGCACAAG-1,1
pbmc,ATAGAGACATCCAACA-1,1
pbmc,ATAGAGACATCCGATA-1,1
pbmc,ATAGAGACATTGCAAC-1,1
pbmc,ATAGAGAGTAGTTACC-1,1
pbmc,ATAGAGATCGTGGGTC-1,1
pbmc,ATAGAGATCTTCTAAC-1,1
pbmc,ATAGGCTAGCTCGAAG-1,1
pbmc,ATAGGCTAGGTAATCA-1,1
pbmc,ATAGGCTAGGTGCCTC-1,1
pbmc,ATAGGCTCACCCAACG-1,1
pbmc,ATAGGCTGTGTTACAC-1,15
pbmc,ATAGGCTGTGTTGACT-1,1
pbmc,ATAGGCTTCGTGGGTC-1,1
pbmc,ATAGGCTTCTACTCAT-1,1
pbmc,ATATCCTGTATGAGCG-1,33
pbmc,ATCACAGAGACGTCCC-1,55
pbmc,ATCACAGCAAAGTATG-1,1
pbmc,ATCACAGCATGACGTT-1,26
pbmc,ATCACAGGTCGGATTT-1,1
pbmc,ATCACGAAGCCGTAAG-1,2
pbmc,ATCACGACACTCAAGT-1,1
pbmc,ATCACGAGTGCAGGAT-1,1
pbmc,ATCACGATCCCTCATG-1,1
pbmc,ATCACGATCCGCAACG-1,24
pbmc,ATCACGATCTCCGATC-1,1
pbmc,ATCACTTAGGATACAT-1,2
pbmc,ATCACTTAGGTTCCAT-1,1
pbmc,ATCACTTGTGGCTGCT-1,63
pbmc,ATCACTTTCAACCTTT-1,1
pbmc,ATCACTTTCATACGGT-1,1
pbmc,ATCAGGTCAAGGGCAT-1,1
pbmc,ATCAGGTCACCTCTAC-1,1
pbmc,ATCAGGTCACGTACTA-1,1
pbmc,ATCATTCGTAAGATTG-1,1
pbmc,ATCATTCGTTGTACGT-1,1
pbmc,ATCATTCTCATCTATC-1,1
pbmc,ATCATTCTCCCATAGA-1,1
pbmc,ATCCACCAGCTGAAGC-1,1
pbmc,ATCCACCCAAAGACTA-1,1
pbmc,ATCCACCCAGCAGTGA-1,29
pbmc,ATCCACCCAGTTTGGT-1,1
pbmc,ATCCACCCATGATCTG-1,1
pbmc,ATCCACCCATGTCTAG-1,30
pbmc,ATCCACCCATTGAAAG-1,1
pbmc,ATCCACCCATTGAGCT-1,1
pbmc,ATCCACCGTTTGTTGG-1,59
pbmc,ATCCACCTCGACCATA-1,1
pbmc,ATCCATTAGACGCAGT-1,31
pbmc,ATCCCTGCAATTTCTC-1,21
pbmc,ATCCCTGGTATCTCGA-1,1
pbmc,ATCCGTCCAACTCCCT-1,28
pbmc,ATCCGTCCAGCACGAA-1,1
pbmc,ATCCGTCGTCGTTGCG-1,1
pbmc,ATCCTATGTCTGTGCG-1,15
pbmc,ATCCTATGTTCCCAAA-1,1
pbmc,ATCCTATGTTCCTAGA-1,1
pbmc,ATCCTATGTTGCTCCT-1,2
pbmc,ATCCTATTCATTTACC-1,1
pbmc,ATCCTATTCCTAGCGG-1,1
pbmc,ATCGATGAGATGAAGG-1,3
pbmc,ATCGATGCAACGGCTC-1,28
pbmc,ATCGATGGTATCGAGG-1,1
pbmc,ATCGATGGTCAATCTG-1,39
pbmc,ATCGATGGTTGCATTG-1,1
pbmc,ATCGCCTAGAGCAGCT-1,1
pbmc,ATCGCCTAGTGAATAC-1,1
pbmc,ATCGCCTAGTTCATCG-1,1
pbmc,ATCGCCTCAATTTCGG-1,1
pbmc,ATCGCCTGTTTGACAC-1,1
pbmc,ATCGGATAGGAAAGGT-1,35
pbmc,ATCGGATCATGTTCGA-1,1
pbmc,ATCGGATGTAATGCGG-1,1
pbmc,ATCGGCGAGACCTCAT-1,1
pbmc,ATCGGCGAGGAGCTGT-1,1
pbmc,ATCGGCGAGTCCTACA-1,18
pbmc,ATCGGCGCACCAATTG-1,1
pbmc,ATCGTAGCATCGGAGA-1,24
pbmc,ATCGTAGGTACGAAAT-1,1
pbmc,ATCGTCCAGCCTGAAG-1,48
pbmc,ATCGTCCGTATGAGGC-1,16
pbmc,ATCGTCCGTCAACACT-1,1
pbmc,ATCGTCCGTTTGCCGG-1,1
pbmc,ATCGTCCTCGGAGCAA-1,57
pbmc,ATCGTCCTCGTACACA-1,1
pbmc,ATCGTGAAGCAGATAT-1,9
pbmc,ATCGTGATCTACTGAG-1,1
pbmc,ATCTCTAAGACCAGAC-1,1
pbmc,ATCTCTACAAGAAACT-1,45
pbmc,ATCTCTAGTCGTGGTC-1,22
pbmc,ATCTCTAGTCTGTCCT-1,1
pbmc,ATCTTCAAGAAGAGCA-1,10
pbmc,ATCTTCAAGTAACGAT-1,1
pbmc,ATCTTCAAGTATGAAC-1,1
pbmc,ATCTTCACACGTAACT-1,1
pbmc,ATCTTCACACGTCGTG-1,1
pbmc,ATCTTCACAGGTCAGA-1,1
pbmc,ATCTTCACATACTGAC-1,24
pbmc,ATCTTCAGTCTCTCCA-1,15
pbmc,ATCTTCAGTTATCCAG-1,1
pbmc,ATCTTCAGTTGTTTGG-1,1
pbmc,ATCTTCATCTCATAGG-1,27
pbmc,ATGAAAGAGACTTCCA-1,1
pbmc,ATGAAAGAGGTCACAG-1,1
pbmc,ATGAAAGAGTGATCGG-1,1
pbmc,ATGAAAGCACCGGCTA-1,1
pbmc,ATGAAAGCACCTGATA-1,1
pbmc,ATGAAAGGTACTTCCC-1,1
pbmc,ATGAAAGGTTTGCCGG-1,1
pbmc,ATGAAAGTCCTTATGT-1,57
pbmc,ATGACCAAGGAGAGGC-1,1
pbmc,ATGACCAAGGCTAACG-1,48
pbmc,ATGACCAAGGCTCCCA-1,1
pbmc,ATGACCACAATATCCG-1,47
pbmc,ATGACCAGTAGGTTTC-1,1
pbmc,ATGACCAGTATCATGC-1,1
pbmc,ATGAGGGAGTCTGGAG-1,1
pbmc,ATGAGGGAGTGTTCAC-1,1
pbmc,ATGAGGGGTACTGACT-1,1
pbmc,ATGAGGGGTGATAGAT-1,1
pbmc,ATGAGGGGTTATAGCC-1,1
pbmc,ATGAGGGTCGACATTG-1,1
pbmc,ATGAGTCAGCGTCTGC-1,1
pbmc,ATGAGTCGTCGATGCC-1,1
pbmc,ATGAGTCTCCAGTTCC-1,29
pbmc,ATGATCGAGGTTATAG-1,1
pbmc,ATGATCGAGTAGGGTC-1,1
pbmc,ATGATCGCAGGGCTTC-1,1
pbmc,ATGATCGGTCGAACAG-1,18
pbmc,ATGCCTCGTCCTGTCT-1,1
pbmc,ATGCCTCTCGAAGGAC-1,1
pbmc,ATGCCTCTCGTCTACC-1,1
pbmc,ATGCGATAGCGACATG-1,1
pbmc,ATGCGATGTCGCAACC-1,1
pbmc,ATGCGATGTGCTCTTC-1,27
pbmc,ATGCGATGTTGTAGCT-1,24
pbmc,ATGCGATTCCGTTGGG-1,1
pbmc,ATGGAGGCATTCAGCA-1,2
pbmc,ATGGAGGGTCTGCGCA-1,1
pbmc,ATGGAGGGTGTTTACG-1,21
pbmc,ATGGATCAGGTGATCG-1,1
pbmc,ATGGATCGTAGATTGA-1,62
pbmc,ATGGATCTCGACCTAA-1,24
pbmc,ATGGGAGAGACGTCCC-1,32
pbmc,ATGGGAGAGCTAGAAT-1,1
pbmc,ATGGGAGCAAATTGGA-1,1
pbmc,ATGGGAGCACTCCGGA-1,76
pbmc,ATGGGAGTCCACTGAA-1,30
pbmc,ATGGGAGTCCCATACC-1,7
pbmc,ATGGGTTAGACCATAA-1,1
pbmc,ATGGGTTAGCATTGTC-1,1
pbmc,ATGGGTTCAAATCAGA-1,2
pbmc,ATGGGTTGTAATACCC-1,1
pbmc,ATGGGTTGTACCCACG-1,1
pbmc,ATGGGTTTCCAAATGC-1,1
pbmc,ATGGGTTTCCTTACCG-1,1
pbmc,ATGGGTTTCTCCCATG-1,1
pbmc,ATGGTTGAGACACACG-1,1
pbmc,ATGGTTGAGCGCCTCA-1,3
pbmc,ATGGTTGCAACATACC-1,1
pbmc,ATGGTTGCACCTGAAT-1,1
pbmc,ATGGTTGTCACGGAGA-1,45
pbmc,ATGGTTGTCCCGTTGT-1,1
pbmc,ATGTCCCAGAGCTTTC-1,1
pbmc,ATGTCCCCAGGAATCG-1,19
pbmc,ATGTCCCCATAGGTTC-1,46
pbmc,ATGTCCCGTAAGGAGA-1,1
pbmc,ATGTCCCGTCCTACGG-1,30
pbmc,ATGTCTTAGATGGCGT-1,10
pbmc,ATGTCTTGTAGGTACG-1,2
pbmc,ATGTCTTGTCGATTCA-1,1
pbmc,ATTACCTAGTCACTCA-1,1
pbmc,ATTACTCAGACTGAGC-1,1
pbmc,ATTACTCAGGTCGACA-1,2
pbmc,ATTACTCAGGTGGGTT-1,1
pbmc,ATTACTCCAGCTTTGA-1,24
pbmc,ATTACTCGTACGGATG-1,1
pbmc,ATTACTCGTTACAGCT-1,1
pbmc,ATTACTCGTTGCAACT-1,40
pbmc,ATTATCCCAATCGTCA-1,1
pbmc,ATTATCCTCCAGCTCT-1,1
pbmc,ATTATCCTCGAACCTA-1,1
pbmc,ATTATCCTCTCTCTTC-1,1
pbmc,ATTCACTAGAAGGCTC-1,40
pbmc,ATTCACTAGGGTCAAC-1,1
pbmc,ATTCACTAGTCGAAAT-1,1
pbmc,ATTCACTTCTAAGAAG-1,1
pbmc,ATTCACTTCTCCGCAT-1,28
pbmc,ATTCAGGAGAAGATCT-1,7
pbmc,ATTCAGGCAAGTATCC-1,23
pbmc,ATTCAGGCACGACCTG-1,1
pbmc,ATTCAGGCATACAGCT-1,1
pbmc,ATTCAGGCATAGCTGT-1,56
pbmc,ATTCAGGTCTTCGTGC-1,21
pbmc,ATTCATCCAGTAGTTC-1,1
pbmc,ATTCATCTCGAGCCTG-1,1
pbmc,ATTCCATAGAGCAGTC-1,1
pbmc,ATTCCATAGGTTACCT-1,1
pbmc,ATTCCATAGGTTAGTA-1,1
pbmc,ATTCCATAGTGATAAC-1,1
pbmc,ATTCCATCACGACTAT-1,25
pbmc,ATTCCATGTAAGGCTG-1,1
pbmc,ATTCCATTCACAACCA-1,1
pbmc,ATTCCATTCCTTTAGT-1,1
pbmc,ATTCCCGAGTCACTCA-1,35
pbmc,ATTCCCGCATGTAACC-1,1
pbmc,ATTCCCGTCCGCGGAT-1,2
pbmc,ATTCCTACAGTAGGAC-1,1
pbmc,ATTCCTACATGAGATA-1,34
pbmc,ATTCCTAGTAGACGGT-1,1
pbmc,ATTCGTTCAACCACGC-1,1
pbmc,ATTCGTTCACCAGGTC-1,1
pbmc,ATTCGTTCAGTCTTCC-1,51
pbmc,ATTCGTTCATAGAAAC-1,1
pbmc,ATTCGTTCATGGGCAA-1,1
pbmc,ATTCGTTCATGGTACT-1,1
pbmc,ATTCGTTGTAACACCT-1,45
pbmc,ATTCGTTGTATGAGGC-1,1
pbmc,ATTCGTTGTGTAGCAG-1,49
pbmc,ATTCGTTGTGTTCAGT-1,31
pbmc,ATTCGTTGTTCTTGTT-1,31
pbmc,ATTCTACAGCTACTAC-1,1
pbmc,ATTCTACCAAGTGGCA-1,1
pbmc,ATTCTACCACGTGAGA-1,1
pbmc,ATTCTACTCTCGTGAA-1,28
pbmc,ATTCTTGAGCCTGAGA-1,1
pbmc,ATTCTTGAGTTCCAGT-1,24
pbmc,ATTCTTGCAAGCTGTT-1,1
pbmc,ATTCTTGCACAAATGA-1,1
pbmc,ATTCTTGCACGGCACT-1,1
pbmc,ATTCTTGGTACAATAG-1,37
pbmc,ATTCTTGGTAGCGATG-1,1
pbmc,ATTCTTGGTTGAGGAC-1,1
pbmc,ATTCTTGTCATCGCCT-1,1
pbmc,ATTGGGTAGCTTACGT-1,1
pbmc,ATTGGGTTCTTGGTCC-1,1
pbmc,ATTGTTCAGGTTTACC-1,1
pbmc,ATTGTTCAGTCCCGAC-1,1
pbmc,ATTGTTCTCATAGGCT-1,1
pbmc,ATTTACCAGGTGCAGT-1,1
pbmc,ATTTACCAGTGCGACA-1,1
pbmc,ATTTACCTCAATGTCG-1,1
pbmc,ATTTACCTCGGCTGGT-1,1
pbmc,ATTTCACAGTGCAAAT-1,36
pbmc,ATTTCACGTCCCTAAA-1,1
pbmc,ATTTCACGTGGATACG-1,52
pbmc,ATTTCACGTTGGAGGT-1,1
pbmc,ATTTCACGTTTAGTCG-1,4
pbmc,ATTTCACTCCGGCTTT-1,1
pbmc,ATTTCTGAGCGAACTG-1,1
pbmc,ATTTCTGAGTAGATCG-1,1
pbmc,ATTTCTGCAAAGTCAA-1,1
pbmc,ATTTCTGCAAGATGTA-1,1
pbmc,ATTTCTGCAAGGTCTT-1,60
pbmc,ATTTCTGGTATCCTCC-1,42
pbmc,ATTTCTGTCAGTCTTT-1,1
pbmc,ATTTCTGTCGATGCAT-1,22
pbmc,ATTTCTGTCGGCCAAC-1,44
pbmc,CAAAGAACACATATCG-1,33
pbmc,CAAAGAACAGCTGTTA-1,41
pbmc,CAAAGAACATGGCCCA-1,1
pbmc,CAAAGAAGTGTTAAAG-1,1
pbmc,CAAAGAAGTTCTCCCA-1,23
pbmc,CAAAGAATCCCTATTA-1,1
pbmc,CAACAACAGTGTAGTA-1,1
pbmc,CAACAACCAAGAGAGA-1,1
pbmc,CAACAACTCCCTCTCT-1,1
pbmc,CAACAACTCGATACTG-1,16
pbmc,CAACAGTCATCCGTTC-1,28
pbmc,CAACAGTTCGAGCACC-1,20
pbmc,CAACCAAAGCAGCAGT-1,1
pbmc,CAACCAAAGGGAACAA-1,1
pbmc,CAACCAACAACGGTAG-1,1
pbmc,CAACCAAGTTAGAAAC-1,11
pbmc,CAACCAATCCGCTTAC-1,14
pbmc,CAACCTCCACTTCAGA-1,1
pbmc,CAACCTCGTAAGACCG-1,1
pbmc,CAACCTCGTATCGGTT-1,29
pbmc,CAACGATAGACGGAAA-1,40
pbmc,CAACGATAGCCTAGGA-1,48
pbmc,CAACGATCAAAGCACG-1,35
pbmc,CAACGATTCAAGCCCG-1,33
pbmc,CAACGGCAGCGTACAG-1,1
pbmc,CAACGGCCATCCGCGA-1,1
pbmc,CAACGGCGTAAGTAGT-1,1
pbmc,CAACGGCTCACCGGGT-1,1
pbmc,CAACGGCTCACTCTTA-1,1
pbmc,CAACGGCTCAGCCTTC-1,1
pbmc,CAAGACTAGCACCAGA-1,1
pbmc,CAAGACTAGTGGAAAG-1,42
pbmc,CAAGACTGTGAGTGAC-1,1
pbmc,CAAGACTGTGGCGTAA-1,1
pbmc,CAAGACTGTGTATACC-1,1
pbmc,CAAGACTTCAATCGGT-1,41
pbmc,CAAGACTTCCGACAGC-1,1
pbmc,CAAGACTTCCTAAGTG-1,1
pbmc,CAAGACTTCGAACGCC-1,1
pbmc,CAAGAGGCATAACTCG-1,1
pbmc,CAAGAGGTCTGCAGCG-1,1
pbmc,CAAGAGGTCTTCACGC-1,53
pbmc,CAAGCTACAAAGAGTT-1,1
pbmc,CAAGCTAGTCACTAGT-1,1
pbmc,CAAGCTAGTCATAAAG-1,1
pbmc,CAAGCTAGTCCGAAGA-1,1
pbmc,CAAGCTAGTGGCTGCT-1,83
pbmc,CAAGCTATCAACCGAT-1,1
pbmc,CAAGCTATCACCCTTG-1,1
pbmc,CAAGCTATCCAAGGGA-1,7
pbmc,CAAGGGAAGAGGATCC-1,1
pbmc,CAAGGGAAGAGTCGAC-1,26
pbmc,CAAGGGACAAATGGAT-1,1
pbmc,CAAGGGACATCCGTTC-1,1
pbmc,CAAGGGACATGATGCT-1,1
pbmc,CAAGGGATCAACTGAC-1,1
pbmc,CAATACGAGGCAGCTA-1,14
pbmc,CAATACGTCTCGACCT-1,10
pbmc,CAATCGAAGAGGATCC-1,29
pbmc,CAATCGACAATGCTCA-1,1
pbmc,CAATCGATCCGTACGG-1,19
pbmc,CAATCGATCTGCCTCA-1,1
pbmc,CAATGACAGATGTTAG-1,1
pbmc,CAATGACAGATGTTCC-1,1
pbmc,CAATGACGTCACTCGG-1,1
pbmc,CAATGACTCAAGCCCG-1,28
pbmc,CAATGACTCCGTAGTA-1,1
pbmc,CAATGACTCGACATTG-1,1
pbmc,CAATTTCAGAGGGTCT-1,1
pbmc,CAATTTCAGATTGCGG-1,23
pbmc,CAATTTCCAGCAATTC-1,1
pbmc,CACAACACATGGGATG-1,1
pbmc,CACAACAGTCCGTTTC-1,1
pbmc,CACAACATCGACGCGT-1,1
pbmc,CACAACATCGAGAATA-1,5
pbmc,CACAACATCGCTACGG-1,1
pbmc,CACACAACAAGAAACT-1,49
pbmc,CACACAACACGAGGAT-1,5
pbmc,CACACAATCCTTCACG-1,1
pbmc,CACAGATAGGTACTGG-1,1
pbmc,CACAGATCACTCCGAG-1,50
pbmc,CACAGATCACTGAGGA-1,1
pbmc,CACAGATCATCATGAC-1,33
pbmc,CACAGATGTTCCGTTC-1,42
pbmc,CACAGATGTTTACCAG-1,1
pbmc,CACAGATTCCGCAACG-1,1
pbmc,CACAGGCAGAACAAGG-1,1
pbmc,CACAGGCAGGGAGATA-1,1
pbmc,CACAGGCCAACGATCT-1,39
pbmc,CACAGGCGTAGCACGA-1,1
pbmc,CACAGGCTCTCACAGG-1,1
pbmc,CACATGAAGAGGATCC-1,1
pbmc,CACATGACAAACGGCA-1,1
pbmc,CACATGAGTGAATATG-1,1
pbmc,CACATGAGTTTCGACA-1,31
pbmc,CACCAAAAGGACATCG-1,45
pbmc,CACCAAACAAATCCCA-1,1
pbmc,CACCAAACACGGTCTG-1,1
pbmc,CACCAAACAGAAGCTG-1,1
pbmc,CACCAAACAGACACCC-1,1
pbmc,CACCAAAGTGCATGAG-1,1
pbmc,CACCAAAGTGTAACGG-1,1
pbmc,CACCAAATCTCCGCAT-1,4
pbmc,CACCAAATCTTCCCGA-1,1
pbmc,CACCGTTAGGTAAAGG-1,1
pbmc,CACCGTTCACCCTAGG-1,31
pbmc,CACCGTTGTAACTGCT-1,1
pbmc,CACCGTTGTTTACGAC-1,1
pbmc,CACGAATAGAAATTGC-1,1
pbmc,CACGAATAGACAGCTG-1,1
pbmc,CACGAATCAAGTGGAC-1,1
pbmc,CACGAATCACATAGCT-1,38
pbmc,CACGAATCACTTTATC-1,1
pbmc,CACGAATTCAACTCTT-1,1
pbmc,CACGAATTCAAGTCGT-1,24
pbmc,CACGAATTCAAGTCTA-1,1
pbmc,CACGGGTAGCATTTGC-1,54
pbmc,CACGGGTCATGGGTCC-1,1
pbmc,CACGGGTTCCCGATCT-1,23
pbmc,CACGTTCAGGGTACGT-1,1
pbmc,CACGTTCAGTTGGACG-1,1
pbmc,CACGTTCCAACACTAC-1,1
pbmc,CACGTTCCAGCTTCCT-1,40
pbmc,CACGTTCGTAGATCCT-1,1
pbmc,CACGTTCTCACCTCGT-1,1
pbmc,CACGTTCTCATTGCCC-1,1
pbmc,CACGTTCTCTATCACT-1,51
pbmc,CACTAAGCACTTCTCG-1,1
pbmc,CACTAAGGTAAGACTA-1,1
pbmc,CACTAAGGTGATAGTA-1,55
pbmc,CACTAAGGTTTGGGTT-1,1
pbmc,CACTGAACAAGAATGT-1,1
pbmc,CACTGAACAGTCGGAA-1,1
pbmc,CACTGAACATTCAGCA-1,2
pbmc,CACTGAAGTCTTTCTA-1,38
pbmc,CACTGAATCCGGTAAT-1,1
pbmc,CACTGAATCCTGATAG-1,71
pbmc,CACTGGGAGGCGACAT-1,50
pbmc,CACTGGGAGTTACTCG-1,23
pbmc,CACTGGGCACGCAGTC-1,1
pbmc,CACTGGGGTCGCACAC-1,73
pbmc,CACTGGGGTTTGTTCT-1,1
pbmc,CACTGGGTCACACACG-1,1
pbmc,CACTGTCAGCTAATGA-1,1
pbmc,CACTGTCAGTTGGACG-1,1
pbmc,CACTGTCAGTTGTAGA-1,1
pbmc,CACTGTCCACATATGC-1,37
pbmc,CACTGTCGTAAGCTCT-1,1
pbmc,CACTGTCGTCCACATA-1,1
pbmc,CACTGTCGTGGCAACA-1,1
pbmc,CACTTCGAGCCTCTTC-1,1
pbmc,CACTTCGCAGTGTACT-1,1
pbmc,CACTTCGGTGCCTATA-1,1
pbmc,CACTTCGTCACCTACC-1,60
pbmc,CAGAGCCGTGCCCGTA-1,16
pbmc,CAGAGCCGTTTGGAAA-1,1
pbmc,CAGATACAGTCGCGAA-1,2
pbmc,CAGATACCAATACGAA-1,1
pbmc,CAGATACTCGTTCCCA-1,46
pbmc,CAGATCACAGCCTATA-1,1
pbmc,CAGATCAGTAACATAG-1,1
pbmc,CAGATCATCCCTCTCC-1,1
pbmc,CAGATCATCGAAGAAT-1,1
pbmc,CAGATCATCGTGGTAT-1,1
pbmc,CAGATCATCTGGAGAG-1,1
pbmc,CAGATTGAGAACGTGC-1,47
pbmc,CAGATTGAGCTGAGCA-1,28
pbmc,CAGATTGGTCAATCTG-1,1
pbmc,CAGATTGGTGACTAAA-1,52
pbmc,CAGATTGGTTGGGATG-1,1
pbmc,CAGATTGTCAGCTGAT-1,1
pbmc,CAGCAATAGGGAGAAT-1,2
pbmc,CAGCAATCATAACGGG-1,1
pbmc,CAGCAATGTACATTGC-1,1
pbmc,CAGCAATGTATCGTTG-1,51
pbmc,CAGCAATTCTTTGCAT-1,1
pbmc,CAGCACGAGGGAGTTC-1,1
pbmc,CAGCACGCAAAGACTA-1,1
pbmc,CAGCACGCACAAAGCG-1,1
pbmc,CAGCACGCATAATGCC-1,1
pbmc,CAGCACGTCAAGAATG-1,1
pbmc,CAGCACGTCGTCCATC-1,1
pbmc,CAGCACGTCTGTCGTC-1,1
pbmc,CAGCAGCCAGCTGTAT-1,1
pbmc,CAGCAGCCATACAGGG-1,1
pbmc,CAGCAGCCATGGCTAT-1,1
pbmc,CAGCAGCTCAGAGTTC-1,28
pbmc,CAGCCAGAGCGGACAT-1,1
pbmc,CAGCCAGCACCGTGGT-1,1
pbmc,CAGCCAGGTCAGTCTA-1,1
pbmc,CAGCCAGGTCCGGCAT-1,1
pbmc,CAGCCAGGTGGGTTGA-1,46
pbmc,CAGCCAGTCACAGAGG-1,1
pbmc,CAGCGTGCAAGAGGCT-1,1
pbmc,CAGCGTGCACATACGT-1,1
pbmc,CAGCGTGCATGGTGGA-1,1
pbmc,CAGCGTGGTAGAATAC-1,1
pbmc,CAGCGTGGTCGTGGAA-1,1
pbmc,CAGCGTGTCCATCACC-1,22
pbmc,CAGCGTGTCCGATTAG-1,1
pbmc,CAGGCCAAGTTTCGAC-1,1
pbmc,CAGGCCAGTTCAATCG-1,43
pbmc,CAGGCCATCACTCACC-1,16
pbmc,CAGGCCATCCACTAGA-1,32
pbmc,CAGGGCTAGATTGGGC-1,28
pbmc,CAGGGCTCACTTGACA-1,1
pbmc,CAGGGCTCAGATCCAT-1,1
pbmc,CAGGGCTGTCTGTTAG-1,1
pbmc,CAGGGCTTCAGAGCAG-1,1
pbmc,CAGGGCTTCGACGAGA-1,47
pbmc,CAGGTATAGAAGAGGC-1,1
pbmc,CAGGTATAGCGGCTCT-1,1
pbmc,CAGGTATGTACCTATG-1,1
pbmc,CAGGTATGTAGACAGC-1,1
pbmc,CAGGTATGTCAGTCTA-1,79
pbmc,CAGGTATGTGTAAATG-1,33
pbmc,CAGGTATTCTTACCAT-1,1
pbmc,CAGTGCGAGCATGAAT-1,1
pbmc,CAGTGCGGTTCTAACG-1,1
pbmc,CAGTGCGTCAGGACGA-1,1
pbmc,CAGTGCGTCCACGGAC-1,1
pbmc,CAGTTAGGTAGGCAGT-1,1
pbmc,CAGTTAGGTATTCTCT-1,1
pbmc,CAGTTAGTCATCTACT-1,1
pbmc,CAGTTAGTCGAGTGAG-1,1
pbmc,CAGTTAGTCGGCCCAA-1,17
pbmc,CAGTTCCCAATCGTCA-1,31
pbmc,CAGTTCCGTGAGTTTC-1,1
pbmc,CATAAGCAGCTGTACT-1,1
pbmc,CATAAGCAGTATGAGT-1,1
pbmc,CATAAGCCACATGAAA-1,1
pbmc,CATAAGCGTACGGTTT-1,1
pbmc,CATAAGCGTAGCGCTC-1,47
pbmc,CATAAGCTCCGTGTGG-1,30
pbmc,CATAAGCTCTACGCAA-1,1
pbmc,CATACAGCAACACTAC-1,1
pbmc,CATACAGCAAGTTGGG-1,1
pbmc,CATACAGGTATCATGC-1,1
pbmc,CATACAGTCTGGAGAG-1,1
pbmc,CATACCCAGTCATGAA-1,1
pbmc,CATACCCCAGAGAAAG-1,1
pbmc,CATACCCTCTACCACC-1,1
pbmc,CATACTTAGGTACCTT-1,1
pbmc,CATACTTCAAATGCGG-1,1
pbmc,CATACTTTCAACGAGG-1,32
pbmc,CATACTTTCAGCCTCT-1,1
pbmc,CATAGACAGATCACTC-1,1
pbmc,CATAGACCAGTAACAA-1,1
pbmc,CATAGACCATCTCAAG-1,12
pbmc,CATAGACGTACCTTCC-1,7
pbmc,CATAGACTCACCATAG-1,1
pbmc,CATAGACTCTAGCATG-1,1
pbmc,CATAGACTCTGCACCT-1,1
pbmc,CATCAAGAGCGCCGTT-1,12
pbmc,CATCAAGCAAGCTGAG-1,1
pbmc,CATCAAGGTAACACCT-1,1
pbmc,CATCAAGGTATGGTTC-1,43
pbmc,CATCAAGGTCGAAACG-1,1
pbmc,CATCAAGGTCTAACTG-1,14
pbmc,CATCAAGGTTGTCCCT-1,27
pbmc,CATCAAGTCCTATGGA-1,1
pbmc,CATCAAGTCTTGCATC-1,1
pbmc,CATCCACAGTGTGTTC-1,1
pbmc,CATCCACTCAGTCACA-1,1
pbmc,CATCCACTCTCTTAAC-1,1
pbmc,CATCCCAAGAAACCCG-1,2
pbmc,CATCCCACAGCGGTCT-1,1
pbmc,CATCCCATCAGACCCG-1,1
pbmc,CATCCGTAGGCTCTCG-1,1
pbmc,CATCCGTGTAGAGTTA-1,1
pbmc,CATCCGTGTATCGCTA-1,24
pbmc,CATCCGTGTGATCGTT-1,1
pbmc,CATCCGTGTTCGTTCC-1,2
pbmc,CATCGCTAGAGACAAG-1,1
pbmc,CATCGCTGTCAATGGG-1,1
pbmc,CATCGCTGTTGGGTAG-1,1
pbmc,CATCGCTTCTAGTTCT-1,1
pbmc,CATCGCTTCTTTGCAT-1,11
pbmc,CATCGGGCAACAGCCC-1,1
pbmc,CATCGGGCAATTGAAG-1,1
pbmc,CATCGGGCACCGAATT-1,1
pbmc,CATCGGGTCAACTTTC-1,1
pbmc,CATCGGGTCGCTACAA-1,16
pbmc,CATCGTCCACACGTGC-1,1
pbmc,CATCGTCTCCCTCGTA-1,1
pbmc,CATCGTCTCCGTTGAA-1,54
pbmc,CATGAGTAGCACCGTC-1,1
pbmc,CATGAGTAGCGAGTAC-1,1
pbmc,CATGAGTAGCTCGTGC-1,1
pbmc,CATGAGTCACCATTCC-1,39
pbmc,CATGAGTGTACCTAGT-1,1
pbmc,CATGAGTTCCCGTTGT-1,1
pbmc,CATGCAACATAACGGG-1,1
pbmc,CATGCAAGTTTACTGG-1,1
pbmc,CATGCAATCACCTTAT-1,1
pbmc,CATGCCTAGGACGCAT-1,1
pbmc,CATGCCTCAATTGCTG-1,35
pbmc,CATGCCTCACAAAGCG-1,1
pbmc,CATGCCTCACCCATAA-1,1
pbmc,CATGCCTCAGGCTATT-1,37
pbmc,CATGCCTGTAGGAGGG-1,1
pbmc,CATGCCTGTCCAAATC-1,1
pbmc,CATGCCTGTTCCGCAG-1,53
pbmc,CATGCCTGTTCCTAAG-1,1
pbmc,CATGCGGAGATGACCG-1,1
pbmc,CATGCGGAGTGACACG-1,1
pbmc,CATGCGGTCGGTCGAC-1,14
pbmc,CATGCTCGTCTCTCAC-1,17
pbmc,CATGGATCAATCCTAG-1,1
pbmc,CATGGATCACCGTGAC-1,4
pbmc,CATGGATCACGACGAA-1,1
pbmc,CATGGATCAGCCTTCT-1,1
pbmc,CATGGATCATCCCGTT-1,1
pbmc,CATGGATGTGCGACAA-1,1
pbmc,CATGGATTCAACGAGG-1,2
pbmc,CATGGATTCGTGCTCT-1,1
pbmc,CATTCATAGGATCATA-1,1
pbmc,CATTCATCAGACATCT-1,1
pbmc,CATTCATGTGAGATAT-1,1
pbmc,CATTCATGTGGCCCAT-1,1
pbmc,CATTCATGTTGGTACT-1,1
pbmc,CATTCCGAGAAACACT-1,1
pbmc,CATTCCGCAGGCTATT-1,1
pbmc,CATTCTAAGGTCATTC-1,1
pbmc,CATTCTAAGTTTAGGA-1,1
pbmc,CATTCTACATCATGAC-1,1
pbmc,CATTCTAGTAGCTTGT-1,36
pbmc,CATTCTAGTGCCGGTT-1,5
pbmc,CATTCTAGTGCTTCAA-1,1
pbmc,CATTCTATCAGTAGGG-1,40
pbmc,CATTCTATCGGAGTAG-1,1
pbmc,CATTGAGAGGGACCAT-1,46
pbmc,CATTGAGAGGTACAAT-1,1
pbmc,CATTGAGCAAGGTCTT-1,1
pbmc,CATTGAGGTCTGTGTA-1,1
pbmc,CATTGAGGTTCTATCT-1,1
pbmc,CATTGAGTCTGGGTCG-1,1
pbmc,CATTGCCAGAGAGGTA-1,1
pbmc,CATTGCCCAACACAAA-1,1
pbmc,CATTGCCCATGAGATA-1,1
pbmc,CATTGCCTCTTGCAAG-1,1
pbmc,CATTGTTAGCATCCTA-1,1
pbmc,CATTGTTCACGGTGTC-1,1
pbmc,CATTGTTGTATAGGAT-1,1
pbmc,CATTTCACAAGACCTT-1,1
pbmc,CATTTCAGTGCACATT-1,1
pbmc,CATTTCATCTCTCTTC-1,52
pbmc,CCAAGCGAGCTAATCC-1,28
pbmc,CCAAGCGAGGTTCATC-1,22
pbmc,CCAAGCGGTACGTGTT-1,1
pbmc,CCAATGAAGGTCACTT-1,25
pbmc,CCAATGAAGTTTGTCG-1,1
pbmc,CCAATGACACAACGTT-1,1
pbmc,CCAATGACACCACTGG-1,1
pbmc,CCAATGAGTCAGCGTC-1,1
pbmc,CCAATGATCAAGAGGC-1,2
pbmc,CCAATGATCCCATACC-1,1
pbmc,CCAATTTCAAAGGCTG-1,43
pbmc,CCAATTTCACCCTATC-1,2
pbmc,CCAATTTCATTCGATG-1,30
pbmc,CCAATTTGTACGGCAA-1,1
pbmc,CCAATTTGTATGACAA-1,4
pbmc,CCAATTTTCATGACAC-1,1
pbmc,CCACAAATCCTCGCAT-1,1
pbmc,CCACAAATCGGTATGT-1,1
pbmc,CCACACTAGACCAGCA-1,1
pbmc,CCACACTAGAGTAACT-1,1
pbmc,CCACACTAGTAGAATC-1,1
pbmc,CCACACTCAGGACTTT-1,75
pbmc,CCACACTGTTAAGGGC-1,1
pbmc,CCACACTGTTGAAGTA-1,1
pbmc,CCACCATAGGGAGGGT-1,1
pbmc,CCACCATAGGTCATCT-1,48
pbmc,CCACCATGTGTTATCG-1,1
pbmc,CCACCATTCAATGTCG-1,1
pbmc,CCACCATTCACCGACG-1,1
pbmc,CCACCATTCGTTGCCT-1,1
pbmc,CCACGAGGTAATCAAG-1,3
pbmc,CCACGAGTCTTCCTAA-1,57
pbmc,CCACGTTAGCCGATTT-1,1
pbmc,CCACGTTCAAACACGG-1,1
pbmc,CCACGTTCAAACGGCA-1,1
pbmc,CCACGTTTCAAATGAG-1,1
pbmc,CCACGTTTCACAAGGG-1,1
pbmc,CCACGTTTCACCTCTG-1,1
pbmc,CCACGTTTCATCAGTG-1,42
pbmc,CCACGTTTCCGTTGAA-1,1
pbmc,CCACGTTTCGTAACAC-1,1
pbmc,CCACGTTTCGTGAGAG-1,22
pbmc,CCACGTTTCGTGCAGC-1,1
pbmc,CCACGTTTCTGCTGAA-1,56
pbmc,CCACGTTTCTTAGCCC-1,1
pbmc,CCACGTTTCTTCTTCC-1,1
pbmc,CCACTTGAGGTATCTC-1,1
pbmc,CCACTTGCACACGTGC-1,1
pbmc,CCACTTGCACTGAGTT-1,2
pbmc,CCACTTGCAGCTATTG-1,25
pbmc,CCACTTGGTCACCCTT-1,1
pbmc,CCACTTGTCATGGATC-1,1
pbmc,CCACTTGTCGCAGAGA-1,72
pbmc,CCACTTGTCGCAGGGA-1,1
pbmc,CCATAAGCAAAGGAGA-1,1
pbmc,CCATAAGGTAAGCGGT-1,1
pbmc,CCATAAGGTGAGGAAA-1,24
pbmc,CCATAAGTCCACTAGA-1,1
pbmc,CCATAAGTCCTTCTGG-1,1
pbmc,CCATCACAGTGGTGAC-1,7
pbmc,CCATCACCAGCTGAAG-1,1
pbmc,CCATCACCATGCAAGG-1,1
pbmc,CCATCACCATTAAAGG-1,32
pbmc,CCATCACGTCTGTGCG-1,1
pbmc,CCATCACGTTTACGAC-1,1
pbmc,CCATCACTCTAACACG-1,24
pbmc,CCATCACTCTTTCTAG-1,4
pbmc,CCCAACTTCAAAGGAT-1,1
pbmc,CCCATTGAGTAGGGTC-1,1
pbmc,CCCATTGCAATGGCAG-1,1
pbmc,CCCATTGCACGCGTGT-1,1
pbmc,CCCATTGCACTAGGCC-1,1
pbmc,CCCATTGTCCTGTTGC-1,1
pbmc,CCCATTGTCTGCATAG-1,1
pbmc,CCCGAAGAGAGGATCC-1,1
pbmc,CCCGAAGCACTTCAGA-1,1
pbmc,CCCGAAGTCGAATCCA-1,1
pbmc,CCCGGAAAGTCACTCA-1,1
pbmc,CCCGGAATCAAACCCA-1,24
pbmc,CCCTAACAGAGATGCC-1,1
pbmc,CCCTAACAGTATGATG-1,7
pbmc,CCCTAACCAACAACAA-1,1
pbmc,CCCTAACCAACCGTGC-1,1
pbmc,CCCTAACCAAGCGCTC-1,1
pbmc,CCCTAACCAGGTTCGC-1,31
pbmc,CCCTAACGTAACTGCT-1,47
pbmc,CCCTAACGTCGCTTAA-1,1
pbmc,CCCTAACGTTCGGCCA-1,1
pbmc,CCCTAACTCAGTGATC-1,1
pbmc,CCCTAACTCCTTCAGC-1,1
pbmc,CCCTCAAAGATGGTCG-1,1
pbmc,CCCTCAAAGCTGACTT-1,1
pbmc,CCCTCAAAGTTTCGAC-1,1
pbmc,CCCTCAACACTCCGGA-1,1
pbmc,CCCTCAAGTCCAGAAG-1,1
pbmc,CCCTCAATCGGTCTAA-1,1
pbmc,CCCTCTCAGACCACGA-1,1
pbmc,CCCTCTCAGTGATTCC-1,1
pbmc,CCCTCTCCACTACTTT-1,1
pbmc,CCCTCTCCAGTATACC-1,2
pbmc,CCCTCTCTCCACTAGA-1,1
pbmc,CCCTCTCTCGCTTTAT-1,1
pbmc,CCCTGATAGAAACTGT-1,1
pbmc,CCCTGATGTGGTCTAT-1,1
pbmc,CCCTGATTCACTACTT-1,1
pbmc,CCCTGATTCAGGACGA-1,1
pbmc,CCCTTAGGTTTCCAAG-1,23
pbmc,CCGAACGAGCTAAGTA-1,20
pbmc,CCGAACGAGGAACGCT-1,46
pbmc,CCGAACGAGTAACGAT-1,1
pbmc,CCGAACGCAACTTGCA-1,1
pbmc,CCGAACGGTACCAATC-1,1
pbmc,CCGATCTGTCTCCTGT-1,1
pbmc,CCGATCTGTGGAGGTT-1,30
pbmc,CCGATGGCAAGGCAAC-1,1
pbmc,CCGATGGGTACCTGTA-1,1
pbmc,CCGATGGGTCAGTCTA-1,2
pbmc,CCGATGGGTTCTCGCT-1,67
pbmc,CCGATGGTCACCTCTG-1,18
pbmc,CCGATGGTCTGTCGCT-1,38
pbmc,CCGCAAGAGCGTGCCT-1,1
pbmc,CCGCAAGCAGTCGCAC-1,4
pbmc,CCGCAAGCATTCAGGT-1,36
pbmc,CCGCAAGGTACCAGAG-1,53
pbmc,CCGCAAGTCTACACTT-1,1
pbmc,CCGGACAGTGATACCT-1,44
pbmc,CCGGGTAAGAAACCAT-1,1
pbmc,CCGGGTACAAATCGGG-1,1
pbmc,CCGGGTACACTCCGAG-1,46
pbmc,CCGGGTACAGGCACAA-1,2
pbmc,CCGGGTACATACCAGT-1,12
pbmc,CCGGGTAGTCTGTGGC-1,1
pbmc,CCGGGTAGTTAAACAG-1,1
pbmc,CCGGGTATCGCATAGT-1,1
pbmc,CCGGTAGCAAATTGGA-1,1
pbmc,CCGGTAGGTAGTACGG-1,19
pbmc,CCGGTAGGTATGGAAT-1,1
pbmc,CCGGTAGTCAAGAGGC-1,1
pbmc,CCGGTGAAGACGCCCT-1,1
pbmc,CCGGTGACACGGTAGA-1,1
pbmc,CCGGTGACAGTGTACT-1,1
pbmc,CCGGTGACAGTTTCAG-1,1
pbmc,CCGGTGATCGGTCATA-1,1
pbmc,CCGTAGGAGGCACTCC-1,1
pbmc,CCGTAGGCATTCACAG-1,1
pbmc,CCGTAGGGTTCCCACT-1,41
pbmc,CCGTAGGGTTTACGAC-1,2
pbmc,CCGTAGGTCATACAGC-1,22
pbmc,CCGTGAGAGAGGTCAC-1,34
pbmc,CCGTGAGAGGAAAGTG-1,1
pbmc,CCGTGAGAGGGACAGG-1,1
pbmc,CCGTGAGCATCGTCCT-1,1
pbmc,CCGTGAGGTACTAGCT-1,1
pbmc,CCGTGAGTCCCAAGCG-1,1
pbmc,CCGTGAGTCGCCTTTG-1,20
pbmc,CCGTTCACAGAAGCTG-1,26
pbmc,CCGTTCACAGTCGCTG-1,1
pbmc,CCGTTCACATGTAACC-1,1
pbmc,CCGTTCAGTCTTAGTG-1,1
pbmc,CCTAACCGTGAATATG-1,1
pbmc,CCTAACCGTGATTCTG-1,1
pbmc,CCTAACCGTTTCGCTC-1,1
pbmc,CCTAACCTCTACGGTA-1,1
pbmc,CCTAAGAAGACAGTCG-1,1
pbmc,CCTAAGAAGACCATAA-1,1
pbmc,CCTAAGAAGACTCAAA-1,1
pbmc,CCTAAGAAGACTCTAC-1,97
pbmc,CCTAAGAAGGCTCTAC-1,1
pbmc,CCTAAGAAGTCACACT-1,1
pbmc,CCTAAGATCATTTGGG-1,1
pbmc,CCTAAGATCCGAGCTG-1,1
pbmc,CCTACGTAGATTACCC-1,1
pbmc,CCTATCGAGACAGCGT-1,41
pbmc,CCTATCGAGACAGTGT-1,1
pbmc,CCTATCGAGCTCGGCT-1,1
pbmc,CCTATCGAGTCATAGA-1,1
pbmc,CCTATCGGTCTTTCTA-1,1
pbmc,CCTCAACAGGCAGGTT-1,1
pbmc,CCTCAACAGGTAGTAT-1,1
pbmc,CCTCAACCAATGGGTG-1,1
pbmc,CCTCAACTCGTTCTGC-1,1
pbmc,CCTCAACTCTTAGCCC-1,23
pbmc,CCTCACAAGGATGAGA-1,1
pbmc,CCTCACAGTAGCGTTT-1,1
pbmc,CCTCACAGTGCAACAG-1,1
pbmc,CCTCACATCCCTCTCC-1,1
pbmc,CCTCACATCTAGTCAG-1,1
pbmc,CCTCAGTAGCAAGGAA-1,4
pbmc,CCTCAGTAGCGGATCA-1,1
pbmc,CCTCAGTAGCTGCCTG-1,1
pbmc,CCTCAGTAGGAGTCTG-1,1
pbmc,CCTCAGTAGTAGGAAG-1,1
pbmc,CCTCAGTCATGATGCT-1,23
pbmc,CCTCAGTGTCTAGGCC-1,1
pbmc,CCTCAGTGTCTCTCAC-1,1
pbmc,CCTCAGTTCCATTTAC-1,1
pbmc,CCTCAGTTCCCATACC-1,1
pbmc,CCTCAGTTCCGAGCTG-1,27
pbmc,CCTCAGTTCTTACGTT-1,1
pbmc,CCTCATGAGGTCTTTG-1,1
pbmc,CCTCATGCACGTTGGC-1,1
pbmc,CCTCATGCACTATGTG-1,23
pbmc,CCTCATGGTGCTATTG-1,1
pbmc,CCTCATGGTGGATCAG-1,2
pbmc,CCTCATGGTTTCGCTC-1,37
pbmc,CCTCATGTCAAACTGC-1,1
pbmc,CCTCATGTCTCTCAAT-1,40
pbmc,CCTCCAAAGAAGGATG-1,1
pbmc,CCTCCAAAGGCACTAG-1,1
pbmc,CCTCCAAAGGCATGGT-1,1
pbmc,CCTCCAAAGGCCCGTT-1,68
pbmc,CCTCCAAAGTATGATG-1,11
pbmc,CCTCCAAAGTCATCCA-1,1
pbmc,CCTCCAACAACCCTCT-1,27
pbmc,CCTCCAACACAATGAA-1,38
pbmc,CCTCCAAGTCTGCCTT-1,1
pbmc,CCTCCAAGTGTGTTTG-1,1
pbmc,CCTCCAAGTTAAGGAT-1,1
pbmc,CCTCCTCAGTCCCGAC-1,20
pbmc,CCTCCTCCATTCAGGT-1,26
pbmc,CCTCCTCGTATGAAAC-1,1
pbmc,CCTCCTCTCAAGCGTT-1,28
pbmc,CCTCCTCTCACCTGTC-1,1
pbmc,CCTCTAGAGAAGGCTC-1,1
pbmc,CCTCTAGAGATGCCGA-1,1
pbmc,CCTCTAGCACACGCCA-1,1
pbmc,CCTCTAGCAGACCTAT-1,34
pbmc,CCTCTAGGTTCGGTCG-1,1
pbmc,CCTCTAGTCAGGGATG-1,1
pbmc,CCTCTAGTCTGCTTAT-1,1
pbmc,CCTCTCCGTGTGCTTA-1,10
pbmc,CCTCTCCTCGGCTTCT-1,1
pbmc,CCTCTCCTCGTTCCTG-1,49
pbmc,CCTGCATAGTGGTGAC-1,75
pbmc,CCTGCATCAACGGGTA-1,22
pbmc,CCTGCATGTTCTTAGG-1,32
pbmc,CCTGTTGGTGTGCCTG-1,32
pbmc,CCTGTTGTCAAGAGTA-1,20
pbmc,CCTGTTGTCCCGTTCA-1,1
pbmc,CCTGTTGTCGTTTACT-1,1
pbmc,CCTTCAGAGGAACGTC-1,7
pbmc,CCTTCAGAGGACGCTA-1,1
pbmc,CCTTCAGAGTTGCTGT-1,1
pbmc,CCTTCAGCACAGAGCA-1,41
pbmc,CCTTCAGCAGCTCTTC-1,1
pbmc,CCTTCAGCAGCTTTCC-1,1
pbmc,CCTTCAGCATGTGGTT-1,1
pbmc,CCTTCAGTCTGCTTTA-1,1
pbmc,CCTTGTGGTTTACTGG-1,1
pbmc,CCTTGTGTCATGCCGG-1,1
pbmc,CCTTTGGGTCCTACAA-1,1
pbmc,CCTTTGGGTTAGCGGA-1,1
pbmc,CCTTTGGTCGTGCACG-1,1
pbmc,CGAAGGAAGAGAGGGC-1,2
pbmc,CGAAGGAAGTAGGGTC-1,1
pbmc,CGAAGGAGTGAGGAAA-1,1
pbmc,CGAAGGAGTGTATACC-1,1
pbmc,CGAAGGATCGACGCGT-1,25
pbmc,CGAAGTTGTCTGTGCG-1,1
pbmc,CGAATTGAGACATCCT-1,1
pbmc,CGAATTGAGTAGCATA-1,1
pbmc,CGAATTGCACCTCTGT-1,1
pbmc,CGAATTGCAGCGTACC-1,1
pbmc,CGAATTGCAGGGCTTC-1,1
pbmc,CGAATTGCATGCACTA-1,1
pbmc,CGAATTGGTCTGTTAG-1,31
pbmc,CGACAGCTCCACCTCA-1,1
pbmc,CGACAGCTCCTTCTTC-1,1
pbmc,CGAGAAGAGATGTTCC-1,1
pbmc,CGAGAAGAGCTTGTGT-1,1
pbmc,CGAGAAGGTAATGATG-1,1
pbmc,CGAGAAGGTCATAAAG-1,1
pbmc,CGAGAAGGTGTAGGAC-1,1
pbmc,CGAGAAGTCAAGTTGC-1,168
pbmc,CGAGAAGTCCAATGCA-1,89
pbmc,CGAGAAGTCCTGGGTG-1,1
pbmc,CGAGAAGTCGGTTAGT-1,1
pbmc,CGAGGAAAGGTCACAG-1,1
pbmc,CGAGGAAAGTCGCGAA-1,13
pbmc,CGAGGAACACTGATTG-1,30
pbmc,CGAGGAACAGGTTACT-1,1
pbmc,CGAGGAAGTAGATCCT-1,1
pbmc,CGAGGAAGTCCTGGGT-1,24
pbmc,CGAGGAATCGATTGGT-1,1
pbmc,CGAGGAATCTCAGAAC-1,1
pbmc,CGAGGCTAGCAAGCCA-1,1
pbmc,CGAGGCTCAGATCACT-1,17
pbmc,CGAGGCTCAGCATGCC-1,19
pbmc,CGAGGCTCATAATGCC-1,1
pbmc,CGAGGCTGTACGATCT-1,1
pbmc,CGAGGCTTCACACCCT-1,1
pbmc,CGAGTGCGTTCCGCGA-1,34
pbmc,CGAGTTAAGACGGAAA-1,1
pbmc,CGAGTTAAGATAGTGT-1,1
pbmc,CGAGTTACAACTGTGT-1,1
pbmc,CGAGTTAGTCGAGTTT-1,23
pbmc,CGATCGGCAATTGGTC-1,20
pbmc,CGATCGGCAGCGTGAA-1,19
pbmc,CGATCGGTCCATCTAT-1,1
pbmc,CGATGCGAGAGCAGTC-1,1
pbmc,CGATGCGAGCAGAAAG-1,13
pbmc,CGATGCGCACCCAACG-1,2
pbmc,CGATGCGGTTGCCAAT-1,1
pbmc,CGATGCGTCAAGAATG-1,1
pbmc,CGATGCGTCGAACCAT-1,17
pbmc,CGATGGCAGACATCCT-1,1
pbmc,CGATGGCAGAGCCGAT-1,1
pbmc,CGATGGCAGGAAAGGT-1,1
pbmc,CGATGGCCAACCTATG-1,1
pbmc,CGATGGCCACTCGATA-1,53
pbmc,CGATGGCGTAGCGTCC-1,28
pbmc,CGATGGCGTCTTGCGG-1,1
pbmc,CGCAGGTAGTGATCGG-1,1
pbmc,CGCAGGTCAGGAAGTC-1,1
pbmc,CGCAGGTGTGCTTCAA-1,16
pbmc,CGCAGGTTCTTCGGTC-1,1
pbmc,CGCATAAAGTGATGGC-1,46
pbmc,CGCATAACAATTTCCT-1,1
pbmc,CGCATAAGTGAACTAA-1,1
pbmc,CGCATAATCCGGTTCT-1,1
pbmc,CGCATGGAGGCCACTC-1,1
pbmc,CGCATGGGTCTGCATA-1,1
pbmc,CGCCAGAAGCACTCGC-1,2
pbmc,CGCCAGACAACCCTCT-1,1
pbmc,CGCCAGACATACATCG-1,1
pbmc,CGCCATTAGTCCCAAT-1,1
pbmc,CGCCATTCAAGCGGAT-1,1
pbmc,CGCCATTGTTCCCAAA-1,1
pbmc,CGCCATTTCTAGTACG-1,1
pbmc,CGCGTGAAGTCACGAG-1,1
pbmc,CGCGTGAAGTTAGTAG-1,1
pbmc,CGCGTGACATTGACCA-1,1
pbmc,CGCGTGAGTACAATAG-1,16
pbmc,CGGAACCAGCCACTCG-1,1
pbmc,CGGAACCGTATCACGT-1,25
pbmc,CGGAACCGTTTGCAGT-1,27
pbmc,CGGAACCTCGGTGCAC-1,1
pbmc,CGGAATTAGGTCGTAG-1,4
pbmc,CGGAATTCATGTGTCA-1,1
pbmc,CGGAATTGTGCATCTA-1,1
pbmc,CGGAATTTCGTGGGAA-1,1
pbmc,CGGACACAGAGCCGAT-1,1
pbmc,CGGACACAGGACAGCT-1,46
pbmc,CGGACACTCACCCTCA-1,1
pbmc,CGGAGAACAGAGGCAT-1,2
pbmc,CGGAGAACAGCAATTC-1,1
pbmc,CGGAGAAGTAAGGCTG-1,1
pbmc,CGGAGAAGTCAACACT-1,1
pbmc,CGGAGAATCCACAGGC-1,1
pbmc,CGGCAGTCACATCCCT-1,1
pbmc,CGGCAGTGTCGCTTAA-1,1
pbmc,CGGCAGTTCTGTCGTC-1,1
pbmc,CGGCAGTTCTTGTGCC-1,1
pbmc,CGGGACTGTTTCACTT-1,34
pbmc,CGGGCATTCGGTTAGT-1,1
pbmc,CGGGTCACAGAGTTGG-1,1
pbmc,CGGGTCAGTACTAAGA-1,1
pbmc,CGGGTCAGTTGTATGC-1,1
pbmc,CGGGTCATCTAGGCCG-1,1
pbmc,CGGGTGTCACAGCCAC-1,1
pbmc,CGGGTGTCACGAAGAC-1,1
pbmc,CGGGTGTGTTGCTAGT-1,1
pbmc,CGGGTGTTCCGACAGC-1,1
pbmc,CGGGTGTTCCGTGACG-1,32
pbmc,CGGTCAGAGACGCCCT-1,1
pbmc,CGGTCAGCATAGTCGT-1,1
pbmc,CGGTCAGCATGAGGGT-1,1
pbmc,CGGTCAGGTCATCTAG-1,1
pbmc,CGGTCAGTCAGGGATG-1,1
pbmc,CGTAAGTAGTGTTGAA-1,1
pbmc,CGTAAGTGTGATAGTA-1,38
pbmc,CGTAAGTGTTGTGTTG-1,1
pbmc,CGTAAGTTCTTCCCGA-1,1
pbmc,CGTAATGGTACCCGCA-1,1
pbmc,CGTAATGGTGCCTGAC-1,2
pbmc,CGTAATGGTTGCTCGG-1,1
pbmc,CGTAATGTCTCTGAGA-1,1
pbmc,CGTAGTACAATCTCGA-1,2
pbmc,CGTAGTACACTGCGTG-1,1
pbmc,CGTAGTATCAGCCCAA-1,1
pbmc,CGTAGTATCAGCCCAG-1,29
pbmc,CGTAGTATCGTAACTG-1,1
pbmc,CGTCAAAAGCCTGTGC-1,1
pbmc,CGTCAAACAAATGATG-1,1
pbmc,CGTCAAACAGAATGTA-1,31
pbmc,CGTCAAAGTCAGTTTG-1,1
pbmc,CGTCCATAGGGAGGCA-1,3
pbmc,CGTCCATGTCCGGTGT-1,1
pbmc,CGTCCATGTTTGGAAA-1,26
pbmc,CGTCCATTCTCTCTTC-1,1
pbmc,CGTGAATAGTCGGCCT-1,40
pbmc,CGTGAATCACAGTACT-1,1
pbmc,CGTGAATGTTCAAACC-1,1
pbmc,CGTGAATTCTGTCGTC-1,1
pbmc,CGTGATAAGGTTCTTG-1,1
pbmc,CGTGATATCATGCAGT-1,1
pbmc,CGTGATATCTGGTGGC-1,15
pbmc,CGTGCTTAGCTTTGTG-1,14
pbmc,CGTGCTTCAAGCGCTC-1,44
pbmc,CGTGCTTGTTTAGACC-1,39
pbmc,CGTGTCTCACAGTACT-1,30
pbmc,CGTGTCTCACATAGCT-1,1
pbmc,CGTGTCTCATGGGTTT-1,23
pbmc,CGTGTCTGTCAGTTTG-1,33
pbmc,CGTGTCTTCCGCTAGG-1,1
pbmc,CGTTAGAAGACTCAAA-1,1
pbmc,CGTTAGATCAGCCTCT-1,72
pbmc,CGTTAGATCATTATCC-1,68
pbmc,CGTTAGATCCAAGAGG-1,10
pbmc,CGTTAGATCCATAAGC-1,1
pbmc,CGTTAGATCTCCCATG-1,1
pbmc,CGTTCTGAGGGTCACA-1,1
pbmc,CGTTCTGAGGTCGTAG-1,1
pbmc,CGTTCTGAGTCCTGCG-1,1
pbmc,CGTTCTGCACTGTCGG-1,1
pbmc,CGTTCTGGTCGTTCAA-1,1
pbmc,CGTTCTGTCAGCGCAC-1,14
pbmc,CGTTCTGTCCCGAACG-1,35
pbmc,CGTTCTGTCCCGAGTG-1,1
pbmc,CGTTGGGCACCCGTAG-1,1
pbmc,CTAACCCAGCCGCTTG-1,18
pbmc,CTAACCCCACTTCAAG-1,48
pbmc,CTAACCCTCGCCAGAC-1,1
pbmc,CTAACCCTCGTTGCCT-1,1
pbmc,CTAACTTAGACTACCT-1,1
pbmc,CTAACTTAGCCTCACG-1,21
pbmc,CTAACTTAGGCGATAC-1,1
pbmc,CTAACTTCAAGCCCAC-1,1
pbmc,CTAACTTCACGCTGTG-1,1
pbmc,CTAACTTTCTCTCTTC-1,1
pbmc,CTAACTTTCTGGGCCA-1,1
pbmc,CTAAGTGCACAATGCT-1,34
pbmc,CTAAGTGCAGAAATTG-1,1
pbmc,CTAAGTGCAGCTAACT-1,2
pbmc,CTAAGTGGTCCACTCT-1,45
pbmc,CTACAGACAAAGGGTC-1,1
pbmc,CTACAGACAACAAAGT-1,127
pbmc,CTACAGACAGAGTTGG-1,1
pbmc,CTACAGACAGGAATAT-1,29
pbmc,CTACAGATCAGGAGAC-1,37
pbmc,CTACAGATCCATCCGT-1,1
pbmc,CTACAGATCCTTATGT-1,1
pbmc,CTACATTAGAGACAAG-1,1
pbmc,CTACATTCAATGTCTG-1,1
pbmc,CTACATTCAGGTATGG-1,1
pbmc,CTACATTGTCTCTCTG-1,1
pbmc,CTACATTTCATTATCC-1,1
pbmc,CTACATTTCTTAGCTT-1,1
pbmc,CTACCCAAGACATAGT-1,1
pbmc,CTACCCAAGGGTGAGG-1,1
pbmc,CTACCCAAGGTCCTGC-1,1
pbmc,CTACCCACAACTCCAA-1,1
pbmc,CTACCCAGTTCAGGTT-1,1
pbmc,CTACCCATCGAGAGCA-1,1
pbmc,CTACCTGAGAATTGTG-1,1
pbmc,CTACCTGAGCCTTTGA-1,1
pbmc,CTACCTGCAACGGGTA-1,4
pbmc,CTACCTGCATGGGCAA-1,1
pbmc,CTACCTGTCCCGAACA-1,1
pbmc,CTACCTGTCTCGAACA-1,34
pbmc,CTACGGGAGAGAAGGT-1,1
pbmc,CTACGGGAGTTAGTGA-1,1
pbmc,CTACGGGCATCCGTTC-1,1
pbmc,CTACGGGTCACCATAG-1,13
pbmc,CTACGGGTCGTTCAGA-1,24
pbmc,CTACTATAGACTCGAG-1,1
pbmc,CTACTATAGGTCGCCT-1,1
pbmc,CTACTATGTCCCTGAG-1,1
pbmc,CTACTATTCACGTCCT-1,1
pbmc,CTACTATTCGTCTACC-1,1
pbmc,CTAGACACACATACTG-1,1
pbmc,CTAGACACACGGCGTT-1,1
pbmc,CTAGACAGTCGTGGTC-1,34
pbmc,CTAGACAGTCTAACTG-1,39
pbmc,CTAGACATCGGAGTAG-1,1
pbmc,CTAGGTAAGGTAGACC-1,1
pbmc,CTAGGTATCGATGCAT-1,1
pbmc,CTAGGTATCGTAGGAG-1,2
pbmc,CTAGGTATCTAACGCA-1,35
pbmc,CTAGGTATCTCGCTCA-1,4
pbmc,CTATAGGCATGACGGA-1,1
pbmc,CTATCCGAGAGTTGAT-1,3
pbmc,CTATCCGAGCTGTTAC-1,31
pbmc,CTATCTAAGAACGCGT-1,1
pbmc,CTATCTACAGCTACCG-1,1
pbmc,CTATCTAGTTCGTACA-1,1
pbmc,CTATCTAGTTGGCCGT-1,1
pbmc,CTCAACCAGGAACGTC-1,1
pbmc,CTCAACCGTGGATGAC-1,43
pbmc,CTCAACCGTGTGTCGC-1,12
pbmc,CTCAACCTCCTACGAA-1,1
pbmc,CTCAACCTCCTTCAGC-1,1
pbmc,CTCAAGAAGATTACCC-1,37
pbmc,CTCAAGAAGTCATGGG-1,1
pbmc,CTCAAGACATCCTGTC-1,28
pbmc,CTCAAGAGTCAAAGAT-1,62
pbmc,CTCAAGAGTCACCTTC-1,1
pbmc,CTCAATTAGAACTTCC-1,1
pbmc,CTCAATTCAATTGCTG-1,1
pbmc,CTCAATTGTTTCGACA-1,1
pbmc,CTCAATTTCGGAAGGT-1,19
pbmc,CTCACTGAGAAAGGAT-1,1
pbmc,CTCACTGCAAGTTGGG-1,3
pbmc,CTCACTGCACCTTCCA-1,51
pbmc,CTCACTGCAGCCTGCA-1,1
pbmc,CTCACTGGTAGTGATA-1,1
pbmc,CTCACTGTCCTCTCTT-1,6
pbmc,CTCACTGTCTTTGGAG-1,1
pbmc,CTCAGAACAATTGTGC-1,36
pbmc,CTCAGAACATGTCAGT-1,1
pbmc,CTCAGAAGTACCTGTA-1,1
pbmc,CTCAGAAGTAGGCAAC-1,1
pbmc,CTCAGAAGTGAGATTA-1,1
pbmc,CTCAGGGAGAAATCCA-1,1
pbmc,CTCAGGGAGAGTTGCG-1,2
pbmc,CTCAGGGAGTCTGCAT-1,1
pbmc,CTCAGGGGTCATCGCG-1,31
pbmc,CTCAGGGGTCGTACTA-1,2
pbmc,CTCAGGGTCTCACCCA-1,64
pbmc,CTCAGTCAGGGACAGG-1,29
pbmc,CTCAGTCGTCTCACGG-1,1
pbmc,CTCATCGAGAGGCGTT-1,30
pbmc,CTCATCGTCGTACCTC-1,23
pbmc,CTCATGCAGATGGTAT-1,1
pbmc,CTCATGCAGCTTTCTT-1,1
pbmc,CTCATGCAGTTACGGG-1,1
pbmc,CTCATGCGTAAGCTCT-1,1
pbmc,CTCATGCTCCGAGAAG-1,1
pbmc,CTCATGCTCCGTGTCT-1,1
pbmc,CTCATGCTCGCACGAC-1,1
pbmc,CTCATGCTCGGACAAG-1,1
pbmc,CTCATTAAGGAAGTGA-1,46
pbmc,CTCATTACACCGCTGA-1,2
pbmc,CTCATTACAGGTCTCG-1,1
pbmc,CTCATTAGTGGTTTAC-1,1
pbmc,CTCATTATCGTACACA-1,55
pbmc,CTCCAACCAATCTCTT-1,31
pbmc,CTCCAACCACCCTCTA-1,1
pbmc,CTCCAACGTACCGTCG-1,1
pbmc,CTCCAACGTAGTGTGG-1,37
pbmc,CTCCAACGTCGAGTTT-1,2
pbmc,CTCCAACGTGTGGTCC-1,1
pbmc,CTCCAACTCCCAGGAC-1,1
pbmc,CTCCAACTCCCATTTA-1,1
pbmc,CTCCACAAGCTTTCCC-1,1
pbmc,CTCCACAGTACCTTCC-1,1
pbmc,CTCCACATCAAGGACG-1,1
pbmc,CTCCATGAGACAGCTG-1,25
pbmc,CTCCATGAGCTTCTAG-1,2
pbmc,CTCCATGAGGTACAAT-1,1
pbmc,CTCCATGGTGTTGACT-1,11
pbmc,CTCCATGTCATCGTAG-1,41
pbmc,CTCCATGTCGTCGATA-1,46
pbmc,CTCCCAAAGACTTCCA-1,1
pbmc,CTCCCAACACACAGCC-1,1
pbmc,CTCCCAACAGTCCGTG-1,1
pbmc,CTCCCAAGTGACTGTT-1,1
pbmc,CTCCCAAGTTGAGTCT-1,1
pbmc,CTCCCAATCAATCAGC-1,41
pbmc,CTCCCAATCGAGCCAC-1,1
pbmc,CTCCCTCAGAGAATCT-1,8
pbmc,CTCCCTCAGCAACTTC-1,1
pbmc,CTCCCTCAGCGCGTTC-1,33
pbmc,CTCCCTCCACCGGAAA-1,64
pbmc,CTCCCTCGTCCGGCAT-1,1
pbmc,CTCCCTCGTGTAACGG-1,1
pbmc,CTCCCTCGTTAACCTG-1,1
pbmc,CTCCCTCGTTTACGAC-1,36
pbmc,CTCCCTCTCAAACTCA-1,1
pbmc,CTCCCTCTCATCGCTC-1,24
pbmc,CTCCGATTCAAGTCGT-1,1
pbmc,CTCCGATTCCTTTAGT-1,36
pbmc,CTCCGATTCTTTCTAG-1,23
pbmc,CTCCTCCAGAGCACTG-1,1
pbmc,CTCCTCCCACAACGCC-1,1
pbmc,CTCCTCCCAGAAGTGC-1,1
pbmc,CTCCTCCCAGTGAGCA-1,1
pbmc,CTCCTCCTCAATGCAC-1,1
pbmc,CTCCTCCTCACCTCTG-1,41
pbmc,CTCCTCCTCCGTGGCA-1,1
pbmc,CTCCTCCTCCTTGGAA-1,1
pbmc,CTCCTTTAGATGCTGG-1,74
pbmc,CTCCTTTAGGAAGAAC-1,1
pbmc,CTCCTTTAGGCCCACT-1,1
pbmc,CTCCTTTAGTAATACG-1,1
pbmc,CTCCTTTCAAGTGGAC-1,1
pbmc,CTCCTTTCACCGTCTT-1,1
pbmc,CTCCTTTCACGCACCA-1,1
pbmc,CTCCTTTCACTGGATT-1,9
pbmc,CTCCTTTGTATCACCA-1,1
pbmc,CTCCTTTTCTACACTT-1,33
pbmc,CTCCTTTTCTCGACGG-1,1
pbmc,CTCGAGGAGAACTGAT-1,1
pbmc,CTCGAGGAGCCTATTG-1,18
pbmc,CTCGAGGAGGAAAGGT-1,33
pbmc,CTCGAGGCATCCAACA-1,1
pbmc,CTCTCAGAGACGGAAA-1,1
pbmc,CTCTCAGCATACTGTG-1,1
pbmc,CTCTCAGGTAAGTTGA-1,1
pbmc,CTCTCAGGTACGTAGG-1,1
pbmc,CTCTCAGGTGACCGAA-1,1
pbmc,CTCTCAGGTTAAGCAA-1,26
pbmc,CTCTCAGTCCCATTCG-1,1
pbmc,CTCTCGAAGCGCCTTG-1,1
pbmc,CTCTCGAAGTGAGTTA-1,1
pbmc,CTCTCGACACGGCACT-1,1
pbmc,CTCTCGAGTAAGCAAT-1,1
pbmc,CTCTCGAGTACAGAGC-1,1
pbmc,CTCTCGATCCATAGGT-1,16
pbmc,CTCTCGATCCGCCTAT-1,2
pbmc,CTCTGGTAGTAGGATT-1,3
pbmc,CTCTGGTCAAGCTGAG-1,1
pbmc,CTCTGGTTCCCAATAG-1,1
pbmc,CTCTGGTTCGACCAAT-1,1
pbmc,CTCTGGTTCGTCAGAT-1,1
pbmc,CTGAATGAGCTCTATG-1,19
pbmc,CTGAATGAGGATACGC-1,1
pbmc,CTGAATGAGGATTCCT-1,1
pbmc,CTGAATGAGGCGAACT-1,26
pbmc,CTGAATGAGGTCCGAA-1,1
pbmc,CTGAATGCACGCTATA-1,1
pbmc,CTGAATGGTCGAATGG-1,1
pbmc,CTGAATGGTGAACGGT-1,1
pbmc,CTGAATGTCTAGGCCG-1,1
pbmc,CTGAGGCAGAACTGAT-1,1
pbmc,CTGAGGCCAGCGATTT-1,1
pbmc,CTGAGGCGTTCAGCGC-1,19
pbmc,CTGAGGCTCGGTCTAA-1,1
pbmc,CTGATCCAGACGATAT-1,1
pbmc,CTGATCCAGGGCAAGG-1,1
pbmc,CTGATCCGTAGACAAT-1,2
pbmc,CTGATCCGTCGCGTCA-1,11
pbmc,CTGATCCTCCCTCTAG-1,35
pbmc,CTGCAGGAGCCATTGT-1,27
pbmc,CTGCATCAGCCGAACA-1,1
pbmc,CTGCATCAGCGTCAAG-1,11
pbmc,CTGCATCGTAAGATAC-1,1
pbmc,CTGCATCGTAAGCTCT-1,23
pbmc,CTGCATCTCAACCTTT-1,1
pbmc,CTGCATCTCTACCACC-1,1
pbmc,CTGCCATCAACCACGC-1,1
pbmc,CTGCCATCACAACGTT-1,1
pbmc,CTGCCATCACTACTTT-1,1
pbmc,CTGCCATGTCACGACC-1,2
pbmc,CTGCCATGTCGAAACG-1,3
pbmc,CTGCCATGTGCCTTTC-1,1
pbmc,CTGCCATTCAGTGTTG-1,44
pbmc,CTGCCATTCGGAACTT-1,43
pbmc,CTGCCTAAGAAACCAT-1,1
pbmc,CTGCCTAAGACTCATC-1,1
pbmc,CTGCCTAAGCTACAAA-1,1
pbmc,CTGCCTACAAGACTGG-1,17
pbmc,CTGCCTACACACGGTC-1,1
pbmc,CTGCCTAGTATCCTTT-1,1
pbmc,CTGCCTATCTCCAATT-1,1
pbmc,CTGCCTATCTTGATTC-1,29
pbmc,CTGCGAGAGATTAGAC-1,21
pbmc,CTGCGAGAGTGCACTT-1,43
pbmc,CTGCGAGCAACTTGCA-1,1
pbmc,CTGCGAGCAGATTAGA-1,1
pbmc,CTGCGAGCAGATTCGT-1,37
pbmc,CTGCGAGGTAGGTTTC-1,14
pbmc,CTGCGAGGTCCAGCGT-1,3
pbmc,CTGCGAGTCCCATACC-1,1
pbmc,CTGCGAGTCGTCGACG-1,1
pbmc,CTGCTCACAGCGTTTA-1,61
pbmc,CTGCTCAGTAGAGTTA-1,1
pbmc,CTGGACGAGACCTTTG-1,1
pbmc,CTGGACGAGGTCATCT-1,1
pbmc,CTGGACGCAACGATTC-1,50
pbmc,CTGGACGCACACGGTC-1,34
pbmc,CTGGACGGTAGTCACT-1,1
pbmc,CTGGACGGTCACTCTC-1,1
pbmc,CTGGACGGTCCGGTCA-1,1
pbmc,CTGGACGGTTCCCAAA-1,39
pbmc,CTGGACGTCTCATTTG-1,61
pbmc,CTGGCAGAGAATGTTG-1,1
pbmc,CTGGCAGCACTGTCGG-1,1
pbmc,CTGGCAGCAGTCGAGA-1,1
pbmc,CTGGCAGGTAACGATA-1,1
pbmc,CTGGCAGGTCACGTGC-1,2
pbmc,CTGGCAGGTTGCAAGG-1,5
pbmc,CTGGCAGTCGCACGAC-1,1
pbmc,CTGGCAGTCGTCTCAC-1,24
pbmc,CTGGTCTAGACGCCAA-1,1
pbmc,CTGGTCTAGGAGCTGT-1,1
pbmc,CTGGTCTCAAGGATGC-1,1
pbmc,CTGGTCTGTAGGAGGG-1,1
pbmc,CTGGTCTGTGCAGTGA-1,1
pbmc,CTGGTCTGTTACAGCT-1,1
pbmc,CTGGTCTTCATTCGTT-1,1
pbmc,CTGTACCCACAACGTT-1,1
pbmc,CTGTACCCATTGAGCT-1,1
pbmc,CTGTAGAAGGCACTAG-1,1
pbmc,CTGTAGACAGACACCC-1,1
pbmc,CTGTATTAGATCCTAC-1,1
pbmc,CTGTATTAGCAGGCTA-1,1
pbmc,CTGTCGTAGAACAGGA-1,1
pbmc,CTGTCGTAGCTGGCCT-1,34
pbmc,CTGTCGTCAAGACCGA-1,1
pbmc,CTGTCGTCACAAATAG-1,1
pbmc,CTGTCGTTCACTCACC-1,1
pbmc,CTGTGAAAGGAACGCT-1,20
pbmc,CTGTGAACATGGTACT-1,1
pbmc,CTGTGAATCATCGCTC-1,15
pbmc,CTGTGGGAGACATACA-1,1
pbmc,CTGTGGGAGACCAAGC-1,1
pbmc,CTGTGGGAGCGCACAA-1,1
pbmc,CTGTGGGCAAAGGCGT-1,1
pbmc,CTGTGGGGTCACCGAC-1,1
pbmc,CTGTGGGGTCGTGATT-1,44
pbmc,CTGTGGGGTGACGTCC-1,1
pbmc,CTGTGGGGTGCTCTTC-1,1
pbmc,CTGTGGGTCAAGCCAT-1,1
pbmc,CTGTGGGTCGCTGTTC-1,2
pbmc,CTGTGGGTCTCTCCGA-1,1
pbmc,CTTACCGAGTGGAAAG-1,1
pbmc,CTTACCGCAATGTTGC-1,1
pbmc,CTTACCGCATGTGGTT-1,12
pbmc,CTTACCGGTTCTGACA-1,1
pbmc,CTTACCGGTTTCTTAC-1,3
pbmc,CTTAGGAGTCTGTGGC-1,19
pbmc,CTTAGGATCTCCGTGT-1,2
pbmc,CTTCAATAGAAGCTGC-1,1
pbmc,CTTCAATCAAAGGCGT-1,1
pbmc,CTTCAATCAGTCAGCC-1,1
pbmc,CTTCAATGTCACTTCC-1,1
pbmc,CTTCAATGTTGGACTT-1,31
pbmc,CTTCAATTCGAGAGCA-1,5
pbmc,CTTCCGACAGCTGTTA-1,1
pbmc,CTTCCGAGTTCAAGTC-1,1
pbmc,CTTCCGAGTTCTAAGC-1,1
pbmc,CTTCCTTAGAGGTATT-1,1
pbmc,CTTCCTTGTATAGGAT-1,1
pbmc,CTTCGGTAGACGAAGA-1,1
pbmc,CTTCGGTCACGTTCGG-1,24
pbmc,CTTCGGTTCCAAGAGG-1,22
pbmc,CTTCGGTTCCCTATTA-1,1
pbmc,CTTCTAAAGTCACTGT-1,1
pbmc,CTTCTAACAACAAGAT-1,1
pbmc,CTTCTAATCCCTAGGG-1,1
pbmc,CTTCTAATCGCGGACT-1,1
pbmc,CTTCTCTCAACCAGAG-1,1
pbmc,CTTCTCTTCCGTTTCG-1,1
pbmc,CTTCTCTTCCTACAAG-1,27
pbmc,CTTGAGAAGAATTGCA-1,37
pbmc,CTTGAGAGTTAAACAG-1,1
pbmc,CTTGAGATCCATGCAA-1,1
pbmc,CTTGAGATCCCATGGG-1,1
pbmc,CTTGAGATCCCGAGGT-1,8
pbmc,CTTGAGATCGGTGAAG-1,1
pbmc,CTTGAGATCGTTGCCT-1,1
pbmc,CTTGATTAGCCTGCCA-1,1
pbmc,CTTGATTAGGTAGGCT-1,19
pbmc,CTTTCAACAGTTACCA-1,1
pbmc,CTTTCAAGTCAGGTGA-1,1
pbmc,CTTTCAAGTGTCATGT-1,1
pbmc,CTTTCAATCACAAGGG-1,1
pbmc,CTTTCAATCGGCTCTT-1,1
pbmc,CTTTCGGGTGCGTCGT-1,2
pbmc,CTTTCGGTCATTATCC-1,1
pbmc,CTTTCGGTCCGATCTC-1,1
pbmc,CTTTCGGTCGCTAGCG-1,1
pbmc,GAAACCTAGGAGGTTC-1,17
pbmc,GAAACCTGTATAGCTC-1,1
pbmc,GAAACCTGTGACTCTA-1,1
pbmc,GAAACCTTCATTTCGT-1,1
pbmc,GAAATGAAGAACTCCT-1,1
pbmc,GAAATGAAGATACCAA-1,1
pbmc,GAAATGAAGCTACTGT-1,1
pbmc,GAAATGACAAAGTATG-1,2
pbmc,GAAATGACAATACCTG-1,1
pbmc,GAAATGAGTGAGCGAT-1,1
pbmc,GAAATGATCTCGCAGG-1,1
pbmc,GAACACTAGTTGGCTT-1,1
pbmc,GAACACTCACGTAGTT-1,1
pbmc,GAACACTGTTCAAGTC-1,1
pbmc,GAACACTGTTGGACTT-1,31
pbmc,GAACACTTCCATATGG-1,1
pbmc,GAACACTTCCCTCGTA-1,1
pbmc,GAACACTTCGCCCAGA-1,1
pbmc,GAACACTTCTGGTGCG-1,1
pbmc,GAACGTTGTCAGGAGT-1,20
pbmc,GAACGTTGTGACTCGC-1,2
pbmc,GAACGTTGTGTCACAT-1,1
pbmc,GAACTGTAGCATAGGC-1,1
pbmc,GAACTGTAGGGAGGCA-1,1
pbmc,GAACTGTCATCGAACT-1,32
pbmc,GAACTGTTCTCAAAGC-1,41
pbmc,GAAGAATAGGTACAAT-1,33
pbmc,GAAGAATGTCTGATAC-1,1
pbmc,GAAGAATGTGTTCCAA-1,1
pbmc,GAAGAATGTTAAGGAT-1,1
pbmc,GAAGAATTCCTATTGT-1,1
pbmc,GAAGCCCAGTTGGCGA-1,9
pbmc,GAAGCCCCACGCAGTC-1,1
pbmc,GAAGCCCCAGGAACCA-1,69
pbmc,GAAGCCCTCTCATGGA-1,1
pbmc,GAAGCCCTCTCATTTG-1,1
pbmc,GAAGCGAAGTAAACAC-1,1
pbmc,GAAGCGACAGAATGTA-1,1
pbmc,GAAGCGACAGAGGCAT-1,1
pbmc,GAAGCGACATCATCTT-1,1
pbmc,GAAGCGAGTATGCTTG-1,1
pbmc,GAAGCGATCAGTAGGG-1,23
pbmc,GAAGCGATCCGAAGGA-1,1
pbmc,GAAGGACAGAAGCGCT-1,1
pbmc,GAAGGACAGCTACAAA-1,1
pbmc,GAAGGACCACGTGTGC-1,1
pbmc,GAAGGACCAGCCTATA-1,1
pbmc,GAAGGACGTCTGCCTT-1,38
pbmc,GAAGGACGTTACCTTT-1,1
pbmc,GAAGGACGTTCTATCT-1,1
pbmc,GAAGGACTCGACCTAA-1,1
pbmc,GAAGGGTGTAGTGATA-1,1
pbmc,GAAGGGTGTGTGTTTG-1,1
pbmc,GAAGGGTTCCTTCTGG-1,1
pbmc,GAAGGGTTCGACATAC-1,1
pbmc,GAAGGGTTCGCAGATT-1,11
pbmc,GAAGTAAGTATGGGAC-1,1
pbmc,GAAGTAAGTCTAGATC-1,25
pbmc,GAATAGAAGGAGAGGC-1,1
pbmc,GAATAGAGTTGTGGCC-1,1
pbmc,GAATAGATCAACTGGT-1,1
pbmc,GAATAGATCGAAGGAC-1,1
pbmc,GAATAGATCTACGGTA-1,1
pbmc,GAATCACAGCCGATAG-1,1
pbmc,GAATCACAGGAGCAAA-1,1
pbmc,GAATCACAGTAGGATT-1,1
pbmc,GAATCACCACGTACTA-1,1
pbmc,GAATCACCACTGTCGG-1,1
pbmc,GAATCACCAGTGGTGA-1,33
pbmc,GAATCGTGTGTTAACC-1,1
pbmc,GAATCGTTCCTCACCA-1,1
pbmc,GACACGCAGCCAGGAC-1,1
pbmc,GACACGCCAGCACCCA-1,1
pbmc,GACACGCCAGTCCGTG-1,11
pbmc,GACACGCGTAATCAAG-1,2
pbmc,GACACGCGTATTTCGG-1,1
pbmc,GACACGCGTTCCAAAC-1,37
pbmc,GACACGCTCACAGAGG-1,1
pbmc,GACACGCTCGCTATTT-1,1
pbmc,GACAGCCCAGCGTGCT-1,1
pbmc,GACAGCCCATCCGGTG-1,1
pbmc,GACAGCCCATGACAGG-1,1
pbmc,GACAGCCGTATCGTGT-1,29
pbmc,GACATCAAGGGTTAAT-1,1
pbmc,GACATCACAAATGAGT-1,1
pbmc,GACATCAGTAACGATA-1,4
pbmc,GACATCATCACAAGGG-1,1
pbmc,GACCAATCAGCCGGTT-1,1
pbmc,GACCCAGAGTCGAAGC-1,1
pbmc,GACCCTTCAGCGTATT-1,66
pbmc,GACCCTTCATCATCTT-1,27
pbmc,GACCCTTCATCGGAAG-1,1
pbmc,GACCCTTGTGAACCGA-1,1
pbmc,GACCCTTGTTGGGATG-1,1
pbmc,GACCCTTTCGATTCCC-1,1
pbmc,GACCGTGAGATAACAC-1,1
pbmc,GACCGTGCACAGTCCG-1,1
pbmc,GACCGTGGTACTCGCG-1,1
pbmc,GACCGTGGTCAGGTAG-1,1
pbmc,GACCGTGTCATGAAAG-1,1
pbmc,GACCTTCAGTGCGACA-1,1
pbmc,GACCTTCCACCTGCGA-1,27
pbmc,GACCTTCGTATCAGCT-1,1
pbmc,GACCTTCGTCGAGCTC-1,24
pbmc,GACCTTCGTCTGTTAG-1,1
pbmc,GACGCTGAGTATGAGT-1,1
pbmc,GACGCTGAGTTGGACG-1,2
pbmc,GACGCTGCAGAGTAAT-1,1
pbmc,GACGCTGGTCTGTCAA-1,1
pbmc,GACGCTGGTGCATGTT-1,1
pbmc,GACGCTGGTTTAGTCG-1,1
pbmc,GACGTTAAGTCTTGGT-1,1
pbmc,GACGTTAGTCACTCGG-1,3
pbmc,GACGTTATCCAAGGGA-1,1
pbmc,GACTATGCAAACTAGA-1,1
pbmc,GACTATGCAACTTGGT-1,1
pbmc,GACTATGCAGTCCCGA-1,15
pbmc,GACTATGCATCATTGG-1,39
pbmc,GACTATGTCAACCGAT-1,1
pbmc,GACTATGTCCAAGGGA-1,35
pbmc,GACTATGTCCTGCCAT-1,1
pbmc,GACTCAAAGGCTCTCG-1,1
pbmc,GACTCAAAGGTCATCT-1,1
pbmc,GACTCAAAGTCCTACA-1,1
pbmc,GACTCAACACTCTCGT-1,1
pbmc,GACTCAATCTAGTGAC-1,11
pbmc,GACTCAATCTCCCAAC-1,41
pbmc,GACTCAATCTCCCAGC-1,1
pbmc,GACTCTCAGATGCTTC-1,1
pbmc,GACTCTCGTAGCGAGT-1,1
pbmc,GACTCTCGTGGTTCTA-1,1
pbmc,GACTCTCTCAGACCGC-1,1
pbmc,GACTCTCTCCCATGGG-1,1
pbmc,GACTCTCTCGAATGCT-1,1
pbmc,GACTGATAGATCCAAA-1,1
pbmc,GACTGATGTTCACGAT-1,1
pbmc,GACTGATTCATCCTAT-1,15
pbmc,GACTGATTCTCGTCGT-1,1
pbmc,GACTTCCAGCTGCCAC-1,1
pbmc,GACTTCCTCCTCTAGC-1,38
pbmc,GACTTCCTCCTGTACC-1,1
pbmc,GAGAAATCAGATACCT-1,1
pbmc,GAGAAATCAGTCGGTC-1,1
pbmc,GAGAAATCATTGGATC-1,37
pbmc,GAGAAATGTGCGACAA-1,1
pbmc,GAGAAATGTGTAGCAG-1,1
pbmc,GAGAAATGTGTCTTCC-1,1
pbmc,GAGACCCAGTAGGATT-1,58
pbmc,GAGACCCTCGAGAAGC-1,1
pbmc,GAGACTTAGCAACCAG-1,1
pbmc,GAGACTTAGTCACTCA-1,41
pbmc,GAGACTTCAGGCTATT-1,29
pbmc,GAGACTTGTCCGGACT-1,1
pbmc,GAGACTTGTGGCCACT-1,1
pbmc,GAGACTTTCGTTCTCG-1,1
pbmc,GAGAGGTGTAATCAAG-1,1
pbmc,GAGAGGTGTCTCACGG-1,1
pbmc,GAGAGGTTCATAGACC-1,39
pbmc,GAGAGGTTCGAAACAA-1,1
pbmc,GAGATGGCATGATGCT-1,1
pbmc,GAGATGGCATGTAACC-1,22
pbmc,GAGATGGGTCTCGGAC-1,1
pbmc,GAGATGGTCGAAACAA-1,2
pbmc,GAGCCTGAGCGCACAA-1,7
pbmc,GAGCCTGAGGCAGCTA-1,64
pbmc,GAGCCTGCAATTGAGA-1,1
pbmc,GAGCCTGCAGTCTCTC-1,31
pbmc,GAGCCTGCATCCAACA-1,1
pbmc,GAGCCTGGTCCACGCA-1,33
pbmc,GAGCTGCAGGTGCAGT-1,1
pbmc,GAGCTGCGTCGGATTT-1,24
pbmc,GAGCTGCGTCTAATCG-1,1
pbmc,GAGCTGCTCTGGAAGG-1,1
pbmc,GAGGCAAAGTCACGAG-1,33
pbmc,GAGGCAACAGAGGTAC-1,1
pbmc,GAGGCAACATCCTGTC-1,1
pbmc,GAGGCAATCTTCCCAG-1,1
pbmc,GAGGCCTTCAAACGTC-1,1
pbmc,GAGGCCTTCTCTCTTC-1,1
pbmc,GAGGGATAGACCCGCT-1,1
pbmc,GAGGGATCACTTGGCG-1,34
pbmc,GAGGGATGTTCGGTTA-1,1
pbmc,GAGGGTACAGTTTCAG-1,40
pbmc,GAGGGTAGTCAACACT-1,41
pbmc,GAGGGTAGTCACTGAT-1,1
pbmc,GAGGGTAGTTCATCTT-1,1
pbmc,GAGGGTATCCTTATGT-1,1
pbmc,GAGGGTATCTGTCCCA-1,32
pbmc,GAGTCATAGGGTTGCA-1,25
pbmc,GAGTCATGTGAGTTGG-1,1
pbmc,GAGTCTAAGACTCTAC-1,1
pbmc,GAGTCTAAGGTGCGAT-1,1
pbmc,GAGTCTAAGTGCGTCC-1,1
pbmc,GAGTCTACAAAGTATG-1,1
pbmc,GAGTCTACAATCCAGT-1,1
pbmc,GAGTCTACAGCTGTAT-1,1
pbmc,GAGTGAGAGCACCGTC-1,1
pbmc,GAGTGAGAGGCTTCCG-1,1
pbmc,GAGTGAGGTCGGCTAC-1,29
pbmc,GAGTGTTCACAAGCTT-1,18
pbmc,GAGTGTTGTACGTAGG-1,23
pbmc,GAGTGTTGTGGCACTC-1,1
pbmc,GAGTGTTGTGTCATTG-1,1
pbmc,GAGTGTTTCAAAGGAT-1,1
pbmc,GAGTGTTTCGCTGATA-1,1
pbmc,GAGTTACAGACGACGT-1,30
pbmc,GAGTTACTCATTCGGA-1,1
pbmc,GAGTTGTAGCGTTACT-1,50
pbmc,GAGTTGTAGCGTTCAT-1,1
pbmc,GAGTTGTAGTGCGTCC-1,10
pbmc,GAGTTGTAGTGGACTG-1,2
pbmc,GAGTTGTAGTTACTGT-1,1
pbmc,GAGTTGTCAAGAGTAT-1,1
pbmc,GAGTTGTCACGGTGCT-1,31
pbmc,GAGTTGTCAGACCCGT-1,1
pbmc,GAGTTGTCAGTTCACA-1,1
pbmc,GAGTTGTCATTGGGAG-1,1
pbmc,GAGTTTGAGCTCATAC-1,1
pbmc,GAGTTTGGTGCGGTAA-1,1
pbmc,GATAGAAAGTGTTGTC-1,2
pbmc,GATAGAACAAGACGAC-1,1
pbmc,GATAGAAGTCTTAGTG-1,1
pbmc,GATAGCTGTAGGCAGT-1,1
pbmc,GATAGCTGTCCATACA-1,1
pbmc,GATAGCTGTCGGAAAC-1,45
pbmc,GATAGCTGTCTGTTAG-1,21
pbmc,GATAGCTGTTCATCGA-1,1
pbmc,GATAGCTTCACGGACC-1,1
pbmc,GATAGCTTCGTGCAGC-1,10
pbmc,GATCACAAGATCGCTT-1,1
pbmc,GATCACAAGGATGTTA-1,1
pbmc,GATCACACACCCTGTT-1,264
pbmc,GATCACACACTGTTAG-1,1
pbmc,GATCACATCCACAAGT-1,2
pbmc,GATCAGTAGAGAGTTC-1,1
pbmc,GATCAGTAGCACTCGC-1,1
pbmc,GATCAGTAGGAACATT-1,29
pbmc,GATCAGTAGTGCGCTC-1,44
pbmc,GATCAGTCATTGTGCA-1,1
pbmc,GATCAGTGTTACAGCT-1,34
pbmc,GATCATGAGACATCAA-1,1
pbmc,GATCATGAGGCCTAAG-1,40
pbmc,GATCATGGTAGCTTAC-1,1
pbmc,GATCATGTCCGTTTCG-1,1
pbmc,GATCCCTAGAGGATGA-1,21
pbmc,GATCCCTAGCTGAGTG-1,1
pbmc,GATCCCTGTAATTAGG-1,33
pbmc,GATCCCTTCCATAGGT-1,1
pbmc,GATCGTACAAATGATG-1,2
pbmc,GATCGTACACCGTCTT-1,1
pbmc,GATCGTACAGCGCGTT-1,35
pbmc,GATCGTAGTCTAACGT-1,1
pbmc,GATCGTATCTCTGGTC-1,24
pbmc,GATGACTAGAGGTTAT-1,8
pbmc,GATGACTAGCGAACTG-1,1
pbmc,GATGACTAGGTGATAT-1,1
pbmc,GATGACTGTTAGGGTG-1,1
pbmc,GATGACTTCGTGGCGT-1,35
pbmc,GATGACTTCTCTAGGA-1,31
pbmc,GATGAGGCAAATGCGG-1,19
pbmc,GATGAGGCAAGAATGT-1,1
pbmc,GATGAGGCACAGTCAT-1,1
pbmc,GATGAGGCACTAGGCC-1,1
pbmc,GATGAGGGTCGTATTG-1,1
pbmc,GATGATCGTATGGAAT-1,18
pbmc,GATGATCGTGTAACGG-1,17
pbmc,GATGCTAAGCTCGCAC-1,1
pbmc,GATGCTAGTACAGGTG-1,24
pbmc,GATGCTAGTAGCCAGA-1,1
pbmc,GATGCTATCCTACGAA-1,30
pbmc,GATGGAGAGCCAGACA-1,61
pbmc,GATGGAGAGCCGCACT-1,1
pbmc,GATGGAGAGGCTAAAT-1,1
pbmc,GATGGAGCACTTGAAC-1,52
pbmc,GATGGAGCAGTGTACT-1,1
pbmc,GATGGAGTCCCTGGTT-1,1
pbmc,GATGGAGTCCGTGCGA-1,1
pbmc,GATGGAGTCGATGCTA-1,1
pbmc,GATGGAGTCTGCGGCA-1,27
pbmc,GATGGAGTCTTCCAGC-1,17
pbmc,GATGTTGAGGGCAACT-1,1
pbmc,GATGTTGCACTCCTTG-1,1
pbmc,GATGTTGCAGAGGCAT-1,1
pbmc,GATGTTGTCCGAGCTG-1,1
pbmc,GATTCGAGTACCATAC-1,1
pbmc,GATTCGAGTACGCGTC-1,1
pbmc,GATTCGAGTCGCACGT-1,8
pbmc,GATTCGATCGGCTGTG-1,1
pbmc,GATTCTTCAAGATGTA-1,1
pbmc,GATTCTTCAGAGGACT-1,1
pbmc,GATTCTTGTACAGTCT-1,34
pbmc,GATTCTTGTAGCTTAC-1,1
pbmc,GATTCTTGTTCCCACT-1,1
pbmc,GATTGGTAGAGTTGAT-1,1
pbmc,GATTGGTAGGCTGGAT-1,19
pbmc,GATTGGTCATGCTGCG-1,8
pbmc,GATTGGTGTATCGCAT-1,1
pbmc,GATTGGTGTTGAGAGC-1,20
pbmc,GATTTCTCAAGTGGGT-1,37
pbmc,GATTTCTCAGGGCTTC-1,1
pbmc,GATTTCTGTCGTCGGT-1,13
pbmc,GATTTCTTCCTTCAGC-1,37
pbmc,GATTTCTTCGTTCATT-1,1
pbmc,GCAACATAGATGTTGA-1,1
pbmc,GCAACATCAAATTGCC-1,1
pbmc,GCAACATCACTTGAGT-1,1
pbmc,GCAACATTCTTTGCTA-1,1
pbmc,GCAACCGAGACTACCT-1,1
pbmc,GCAACCGAGGTGGGTT-1,1
pbmc,GCAACCGCATTCAGCA-1,1
pbmc,GCAACCGTCATTTCCA-1,36
pbmc,GCAACCGTCCTCGATC-1,1
pbmc,GCAACCGTCGAACGGA-1,21
pbmc,GCAACCGTCGCGTGCA-1,2
pbmc,GCACATACAACGATTC-1,1
pbmc,GCACATACATCTCCCA-1,1
pbmc,GCACATAGTATGAGGC-1,1
pbmc,GCACATAGTGCAACGA-1,1
pbmc,GCACGGTAGACTGTTC-1,1
pbmc,GCACGGTAGTAGTCTC-1,29
pbmc,GCACGGTAGTTCCGGC-1,1
pbmc,GCACGGTCAAAGGCGT-1,1
pbmc,GCACGGTCAAGAGATT-1,1
pbmc,GCACGGTCACCCAACG-1,31
pbmc,GCACGGTGTGAGATAT-1,1
pbmc,GCACGGTTCGGTCATA-1,1
pbmc,GCACGTGCAGAAGTTA-1,1
pbmc,GCACGTGGTCCATAGT-1,1
pbmc,GCACGTGGTTTAGACC-1,1
pbmc,GCACGTGTCAGACATC-1,25
pbmc,GCACTAAAGAATCGAT-1,1
pbmc,GCACTAAAGGTATCTC-1,1
pbmc,GCACTAATCGCGTGCA-1,5
pbmc,GCACTAATCTCTCCGA-1,1
pbmc,GCAGCCAAGAGGTCAC-1,22
pbmc,GCAGCCAAGCAACCAA-1,1
pbmc,GCAGCCAAGTCGGGAT-1,1
pbmc,GCAGCCACACAAATAG-1,1
pbmc,GCAGCCACATACATCG-1,29
pbmc,GCAGCCAGTCATATGC-1,1
pbmc,GCAGCCAGTTGCGTAT-1,40
pbmc,GCAGCCATCACCGGGT-1,29
pbmc,GCAGCTGCAAAGCTAA-1,1
pbmc,GCAGCTGCAAATAAGC-1,1
pbmc,GCAGCTGCATGTACGT-1,1
pbmc,GCAGCTGGTAAGTTAG-1,56
pbmc,GCAGCTGGTGGGTCAA-1,28
pbmc,GCAGCTGGTTGTTGAC-1,1
pbmc,GCAGCTGTCAAAGCCT-1,52
pbmc,GCAGCTGTCCATGAGT-1,1
pbmc,GCAGCTGTCCTAAACG-1,1
pbmc,GCAGCTGTCCTTCTGG-1,41
pbmc,GCAGGCTTCCAATGCA-1,1
pbmc,GCAGTTACACATTCTT-1,13
pbmc,GCAGTTATCTATTTCG-1,1
pbmc,GCAGTTATCTCTCTTC-1,62
pbmc,GCATCGGGTAACGATA-1,59
pbmc,GCATCTCCAATTCGTG-1,1
pbmc,GCATCTCGTCTGTCCT-1,1
pbmc,GCATCTCTCACTTATC-1,1
pbmc,GCATGATAGCAAATGT-1,3
pbmc,GCATGATAGTAACGAT-1,1
pbmc,GCATGATGTACGCTTA-1,1
pbmc,GCATGATGTCGAGTGA-1,1
pbmc,GCATGATGTCGCCTAG-1,1
pbmc,GCATGATTCATGGAGG-1,1
pbmc,GCATTAGAGTGGTTAA-1,1
pbmc,GCATTAGCATACTTTC-1,1
pbmc,GCATTAGGTCGCATGC-1,1
pbmc,GCATTAGTCCAAGCAT-1,1
pbmc,GCCAACGCAAGTACCT-1,1
pbmc,GCCAACGCAGAACATA-1,1
pbmc,GCCAACGGTAAGACCG-1,1
pbmc,GCCAACGGTACGCGTC-1,3
pbmc,GCCAACGGTAGTACGG-1,1
pbmc,GCCAACGTCCGGTTCT-1,1
pbmc,GCCAACGTCCGTGCGA-1,1
pbmc,GCCAACGTCTAACGCA-1,32
pbmc,GCCAACGTCTCAAAGC-1,1
pbmc,GCCAACGTCTGCATAG-1,33
pbmc,GCCAGCAAGGTGCCAA-1,1
pbmc,GCCAGCACAGAGGGTT-1,1
pbmc,GCCAGCACATATTCGG-1,1
pbmc,GCCAGCATCTACTCAT-1,1
pbmc,GCCAGGTCAAAGAACT-1,1
pbmc,GCCAGGTGTCACTCTC-1,1
pbmc,GCCAGGTGTTAGAAAC-1,52
pbmc,GCCAGTGAGCACTAAA-1,1
pbmc,GCCAGTGAGTCCTACA-1,16
pbmc,GCCAGTGAGTTCATGC-1,1
pbmc,GCCAGTGGTTCTCGCT-1,1
pbmc,GCCAGTGTCTAGCAAC-1,1
pbmc,GCCATGGAGACTCATC-1,1
pbmc,GCCATGGCAGTTAGGG-1,3
pbmc,GCCATGGCAGTTCTAG-1,1
pbmc,GCCATGGTCGTAACTG-1,1
pbmc,GCCATGGTCTCGGTAA-1,1
pbmc,GCCATTCCAGGTATGG-1,1
pbmc,GCCCAGACAGCATTGT-1,1
pbmc,GCCCGAACATCCGTGG-1,1
pbmc,GCCCGAAGTCTCACAA-1,1
pbmc,GCCCGAAGTGACTGTT-1,1
pbmc,GCCCGAATCCTGTTAT-1,1
pbmc,GCCGATGAGGCGAAGG-1,19
pbmc,GCCGATGAGTAACCTC-1,24
pbmc,GCCGATGAGTCACTCA-1,1
pbmc,GCCGATGCAGAGTTGG-1,1
pbmc,GCCGATGCATCTTTCA-1,38
pbmc,GCCGTGACAACGACTT-1,16
pbmc,GCCGTGACATGCCGGT-1,26
pbmc,GCCGTGAGTTGCACGC-1,1
pbmc,GCCTGTTAGGCAATGC-1,1
pbmc,GCCTGTTCACAGTCAT-1,38
pbmc,GCCTGTTGTATCGTAC-1,1
pbmc,GCCTGTTGTCACGCTG-1,1
pbmc,GCGAGAAAGTTGTAGA-1,53
pbmc,GCGAGAATCCTCAGAA-1,28
pbmc,GCGATCGTCAACGAGG-1,1
pbmc,GCGGAAAGTACATACC-1,1
pbmc,GCGGAAAGTCTGTTAG-1,1
pbmc,GCGGAAAGTGTGTCCG-1,31
pbmc,GCGGAAAGTGTTTACG-1,1
pbmc,GCGGAAATCCATTTAC-1,1
pbmc,GCGGATCAGCAACTTC-1,21
pbmc,GCGGATCAGTGAACAT-1,1
pbmc,GCGGATCCACCCTATC-1,1
pbmc,GCGGATCCACGCGTGT-1,1
pbmc,GCGGATCCAGGCTATT-1,1
pbmc,GCGGATCCATCCGTGG-1,1
pbmc,GCGGATCTCGGTTAGT-1,1
pbmc,GCGTGCAAGCCGGATA-1,1
pbmc,GCGTGCAGTAGGAGTC-1,1
pbmc,GCGTGCATCCTACGAA-1,1
pbmc,GCGTGCATCTGTCGTC-1,1
pbmc,GCGTTTCAGTCTAGCT-1,12
pbmc,GCTACAAAGGTACAAT-1,1
pbmc,GCTACAAAGTCACTCA-1,1
pbmc,GCTACAACACTGTGAT-1,2
pbmc,GCTACAAGTCAGCTTA-1,15
pbmc,GCTACCTAGGCCTGAA-1,1
pbmc,GCTACCTCAACCCTAA-1,1
pbmc,GCTACCTCACGCACCA-1,43
pbmc,GCTACCTCAGAGGAAA-1,1
pbmc,GCTACCTGTCATGACT-1,1
pbmc,GCTACCTGTCCTACAA-1,40
pbmc,GCTACCTGTGAGACGT-1,1
pbmc,GCTACCTTCTTGATTC-1,1
pbmc,GCTCAAAAGCTCGGCT-1,1
pbmc,GCTCAAACAAGTGGAC-1,1
pbmc,GCTCAAAGTGTGCCTG-1,1
pbmc,GCTCAAATCGAAACAA-1,2
pbmc,GCTGAATAGCACTCTA-1,37
pbmc,GCTGAATCACACGGAA-1,35
pbmc,GCTGAATTCGTTAGTG-1,50
pbmc,GCTGAATTCTTACCGC-1,1
pbmc,GCTGCAGAGGGCAGAG-1,39
pbmc,GCTGCAGAGGTTATAG-1,1
pbmc,GCTGCAGCACACGGTC-1,1
pbmc,GCTGCAGGTAAGTTGA-1,1
pbmc,GCTGCAGGTCCAAATC-1,1
pbmc,GCTGCAGGTGCTGATT-1,24
pbmc,GCTGCAGGTTGACGGA-1,24
pbmc,GCTGGGTAGTACAACA-1,28
pbmc,GCTGGGTCAAGAATAC-1,1
pbmc,GCTGGGTCATAAGCAA-1,1
pbmc,GCTGGGTTCGTTGTGA-1,1
pbmc,GCTTCACCAACACGAG-1,79
pbmc,GCTTCACCAACCCGCA-1,1
pbmc,GCTTCACGTTCCATTT-1,1
pbmc,GCTTCACTCATATGGC-1,1
pbmc,GCTTGGGAGAAGGTAG-1,61
pbmc,GCTTGGGAGGCTGTAG-1,1
pbmc,GCTTGGGGTAGCTTAC-1,1
pbmc,GCTTGGGGTTCCTAGA-1,1
pbmc,GCTTGGGTCTAGATCG-1,1
pbmc,GCTTTCGAGCGACTGA-1,1
pbmc,GCTTTCGAGTGCAAAT-1,40
pbmc,GCTTTCGGTGTTCGTA-1,1
pbmc,GCTTTCGGTTCGGGTC-1,20
pbmc,GCTTTCGTCAGGTAAA-1,1
pbmc,GCTTTCGTCCGGTAGC-1,37
pbmc,GCTTTCGTCTGGGTCG-1,59
pbmc,GGAACCCAGCCATTTG-1,49
pbmc,GGAACCCCATAGTCAC-1,1
pbmc,GGAACCCCATATTCGG-1,1
pbmc,GGAACCCCATCGATCA-1,1
pbmc,GGAACCCTCTAATTCC-1,38
pbmc,GGAACCCTCTGTCGTC-1,1
pbmc,GGAAGTGCAACCCTCT-1,22
pbmc,GGAATCTCAAACTGCT-1,40
pbmc,GGAATCTCACCCTGAG-1,1
pbmc,GGAATCTCAGATCCTA-1,1
pbmc,GGAATCTTCAATCCCT-1,1
pbmc,GGAATCTTCAATCTCT-1,47
pbmc,GGAATCTTCATCTCTA-1,1
pbmc,GGAATGGAGGACTAAT-1,48
pbmc,GGAATGGCACGACGCT-1,15
pbmc,GGAATGGCAGATACTC-1,1
pbmc,GGAATGGGTGCACATT-1,1
pbmc,GGACGTCCAATAGGGC-1,1
pbmc,GGACGTCGTTCAACGT-1,53
pbmc,GGACGTCTCCCTCGAT-1,1
pbmc,GGAGAACGTGCCCACA-1,11
pbmc,GGAGAACGTTTACTTC-1,1
pbmc,GGAGAACTCGGTTAGT-1,1
pbmc,GGAGATGGTAGTCGTT-1,1
pbmc,GGAGCAAAGGTGCTTT-1,1
pbmc,GGAGCAATCCAATGCA-1,1
pbmc,GGAGCAATCCCGAACG-1,1
pbmc,GGAGGATGTATGAAAC-1,26
pbmc,GGAGGATGTCAACACT-1,1
pbmc,GGAGGATTCCGTATGA-1,1
pbmc,GGAGGTAAGGCGTTGA-1,37
pbmc,GGAGGTACAAAGCAAT-1,1
pbmc,GGAGGTACACAACGCC-1,1
pbmc,GGAGGTACATAGAGGC-1,1
pbmc,GGAGGTACATCATCCC-1,1
pbmc,GGAGGTAGTATCTTCT-1,1
pbmc,GGAGGTAGTCACTCTC-1,1
pbmc,GGAGGTATCTGGTGCG-1,12
pbmc,GGATCTAAGCAATGCA-1,1
pbmc,GGATCTAAGCAATTCC-1,6
pbmc,GGATCTAGTCGATTAC-1,1
pbmc,GGATCTAGTCGATTCA-1,3
pbmc,GGATCTAGTGCCTGCA-1,1
pbmc,GGATCTATCACCTACC-1,39
pbmc,GGATCTATCATAAGGA-1,19
pbmc,GGATCTATCCGCCTAT-1,1
pbmc,GGATCTATCGGCCTTT-1,1
pbmc,GGATGTTAGCCGGATA-1,24
pbmc,GGATGTTCATGACGAG-1,1
pbmc,GGATGTTTCCAAGCTA-1,1
pbmc,GGCACGTAGCGTCAAG-1,1
pbmc,GGCACGTAGGCCCGTT-1,18
pbmc,GGCACGTGTATCAAGA-1,1
pbmc,GGCACGTGTCGTAATC-1,1
pbmc,GGCAGTCAGAGCCATG-1,1
pbmc,GGCAGTCAGGGTTGCA-1,1
pbmc,GGCAGTCCATCACGGC-1,1
pbmc,GGCAGTCGTATAATGG-1,1
pbmc,GGCAGTCGTGAGATAT-1,1
pbmc,GGCAGTCTCCCATAGA-1,1
pbmc,GGCAGTCTCTCCTGAC-1,1
pbmc,GGCGTCAAGGCTCCCA-1,2
pbmc,GGCGTCACAATGTTGC-1,1
pbmc,GGCGTCACACTGGCGT-1,1
pbmc,GGCGTCACAGCGGTTC-1,2
pbmc,GGCGTCACATTGTGCA-1,21
pbmc,GGCGTCAGTCTCACGG-1,1
pbmc,GGCGTCAGTTCTCTCG-1,1
pbmc,GGCTGTGCAAAGCTAA-1,6
pbmc,GGCTGTGCACCCAAGC-1,1
pbmc,GGCTGTGCACGGTGAA-1,27
pbmc,GGCTGTGGTACCTAGT-1,1
pbmc,GGCTGTGGTCCACATA-1,13
pbmc,GGCTGTGGTTCTAACG-1,1
pbmc,GGCTTGGAGGTTACAA-1,1
pbmc,GGCTTGGAGTAGATCA-1,1
pbmc,GGCTTGGCAACGCCCA-1,1
pbmc,GGCTTGGCACCGAATT-1,25
pbmc,GGCTTGGCAGCTTTCC-1,1
pbmc,GGCTTGGCATCCGTTC-1,1
pbmc,GGCTTGGGTAGATCGG-1,23
pbmc,GGCTTGGGTCTAGATC-1,1
pbmc,GGCTTGGTCGAAGCAG-1,1
pbmc,GGCTTGGTCTAACACG-1,1
pbmc,GGCTTGGTCTTCTTCC-1,13
pbmc,GGCTTTCAGACGCAGT-1,1
pbmc,GGCTTTCCAAGTTGGG-1,1
pbmc,GGGAAGTGTTGCCTAA-1,1
pbmc,GGGACAAAGTACGTCT-1,1
pbmc,GGGACAAAGTGCAGCA-1,1
pbmc,GGGACAACATTAAAGG-1,1
pbmc,GGGACAATCCGATCTC-1,54
pbmc,GGGACCTGTACGCTTA-1,1
pbmc,GGGACCTGTCAGTCCG-1,1
pbmc,GGGACCTGTTAGGGAC-1,24
pbmc,GGGACCTGTTCTTGTT-1,34
pbmc,GGGACTCCACATATCG-1,38
pbmc,GGGACTCCACGGGCTT-1,56
pbmc,GGGACTCCATACTGTG-1,1
pbmc,GGGACTCCATTGGATC-1,2
pbmc,GGGACTCGTAAGGAGA-1,1
pbmc,GGGACTCGTTAGGCCC-1,1
pbmc,GGGACTCTCAGAACCT-1,1
pbmc,GGGACTCTCATAGGCT-1,1
pbmc,GGGACTCTCCGATGTA-1,1
pbmc,GGGAGATCACGGGTAA-1,26
pbmc,GGGAGATCATGCAGGA-1,3
pbmc,GGGAGATTCACGGACC-1,24
pbmc,GGGAGTAAGCAGGCAT-1,30
pbmc,GGGAGTAAGTACAACA-1,1
pbmc,GGGAGTAGTTCCGCTT-1,1
pbmc,GGGAGTAGTTGTAAAG-1,1
pbmc,GGGAGTATCACCTCGT-1,12
pbmc,GGGAGTATCGTGGACC-1,1
pbmc,GGGAGTATCTTAGCCC-1,30
pbmc,GGGATCCAGATCGGTG-1,1
pbmc,GGGATCCAGCAGTCTT-1,1
pbmc,GGGATCCAGGGCAATC-1,33
pbmc,GGGATCCGTGTTAACC-1,1
pbmc,GGGATCCTCCTCTAGC-1,1
pbmc,GGGATGAAGCTGCGAA-1,1
pbmc,GGGATGAAGGGAGGGT-1,29
pbmc,GGGATGAAGTCCCGAC-1,58
pbmc,GGGATGAGTCAAAGAT-1,1
pbmc,GGGATGATCCTGATAG-1,1
pbmc,GGGATGATCGTAGCTA-1,1
pbmc,GGGCCATAGACGGTCA-1,1
pbmc,GGGCCATGTCAGGTGA-1,1
pbmc,GGGCCATTCAGACCGC-1,36
pbmc,GGGCCATTCTTAGGAC-1,1
pbmc,GGGCGTTAGAGCAGTC-1,1
pbmc,GGGCGTTCAGCAGTGA-1,1
pbmc,GGGCGTTCATCCGGTG-1,1
pbmc,GGGCGTTTCACTCTTA-1,1
pbmc,GGGCTACAGACCAAAT-1,25
pbmc,GGGCTACAGAGCAACC-1,1
pbmc,GGGCTACAGGCAGTCA-1,29
pbmc,GGGCTACGTCTACAAC-1,1
pbmc,GGGCTACTCTCCTACG-1,1
pbmc,GGGCTACTCTTTCCGG-1,1
pbmc,GGGCTCACAAATAAGC-1,1
pbmc,GGGCTCACACCCTGTT-1,1
pbmc,GGGCTCACACGTATAC-1,1
pbmc,GGGCTCATCCAACTGA-1,1
pbmc,GGGCTCATCGCAATTG-1,35
pbmc,GGGTAGAAGTAGGGTC-1,25
pbmc,GGGTAGATCACCTTGC-1,1
pbmc,GGGTATTGTTGCCTAA-1,1
pbmc,GGGTATTTCGTTGTTT-1,1
pbmc,GGGTCACAGGCGCCAA-1,1
pbmc,GGGTCACAGGTTACAA-1,1
pbmc,GGGTCACCAGCATCTA-1,1
pbmc,GGGTCACCAGGAGGTT-1,36
pbmc,GGGTCACCATGGGTTT-1,1
pbmc,GGGTCACGTCCTTAAG-1,45
pbmc,GGGTCACGTGATTAAG-1,1
pbmc,GGGTCACGTTGCAACT-1,1
pbmc,GGGTCACTCAATCTCT-1,5
pbmc,GGGTCACTCACAAGGG-1,37
pbmc,GGGTCACTCGCCAGAC-1,1
pbmc,GGGTCTGAGATGTTAG-1,1
pbmc,GGGTCTGAGTCAACAA-1,3
pbmc,GGGTCTGGTTTGAAAG-1,16
pbmc,GGGTCTGTCCCGTTCA-1,24
pbmc,GGGTGAAAGATGCTTC-1,1
pbmc,GGGTGAAAGGTAGGCT-1,1
pbmc,GGGTGAACATAAGCAA-1,32
pbmc,GGGTGAAGTGAGGGTT-1,1
pbmc,GGGTGTCAGTCTAGAA-1,1
pbmc,GGGTGTCCACAGAGAC-1,1
pbmc,GGGTGTCCACCGGAAA-1,2
pbmc,GGGTGTCCATGAATAG-1,1
pbmc,GGGTGTCGTTGCTCCT-1,1
pbmc,GGGTGTCTCCTGTAAG-1,1
pbmc,GGGTGTCTCGAAGGAC-1,1
pbmc,GGGTTATCAGCCATTA-1,43
pbmc,GGGTTATCATCTAGAC-1,1
pbmc,GGGTTATTCTGGCCTT-1,1
pbmc,GGGTTTACACAGAGCA-1,26
pbmc,GGGTTTACACTAAACC-1,14
pbmc,GGGTTTACAGCCTACG-1,1
pbmc,GGGTTTATCCGTGACG-1,1
pbmc,GGGTTTATCTCACGAA-1,1
pbmc,GGTAACTAGTATGAAC-1,1
pbmc,GGTAACTAGTATGCAA-1,1
pbmc,GGTAACTGTACCTAGT-1,1
pbmc,GGTAACTGTTCTAACG-1,1
pbmc,GGTAACTTCAAACGTC-1,1
pbmc,GGTAATCCAAAGGAGA-1,25
pbmc,GGTAATCCACAGCATT-1,28
pbmc,GGTAATCCAGACCTAT-1,1
pbmc,GGTAATCCATACCACA-1,26
pbmc,GGTAATCGTGCGTTTA-1,1
pbmc,GGTAATCTCAACACCA-1,1
pbmc,GGTAATCTCAAGTTGC-1,44
pbmc,GGTAATCTCATCGCCT-1,1
pbmc,GGTAGAGAGACCAGCA-1,28
pbmc,GGTAGAGAGGTAGCCA-1,1
pbmc,GGTAGAGGTCTCGGGT-1,1
pbmc,GGTAGAGGTTAATCGC-1,1
pbmc,GGTAGAGTCCTTATCA-1,1
pbmc,GGTAGAGTCGACACCG-1,1
pbmc,GGTAGAGTCGACCTAA-1,1
pbmc,GGTCACGCAATGGCCC-1,39
pbmc,GGTCACGCAATTGACC-1,1
pbmc,GGTCACGCACAGTATC-1,1
pbmc,GGTCACGCACCTTCCA-1,1
pbmc,GGTCACGGTACTCGAT-1,1
pbmc,GGTCACGGTAGAGTTA-1,1
pbmc,GGTCACGGTCGCAGTC-1,1
pbmc,GGTCACGGTCGTGATT-1,18
pbmc,GGTCACGTCTTGGATG-1,1
pbmc,GGTCTGGCACAACCGC-1,1
pbmc,GGTCTGGCAGTATTCG-1,1
pbmc,GGTCTGGGTATCGTAC-1,1
pbmc,GGTCTGGGTCCCGTGA-1,1
pbmc,GGTCTGGGTTGCCAAT-1,1
pbmc,GGTCTGGGTTTACACG-1,1
pbmc,GGTCTGGTCAGACATC-1,23
pbmc,GGTCTGGTCTCCCAAC-1,39
pbmc,GGTGAAGCACAAAGCG-1,1
pbmc,GGTGAAGCACAAGCAG-1,2
pbmc,GGTGAAGCACTACCGG-1,1
pbmc,GGTGATTAGCTGTACT-1,23
pbmc,GGTGATTAGGAGTACC-1,1
pbmc,GGTGATTCACGGCACT-1,1
pbmc,GGTGATTCAGCTCGGT-1,29
pbmc,GGTGATTGTACAGGTG-1,1
pbmc,GGTGATTGTGCATTAC-1,1
pbmc,GGTGATTGTGTTTCTT-1,1
pbmc,GGTGGCTAGCCTCAAT-1,1
pbmc,GGTGGCTAGTGATTCC-1,1
pbmc,GGTGGCTGTAGAATAC-1,1
pbmc,GGTGGCTGTAGACACG-1,1
pbmc,GGTGGCTGTGCGCTCA-1,20
pbmc,GGTGGCTTCCGCACTT-1,1
pbmc,GGTGGCTTCCGTGTAA-1,1
pbmc,GGTGTCGAGCGGGTTA-1,1
pbmc,GGTGTCGCAACGATCT-1,33
pbmc,GGTGTCGGTGTTATCG-1,32
pbmc,GGTGTCGGTTATGTGC-1,1
pbmc,GGTGTCGTCTTAGCAG-1,1
pbmc,GGTGTTAAGTTGCTGT-1,1
pbmc,GGTGTTACAATAGAGT-1,1
pbmc,GGTGTTACAGAACATA-1,1
pbmc,GGTGTTACAGGATCTT-1,1
pbmc,GGTGTTACATTGAAAG-1,1
pbmc,GGTGTTAGTGGATTTC-1,103
pbmc,GGTTAACCATGCGTGC-1,1
pbmc,GGTTAACGTTTCTTAC-1,1
pbmc,GGTTAACTCACTCACC-1,20
pbmc,GGTTAACTCCCGAGAC-1,3
pbmc,GGTTCTCAGGTGCCTC-1,1
pbmc,GGTTCTCAGTATGAGT-1,1
pbmc,GGTTCTCCAGGTTCCG-1,13
pbmc,GGTTCTCGTCCGGTCA-1,1
pbmc,GGTTCTCTCATTATCC-1,1
pbmc,GGTTGTATCGAAGGAC-1,135
pbmc,GGTTGTATCTCCCATG-1,1
pbmc,GGTTGTATCTCTTGCG-1,1
pbmc,GTAACACAGAAAGCGA-1,29
pbmc,GTAACACAGACATCCT-1,1
pbmc,GTAACACAGAGCCGTA-1,4
pbmc,GTAACACAGCTCCGAC-1,70
pbmc,GTAACACCAGTAGATA-1,1
pbmc,GTAACACGTAGATGTA-1,20
pbmc,GTAACACGTCATCTAG-1,1
pbmc,GTAACACGTCCTCCTA-1,1
pbmc,GTAACACGTGGCGTAA-1,9
pbmc,GTAACCAAGAGGTTTA-1,1
pbmc,GTAACCACATGCACTA-1,1
pbmc,GTAACCAGTATTCTCT-1,1
pbmc,GTAACCATCTGTGTGA-1,1
pbmc,GTAACCATCTTCGTAT-1,1
pbmc,GTAAGTCAGACCATGG-1,1
pbmc,GTAAGTCAGAGGGTAA-1,1
pbmc,GTAAGTCAGCTCTATG-1,1
pbmc,GTAAGTCCAGCGGATA-1,1
pbmc,GTAAGTCTCGATTGGT-1,35
pbmc,GTAAGTCTCTTACCGC-1,1
pbmc,GTAATCGCAGTTTCGA-1,29
pbmc,GTAATCGGTTGCGAAG-1,35
pbmc,GTAATCGGTTGGCTAT-1,1
pbmc,GTAATGCCAACAACAA-1,1
pbmc,GTAATGCCAATCGCGC-1,2
pbmc,GTAATGCCACCAGTAT-1,39
pbmc,GTAATGCCATAGAATG-1,1
pbmc,GTAATGCGTAGGAGGG-1,5
pbmc,GTACAACAGATAGCTA-1,48
pbmc,GTACAACCAAGACAAT-1,1
pbmc,GTACAACCATGGCTAT-1,1
pbmc,GTACAACGTCATGCAT-1,2
pbmc,GTACAACGTGTAACGG-1,1
pbmc,GTACAACGTTCGTAAC-1,2
pbmc,GTACAGTTCACTCGAA-1,1
pbmc,GTACAGTTCCACTGAA-1,1
pbmc,GTAGAAAAGCTTTCTT-1,1
pbmc,GTAGAAACATGGACAG-1,19
pbmc,GTAGAAAGTGAACCGA-1,2
pbmc,GTAGAAATCTGAGATC-1,43
pbmc,GTAGAGGCAACTTCTT-1,15
pbmc,GTAGAGGCACGCGCTA-1,1
pbmc,GTAGAGGCAGACCATT-1,1
pbmc,GTAGATCAGGGAGTGG-1,1
pbmc,GTAGATCAGGTGCCAA-1,1
pbmc,GTAGATCAGTGGTGGT-1,1
pbmc,GTAGATCCATCCCGTT-1,36
pbmc,GTAGATCTCCCGAAAT-1,6
pbmc,GTAGATCTCGAGAAAT-1,1
pbmc,GTAGCTAAGACTGGGT-1,1
pbmc,GTAGCTAAGTAAACTG-1,1
pbmc,GTAGCTAAGTCATGAA-1,1
pbmc,GTAGCTACACAGTCGC-1,1
pbmc,GTAGCTAGTCCGGCAT-1,1
pbmc,GTAGCTAGTTGGTAGG-1,1
pbmc,GTAGCTATCTCATGGA-1,27
pbmc,GTAGGAGCAATAGGAT-1,1
pbmc,GTAGGAGCAGGCGTTC-1,1
pbmc,GTAGGAGGTCAACCTA-1,2
pbmc,GTAGGAGGTGCTAGCC-1,1
pbmc,GTAGGAGTCCGTCACT-1,26
pbmc,GTAGGTTCACAAGCTT-1,1
pbmc,GTAGGTTCAGAAGCGT-1,17
pbmc,GTAGGTTGTCATGACT-1,1
pbmc,GTAGGTTGTGTTCGTA-1,26
pbmc,GTAGGTTTCCATTTAC-1,1
pbmc,GTAGGTTTCGTGGGAA-1,2
pbmc,GTAGTACCACCCTATC-1,49
pbmc,GTAGTACTCATGGCCG-1,1
pbmc,GTAGTACTCTGTGTGA-1,60
pbmc,GTATTGGGTACCATAC-1,1
pbmc,GTATTGGGTGCCTAAT-1,1
pbmc,GTATTGGGTTCTTGTT-1,1
pbmc,GTATTGGTCAACTGAC-1,1
pbmc,GTATTGGTCGACCCAG-1,1
pbmc,GTATTTCAGAAGAGCA-1,22
pbmc,GTATTTCAGAGAGCAA-1,2
pbmc,GTATTTCAGATAGCAT-1,1
pbmc,GTATTTCAGCCATTGT-1,1
pbmc,GTATTTCCAACAGCTT-1,1
pbmc,GTATTTCCACTTGTCC-1,1
pbmc,GTATTTCTCCTTGACC-1,1
pbmc,GTCAAACAGGTCTGGA-1,1
pbmc,GTCAAACCAAGCACCC-1,37
pbmc,GTCAAACCAAGTGACG-1,1
pbmc,GTCAAACGTGGGCTTC-1,1
pbmc,GTCAAACGTTTGGAGG-1,1
pbmc,GTCAAACTCAATGCAC-1,7
pbmc,GTCAAACTCGAAGTGG-1,1
pbmc,GTCAAACTCGTTGCCT-1,1
pbmc,GTCAAGTAGGAGTCTG-1,1
pbmc,GTCAAGTCAATACCTG-1,34
pbmc,GTCAAGTTCGTGTGAT-1,1
pbmc,GTCACGGAGAAGCTGC-1,1
pbmc,GTCACGGAGCGGGTTA-1,29
pbmc,GTCACGGCAAGCCCAC-1,1
pbmc,GTCACGGCACCGTACG-1,29
pbmc,GTCACGGGTTAGGCTT-1,1
pbmc,GTCACGGGTTGCAAGG-1,1
pbmc,GTCACGGTCGCGAAGA-1,1
pbmc,GTCACGGTCGTGACTA-1,1
pbmc,GTCACTCAGCGCGTTC-1,3
pbmc,GTCACTCAGTGCTAGG-1,1
pbmc,GTCACTCCAGCTGTCG-1,1
pbmc,GTCACTCCATTGGGAG-1,1
pbmc,GTCACTCGTCCCTCAT-1,1
pbmc,GTCACTCGTTAAACCC-1,1
pbmc,GTCACTCTCGATGGAG-1,1
pbmc,GTCACTCTCTTGAACG-1,37
pbmc,GTCAGCGAGTGGTTAA-1,1
pbmc,GTCAGCGTCCTTCTGG-1,1
pbmc,GTCATCCAGCCTCAAT-1,1
pbmc,GTCATCCAGGTAAGGA-1,1
pbmc,GTCATCCCAGGTGGAT-1,1
pbmc,GTCATGAAGACTCATC-1,11
pbmc,GTCATGAAGTAAACGT-1,1
pbmc,GTCATGAAGTTTGGCT-1,44
pbmc,GTCATGACAATAACGA-1,1
pbmc,GTCATGACAGGCGTTC-1,1
pbmc,GTCATGACATTGGATC-1,13
pbmc,GTCATGAGTCCAAGAG-1,1
pbmc,GTCATTTAGAAGGCTT-1,1
pbmc,GTCATTTAGATCCGAG-1,1
pbmc,GTCATTTCAACACAAA-1,1
pbmc,GTCATTTCAAGAGAGA-1,28
pbmc,GTCATTTGTACGACTT-1,25
pbmc,GTCATTTTCCTAGAGT-1,21
pbmc,GTCCACTCAGTAGAAT-1,1
pbmc,GTCCACTGTAGAATGT-1,1
pbmc,GTCCCATAGACCAACG-1,1
pbmc,GTCCCATAGCCTCCAG-1,1
pbmc,GTCCCATCATGCCGAC-1,24
pbmc,GTCCCATGTCTCGGAC-1,1
pbmc,GTCCTCAAGACGGATC-1,1
pbmc,GTCCTCAAGTCACGAG-1,21
pbmc,GTCCTCACAAATTAGG-1,1
pbmc,GTCCTCACAGGTCCCA-1,3
pbmc,GTCCTCATCATACAGC-1,1
pbmc,GTCGAATAGACCAGCA-1,1
pbmc,GTCGAATAGCTTGTTG-1,1
pbmc,GTCGAATAGGAGTATT-1,26
pbmc,GTCGAATCACTCCGAG-1,1
pbmc,GTCGAATCAGAACCGA-1,12
pbmc,GTCGAATCATGAAGGC-1,1
pbmc,GTCGAATGTACGACTT-1,1
pbmc,GTCGAATGTCAAGCGA-1,23
pbmc,GTCGCGAAGCAGCGAT-1,25
pbmc,GTCGCGAAGGAACTCG-1,1
pbmc,GTCGCGACATTAGGAA-1,1
pbmc,GTCGCGAGTGTAAACA-1,3
pbmc,GTCGCGAGTTTACCTT-1,19
pbmc,GTCGTAAAGACTTCCA-1,1
pbmc,GTCTACCAGCCTCAAT-1,1
pbmc,GTCTACCAGGGCGAAG-1,1
pbmc,GTCTACCCACACCGAC-1,1
pbmc,GTCTACCCACCACTGG-1,1
pbmc,GTCTACCCACTGCGAC-1,1
pbmc,GTCTACCCAGGAAGTC-1,23
pbmc,GTCTACCTCACCTCAC-1,1
pbmc,GTCTAGACAATGCAGG-1,11
pbmc,GTCTAGAGTAGTACGG-1,1
pbmc,GTCTAGAGTATGTCAC-1,74
pbmc,GTCTAGATCGAGAGAC-1,44
pbmc,GTCTCACAGAAATGGG-1,1
pbmc,GTCTCACAGAGTCTTC-1,1
pbmc,GTCTCACAGTAAACTG-1,1
pbmc,GTCTCACGTGAGCGAT-1,1
pbmc,GTCTGTCAGATACGAT-1,36
pbmc,GTCTGTCGTAGACACG-1,1
pbmc,GTCTGTCTCATTTGGG-1,1
pbmc,GTCTGTCTCGAGCCTG-1,23
pbmc,GTCTTTACACTAGGCC-1,1
pbmc,GTGACGCAGATTGTGA-1,1
pbmc,GTGACGCAGGCATGGT-1,1
pbmc,GTGACGCGTAGGCTGA-1,1
pbmc,GTGACGCGTATACCCA-1,1
pbmc,GTGAGCCAGCGCATCC-1,1
pbmc,GTGAGCCCATCTTCGC-1,6
pbmc,GTGAGCCGTAGGGAGG-1,1
pbmc,GTGAGCCGTGATCGTT-1,9
pbmc,GTGAGCCTCTGGAAGG-1,22
pbmc,GTGAGGAAGCATTGAA-1,23
pbmc,GTGAGGACAACCGATT-1,1
pbmc,GTGAGGACACAACATC-1,40
pbmc,GTGAGGACACACGGAA-1,1
pbmc,GTGAGGACACTTTAGG-1,25
pbmc,GTGAGGACATGTTTGG-1,1
pbmc,GTGAGGATCCCTCGTA-1,1
pbmc,GTGAGGATCTAGAGCT-1,1
pbmc,GTGAGTTAGGTAAGGA-1,1
pbmc,GTGAGTTAGGTTACCT-1,1
pbmc,GTGAGTTTCCAATGCA-1,29
pbmc,GTGATGTAGACATCAA-1,27
pbmc,GTGATGTAGACTCTTG-1,1
pbmc,GTGATGTGTACATTGC-1,1
pbmc,GTGATGTGTCATATGC-1,1
pbmc,GTGATGTGTTCTTGCC-1,1
pbmc,GTGATGTTCGAAATCC-1,1
pbmc,GTGCACGGTCTCTCCA-1,1
pbmc,GTGCACGGTTTGGAGG-1,1
pbmc,GTGCACGTCCAGTGTA-1,1
pbmc,GTGCACGTCCTTAAGA-1,1
pbmc,GTGCACGTCTGAGGTT-1,1
pbmc,GTGCAGCAGACCTTTG-1,1
pbmc,GTGCAGCCATCAGTAC-1,1
pbmc,GTGCAGCTCCATCGTC-1,1
pbmc,GTGCGTGAGCAAGCCA-1,1
pbmc,GTGCGTGAGCTTCTAG-1,47
pbmc,GTGCGTGGTCGGTGAA-1,1
pbmc,GTGCGTGGTGTTCTAG-1,1
pbmc,GTGCTGGAGGGCAACT-1,1
pbmc,GTGCTGGCAAGTCGTT-1,1
pbmc,GTGCTGGCAGGCATTT-1,2
pbmc,GTGCTGGCAGGCTACC-1,26
pbmc,GTGCTGGGTGAGACCA-1,1
pbmc,GTGCTGGTCAAACCTG-1,25
pbmc,GTGCTTCAGACCATAA-1,26
pbmc,GTGCTTCAGGTAGATT-1,1
pbmc,GTGCTTCCACTCATAG-1,31
pbmc,GTGCTTCCACTTCAAG-1,1
pbmc,GTGCTTCGTCGCTTGG-1,20
pbmc,GTGCTTCGTGACGCCT-1,1
pbmc,GTGCTTCTCTTACCAT-1,1
pbmc,GTGGAAGAGCCAAGTG-1,49
pbmc,GTGGAGAAGAAACACT-1,1
pbmc,GTGGAGAAGAATAGTC-1,1
pbmc,GTGGAGAAGAGAGCGG-1,1
pbmc,GTGGAGAAGATCCGAG-1,8
pbmc,GTGGAGAGTGGGAGAG-1,1
pbmc,GTGGAGATCCGCTAGG-1,1
pbmc,GTGGCGTAGAATAACC-1,29
pbmc,GTGGCGTCAATCGAAA-1,24
pbmc,GTGGGAAAGGTCGTAG-1,21
pbmc,GTGGGAACATGAGTAA-1,34
pbmc,GTGGGAATCACCATGA-1,1
pbmc,GTGGGAATCCCTCGTA-1,1
pbmc,GTGGGAATCCTCGATC-1,1
pbmc,GTGGTTAAGTAACCGG-1,21
pbmc,GTGGTTACAATACCCA-1,1
pbmc,GTGGTTACAGAAGTGC-1,1
pbmc,GTGGTTAGTACCCGCA-1,2
pbmc,GTGGTTAGTTCTCAGA-1,1
pbmc,GTGTAACCACTGGACC-1,1
pbmc,GTGTAACGTTCCACAA-1,1
pbmc,GTGTAACTCATAGAGA-1,2
pbmc,GTGTAACTCTTGGTGA-1,31
pbmc,GTGTCCTAGTCGGCCT-1,37
pbmc,GTGTCCTCAAGTATAG-1,1
pbmc,GTGTCCTCAGTTGTTG-1,48
pbmc,GTGTCCTCAGTTTCTT-1,1
pbmc,GTGTCCTGTGGCCTCA-1,34
pbmc,GTGTCCTGTGTGCCTG-1,1
pbmc,GTGTCCTTCCGTCACT-1,1
pbmc,GTGTCCTTCGCTTTAT-1,1
pbmc,GTGTGATCACTACGGC-1,34
pbmc,GTGTGATTCTTACGTT-1,22
pbmc,GTGTGGCAGGTACTGG-1,68
pbmc,GTGTGGCAGGTAGTCG-1,33
pbmc,GTGTGGCGTAAGTTGA-1,14
pbmc,GTGTGGCTCACCACAA-1,23
pbmc,GTGTTAGAGACGGTCA-1,6
pbmc,GTGTTAGAGAGTGACC-1,1
pbmc,GTGTTCCAGGTGCCTC-1,14
pbmc,GTGTTCCAGTTGTCGT-1,1
pbmc,GTGTTCCCAACAAGAT-1,1
pbmc,GTGTTCCCACCGTCGA-1,1
pbmc,GTGTTCCGTAGTTCCA-1,10
pbmc,GTGTTCCTCATGGAGG-1,1
pbmc,GTGTTCCTCCTCTAGC-1,1
pbmc,GTTACAGAGACTTCCA-1,1
pbmc,GTTACAGAGGGCTAAC-1,9
pbmc,GTTACAGAGTGTAGTA-1,25
pbmc,GTTACAGCAAATCAGA-1,15
pbmc,GTTACAGGTGTCCGTG-1,1
pbmc,GTTACAGGTTGTCATG-1,1
pbmc,GTTACAGTCAATCAGC-1,6
pbmc,GTTACAGTCTGTCCGT-1,1
pbmc,GTTACCCAGCCTGTCG-1,1
pbmc,GTTACCCCACCTGCGA-1,1
pbmc,GTTACCCGTTCGATTG-1,1
pbmc,GTTACGAAGTGACACG-1,1
pbmc,GTTACGAGTATCGGTT-1,1
pbmc,GTTACGAGTATGAGAT-1,55
pbmc,GTTAGACAGACGCATG-1,1
pbmc,GTTAGACCAAATGGCG-1,1
pbmc,GTTAGACCAGAAATCA-1,1
pbmc,GTTAGACTCGCTGACG-1,1
pbmc,GTTAGTGAGAACGTGC-1,19
pbmc,GTTAGTGAGCTCGGCT-1,1
pbmc,GTTAGTGCAATAGTGA-1,1
pbmc,GTTAGTGCACCTCTAC-1,65
pbmc,GTTAGTGCAGGTCAGA-1,1
pbmc,GTTATGGAGCTCTATG-1,1
pbmc,GTTATGGAGTTCCATG-1,2
pbmc,GTTATGGCAATGTGGG-1,1
pbmc,GTTATGGCAGTCAACT-1,1
pbmc,GTTATGGTCGTTCCTG-1,7
pbmc,GTTCATTAGAATAACC-1,1
pbmc,GTTCATTAGACTGTTC-1,2
pbmc,GTTCATTCATCTCGTC-1,1
pbmc,GTTCATTGTCATATGC-1,1
pbmc,GTTCATTGTCGGCTAC-1,1
pbmc,GTTCATTTCCGATGCG-1,1
pbmc,GTTCATTTCGCTGCGA-1,1
pbmc,GTTCCGTAGTTGCCCG-1,21
pbmc,GTTCCGTCACCCGTAG-1,19
pbmc,GTTCCGTGTACGCGTC-1,1
pbmc,GTTCCGTTCATGGTAC-1,1
pbmc,GTTCGCTAGACTGGGT-1,1
pbmc,GTTCGCTAGCTGTCCG-1,1
pbmc,GTTCGCTCATAGGCGA-1,1
pbmc,GTTCGCTGTATCGCTA-1,1
pbmc,GTTCGCTGTCCGCAGT-1,1
pbmc,GTTCGCTTCGACATTG-1,1
pbmc,GTTCTATAGTGGCCTC-1,1
pbmc,GTTCTATCAAATGAGT-1,18
pbmc,GTTCTATCACGTGTGC-1,13
pbmc,GTTCTATTCAAAGACA-1,1
pbmc,GTTCTATTCTACACTT-1,41
pbmc,GTTGAACAGGAACATT-1,31
pbmc,GTTGAACCATATGCGT-1,1
pbmc,GTTGAACGTACCCGCA-1,59
pbmc,GTTGAACGTCCTTGTC-1,1
pbmc,GTTGAACTCGGTGCAC-1,1
pbmc,GTTGCGGAGCTGCCTG-1,31
pbmc,GTTGCGGGTCAGTTTG-1,1
pbmc,GTTGCGGGTCCAAGAG-1,1
pbmc,GTTGCGGGTTCTCGCT-1,1
pbmc,GTTGCGGTCCTCTGCA-1,1
pbmc,GTTGCGGTCGCAGTGC-1,1
pbmc,GTTGCTCAGTCAGCCC-1,1
pbmc,GTTGCTCAGTTTCGAC-1,30
pbmc,GTTGCTCGTGAATAAC-1,2
pbmc,GTTGCTCTCATTTCCA-1,29
pbmc,GTTGTAGAGAATAGTC-1,1
pbmc,GTTGTAGAGGGTATAT-1,1
pbmc,GTTGTAGAGGGTGAAA-1,1
pbmc,GTTGTAGAGTTCCAGT-1,1
pbmc,GTTGTAGCAGTTCTAG-1,27
pbmc,GTTGTAGTCCCTCGAT-1,1
pbmc,GTTGTCCAGAGAGCAA-1,1
pbmc,GTTGTCCAGTGTTCCA-1,1
pbmc,GTTGTCCCATAATCCG-1,1
pbmc,GTTGTCCTCTTGGAAT-1,1
pbmc,GTTGTGAAGACCTTTG-1,13
pbmc,GTTGTGAGTTGGATCT-1,1
pbmc,GTTGTGATCTCGGTCT-1,23
pbmc,GTTTACTCATGTCTAG-1,1
pbmc,GTTTACTGTCGAGTGA-1,1
pbmc,GTTTGGACAGCCTTCT-1,8
pbmc,GTTTGGAGTGTATACC-1,20
pbmc,TAACACGAGTTGCTGT-1,1
pbmc,TAACACGCATGTAACC-1,1
pbmc,TAACACGGTCGCATTA-1,1
pbmc,TAACACGGTCGCTGCA-1,1
pbmc,TAACACGGTGGACTGA-1,1
pbmc,TAACACGGTTTGGAGG-1,1
pbmc,TAACACGTCGTAATGC-1,1
pbmc,TAACCAGTCTGTCCGT-1,1
pbmc,TAACGACCACATATGC-1,31
pbmc,TAACGACGTGCCTACG-1,28
pbmc,TAACGACTCAGTGATC-1,1
pbmc,TAACTTCAGTGAACAT-1,1
pbmc,TAACTTCCAGATTCGT-1,1
pbmc,TAACTTCCATTACGGT-1,1
pbmc,TAACTTCGTTGTGGAG-1,26
pbmc,TAACTTCTCCCTCATG-1,1
pbmc,TAAGCACAGAAGCTGC-1,44
pbmc,TAAGCACAGCTAATGA-1,1
pbmc,TAAGCACTCAAGCCGC-1,2
pbmc,TAAGCACTCACCATAG-1,30
pbmc,TAAGCACTCGACGAGA-1,1
pbmc,TAAGCACTCTAGAACC-1,1
pbmc,TAAGCCAAGACATAGT-1,1
pbmc,TAAGCCAAGCTGAGTG-1,2
pbmc,TAAGCCAAGGAGAGTA-1,1
pbmc,TAAGCCACAGCCGTTG-1,1
pbmc,TAAGCCAGTACTTGTG-1,1
pbmc,TAAGCCAGTCCAACGC-1,19
pbmc,TAAGCCAGTCGCGTTG-1,1
pbmc,TAAGCCATCTCCTGTG-1,1
pbmc,TAAGCCATCTGGCCTT-1,16
pbmc,TAAGCGTAGTCATCCA-1,1
pbmc,TAAGCGTTCGTTGCCT-1,18
pbmc,TAAGCGTTCTGTCGTC-1,19
pbmc,TAAGTCGAGAATGTTG-1,1
pbmc,TAAGTCGCATCTGTTT-1,1
pbmc,TAATCTCAGGGTGAAA-1,1
pbmc,TAATCTCTCGCCTTTG-1,1
pbmc,TAATTCCAGAGTTGCG-1,1
pbmc,TAATTCCCACACCTTC-1,1
pbmc,TAATTCCCACTCCGGA-1,30
pbmc,TAATTCCCAGCTGTTA-1,1
pbmc,TAATTCCCAGGTATGG-1,1
pbmc,TAATTCCGTATTGACC-1,49
pbmc,TAATTCCGTCAGTCCG-1,40
pbmc,TACAACGAGGCCTGAA-1,1
pbmc,TACAACGCAAAGGTTA-1,17
pbmc,TACAACGCACAAGCAG-1,1
pbmc,TACAACGCAGCAGAAC-1,1
pbmc,TACAACGCATAGATCC-1,23
pbmc,TACAACGTCGAGTACT-1,1
pbmc,TACAACGTCGCCAATA-1,1
pbmc,TACACCCAGGTCCCGT-1,1
pbmc,TACACCCTCGACTCCT-1,31
pbmc,TACAGGTGTCCCGGTA-1,1
pbmc,TACAGGTGTTGATCGT-1,1
pbmc,TACAGGTTCCTAGAGT-1,1
pbmc,TACAGGTTCCTTACCG-1,48
pbmc,TACATTCAGATGCTTC-1,1
pbmc,TACATTCAGGTCGTCC-1,2
pbmc,TACATTCAGTCATCGT-1,1
pbmc,TACATTCCAGACTCTA-1,1
pbmc,TACATTCGTGGCTCTG-1,1
pbmc,TACATTCGTGGCTTAT-1,40
pbmc,TACCCACCATGAGATA-1,1
pbmc,TACCCGTAGCCGAACA-1,1
pbmc,TACCCGTGTATGAAGT-1,1
pbmc,TACCGAAAGGGACAGG-1,1
pbmc,TACCGAAAGGTAGTCG-1,1
pbmc,TACCGGGAGATTCGCT-1,1
pbmc,TACCGGGCAGGGACTA-1,1
pbmc,TACCGGGCATGCCGGT-1,1
pbmc,TACCGGGTCCAGCTCT-1,1
pbmc,TACCGGGTCCTCGATC-1,1
pbmc,TACCGGGTCGGCCTTT-1,2
pbmc,TACCTCGAGAATCCCT-1,1
pbmc,TACCTCGCACCCAACG-1,40
pbmc,TACCTCGCACGCAAAG-1,1
pbmc,TACCTCGCAGTAGATA-1,1
pbmc,TACCTGCAGTCACGCC-1,21
pbmc,TACCTGCAGTCTGCAT-1,35
pbmc,TACCTGCCAATCGTCA-1,1
pbmc,TACCTGCCATACCGTA-1,1
pbmc,TACCTGCTCCAAGCTA-1,25
pbmc,TACGCTCCAATCCTTT-1,1
pbmc,TACGCTCCATCACAGT-1,1
pbmc,TACGCTCGTCAATCTG-1,12
pbmc,TACGCTCTCTCGGTCT-1,56
pbmc,TACGCTCTCTTAAGGC-1,29
pbmc,TACGGGCAGATAACAC-1,1
pbmc,TACGGGCCATGAGATA-1,1
pbmc,TACGGGCGTCACCCTT-1,1
pbmc,TACGGGCGTGTGCCTG-1,1
pbmc,TACGGGCTCAACGAGG-1,31
pbmc,TACGGGCTCCAGCTCT-1,2
pbmc,TACGGGCTCTACCACC-1,37
pbmc,TACGGTAAGAATACAC-1,1
pbmc,TACGGTACAGCCTTTC-1,1
pbmc,TACGGTACAGGTGTTT-1,1
pbmc,TACGGTAGTCGCACGT-1,1
pbmc,TACGGTATCACTCTTG-1,1
pbmc,TACGTCCCAAGTGATA-1,26
pbmc,TACGTCCCATGTGTCA-1,40
pbmc,TACGTCCGTACGGCAA-1,1
pbmc,TACGTCCGTCGAGTTT-1,1
pbmc,TACGTCCTCTAGTACG-1,2
pbmc,TACTGCCAGTTGAAAC-1,4
pbmc,TACTGCCCAGTTACCA-1,1
pbmc,TACTGCCGTACAGGTG-1,1
pbmc,TACTTACAGGACTTCT-1,1
pbmc,TACTTACAGGCATCTT-1,14
pbmc,TACTTACAGTCTCCTC-1,1
pbmc,TACTTACCAAGCTGTT-1,1
pbmc,TACTTACCACCTCTGT-1,1
pbmc,TACTTACCATGGCTAT-1,1
pbmc,TACTTACGTACTCGCG-1,1
pbmc,TACTTCAAGGTCATAA-1,1
pbmc,TACTTCATCATGCCGG-1,36
pbmc,TACTTCATCGACATTG-1,1
pbmc,TACTTGTCAAGCCTGC-1,1
pbmc,TACTTGTGTGGTTTAC-1,1
pbmc,TACTTGTTCGAGAACG-1,1
pbmc,TAGACCACAATCCTTT-1,1
pbmc,TAGACCACACATATGC-1,1
pbmc,TAGACCAGTCTCGGGT-1,20
pbmc,TAGACCATCGAAACAA-1,1
pbmc,TAGACTGAGATTGTGA-1,34
pbmc,TAGACTGAGCAGCCCT-1,1
pbmc,TAGACTGAGCTTTCTT-1,1
pbmc,TAGACTGGTCTTGAAC-1,24
pbmc,TAGACTGTCAACCTTT-1,1
pbmc,TAGACTGTCCTCTGCA-1,1
pbmc,TAGACTGTCGCCGAGT-1,34
pbmc,TAGAGTCAGCATTGTC-1,1
pbmc,TAGAGTCCAACCGACC-1,1
pbmc,TAGAGTCCACTGGCGT-1,1
pbmc,TAGAGTCGTTGTGTAC-1,28
pbmc,TAGAGTCGTTTCTTAC-1,1
pbmc,TAGATCGCAAATGGTA-1,19
pbmc,TAGATCGCAAGAGAGA-1,1
pbmc,TAGATCGCACACGCCA-1,16
pbmc,TAGATCGTCACAACCA-1,47
pbmc,TAGATCGTCGCATTAG-1,2
pbmc,TAGATCGTCTTAATCC-1,1
pbmc,TAGCACAAGGTATCTC-1,2
pbmc,TAGCACAAGTACTCGT-1,8
pbmc,TAGCACACAAGTATCC-1,1
pbmc,TAGCACACAGCGAACA-1,1
pbmc,TAGCACAGTCGACTGC-1,1
pbmc,TAGCACATCCACGGGT-1,1
pbmc,TAGCACATCTCGACCT-1,1
pbmc,TAGGAGGAGGAGTACC-1,1
pbmc,TAGGAGGCAAGACCTT-1,17
pbmc,TAGGAGGGTACGATCT-1,1
pbmc,TAGGAGGGTCTTCAAG-1,1
pbmc,TAGGAGGGTTCCAGGC-1,39
pbmc,TAGGAGGTCAGAGTTC-1,1
pbmc,TAGGGTTAGAGAGCGG-1,24
pbmc,TAGGGTTAGAGTCACG-1,1
pbmc,TAGGGTTAGCATGCGA-1,1
pbmc,TAGGGTTAGGAACATT-1,33
pbmc,TAGGGTTCAAGAAACT-1,17
pbmc,TAGGGTTCAGGTTCGC-1,1
pbmc,TAGGTACGTGTCATCA-1,44
pbmc,TAGGTACTCGAAGCAG-1,32
pbmc,TAGGTACTCGAAGTAG-1,1
pbmc,TAGGTACTCGTCATAA-1,1
pbmc,TAGGTTGCAACATACC-1,1
pbmc,TAGGTTGCACAAGTGG-1,1
pbmc,TAGGTTGTCAACTACG-1,2
pbmc,TAGTGCACACTCGATA-1,23
pbmc,TAGTGCACAGACTGCC-1,1
pbmc,TAGTGCACAGAGGAAA-1,59
pbmc,TAGTGCATCATGGCCG-1,1
pbmc,TATACCTAGCCTCGTG-1,1
pbmc,TATACCTAGGCACGAT-1,1
pbmc,TATACCTCAACACAAA-1,1
pbmc,TATACCTCAGGAGGAG-1,1
pbmc,TATACCTCATGGAATA-1,1
pbmc,TATACCTGTAGCTTTG-1,1
pbmc,TATACCTGTTCTCGTC-1,40
pbmc,TATACCTTCGTAGCCG-1,1
pbmc,TATACCTTCTGTCCGT-1,46
pbmc,TATATCCCATACAGGG-1,1
pbmc,TATATCCCATGCGTGC-1,25
pbmc,TATATCCCATGGATCT-1,1
pbmc,TATATCCGTTCGGTAT-1,1
pbmc,TATATCCTCACCTGTC-1,1
pbmc,TATATCCTCCGATGTA-1,1
pbmc,TATCAGGCATGCACTA-1,1
pbmc,TATCAGGGTCCAAATC-1,1
pbmc,TATCAGGGTGGATGAC-1,1
pbmc,TATCAGGGTTGCATAC-1,1
pbmc,TATCAGGTCATGTCAG-1,1
pbmc,TATCAGGTCCTAAGTG-1,1
pbmc,TATCAGGTCTGAATGC-1,1
pbmc,TATCCTAAGAGATGCC-1,1
pbmc,TATCCTACAACTGATC-1,1
pbmc,TATCCTATCCATGCAA-1,1
pbmc,TATCCTATCGGAACTT-1,1
pbmc,TATCGCCTCTCCCAAC-1,61
pbmc,TATCTGTCAATCTCTT-1,1
pbmc,TATCTGTCATCGAGCC-1,1
pbmc,TATCTTGAGAATCTAG-1,1
pbmc,TATCTTGAGCTACTGT-1,1
pbmc,TATCTTGCACGACAGA-1,1
pbmc,TATCTTGCACGCTGAC-1,1
pbmc,TATCTTGCAGGACTTT-1,1
pbmc,TATCTTGGTCGCAACC-1,1
pbmc,TATCTTGTCCATCTCG-1,100
pbmc,TATCTTGTCTCGTTTA-1,1
pbmc,TATGTTCAGTATGGAT-1,40
pbmc,TATGTTCCACTGCTTC-1,1
pbmc,TATGTTCTCCCTGGTT-1,1
pbmc,TATGTTCTCCGTGGCA-1,1
pbmc,TATTCCACACAACGAG-1,1
pbmc,TATTCCATCAGACCGC-1,1
pbmc,TATTCCATCCTACTGC-1,1
pbmc,TATTGCTAGTGGATAT-1,1
pbmc,TATTGCTTCTCGAACA-1,28
pbmc,TATTGGGAGAACCGCA-1,1
pbmc,TATTGGGGTTGCGGCT-1,1
pbmc,TATTTCGAGTCGGCCT-1,1
pbmc,TATTTCGCACGCTGAC-1,1
pbmc,TCAAGACGTCAGTTTG-1,1
pbmc,TCAAGACTCTGCGTCT-1,1
pbmc,TCAAGCAAGATGGTCG-1,1
pbmc,TCAAGCAGTACCTGTA-1,1
pbmc,TCAAGCATCCACTTTA-1,42
pbmc,TCAAGTGCAAGAGGTC-1,1
pbmc,TCAATCTAGAGGTTTA-1,30
pbmc,TCAATCTGTCTGCATA-1,1
pbmc,TCAATCTGTTACCGTA-1,1
pbmc,TCAATCTGTTACGATC-1,1
pbmc,TCAATCTGTTGCTCCT-1,1
pbmc,TCAATCTGTTTCCCAC-1,19
pbmc,TCAATTCAGTGGCGAT-1,1
pbmc,TCACAAGCATCCTATT-1,1
pbmc,TCACAAGGTAGTGGCA-1,29
pbmc,TCACAAGGTGGATACG-1,43
pbmc,TCACAAGGTTTGGGTT-1,1
pbmc,TCACAAGTCTGACAGT-1,1
pbmc,TCACACCAGGTATTGA-1,1
pbmc,TCACACCAGTCTGCAT-1,1
pbmc,TCACACCCAACCGTGC-1,1
pbmc,TCACACCCACAGCCAC-1,1
pbmc,TCACACCCACCAGCCA-1,68
pbmc,TCACACCGTCTCACGG-1,43
pbmc,TCACACCGTGTCTTAG-1,1
pbmc,TCACACCGTTAAACCC-1,65
pbmc,TCACACCTCTGGGAGA-1,31
pbmc,TCACACCTCTTACCAT-1,48
pbmc,TCACATTAGTAATTGG-1,2
pbmc,TCACATTCAGAACTAA-1,70
pbmc,TCACATTCATCAGCAT-1,1
pbmc,TCACATTCATGCCATA-1,29
pbmc,TCACATTTCTCTCGAC-1,1
pbmc,TCACGCTAGGACATCG-1,33
pbmc,TCACGCTGTCTGCCTT-1,24
pbmc,TCACGCTTCACTAGCA-1,41
pbmc,TCACGCTTCGCTGACG-1,4
pbmc,TCACGCTTCGGACTGC-1,22
pbmc,TCACGGGAGCATGATA-1,1
pbmc,TCACGGGCAACCGACC-1,48
pbmc,TCACGGGCATCCGCGA-1,2
pbmc,TCACTATCACCTTCGT-1,1
pbmc,TCACTATGTTTAGACC-1,36
pbmc,TCACTATTCTCTGAGA-1,1
pbmc,TCACTCGAGCCTTTGA-1,1
pbmc,TCACTCGAGCTTCATG-1,1
pbmc,TCACTCGCAAAGCAAT-1,31
pbmc,TCACTCGCAATCTTCT-1,1
pbmc,TCACTCGCACGGTGAA-1,1
pbmc,TCACTCGCATCACCAA-1,1
pbmc,TCACTCGGTCAACCAT-1,35
pbmc,TCACTCGTCGGTCATA-1,51
pbmc,TCAGCAACAAATCAAG-1,55
pbmc,TCAGCAACACAGGAGT-1,1
pbmc,TCAGCAAGTATGACAA-1,65
pbmc,TCAGCAATCCTTAGTC-1,1
pbmc,TCAGCAATCGTAGGGA-1,1
pbmc,TCAGCCTAGAAGGCTC-1,1
pbmc,TCAGCCTAGCACCCAC-1,1
pbmc,TCAGCCTAGCGCTTCG-1,1
pbmc,TCAGCCTAGTGTAGTA-1,1
pbmc,TCAGCCTTCCTGGTCT-1,1
pbmc,TCAGCCTTCTCTAGGA-1,1
pbmc,TCAGGGCAGACTCGAG-1,1
pbmc,TCAGGGCTCATGCGGC-1,52
pbmc,TCAGGGCTCGAGCCTG-1,1
pbmc,TCAGGGCTCTGACAGT-1,1
pbmc,TCAGGGCTCTGTTGGA-1,1
pbmc,TCAGGTAAGCGTGCTC-1,1
pbmc,TCAGGTAAGGTTCACT-1,1
pbmc,TCAGGTAAGTACGAGC-1,1
pbmc,TCAGGTACAATCGCAT-1,27
pbmc,TCAGGTACAGTCAGCC-1,1
pbmc,TCAGGTACATAGCACT-1,1
pbmc,TCAGGTACATCCAATG-1,1
pbmc,TCAGGTAGTATGGTAA-1,30
pbmc,TCAGGTAGTGGATCAG-1,1
pbmc,TCAGTCCAGCTCCATA-1,1
pbmc,TCAGTCCCAGCATTGT-1,1
pbmc,TCAGTCCGTAAGATCA-1,44
pbmc,TCAGTCCGTCTCTCAC-1,35
pbmc,TCAGTCCTCACCGGGT-1,1
pbmc,TCAGTCCTCCGTGTGG-1,1
pbmc,TCAGTCCTCTGTCCGT-1,1
pbmc,TCAGTGATCCGAGTGC-1,1
pbmc,TCAGTTTAGCGGGTAT-1,1
pbmc,TCAGTTTAGGATATAC-1,38
pbmc,TCAGTTTAGGCCTGAA-1,1
pbmc,TCAGTTTAGTATAGAC-1,1
pbmc,TCAGTTTCAGAATCGG-1,1
pbmc,TCAGTTTGTCATGCAT-1,1
pbmc,TCAGTTTGTCTCCCTA-1,1
pbmc,TCATACTCAGGTACGA-1,45
pbmc,TCATACTGTGCGTGCT-1,1
pbmc,TCATACTTCAGAGCAG-1,33
pbmc,TCATACTTCAGCCTCT-1,1
pbmc,TCATATCCACTCCTGT-1,1
pbmc,TCATATCCATAACCCA-1,1
pbmc,TCATATCCATGCTGCG-1,55
pbmc,TCATATCCATTAAGCC-1,1
pbmc,TCATATCGTATCGCGC-1,1
pbmc,TCATATCGTGAAAGTT-1,1
pbmc,TCATCATAGAACACGT-1,1
pbmc,TCATCATAGCACACAG-1,48
pbmc,TCATCATAGCACCAGA-1,1
pbmc,TCATCATAGTTAACGA-1,2
pbmc,TCATCATCAGCGGTCT-1,1
pbmc,TCATCATGTATAGGAT-1,1
pbmc,TCATCATGTTGCACGC-1,25
pbmc,TCATCCGCACTGGCCA-1,1
pbmc,TCATCCGTCCAACTGA-1,27
pbmc,TCATGAGCAAGGCAAC-1,13
pbmc,TCATGAGCAGATGCGA-1,1
pbmc,TCATGAGTCATTATCC-1,2
pbmc,TCATGCCAGTACAGAT-1,1
pbmc,TCATGCCCAAAGCGTG-1,37
pbmc,TCATGCCCACTGTGTA-1,2
pbmc,TCATGCCGTGTCTTAG-1,25
pbmc,TCATGCCTCCGGTTCT-1,1
pbmc,TCATGCCTCTGTCTCG-1,1
pbmc,TCATGCCTCTTCATGC-1,1
pbmc,TCATGGACAGTCGGTC-1,1
pbmc,TCATGGAGTACCCGCA-1,1
pbmc,TCATGTTAGAGGCGGA-1,35
pbmc,TCATGTTCACCGCTAG-1,1
pbmc,TCATGTTGTCATTGCA-1,1
pbmc,TCATGTTGTCCACATA-1,1
pbmc,TCATGTTGTCTGTGCG-1,1
pbmc,TCATGTTGTGTGTGTT-1,18
pbmc,TCATGTTTCCGCAACG-1,1
pbmc,TCATTACAGAGAGTTC-1,1
pbmc,TCATTACAGCCACTCG-1,1
pbmc,TCATTACAGTATGATG-1,1
pbmc,TCATTACCAACGACAG-1,1
pbmc,TCATTACCACGTGAGA-1,1
pbmc,TCATTACCATCGATAC-1,1
pbmc,TCATTACGTAGACTGG-1,1
pbmc,TCATTACGTCCGACGT-1,1
pbmc,TCATTACGTGCATGAG-1,20
pbmc,TCATTACTCTAAGCCA-1,1
pbmc,TCATTCATCCGGACTG-1,1
pbmc,TCATTGTAGCCTCAGC-1,1
pbmc,TCATTGTAGTCGTTAC-1,1
pbmc,TCATTGTGTGAGCAGT-1,28
pbmc,TCATTTGAGATCCCGC-1,1
pbmc,TCATTTGAGCAGGGAG-1,1
pbmc,TCATTTGAGCGCCTAC-1,1
pbmc,TCATTTGGTGCAACGA-1,1
pbmc,TCCACCACAAGGCCTC-1,1
pbmc,TCCACCACAGATCCTA-1,1
pbmc,TCCACCAGTTCAAAGA-1,1
pbmc,TCCACGTAGACCGCCT-1,1
pbmc,TCCACGTCAGCATCTA-1,1
pbmc,TCCACGTGTGTCTAAC-1,1
pbmc,TCCACGTTCAAGCCGC-1,1
pbmc,TCCACGTTCCCTTCCC-1,1
pbmc,TCCAGAAAGCCATTTG-1,1
pbmc,TCCAGAAAGCCTCAGC-1,1
pbmc,TCCAGAAGTAAGGCTG-1,1
pbmc,TCCAGAATCACACCGG-1,1
pbmc,TCCATCGAGGTCGCCT-1,1
pbmc,TCCATCGGTCGGTGAA-1,1
pbmc,TCCATCGGTTAGTCGT-1,1
pbmc,TCCATCGGTTTAGTCG-1,28
pbmc,TCCATCGTCCTTCTAA-1,1
pbmc,TCCATGCAGGTGAGCT-1,1
pbmc,TCCATGCCACCGCTAG-1,1
pbmc,TCCATGCGTAGTACGG-1,1
pbmc,TCCCACAAGCTAGCCC-1,1
pbmc,TCCCACAAGTGGAAAG-1,1
pbmc,TCCCACACACTAGAGG-1,13
pbmc,TCCCACACAGACCAAG-1,31
pbmc,TCCCACAGTTGACGGA-1,2
pbmc,TCCCACATCCTTGACC-1,1
pbmc,TCCCAGTAGAATTTGG-1,1
pbmc,TCCCAGTAGACCGTTT-1,34
pbmc,TCCCAGTCAGCCTATA-1,1
pbmc,TCCCAGTCATGGATCT-1,1
pbmc,TCCCAGTTCCCTCATG-1,1
pbmc,TCCCAGTTCGACATAC-1,26
pbmc,TCCCATGCATGGGTCC-1,1
pbmc,TCCCATGTCGGCCCAA-1,16
pbmc,TCCCATGTCTAACGGT-1,1
pbmc,TCCCATGTCTTTCCGG-1,1
pbmc,TCCGAAAAGAGGTATT-1,1
pbmc,TCCGAAAAGCCTGACC-1,1
pbmc,TCCGAAACACTAAACC-1,1
pbmc,TCCGAAAGTACCTTCC-1,1
pbmc,TCCGAAAGTTCTTGCC-1,1
pbmc,TCCGAAAGTTTCCATT-1,1
pbmc,TCCGATCAGCTTCTAG-1,1
pbmc,TCCGATCCAACTGCTA-1,1
pbmc,TCCGATCCAAGCGCAA-1,1
pbmc,TCCGATCCAAGTGCAG-1,1
pbmc,TCCGATCTCAAACCTG-1,39
pbmc,TCCGATCTCTGGTTGA-1,1
pbmc,TCCGGGACACAACCGC-1,1
pbmc,TCCGGGACACGGGCTT-1,13
pbmc,TCCGGGACAGGTGTGA-1,1
pbmc,TCCGGGACATCGGAGA-1,1
pbmc,TCCGTGTCAGCGGTCT-1,1
pbmc,TCCGTGTGTAAGCTCT-1,1
pbmc,TCCGTGTTCACTCTTA-1,1
pbmc,TCCTAATAGTGATAGT-1,1
pbmc,TCCTAATCAACTGAAA-1,1
pbmc,TCCTAATTCGGCTGAC-1,1
pbmc,TCCTCCCAGACTTCCA-1,1
pbmc,TCCTCCCAGTATAGGT-1,1
pbmc,TCCTCCCAGTCTAACC-1,26
pbmc,TCCTCCCGTTAGCGGA-1,1
pbmc,TCCTCGACAGGCTATT-1,1
pbmc,TCCTCGAGTACCCGCA-1,2
pbmc,TCCTCGATCTCCAATT-1,1
pbmc,TCCTCGATCTCTCGAC-1,21
pbmc,TCCTCTTAGAGTGAAG-1,60
pbmc,TCCTCTTAGCCAAGGT-1,88
pbmc,TCCTCTTCACATACTG-1,1
pbmc,TCCTCTTGTCCGGTCA-1,1
pbmc,TCCTCTTTCCGCTAGG-1,1
pbmc,TCCTGCACACGACAGA-1,1
pbmc,TCCTGCAGTTGTCATG-1,1
pbmc,TCCTGCATCACCTTGC-1,1
pbmc,TCCTTCTAGCGCTGCT-1,1
pbmc,TCCTTCTAGTCGAATA-1,1
pbmc,TCCTTCTCAACTCGTA-1,92
pbmc,TCCTTCTCAAGCGATG-1,1
pbmc,TCCTTCTGTAACATCC-1,1
pbmc,TCCTTTCAGTACCCTA-1,1
pbmc,TCCTTTCTCGCTGTCT-1,47
pbmc,TCGAACACACCCAATA-1,1
pbmc,TCGAACAGTTAACCTG-1,1
pbmc,TCGAACATCTAGTACG-1,1
pbmc,TCGAAGTGTATCAGGG-1,25
pbmc,TCGAAGTGTGGTCTGC-1,1
pbmc,TCGAAGTTCATCCTAT-1,1
pbmc,TCGACCTAGGTCCAGA-1,1
pbmc,TCGACCTCAAAGACTA-1,28
pbmc,TCGACCTCAAGTAGTA-1,82
pbmc,TCGACCTGTAGTGTGG-1,1
pbmc,TCGACCTTCAGCAATC-1,1
pbmc,TCGACCTTCATAGAGA-1,1
pbmc,TCGACGGCAACCGGAA-1,1
pbmc,TCGACGGCATTGAAAG-1,1
pbmc,TCGACGGGTTTAGTCG-1,1
pbmc,TCGACGGTCGAAGTGG-1,28
pbmc,TCGATTTCACTGAATC-1,2
pbmc,TCGATTTGTACGCTTA-1,37
pbmc,TCGATTTGTATTGGCT-1,1
pbmc,TCGATTTGTCCGACGT-1,1
pbmc,TCGATTTGTTAAAGTG-1,2
pbmc,TCGCAGGAGATTGACA-1,28
pbmc,TCGCAGGAGGCTAACG-1,3
pbmc,TCGCAGGGTAGGCTCC-1,32
pbmc,TCGCAGGGTCTAACGT-1,1
pbmc,TCGCAGGGTTCTAACG-1,29
pbmc,TCGCAGGGTTGTGTTG-1,1
pbmc,TCGCTCAAGAACTGAT-1,1
pbmc,TCGCTCACAAGATTGA-1,29
pbmc,TCGCTCACAAGTTGGG-1,1
pbmc,TCGCTCATCCCGTGAG-1,1
pbmc,TCGCTTGAGAGACAAG-1,37
pbmc,TCGCTTGAGCATTTGC-1,25
pbmc,TCGCTTGGTGAGACCA-1,1
pbmc,TCGGATAAGAGCAGAA-1,1
pbmc,TCGGATAAGGCAGGTT-1,1
pbmc,TCGGATAGTGGTATGG-1,1
pbmc,TCGGATATCGCCTTGT-1,1
pbmc,TCGGGACAGAAGGCTC-1,1
pbmc,TCGGGACAGCCATTCA-1,1
pbmc,TCGGGACAGTATTAGG-1,1
pbmc,TCGGGACAGTTGGCTT-1,1
pbmc,TCGGGACGTAACGGTG-1,6
pbmc,TCGGGACTCTAGATCG-1,41
pbmc,TCGGGCACAGCGCTTG-1,1
pbmc,TCGGGCACAGTTACCA-1,11
pbmc,TCGGGCAGTCTAGGTT-1,1
pbmc,TCGGGCATCCGATTAG-1,32
pbmc,TCGGGCATCCGCACGA-1,1
pbmc,TCGGGCATCTGAACGT-1,40
pbmc,TCGGGTGCAGTCTGGC-1,7
pbmc,TCGGTCTGTGATGGCA-1,1
pbmc,TCGGTCTGTTGTATGC-1,1
pbmc,TCGGTCTTCATTGCTT-1,28
pbmc,TCGGTCTTCGACATAC-1,30
pbmc,TCGTAGACAATGAAAC-1,46
pbmc,TCGTAGAGTCTCAGAT-1,2
pbmc,TCGTAGAGTTGTAGCT-1,1
pbmc,TCGTCCAGTGCAGTGA-1,1
pbmc,TCGTCCATCTACGCAA-1,1
pbmc,TCGTCCATCTCATTTG-1,1
pbmc,TCGTGCTAGAAACACT-1,1
pbmc,TCGTGCTCACATATGC-1,1
pbmc,TCGTGCTGTAAGGAGA-1,9
pbmc,TCGTGCTGTACGTGAG-1,1
pbmc,TCGTGCTGTGATCATC-1,15
pbmc,TCGTGCTTCAGCCTTC-1,1
pbmc,TCGTGGGCAGAAGTGC-1,6
pbmc,TCGTGGGCATTGTGCA-1,1
pbmc,TCTAACTAGATGCTTC-1,1
pbmc,TCTAACTAGGTCCAGA-1,32
pbmc,TCTAACTGTGGCTGCT-1,1
pbmc,TCTAACTTCCAAAGGG-1,1
pbmc,TCTAACTTCTCTGACC-1,1
pbmc,TCTACATAGATACCAA-1,1
pbmc,TCTACATAGTCGTCTA-1,1
pbmc,TCTACATCAGCAGACA-1,1
pbmc,TCTACATGTTGTTGTG-1,1
pbmc,TCTACATTCCCATGGG-1,1
pbmc,TCTACATTCGCTAATG-1,2
pbmc,TCTACATTCTTCCTAA-1,1
pbmc,TCTACCGAGGACCCAA-1,1
pbmc,TCTACCGCAACTCATG-1,1
pbmc,TCTACCGCAGTCGTTA-1,35
pbmc,TCTACCGGTCGAAACG-1,1
pbmc,TCTACCGTCCACGGAC-1,25
pbmc,TCTACCGTCGCATTGA-1,1
pbmc,TCTACCGTCTCAATCT-1,1
pbmc,TCTACCGTCTGGTGCG-1,1
pbmc,TCTACCGTCTTACGGA-1,1
pbmc,TCTATACAGCTCTATG-1,1
pbmc,TCTATACGTTATCCAG-1,40
pbmc,TCTATACGTTCTCCAC-1,4
pbmc,TCTATCACACGGCCAT-1,1
pbmc,TCTATCAGTATGCTAC-1,29
pbmc,TCTATCAGTCGTTGGC-1,1
pbmc,TCTATCAGTTGCCGAC-1,31
pbmc,TCTATCATCGTGACTA-1,1
pbmc,TCTATCATCTAACGCA-1,1
pbmc,TCTCACGAGCACTTTG-1,1
pbmc,TCTCACGAGGCTCCCA-1,22
pbmc,TCTCACGAGGGCCAAT-1,1
pbmc,TCTCACGAGGTAGACC-1,1
pbmc,TCTCACGGTCTCTCAC-1,1
pbmc,TCTCACGTCTCGCAGG-1,6
pbmc,TCTCCGAAGTCAATCC-1,81
pbmc,TCTCCGACAGGTACAG-1,1
pbmc,TCTCCGACATCATGAC-1,1
pbmc,TCTCCGACATTAAGCC-1,1
pbmc,TCTCCGATCTCTCTTC-1,66
pbmc,TCTCTGGAGGTGGGTT-1,1
pbmc,TCTCTGGCAAAGCAAT-1,70
pbmc,TCTCTGGTCCTCGCAT-1,1
pbmc,TCTGCCAAGTTACGGG-1,48
pbmc,TCTGCCACAGAGTGAC-1,1
pbmc,TCTGCCACATGGCTGC-1,1
pbmc,TCTGCCAGTAACGCGA-1,30
pbmc,TCTGCCAGTACCCGCA-1,1
pbmc,TCTGCCAGTAGATGTA-1,68
pbmc,TCTGCCAGTTCCTAGA-1,1
pbmc,TCTGCCAGTTGCCTAA-1,1
pbmc,TCTGCCATCGGTTAGT-1,1
pbmc,TCTGCCATCTGTCGTC-1,1
pbmc,TCTGGCTAGGCTCACC-1,1
pbmc,TCTGGCTCAGCGATTT-1,1
pbmc,TCTGGCTCATCCTGTC-1,50
pbmc,TCTGGCTCATGACTGT-1,1
pbmc,TCTGGCTTCAAGCGTT-1,1
pbmc,TCTGGCTTCCAGTTCC-1,1
pbmc,TCTGGCTTCGCTCCTA-1,1
pbmc,TCTGTCGAGACATCCT-1,1
pbmc,TCTGTCGAGACTAGAT-1,20
pbmc,TCTGTCGCACCAGCGT-1,46
pbmc,TCTGTCGCATCGCCTT-1,1
pbmc,TCTGTCGGTTCTCGTC-1,1
pbmc,TCTTAGTAGGCCTGCT-1,34
pbmc,TCTTAGTAGTCTACCA-1,1
pbmc,TCTTAGTCAACACGAG-1,48
pbmc,TCTTAGTGTTGCCAAT-1,44
pbmc,TCTTAGTTCAGAATAG-1,25
pbmc,TCTTAGTTCAGCGCGT-1,1
pbmc,TCTTAGTTCCCATGGG-1,1
pbmc,TCTTCCTCACCAAAGG-1,8
pbmc,TCTTCCTCACCTCTGT-1,1
pbmc,TCTTCCTTCGAGTACT-1,1
pbmc,TCTTGCGAGACTAAGT-1,1
pbmc,TCTTGCGAGATGAAGG-1,16
pbmc,TCTTGCGAGTTTCGGT-1,1
pbmc,TCTTGCGCACTACTTT-1,19
pbmc,TCTTGCGCAGAGGAAA-1,33
pbmc,TCTTGCGCAGTTGTCA-1,1
pbmc,TCTTGCGGTCCAGCCA-1,30
pbmc,TCTTTGACACGTCATA-1,1
pbmc,TCTTTGACATAAGATG-1,1
pbmc,TCTTTGACATATACCG-1,1
pbmc,TCTTTGAGTAGCACGA-1,1
pbmc,TCTTTGAGTGATGTAA-1,1
pbmc,TCTTTGAGTGCAACAG-1,1
pbmc,TCTTTGAGTGGAGAAA-1,34
pbmc,TCTTTGATCAATCCAG-1,1
pbmc,TCTTTGATCAGTCTTT-1,1
pbmc,TCTTTGATCGATTTCT-1,1
pbmc,TGAACGTCAAATGAAC-1,32
pbmc,TGAACGTCACTCCGAG-1,1
pbmc,TGAACGTCATGAGGGT-1,1
pbmc,TGAACGTGTAACTAAG-1,41
pbmc,TGAACGTGTCCATAGT-1,8
pbmc,TGAACGTTCCGTTTCG-1,1
pbmc,TGAATCGAGGTTCAGG-1,1
pbmc,TGAATCGCAGGTGAGT-1,2
pbmc,TGAATCGCAGTTTCGA-1,1
pbmc,TGAATCGGTAGGGAGG-1,1
pbmc,TGAATCGTCTCCGAAA-1,1
pbmc,TGAATGCAGAGCATAT-1,1
pbmc,TGAATGCAGTGAGTGC-1,1
pbmc,TGAATGCCATTCTCTA-1,1
pbmc,TGAATGCGTCTACATG-1,1
pbmc,TGAATGCGTGGACTAG-1,28
pbmc,TGAATGCTCGACGAGA-1,46
pbmc,TGAATGCTCGCCGTGA-1,51
pbmc,TGACAGTAGAGGTGCT-1,14
pbmc,TGACAGTCAAGCAGGT-1,1
pbmc,TGACAGTCACTGCGAC-1,1
pbmc,TGACAGTTCCTTACCG-1,1
pbmc,TGACAGTTCGAGATGG-1,16
pbmc,TGACCCTCACAAGTTC-1,1
pbmc,TGACCCTGTATTTCCT-1,1
pbmc,TGACCCTGTTGTAAAG-1,1
pbmc,TGACCCTTCTCATTGT-1,32
pbmc,TGACGCGCACAGACGA-1,2
pbmc,TGACGCGGTACCCACG-1,1
pbmc,TGACGCGGTGGCTTAT-1,26
pbmc,TGACGCGGTGTATTGC-1,1
pbmc,TGACGCGGTTTGTGGT-1,1
pbmc,TGACGCGTCCAGCACG-1,1
pbmc,TGACTCCAGTCTCCTC-1,32
pbmc,TGACTCCCACACCTTC-1,1
pbmc,TGACTCCCACCATAAC-1,31
pbmc,TGACTCCGTGCGTCGT-1,1
pbmc,TGAGACTAGGAGGCAG-1,1
pbmc,TGAGACTAGGCTGAAC-1,27
pbmc,TGAGCATAGAAGGATG-1,1
pbmc,TGAGCATAGACATAGT-1,1
pbmc,TGAGCATAGTAAACGT-1,2
pbmc,TGAGCATCAGTAGATA-1,1
pbmc,TGAGCATGTAGTACGG-1,1
pbmc,TGAGCATTCCATTGCC-1,25
pbmc,TGAGCATTCCTTCACG-1,24
pbmc,TGAGCATTCGATACTG-1,29
pbmc,TGAGCATTCTCATTTG-1,1
pbmc,TGAGCATTCTCTATGT-1,1
pbmc,TGAGCATTCTGTCTCG-1,33
pbmc,TGAGCGCAGTATCTGC-1,2
pbmc,TGAGCGCCACTATGTG-1,32
pbmc,TGAGCGCCAGCATACT-1,50
pbmc,TGAGCGCTCATTGCTT-1,1
pbmc,TGAGCGCTCGTCTAAG-1,29
pbmc,TGAGCGCTCTTCCGTG-1,1
pbmc,TGAGGAGAGACCAACG-1,1
pbmc,TGAGGAGAGCATGGGT-1,1
pbmc,TGAGGAGCAACGATCT-1,1
pbmc,TGAGGAGCATGGAATA-1,1
pbmc,TGAGGAGGTGTATTCG-1,1
pbmc,TGAGGAGTCCAAGGGA-1,1
pbmc,TGAGGAGTCCATCGTC-1,48
pbmc,TGAGGAGTCGCCTAGG-1,1
pbmc,TGAGGAGTCGTAGCCG-1,1
pbmc,TGAGGAGTCTTCGTGC-1,1
pbmc,TGAGGGAAGACGGAAA-1,2
pbmc,TGAGGGACATCCAATG-1,1
pbmc,TGAGGGAGTCAAAGCG-1,1
pbmc,TGAGGGATCAAACGTC-1,33
pbmc,TGAGGGATCATAAGGA-1,39
pbmc,TGAGGTTAGACCATAA-1,1
pbmc,TGAGGTTAGTGGTGAC-1,1
pbmc,TGAGGTTAGTTTGAGA-1,1
pbmc,TGAGGTTCAAACTAGA-1,12
pbmc,TGAGGTTCAGGACATG-1,41
pbmc,TGAGGTTCAGTAAATG-1,1
pbmc,TGAGGTTCATTAAAGG-1,1
pbmc,TGAGGTTGTAGCTTTG-1,68
pbmc,TGAGGTTTCTGCACCT-1,1
pbmc,TGAGTCACAACACAGG-1,1
pbmc,TGAGTCACAGAACGCA-1,47
pbmc,TGAGTCAGTAACCCTA-1,18
pbmc,TGAGTCAGTCACTCTC-1,25
pbmc,TGAGTCAGTCCAGCCA-1,1
pbmc,TGAGTCATCATCACTT-1,1
pbmc,TGAGTCATCCGAGAAG-1,1
pbmc,TGATCAGAGGATTCAA-1,53
pbmc,TGATCAGGTTCCTTGC-1,1
pbmc,TGATCTTGTTCAAAGA-1,1
pbmc,TGATCTTTCAATGTCG-1,1
pbmc,TGATCTTTCGCAGATT-1,1
pbmc,TGATGCACAGGGCTTC-1,31
pbmc,TGATGCACAGTGGCTC-1,2
pbmc,TGATGCAGTACGTAGG-1,1
pbmc,TGATGCAGTTTGGAGG-1,1
pbmc,TGATGGTAGACCCGCT-1,26
pbmc,TGATGGTTCACTACGA-1,1
pbmc,TGATGGTTCATCGACA-1,1
pbmc,TGATTCTCAACGACTT-1,1
pbmc,TGATTCTCAATCCAGT-1,1
pbmc,TGATTCTGTAGGTACG-1,5
pbmc,TGATTTCAGCATCAAA-1,1
pbmc,TGATTTCAGGTAACTA-1,1
pbmc,TGATTTCCAAGCGATG-1,1
pbmc,TGATTTCGTAGCTGCC-1,1
pbmc,TGATTTCGTGGCACTC-1,1
pbmc,TGATTTCGTTTCGCTC-1,1
pbmc,TGATTTCTCACATACG-1,1
pbmc,TGATTTCTCTTCTCAA-1,1
pbmc,TGCACGGAGCCTGGAA-1,1
pbmc,TGCACGGCAGGCCTGT-1,1
pbmc,TGCACGGGTATCTCTT-1,1
pbmc,TGCACGGTCGAGTACT-1,14
pbmc,TGCAGATCACTAGAGG-1,1
pbmc,TGCAGGCAGCGTTCAT-1,11
pbmc,TGCAGGCAGGTCACCC-1,1
pbmc,TGCAGGCCAGGAATAT-1,28
pbmc,TGCAGGCGTCGCATTA-1,2
pbmc,TGCAGGCGTCTGTAGT-1,1
pbmc,TGCAGGCGTGGCCTCA-1,1
pbmc,TGCAGGCGTTATGACC-1,1
pbmc,TGCAGTAAGTAGTCCT-1,19
pbmc,TGCAGTACAAGAGTTA-1,1
pbmc,TGCAGTATCCACATAG-1,29
pbmc,TGCAGTATCTCACGAA-1,1
pbmc,TGCAGTATCTTTGCGC-1,1
pbmc,TGCATCCAGTCATGCT-1,1
pbmc,TGCATCCAGTGGTGGT-1,1
pbmc,TGCATCCCACCCAACG-1,17
pbmc,TGCATCCCACTGCGAC-1,1
pbmc,TGCATCCCAGGTGACA-1,1
pbmc,TGCATCCGTGGCTGAA-1,1
pbmc,TGCATCCGTGGGATTG-1,1
pbmc,TGCATCCTCCACGTAA-1,1
pbmc,TGCATGAAGCACCCAC-1,30
pbmc,TGCATGAAGCTAGAAT-1,1
pbmc,TGCATGAGTACTCCCT-1,1
pbmc,TGCATGAGTCGTCTCT-1,1
pbmc,TGCATGATCGGTCTGG-1,1
pbmc,TGCCGAGCAACTTGCA-1,1
pbmc,TGCCGAGGTGAGTTGG-1,1
pbmc,TGCCGAGTCGCTTTAT-1,1
pbmc,TGCCGAGTCTAACAGT-1,1
pbmc,TGCCGAGTCTAACGGT-1,8
pbmc,TGCGACGAGCGACAGT-1,29
pbmc,TGCGACGGTACTGCCG-1,1
pbmc,TGCGATAAGAATCGCG-1,28
pbmc,TGCGATAAGCGTCTCG-1,1
pbmc,TGCGATAGTCACCGAC-1,1
pbmc,TGCGATAGTCTGCATA-1,1
pbmc,TGCGATATCAGACAAA-1,1
pbmc,TGCGGCAAGTGGTGAC-1,19
pbmc,TGCGGCACAAAGACGC-1,41
pbmc,TGCGGCACACCCTAAA-1,1
pbmc,TGCGGCAGTAAGAACT-1,1
pbmc,TGCGGCAGTTAGGGTG-1,1
pbmc,TGCGGCATCTGGGAGA-1,1
pbmc,TGCGGGTGTAGTATAG-1,1
pbmc,TGCGGGTTCGGTCTAA-1,1
pbmc,TGCTCCAAGCGATCGA-1,1
pbmc,TGCTCCACAATCTAGC-1,22
pbmc,TGCTCCACAGCTGGTC-1,1
pbmc,TGCTCCACATCTCAAG-1,1
pbmc,TGCTCCAGTGGTAACG-1,1
pbmc,TGCTCCAGTTGTAAAG-1,1
pbmc,TGCTCGTAGACGAGCT-1,37
pbmc,TGCTCGTAGAGTCTGG-1,1
pbmc,TGCTCGTCACACGTGC-1,1
pbmc,TGCTCGTGTCACAGTT-1,1
pbmc,TGCTCGTTCCCATTTA-1,20
pbmc,TGCTCGTTCTAGAGCT-1,1
pbmc,TGCTGAAAGGTGCCAA-1,2
pbmc,TGCTGAAAGTAGAGTT-1,1
pbmc,TGCTGAAAGTGCGTCC-1,1
pbmc,TGCTGAACAAAGACGC-1,1
pbmc,TGCTGAACACCAACAT-1,1
pbmc,TGCTGAACAGCACAAG-1,29
pbmc,TGCTTCGCAATAACCC-1,1
pbmc,TGCTTCGCATAGCTGT-1,13
pbmc,TGCTTCGCATCTGTTT-1,1
pbmc,TGCTTCGGTGGAAGTC-1,1
pbmc,TGCTTCGTCGGTCGAC-1,1
pbmc,TGCTTGCCACGCTGAC-1,1
pbmc,TGCTTGCGTCCCGGTA-1,1
pbmc,TGCTTGCGTGAACTAA-1,28
pbmc,TGCTTGCGTTCCACAA-1,1
pbmc,TGGAACTAGCGTCTCG-1,21
pbmc,TGGAACTAGTGAGGTC-1,1
pbmc,TGGAACTAGTTGCTGT-1,1
pbmc,TGGAACTGTCCAGCCA-1,1
pbmc,TGGAACTGTCTAGGCC-1,1
pbmc,TGGAGAGAGAACAAGG-1,1
pbmc,TGGAGAGCAGTCAGTT-1,10
pbmc,TGGAGAGTCACGGGAA-1,1
pbmc,TGGAGAGTCTGAATCG-1,2
pbmc,TGGAGGAAGCGCGTTC-1,1
pbmc,TGGAGGAAGTAGGAAG-1,16
pbmc,TGGAGGAGTCACCCTT-1,1
pbmc,TGGAGGAGTCAGGTGA-1,2
pbmc,TGGAGGAGTCTTTATC-1,5
pbmc,TGGAGGATCGACATTG-1,26
pbmc,TGGAGGATCTCAAAGC-1,1
pbmc,TGGATCAAGACTACGG-1,1
pbmc,TGGATCACACGGTGAA-1,1
pbmc,TGGATCAGTCTTACAG-1,1
pbmc,TGGATCAGTTCTCCCA-1,19
pbmc,TGGATCATCGGAATTC-1,2
pbmc,TGGATGTGTAAGCGGT-1,1
pbmc,TGGATGTTCACGGGAA-1,27
pbmc,TGGATGTTCACTAGCA-1,1
pbmc,TGGATGTTCCGCAAAT-1,1
pbmc,TGGATGTTCTATCCAT-1,15
pbmc,TGGATGTTCTGTAACG-1,1
pbmc,TGGCGTGGTGGATTTC-1,23
pbmc,TGGCGTGTCCGTAGTA-1,1
pbmc,TGGGAAGAGGTGCAGT-1,1
pbmc,TGGGAAGCAGGCATGA-1,1
pbmc,TGGGAAGTCGATTGGT-1,31
pbmc,TGGGAGAAGAATAACC-1,1
pbmc,TGGGAGAAGCAAGTGC-1,18
pbmc,TGGGAGAAGCACACCC-1,1
pbmc,TGGGAGAAGTGGTGGC-1,1
pbmc,TGGGAGAAGTGGTGGT-1,42
pbmc,TGGGAGACAGGCCCTA-1,1
pbmc,TGGGAGAGTATTGAGA-1,1
pbmc,TGGGAGAGTCCCTAAA-1,1
pbmc,TGGGAGAGTGCCGTAC-1,1
pbmc,TGGGATTAGGCGACAT-1,1
pbmc,TGGGATTAGTAGTGTG-1,1
pbmc,TGGGATTAGTCACGAG-1,25
pbmc,TGGGATTCAGAGTCTT-1,1
pbmc,TGGGATTGTACGATGG-1,65
pbmc,TGGGATTGTATGAGCG-1,1
pbmc,TGGGATTTCCCTCGAT-1,1
pbmc,TGGGCGTAGACGAGCT-1,1
pbmc,TGGGCGTAGCCTCGTG-1,1
pbmc,TGGGCGTAGTGGAATT-1,18
pbmc,TGGGCGTCAAATTGCC-1,27
pbmc,TGGGCGTCACCTGCTT-1,1
pbmc,TGGGCGTCAGAGTCAG-1,1
pbmc,TGGGCGTGTCGGCCTA-1,1
pbmc,TGGGCGTTCCCTCATG-1,1
pbmc,TGGGCGTTCGCCGAAC-1,1
pbmc,TGGGCTGAGAGGGTCT-1,25
pbmc,TGGGCTGAGCAAATGT-1,1
pbmc,TGGGCTGAGCGTTAGG-1,51
pbmc,TGGGCTGAGCGTTCAT-1,1
pbmc,TGGGCTGAGCGTTGGG-1,1
pbmc,TGGGCTGAGCTGGCCT-1,1
pbmc,TGGGCTGCACCCTAAA-1,1
pbmc,TGGGCTGCATCCGATA-1,70
pbmc,TGGGCTGGTCGCGGTT-1,27
pbmc,TGGGCTGTCATCTCTA-1,2
pbmc,TGGGCTGTCTAGGCAT-1,1
pbmc,TGGGTTAAGGAACGAA-1,5
pbmc,TGGGTTAGTATTGAGA-1,93
pbmc,TGGGTTAGTGCACGCT-1,18
pbmc,TGGGTTAGTTAGTTCG-1,1
pbmc,TGGGTTATCAGTAGGG-1,44
pbmc,TGGGTTATCATGCCGG-1,1
pbmc,TGGTACAAGAACGTGC-1,1
pbmc,TGGTACAAGGAAAGAC-1,1
pbmc,TGGTACAAGTATAGAC-1,1
pbmc,TGGTACACAAAGGGTC-1,29
pbmc,TGGTACAGTACCTAAC-1,1
pbmc,TGGTACAGTTGCCAAT-1,1
pbmc,TGGTAGTCAACGCATT-1,1
pbmc,TGGTAGTCAATAACGA-1,1
pbmc,TGGTAGTCAGGAGACT-1,1
pbmc,TGGTAGTCAGGCATGA-1,33
pbmc,TGGTAGTCATCACAGT-1,16
pbmc,TGGTAGTGTCTGTGAT-1,1
pbmc,TGGTAGTTCCCTCATG-1,18
pbmc,TGGTAGTTCTCTGCTG-1,3
pbmc,TGGTGATAGTACAACA-1,1
pbmc,TGGTGATCAGGTATGG-1,1
pbmc,TGGTTAGAGTCATCCA-1,1
pbmc,TGGTTAGGTGACTGAG-1,1
pbmc,TGGTTAGGTGGCTGAA-1,1
pbmc,TGGTTAGTCAACCTTT-1,27
pbmc,TGGTTAGTCCCTTGGT-1,1
pbmc,TGGTTAGTCTAGAATC-1,1
pbmc,TGTAACGAGCACTTTG-1,1
pbmc,TGTAACGAGGCACAAC-1,1
pbmc,TGTAACGCACCGGCTA-1,1
pbmc,TGTAACGCAGTTGGTT-1,1
pbmc,TGTAAGCAGGTGCCAA-1,1
pbmc,TGTAAGCCAACAGCCC-1,1
pbmc,TGTACAGAGACTCGAG-1,49
pbmc,TGTACAGAGGCTCAAG-1,1
pbmc,TGTACAGAGTACGAGC-1,1
pbmc,TGTACAGAGTGAGTTA-1,41
pbmc,TGTACAGCACAAATGA-1,1
pbmc,TGTACAGCAGCGAGTA-1,1
pbmc,TGTACAGCATACCAGT-1,1
pbmc,TGTACAGCATGGGTCC-1,1
pbmc,TGTACAGGTGCCCTTT-1,1
pbmc,TGTACAGGTGGATTTC-1,24
pbmc,TGTAGACAGCTCTGTA-1,1
pbmc,TGTAGACGTACGATGG-1,1
pbmc,TGTAGACTCCATTTAC-1,50
pbmc,TGTCAGACAACTTGGT-1,40
pbmc,TGTCAGACAATCCAGT-1,2
pbmc,TGTCAGACACTCACTC-1,34
pbmc,TGTCAGACATGTTTGG-1,4
pbmc,TGTCAGAGTCAGTCTA-1,1
pbmc,TGTCAGAGTGTTAAAG-1,1
pbmc,TGTCAGATCGCGGACT-1,1
pbmc,TGTCAGATCTCCTGTG-1,1
pbmc,TGTCCACCAACTGGTT-1,36
pbmc,TGTCCACTCGCTTACC-1,46
pbmc,TGTCCCAAGAACGTGC-1,1
pbmc,TGTCCCAAGACTGAGC-1,2
pbmc,TGTCCCAAGCTCCATA-1,44
pbmc,TGTCCCAAGGTCATAA-1,22
pbmc,TGTCCCACAATGGGTG-1,1
pbmc,TGTCCCACATACTTTC-1,22
pbmc,TGTCCCAGTCAAGCGA-1,1
pbmc,TGTCCCAGTCAGGCAA-1,20
pbmc,TGTCCCAGTCGGTGTC-1,28
pbmc,TGTCCCATCATCTGTT-1,1
pbmc,TGTCCCATCCGCCTAT-1,1
pbmc,TGTCCCATCTGTCGTC-1,1
pbmc,TGTCCTGAGACCACGA-1,1
pbmc,TGTCCTGAGCCAGTAG-1,1
pbmc,TGTCCTGCATAATCGC-1,1
pbmc,TGTCCTGGTACTTGTG-1,26
pbmc,TGTCCTGGTCGGCTAC-1,1
pbmc,TGTCCTGGTTACACTG-1,1
pbmc,TGTCCTGGTTGGCTAT-1,25
pbmc,TGTCCTGTCGGCTATA-1,17
pbmc,TGTCCTGTCTGAGAAA-1,1
pbmc,TGTGAGTCAAGAAATC-1,2
pbmc,TGTGAGTCAGAGTCTT-1,1
pbmc,TGTGAGTCATCGAACT-1,1
pbmc,TGTGAGTTCGTGGGTC-1,1
pbmc,TGTGATGAGAACCGCA-1,1
pbmc,TGTGATGAGCGACTGA-1,22
pbmc,TGTGATGCACCGAATT-1,1
pbmc,TGTGATGCATGACTAC-1,1
pbmc,TGTGATGCATTCTCTA-1,39
pbmc,TGTGCGGAGCTAGAGC-1,1
pbmc,TGTGCGGGTCGTCGGT-1,47
pbmc,TGTGCGGTCACATACG-1,44
pbmc,TGTGGCGGTATGCAAA-1,1
pbmc,TGTGGCGTCGTACCTC-1,14
pbmc,TGTGTGAAGATTAGAC-1,1
pbmc,TGTGTGAGTCACCACG-1,1
pbmc,TGTGTGAGTCTACATG-1,6
pbmc,TGTGTGATCTGACAGT-1,27
pbmc,TGTGTGATCTGGAATT-1,1
pbmc,TGTTACTAGCGGTAGT-1,1
pbmc,TGTTACTAGGGATCTG-1,1
pbmc,TGTTACTGTCGCATGC-1,1
pbmc,TGTTACTTCCGTATAG-1,1
pbmc,TGTTCATAGACCAAGC-1,1
pbmc,TGTTCATAGCTGCCTG-1,67
pbmc,TGTTCATCACCTTCCA-1,1
pbmc,TGTTCATCACTAGGTT-1,2
pbmc,TGTTCATGTACTTGGT-1,1
pbmc,TGTTCATGTCCTGGGT-1,34
pbmc,TGTTCATGTCTATGAC-1,1
pbmc,TGTTCATTCAGTGTCA-1,1
pbmc,TGTTCATTCCACTAGA-1,1
pbmc,TGTTCCGCAAGTATAG-1,23
pbmc,TGTTCCGCAGAGGAAA-1,1
pbmc,TGTTCCGTCACCATGA-1,1
pbmc,TGTTCTAAGATTTGCC-1,1
pbmc,TGTTCTACACCATTCC-1,1
pbmc,TGTTCTAGTCCCTGAG-1,1
pbmc,TGTTCTAGTCGTGCCA-1,1
pbmc,TGTTCTAGTGGAATGC-1,1
pbmc,TGTTCTATCATGACAC-1,1
pbmc,TGTTCTATCTTGCGCT-1,1
pbmc,TGTTGAGCACAACGAG-1,17
pbmc,TGTTGAGTCTCGACCT-1,34
pbmc,TGTTGGAAGCCATTTG-1,2
pbmc,TGTTTGTCACCCTTGT-1,1
pbmc,TGTTTGTGTAGGAGGG-1,1
pbmc,TGTTTGTGTCGTGGTC-1,1
pbmc,TGTTTGTGTGCCCGTA-1,1
pbmc,TGTTTGTGTGGAAATT-1,72
pbmc,TGTTTGTTCCAATGCA-1,1
pbmc,TTAATCCAGCTACTAC-1,59
pbmc,TTAATCCCACTGATTG-1,10
pbmc,TTACAGGGTGATTCTG-1,23
pbmc,TTACCATAGAATCGCG-1,1
pbmc,TTACCATCATCACCAA-1,1
pbmc,TTACCGCAGTCGTTAC-1,1
pbmc,TTACCGCGTCCGAAAG-1,52
pbmc,TTACCGCGTTGCCTAA-1,1
pbmc,TTACCGCTCACTCACC-1,1
pbmc,TTACGCCCACGTCGTG-1,14
pbmc,TTACGCCGTCCGGTCA-1,1
pbmc,TTACGCCGTCGTTGCG-1,1
pbmc,TTACGCCGTGTCCTAA-1,1
pbmc,TTACGCCTCAATGCAC-1,18
pbmc,TTACGTTGTCCAGCCA-1,1
pbmc,TTACGTTGTTTACGAC-1,89
pbmc,TTACGTTTCTCGCTTG-1,37
pbmc,TTACTGTAGGCTGGAT-1,1
pbmc,TTACTGTCATACATCG-1,36
pbmc,TTACTGTGTAAGAACT-1,18
pbmc,TTACTGTGTTAAGGGC-1,29
pbmc,TTACTGTTCACTACTT-1,1
pbmc,TTAGGCAAGCATGCAG-1,1
pbmc,TTAGGCAAGCCAAGGT-1,1
pbmc,TTAGGCAAGCCGATAG-1,1
pbmc,TTAGGCAGTCATAAAG-1,1
pbmc,TTAGGGTCAGGTCAGA-1,10
pbmc,TTAGGGTGTCACATTG-1,42
pbmc,TTAGTCTAGATGCAGC-1,1
pbmc,TTAGTCTCAATTTCGG-1,1
pbmc,TTAGTCTCACGTATAC-1,21
pbmc,TTAGTCTTCGAAGAAT-1,1
pbmc,TTATTGCAGCCGTTGC-1,1
pbmc,TTATTGCCAAACGGCA-1,30
pbmc,TTATTGCGTAATGATG-1,1
pbmc,TTATTGCGTACGTAGG-1,18
pbmc,TTATTGCGTCAAAGAT-1,1
pbmc,TTATTGCGTCAACACT-1,24
pbmc,TTATTGCGTGTCTTCC-1,29
pbmc,TTATTGCTCTCAGGCG-1,1
pbmc,TTATTGCTCTGCGTCT-1,1
pbmc,TTCAATCGTAACAAGT-1,1
pbmc,TTCAATCGTATGTCCA-1,4
pbmc,TTCACCGAGCTCTTCC-1,1
pbmc,TTCACCGCAGCCCAGT-1,24
pbmc,TTCACCGTCATCCTAT-1,2
pbmc,TTCACGCGTATTGAGA-1,1
pbmc,TTCACGCGTGGGTCAA-1,4
pbmc,TTCACGCGTTAAGTCC-1,27
pbmc,TTCACGCTCCGCAGTG-1,1
pbmc,TTCACGCTCTATCCAT-1,33
pbmc,TTCAGGAAGATTGGGC-1,12
pbmc,TTCAGGAAGTGGCAGT-1,1
pbmc,TTCAGGACATCCTTCG-1,1
pbmc,TTCAGGAGTCTACAAC-1,26
pbmc,TTCAGGAGTGCATGAG-1,1
pbmc,TTCATGTAGGTCATAA-1,24
pbmc,TTCATGTCACAGTCCG-1,1
pbmc,TTCATGTCACTCACGG-1,1
pbmc,TTCATGTCATAGAAAC-1,1
pbmc,TTCATGTGTTGCTCCT-1,1
pbmc,TTCATGTTCCACCCTA-1,1
pbmc,TTCATGTTCTCTGGTC-1,6
pbmc,TTCATTGGTACGAAAT-1,19
pbmc,TTCATTGTCAGCTTCC-1,3
pbmc,TTCCAATTCATTACGG-1,1
pbmc,TTCCAATTCGATAACC-1,1
pbmc,TTCCAATTCGCTACGG-1,1
pbmc,TTCCAATTCGGACTGC-1,1
pbmc,TTCCACGAGAGGATCC-1,1
pbmc,TTCCACGAGAGGTTAT-1,1
pbmc,TTCCACGAGGAAGTGA-1,5
pbmc,TTCCACGCACAACGTT-1,1
pbmc,TTCCACGCACACTTCC-1,1
pbmc,TTCCACGGTCAACACT-1,42
pbmc,TTCCACGGTCCATACA-1,1
pbmc,TTCCACGTCAAGTAAG-1,1
pbmc,TTCCACGTCCCTTCCC-1,1
pbmc,TTCCGGTAGTACTGTC-1,1
pbmc,TTCCGGTCAGGGACTA-1,1
pbmc,TTCCGGTCATTGCTTT-1,1
pbmc,TTCCGTGAGATTGATG-1,1
pbmc,TTCCGTGCAAGCACCC-1,1
pbmc,TTCCGTGCACATATGC-1,1
pbmc,TTCCGTGCACTCACTC-1,23
pbmc,TTCCGTGGTAGGAGTC-1,1
pbmc,TTCCGTGGTGAGACGT-1,1
pbmc,TTCCGTGGTTCCAGGC-1,34
pbmc,TTCCTAAGTGACGTCC-1,3
pbmc,TTCCTAAGTTGCGGAA-1,1
pbmc,TTCCTCTCAGTGGCTC-1,1
pbmc,TTCCTCTCAGTGTGCC-1,1
pbmc,TTCCTCTCATGTGGCC-1,1
pbmc,TTCCTCTGTACCTGTA-1,42
pbmc,TTCCTCTGTCTTAGTG-1,1
pbmc,TTCCTCTTCATTCATC-1,1
pbmc,TTCCTTCAGCCTCAAT-1,4
pbmc,TTCCTTCAGGTAGTCG-1,10
pbmc,TTCCTTCAGTAGTCAA-1,21
pbmc,TTCCTTCAGTGAGGCT-1,1
pbmc,TTCCTTCGTAAGTCAA-1,1
pbmc,TTCCTTCGTGACACGA-1,27
pbmc,TTCCTTCGTGTTCCTC-1,1
pbmc,TTCCTTCTCGGTCATA-1,1
pbmc,TTCGATTGTTGATGTC-1,1
pbmc,TTCGATTTCTGACCCT-1,3
pbmc,TTCGCTGAGGGTTAGC-1,51
pbmc,TTCGCTGAGGTTCCGC-1,26
pbmc,TTCGCTGCACTAGTAC-1,21
pbmc,TTCGCTGGTAAGCGGT-1,1
pbmc,TTCGCTGTCGGACTGC-1,19
pbmc,TTCGGTCCAGTTAGGG-1,2
pbmc,TTCTAACAGTCCGCCA-1,1
pbmc,TTCTAACCAAAGGGCT-1,1
pbmc,TTCTAACCAACAGAGC-1,1
pbmc,TTCTAACGTCGGATTT-1,1
pbmc,TTCTAACTCAAACCCA-1,1
pbmc,TTCTAACTCACGGACC-1,1
pbmc,TTCTAGTAGACCTCAT-1,1
pbmc,TTCTAGTAGCGTCAAG-1,1
pbmc,TTCTCTCAGAGAGTTT-1,1
pbmc,TTCTCTCGTATCGTAC-1,33
pbmc,TTCTCTCGTCCCACGA-1,1
pbmc,TTCTCTCGTGGGTATG-1,1
pbmc,TTCTCTCGTGGTTTGT-1,1
pbmc,TTCTCTCTCCCTGTTG-1,1
pbmc,TTCTGTAAGACTGGGT-1,1
pbmc,TTCTGTACAAGAGGTC-1,1
pbmc,TTCTGTAGTATACCTG-1,1
pbmc,TTCTTCCTCAGGACAG-1,1
pbmc,TTCTTCCTCCCTCTCC-1,3
pbmc,TTCTTCCTCCTTTCCC-1,1
pbmc,TTCTTGAGTACAAAGT-1,1
pbmc,TTCTTGAGTCTTGCTC-1,9
pbmc,TTGAACGAGTGTACAA-1,1
pbmc,TTGAACGCAACTAGAA-1,1
pbmc,TTGAACGCATCAGCTA-1,1
pbmc,TTGAACGGTACGACTT-1,1
pbmc,TTGAACGGTAGTGTGG-1,1
pbmc,TTGAACGTCAATCGGT-1,1
pbmc,TTGAACGTCTGAATGC-1,1
pbmc,TTGACCCAGCGTTCAT-1,1
pbmc,TTGACCCGTCCATACA-1,1
pbmc,TTGACCCGTCTCGGGT-1,29
pbmc,TTGACCCGTTCTCAGA-1,1
pbmc,TTGACCCTCCGGGACT-1,1
pbmc,TTGACCCTCGACGATT-1,1
pbmc,TTGACCCTCGTAGTGT-1,32
pbmc,TTGAGTGAGGATTCCT-1,1
pbmc,TTGAGTGGTGTTGCCG-1,1
pbmc,TTGATGGAGCGCGTTC-1,1
pbmc,TTGATGGCAATACAGA-1,1
pbmc,TTGATGGCATAAGATG-1,26
pbmc,TTGATGGGTAGTTAGA-1,1
pbmc,TTGATGGGTTGTCATG-1,1
pbmc,TTGATGGGTTTCCAAG-1,1
pbmc,TTGATGGTCGCTAAAC-1,11
pbmc,TTGCATTCAATTAGGA-1,1
pbmc,TTGCATTCACATTCGA-1,1
pbmc,TTGCATTCACCTGATA-1,6
pbmc,TTGCATTGTATGGAAT-1,1
pbmc,TTGCATTGTGCCTTCT-1,55
pbmc,TTGCATTTCGACATTG-1,1
pbmc,TTGCATTTCGCCGATG-1,1
pbmc,TTGCCTGAGAGTGACC-1,31
pbmc,TTGCCTGAGTGGAAAG-1,39
pbmc,TTGCCTGGTAACAGTA-1,1
pbmc,TTGCCTGGTAGCTGCC-1,46
pbmc,TTGCCTGTCACGGGAA-1,1
pbmc,TTGCCTGTCTCATGCC-1,1
pbmc,TTGCGTCAGATATGGC-1,1
pbmc,TTGCGTCCAAGAGATT-1,1
pbmc,TTGCGTCCAAGCTCTA-1,1
pbmc,TTGCGTCCACGCCACA-1,1
pbmc,TTGCGTCGTTTGTTCT-1,2
pbmc,TTGCGTCTCACTGATG-1,1
pbmc,TTGCGTCTCTCATGCC-1,1
pbmc,TTGCTGCCAATTTCTC-1,2
pbmc,TTGCTGCCACGGCCAT-1,1
pbmc,TTGCTGCCATTGCCGG-1,69
pbmc,TTGCTGCGTTCGGGTC-1,2
pbmc,TTGCTGCTCACTTCTA-1,1
pbmc,TTGGATGAGTTGAATG-1,1
pbmc,TTGGATGGTAGTGCGA-1,1
pbmc,TTGGATGTCGGAGCAA-1,1
pbmc,TTGGGATCAACGGGTA-1,41
pbmc,TTGGGATCAATCTGCA-1,1
pbmc,TTGGGATCACACGTGC-1,1
pbmc,TTGGGATGTCACCCTT-1,1
pbmc,TTGGGATTCAGCAAGA-1,1
pbmc,TTGGGATTCAGGAAGC-1,42
pbmc,TTGGGATTCCTGTTGC-1,1
pbmc,TTGGGATTCTCTCTAA-1,41
pbmc,TTGGGCGAGGTTCATC-1,1
pbmc,TTGGGCGCACGGTGAA-1,20
pbmc,TTGGGCGGTCGAAACG-1,1
pbmc,TTGGGCGGTCGGAAAC-1,19
pbmc,TTGGGCGGTTCCTTGC-1,1
pbmc,TTGGGTACAAATAAGC-1,1
pbmc,TTGGGTAGTATAGGGC-1,1
pbmc,TTGGGTAGTGCTAGCC-1,20
pbmc,TTGGGTAGTTTCGATG-1,1
pbmc,TTGGGTATCACCGACG-1,16
pbmc,TTGGGTATCTGTCGTC-1,1
pbmc,TTGGTTTAGATACTGA-1,1
pbmc,TTGGTTTAGTCTAACC-1,1
pbmc,TTGGTTTCACGGTCTG-1,1
pbmc,TTGGTTTCACTGGATT-1,27
pbmc,TTGGTTTTCGTTGCCT-1,1
pbmc,TTGTGGACATCCTATT-1,1
pbmc,TTGTGGAGTCCGTTTC-1,1
pbmc,TTGTGGAGTGGCGTAA-1,1
pbmc,TTGTGGATCGTCAGAT-1,1
pbmc,TTGTGGATCTAAGAAG-1,29
pbmc,TTGTGTTAGTAACGAT-1,1
pbmc,TTGTGTTGTGTGTCCG-1,15
pbmc,TTGTGTTGTTATAGAG-1,1
pbmc,TTGTGTTTCCACACCT-1,1
pbmc,TTGTGTTTCTTTCGAT-1,2
pbmc,TTGTTCAAGCGCCTTG-1,1
pbmc,TTGTTCAAGGCCTTCG-1,1
pbmc,TTGTTCACACTTGTGA-1,90
pbmc,TTGTTCACAGTCGCTG-1,48
pbmc,TTGTTCAGTCACAGTT-1,1
pbmc,TTGTTCATCATTTGTC-1,1
pbmc,TTGTTCATCTTTACAC-1,10
pbmc,TTGTTGTCAGACGGAT-1,1
pbmc,TTGTTGTTCCATAGAC-1,1
pbmc,TTGTTTGAGGTCGACA-1,13
pbmc,TTGTTTGCACATGACT-1,1
pbmc,TTGTTTGGTAACTAAG-1,1
pbmc,TTGTTTGTCCAACCGG-1,11
pbmc,TTTACCAAGATCCCGC-1,1
pbmc,TTTACCACAGCCTACG-1,1
pbmc,TTTACCATCCTTCTTC-1,1
pbmc,TTTACGTAGGTCTTTG-1,1
pbmc,TTTACGTCAATCTCGA-1,1
pbmc,TTTACGTCACTCCCTA-1,2
pbmc,TTTACGTTCAGGTGTT-1,1
pbmc,TTTACGTTCCTACAAG-1,1
pbmc,TTTACGTTCGACGAGA-1,1
pbmc,TTTACTGAGAAACCCG-1,1
pbmc,TTTACTGAGATCGCCC-1,1
pbmc,TTTACTGCAGCTGTTA-1,1
pbmc,TTTACTGCATAATCCG-1,1
pbmc,TTTACTGGTGATAGAT-1,1
pbmc,TTTACTGTCACGGGAA-1,16
pbmc,TTTACTGTCTAGATCG-1,1
pbmc,TTTAGTCAGAGCCGTA-1,1
pbmc,TTTAGTCAGTTCGGTT-1,1
pbmc,TTTAGTCGTTACACAC-1,2
pbmc,TTTATGCAGATCCCAT-1,1
pbmc,TTTATGCAGCCTGAAG-1,1
pbmc,TTTATGCAGGACTATA-1,1
pbmc,TTTATGCAGTTAGTAG-1,1
pbmc,TTTATGCCACCGTGAC-1,1
pbmc,TTTATGCCAGTGGCTC-1,15
pbmc,TTTATGCCATACCATG-1,1
pbmc,TTTATGCCATACCCAA-1,1
pbmc,TTTATGCGTAACATAG-1,48
pbmc,TTTATGCGTTGATCGT-1,49
pbmc,TTTATGCTCACTCGAA-1,10
pbmc,TTTATGCTCTGAGATC-1,1
pbmc,TTTCACAAGACGACTG-1,1
pbmc,TTTCACACAAAGGCGT-1,1
pbmc,TTTCACAGTAGTGCGA-1,1
pbmc,TTTCACAGTGTATACC-1,1
pbmc,TTTCACATCGACGCTG-1,7
pbmc,TTTCACATCGACGTCG-1,4
pbmc,TTTCACATCTCAGGCG-1,18
pbmc,TTTCAGTCACCAGCGT-1,1
pbmc,TTTCAGTCACTAACGT-1,1
pbmc,TTTCAGTGTCACTGAT-1,1
pbmc,TTTCAGTTCGGTCATA-1,1
pbmc,TTTCATGGTGCCTAAT-1,35
pbmc,TTTCATGTCACTCACC-1,21
pbmc,TTTCATGTCGGAGATG-1,1
pbmc,TTTCCTCAGCCATTGT-1,1
pbmc,TTTCCTCAGTTGAATG-1,1
pbmc,TTTCCTCCACAGAGCA-1,24
pbmc,TTTCCTCCACGTGAGA-1,2
pbmc,TTTCCTCCAGTTCAGT-1,1
pbmc,TTTCCTCGTATCGAGG-1,1
pbmc,TTTCCTCGTGCTCCGA-1,1
pbmc,TTTCCTCTCCTACACC-1,32
pbmc,TTTCCTCTCTCTTGCG-1,50
pbmc,TTTCGATAGGTTACAA-1,1
pbmc,TTTCGATCAGTCTACA-1,2
pbmc,TTTCGATGTCGTTTCC-1,1
pbmc,TTTCGATGTGCGTGCT-1,1
pbmc,TTTGACTAGCAAATCA-1,1
pbmc,TTTGACTAGCTGAAAT-1,1
pbmc,TTTGACTAGCTGAGCA-1,1
pbmc,TTTGACTCACGTAGAG-1,1
pbmc,TTTGACTTCATTTGCT-1,1
pbmc,TTTGATCAGAAACTCA-1,1
pbmc,TTTGATCGTGGACCTC-1,1
pbmc,TTTGATCTCACGGGCT-1,1
pbmc,TTTGATCTCTTTGGAG-1,26
pbmc,TTTGGTTAGACGCTCC-1,1
pbmc,TTTGGTTAGCACCGTC-1,1
pbmc,TTTGGTTAGTAAATGC-1,1
pbmc,TTTGGTTAGTAACCTC-1,27
pbmc,TTTGGTTAGTGCACCC-1,1
pbmc,TTTGGTTCATGCACTA-1,1
pbmc,TTTGGTTGTAGAATAC-1,41
pbmc,TTTGGTTGTGCATGAG-1,1
pbmc,TTTGGTTGTGCCTGCA-1,1
pbmc,TTTGGTTTCGCCGTGA-1,1
pbmc,TTTGTTGCAATTAGGA-1,19
pbmc,TTTGTTGCATCTGCGG-1,1
pbmc,TTTGTTGTCTCAACGA-1,1
